item,article,sentence_id,tag,keyword_names_hiv_sti,note,tagged_by,text
h0001,ashley-montagu-resolution,s0042,X,no,infection rates (not STI-specific) and sexual function data,sti-tagger-1,"The symposia positioned genital cutting as a form of bodily violation akin to mutilation, drawing parallels between male and female practices despite differing prevalence and severity in empirical data on outcomes like infection rates or sexual function."
h0002,ashley-montagu-resolution,s0046,X,no,safety/minimal risk view,sti-tagger-1,"Proceedings highlighted medical risks such as hemorrhage and infection, with speakers arguing that routine infant circumcision lacked sufficient evidence of net benefit, though mainstream pediatric bodies at the time, like the American Academy of Pediatrics, viewed it as culturally accepted with minimal risks outweighing rare complications."
h0003,ashley-montagu-resolution,s0153,X,no,UTI benefit,sti-tagger-1,"Medical bodies, such as the American Academy of Pediatrics, maintained supportive stances on neonatal circumcision based on contemporaneous evidence of benefits like reduced urinary tract infections, without referencing the resolution in their early post-1996 statements. [33]"
h0004,ashley-montagu-resolution,s0155,X,yes,hygiene point remains without HIV/STI part,sti-tagger-1,"Subsequent reflections in advocacy literature highlighted the resolution's role in galvanizing intactivist networks rather than prompting paradigm shifts in academia, where empirical defenses of circumcision's hygiene and disease-prevention claims—drawing from observational data on HIV and STI reductions—continued unabated. [28]"
h0005,ashley-montagu-resolution,s0156,X,no,complication rates and severity comparison,sti-tagger-1,"Critics within bioethics and public health eventually surfaced arguments against the resolution's blanket condemnation, noting disparities in procedural severity, consent implications, and long-term outcomes between male circumcision (often partial foreskin removal with low complication rates under medical settings) and female genital mutilation (frequently involving infibulation and higher risks of obstetric harm), though these critiques postdated 1996 by over a decade. [33]"
h0006,ashley-montagu-resolution,s0163,X,no,"unspecified health advantages, cannot tell from context",sti-tagger-1,"It influenced framing within human rights petitions, contributing to submissions at symposia and publications critiquing routine neonatal circumcision, though mainstream medical bodies like the American Academy of Pediatrics continued to cite potential health advantages without adopting the resolution's outright prohibition stance. [34]"
h0007,ashley-montagu-resolution,s0177,X,no,comparative complication/tissue-loss severity,sti-tagger-1,This absolutist equation of all genital modifications ignored procedural severities—female genital mutilation (FGM) Types II-III often entail greater tissue loss and complications like vesicovaginal fistulae—undermining broader acceptance amid cultural entrenchment and medical endorsements.
h0008,ashley-montagu-resolution,s0183,X,no,"comparative consequences, no STI benefit relied on",sti-tagger-1,"Critics, however, contended that equating the two overlooks profound empirical differences in scope, intent, and consequences, potentially undermining targeted efforts against FGM's severe harms. [38]"
h0009,ashley-montagu-resolution,s0185,X,yes,complication rate point remains without HIV part,sti-tagger-1,"In contrast, neonatal male circumcision typically removes only the foreskin, preserving penile functionality, with complication rates under 1% in clinical settings and evidence from randomized trials in Africa showing 60% reduction in heterosexual HIV acquisition when performed in adulthood. [38]"
h0010,ashley-montagu-resolution,s0186,H,no,benefits outweigh risks; preceding sentence names only HIV benefit,sti-tagger-1,"Such disparities, critics argued, render the analogy ethically flawed, as FGM lacks any documented health benefits and is universally condemned by bodies like WHO, while male circumcision receives qualified endorsements from the American Academy of Pediatrics (AAP) and Centers for Disease Control and Prevention (CDC) for potential benefits outweighing risks in certain contexts."
h0011,ashley-montagu-resolution,s0189,X,no,nerve/sexual function comparison,sti-tagger-1,"Scholars like Brian D. Earp have challenged equivalence by noting FGM's disproportionate nerve loss (up to 10,000 clitoral nerves vs. foreskin's estimated 20,000, though functionality differs), arguing that moral weighting should reflect causal outcomes rather than superficial procedural similarities. [37]"
h0012,ashley-montagu-resolution,s0196,X,no,infections listed next include UTIs,sti-tagger-1,"Scientific studies have identified several health benefits associated with male circumcision, particularly in reducing the risk of certain infections."
h0013,ashley-montagu-resolution,s0197,H,yes,,sti-tagger-1,Randomized controlled trials in Africa demonstrated that voluntary medical male circumcision reduces the risk of heterosexual HIV acquisition in men by approximately 60%. [3]
h0014,ashley-montagu-resolution,s0198,X,yes,UTI and penile cancer remain,sti-tagger-1,"Systematic reviews confirm additional protections against urinary tract infections in infancy, human papillomavirus, herpes simplex virus type 2, and penile cancer, with relative risk reductions ranging from 30% to 60% for these conditions. [41]"
h0015,ashley-montagu-resolution,s0199,X,yes,'these benefits' include UTI/penile cancer; HIV-setting recommendation is only part,sti-tagger-1,"These benefits are endorsed by major health organizations, including the World Health Organization and Centers for Disease Control and Prevention, which recommend male circumcision as a public health intervention in high-HIV-prevalence settings."
h0016,ashley-montagu-resolution,s0201,X,no,,sti-tagger-1,"Complications from male circumcision are infrequent, especially when performed neonatally by trained providers."
h0017,ashley-montagu-resolution,s0202,X,no,,sti-tagger-1,"Adverse event rates in U.S. medical settings are below 0.5%, primarily involving minor bleeding or infection, with severe outcomes like significant hemorrhage or penile injury occurring in fewer than 1 in 100,000 procedures. [42]"
h0018,ashley-montagu-resolution,s0203,X,no,sexual function data,sti-tagger-1,"Long-term risks, such as meatal stenosis or reduced sexual sensitivity, lack robust evidence of causation; meta-analyses of sexual function studies show no significant differences between circumcised and uncircumcised men. [43]"
h0019,ashley-montagu-resolution,s0207,X,no,complication rates comparison,sti-tagger-1,"The World Health Organization classifies all forms of FGM as having severe consequences without offsetting advantages, with complication rates far exceeding those of male circumcision. [46]"
h0020,ashley-montagu-resolution,s0208,X,no,low morbidity point remains,sti-tagger-1,"Equating the two practices overlooks these disparities in empirical outcomes, as male circumcision's preventive effects and low morbidity profile distinguish it from FGM's uniformly deleterious impacts. [47]"
h0021,ashley-montagu-resolution,s0209,X,no,harm comparison,sti-tagger-1,"Peer-reviewed syntheses emphasize that while ethical debates persist, health data do not support parity in harm."
h0022,ashley-montagu-resolution,s0222,X,yes,UTI and penile cancer remain,sti-tagger-1,"Proponents invoke John Stuart Mill's harm principle, noting male circumcision's net health benefits—reduced urinary tract infections, penile cancer, and STIs per meta-analyses—outweigh speculative autonomy violations, unlike FGM's universally condemned harms, and argue state bans erode multicultural tolerance without empirical evidence of widespread regret among circumcised adults."
h0023,ashley-montagu-resolution,s0242,X,yes,lower risk point remains without HIV part,sti-tagger-1,"The Montagu Resolution's inclusion of male procedures sets it apart, as evidenced by debates in peer-reviewed analyses questioning moral equivalence due to differing health data—FGM linked to severe complications like hemorrhage (up to 15% in some types) versus male circumcision's lower risks but contested benefits like HIV reduction (60% efficacy in adult trials per WHO, 2007)."
h0024,ashley-montagu-resolution,s0244,H,yes,,sti-tagger-1,"Critics of the Resolution argue it overextends analogies, given institutional distinctions: WHO classifies FGM as having no benefits while endorsing voluntary male circumcision in high-HIV settings since 2007, based on randomized trials involving 10,000+ participants showing sustained protection."
h0025,brit-milah,s0019,X,no,hemorrhage risk/safety,sti-tagger-1,"The eighth-day timing, explicitly commanded (Genesis 17:12; Leviticus 12:3), has been noted in modern times to align with infant physiology: levels of vitamin K and prothrombin (key blood clotting factors) naturally peak around day 8 after birth, reducing hemorrhage risk during the procedure compared to earlier or later days."
h0026,brit-milah,s0020,X,no,hemorrhage safety,sti-tagger-1,"While ancient Israelites would not have known this scientifically, the alignment is cited as evidence of practical wisdom in the biblical prescription, making the rite safer in pre-modern conditions without contemporary interventions like vitamin K supplementation."
h0027,brit-milah,s0130,X,no,anaesthesia complications,sti-tagger-1,"This approach avoids potential complications from anesthetics, such as delayed healing or allergic reactions in neonates."
h0028,brit-milah,s0167,X,no,procedure invasiveness/pain,sti-tagger-1,"Performed by a trained mohel, the act involves a sterile lancet prick to draw the requisite drop without incising tissue, rendering it minimally invasive and typically painless for adults. [81]"
h0029,brit-milah,s0174,X,no,complication data,sti-tagger-1,"Empirical medical data on complications remains sparse due to the procedure's superficial nature, with no documented cases of significant risk in peer-reviewed literature when executed by qualified practitioners."
h0030,brit-milah,s0207,X,no,UTI,sti-tagger-1,"Male circumcision, including in the neonatal period as performed in brit milah, has been associated with a substantial reduction in urinary tract infections (UTIs) during infancy."
h0031,brit-milah,s0208,X,no,UTI,sti-tagger-1,"A systematic review of cohort and case-control studies found that uncircumcised male infants face a 10-fold higher risk of UTIs in the first year of life compared to circumcised infants, with circumcision conferring approximately 90% protection. [99] [100]"
h0032,brit-milah,s0209,X,no,UTI benefit persistence,sti-tagger-1,"This benefit persists through at least the first two years, as evidenced by updated pediatric reviews analyzing longitudinal data."
h0033,brit-milah,s0211,H,yes,,sti-tagger-1,Randomized controlled trials (RCTs) in sub-Saharan Africa have demonstrated that male circumcision reduces the risk of heterosexual HIV acquisition by 50-60% in men.
h0034,brit-milah,s0212,H,no,,sti-tagger-1,"Three major RCTs conducted between 2005 and 2007—one in South Africa showing 60% efficacy, one in Kenya with 53%, and one in Uganda with 51%—provided high-quality evidence prompting World Health Organization recommendations for voluntary medical male circumcision in high-prevalence settings. [101] [102]"
h0035,brit-milah,s0213,H,yes,,sti-tagger-1,"Observational data and meta-analyses further indicate protective effects against human papillomavirus (HPV) and herpes simplex virus type 2 (HSV-2), with reductions of 30-35% for HPV and similar for HSV-2, though evidence for bacterial STIs like chlamydia and gonorrhea is weaker or absent. [103]"
h0036,brit-milah,s0215,X,yes,penile cancer (rule 3),sti-tagger-1,"Circumcision performed in childhood or adolescence substantially lowers the incidence of invasive penile cancer, a rare malignancy linked primarily to chronic inflammation and HPV persistence under the foreskin."
h0037,brit-milah,s0216,X,no,penile cancer,sti-tagger-1,"A systematic review and meta-analysis of 34 studies reported an odds ratio of 0.33 for penile cancer in circumcised versus uncircumcised men, with the strongest protection (odds ratio 0.12) when circumcision occurs before puberty. [104]"
h0038,brit-milah,s0218,X,no,phimosis/balanitis,sti-tagger-1,"Additional benefits include decreased rates of phimosis (foreskin adhesions or tightening) and balanitis (foreskin inflammation), conditions that affect up to 10% of uncircumcised males and often require later intervention."
h0039,brit-milah,s0219,X,no,balanitis,sti-tagger-1,"Cohort studies show circumcision eliminates these risks almost entirely, with adult balanitis rates dropping by over 90% post-procedure. [106] [107]"
h0040,brit-milah,s0220,X,yes,UTI and dermatologic benefits remain,sti-tagger-1,"The American Academy of Pediatrics, in its 2012 policy statement reaffirmed in subsequent reviews, concludes that these cumulative preventive health benefits—encompassing UTIs, STIs, and dermatologic issues—outweigh procedural risks for newborns, justifying access to the procedure under appropriate medical conditions. [108]"
h0041,brit-milah,s0271,X,no,sexual function/sensitivity evidence,sti-tagger-1,"Intactivists further allege long-term harms, including reduced penile sensitivity, sexual dysfunction, and psychological trauma, though empirical studies on these effects remain contested and often rely on self-reported data from adults. [124]"
h0042,brit-milah,s0289,X,no,"benefits unspecified; following AAP sentence includes UTI, penile cancer; cannot tell from prior two",sti-tagger-1,"Medical bodies have evaluated neonatal circumcision through empirical lenses, generally concluding preventive benefits exceed procedural risks when performed competently, though without mandating it universally."
h0043,brit-milah,s0290,X,yes,UTI and penile cancer remain,sti-tagger-1,"The American Academy of Pediatrics (AAP) 2012 policy, based on systematic review of studies, found benefits—including reduced urinary tract infections (by 90% in first year), penile cancer, and heterosexual HIV/STI acquisition—outweigh rare complications (0.2-0.6% rate, mostly minor bleeding or infection), justifying access but deferring to parental decision without routine endorsement due to non-universal applicability. [126] [108]"
h0044,brit-milah,s0291,X,yes,balanitis point remains without HIV part,sti-tagger-1,"The U.S. Centers for Disease Control and Prevention (CDC) 2014 recommendations, informed by meta-analyses, advised providers counsel parents on newborn circumcision's net benefits for HIV prevention (50-60% reduction in acquisition risk per randomized trials in adults, extrapolated to infants) and other outcomes like balanitis avoidance, emphasizing informed consent amid cultural/religious contexts while noting low absolute risks in sterile settings. [151] [152]"
h0045,brit-milah,s0316,X,no,benefits unspecified; cannot tell from prior two sentences,sti-tagger-1,"The American Academy of Pediatrics' 2012 policy states that benefits outweigh risks, supporting parental decision-making without mandating regulation beyond standard medical consent. [126]"
h0046,brit-shalom-naming-ceremony,s0103,X,no,penile cancer and UTI,sti-tagger-1,"In contrast, medical bodies like the American Academy of Pediatrics (AAP) maintain that evidence from randomized trials and meta-analyses shows benefits outweigh risks, including a 90% reduction in penile cancer and approximately 90% lower UTI incidence (10-fold reduction) in the first year, positioning circumcision as a net positive for public health when performed neonatally under sterile conditions. [32]"
h0047,circumcision,s0038,H,yes,,sti-tagger-1,"Voluntary medical male circumcision (VMMC) for adolescent boys and men in high-HIV-prevalence areas, backed by randomized trials demonstrating 50–60% risk reduction, is recommended by the WHO for public health, though debated in low-prevalence settings due to modest absolute benefits. [20]"
h0048,circumcision,s0059,X,no,anaesthesia/complications,sti-tagger-1,"For older children and adults, local infiltration or DPNB is standard, with sedation or general anesthesia for anxiety or complexity; trained providers keep complications below 1%. [12]"
h0049,circumcision,s0063,X,no,phimosis/anaesthesia,sti-tagger-1,"Adult circumcision, often performed for medical reasons such as pathologic phimosis, is carried out under local or general anesthesia with penile block, rendering the procedure itself painless for the patient."
h0050,circumcision,s0064,X,no,pain,sti-tagger-1,Postoperative pain is typically mild to moderate and well-managed.
h0051,circumcision,s0067,X,no,pain,sti-tagger-1,"Severe pain (VAS >5 or requiring stronger intervention) occurred in only 9.8% of patients, predominantly linked to complications such as wound infection."
h0052,circumcision,s0070,X,no,pain management,sti-tagger-1,"Pain is effectively controlled with over-the-counter analgesics like ibuprofen or acetaminophen, ice packs to reduce swelling, loose clothing, and rest."
h0053,circumcision,s0074,X,no,pain/outcomes,sti-tagger-1,"These findings indicate that while discomfort is expected, severe or prolonged pain is uncommon in uncomplicated cases, and outcomes are generally favorable with appropriate pain management and aftercare."
h0054,circumcision,s0077,X,no,sensitivity,sti-tagger-1,Long-term systematic reviews nonetheless find no overall reduction in penile sensitivity compared with uncircumcised men.
h0055,circumcision,s0081,X,no,complication rates,sti-tagger-1,"A 2017 systematic review reported similar infant rates of approximately 0.4%, with most events minor and immediately treatable and moderate or serious complications around 1 in 3000. [44]"
h0056,circumcision,s0082,X,no,complication rates,sti-tagger-1,"Most events were minor (e.g., bleeding, infection, adhesions, or need for revision), but rates underscore that infancy is the lowest-risk period for the procedure."
h0057,circumcision,s0083,X,no,complication rates,sti-tagger-1,"In neonatal circumcisions in medical settings, overall rates are low, with a median of 1.5% (range 0-16%). [45]"
h0058,circumcision,s0114,X,no,safety: disputes SIDS risk finding,sti-tagger-1,"However, as an ecological analysis, it demonstrates association, not causation, and is subject to potential confounding factors."
h0059,circumcision,s0115,X,no,safety: disputes SIDS risk finding,sti-tagger-1,"The finding is controversial, lacks replication in individual-level studies, and is not endorsed as a risk by major health authorities like the AAP or WHO."
h0060,circumcision,s0125,X,no,safety: disputes ASD/ADHD risk finding,sti-tagger-1,"However, this is an observational study demonstrating association rather than causation, and it has faced criticism for methodological limitations, including potential under-recording of circumcisions in certain populations and lack of adjustment for all confounders."
h0061,circumcision,s0126,X,no,safety: disputes ASD/ADHD risk finding,sti-tagger-1,"The findings remain controversial, have not been widely replicated, and are not recognized as a risk factor by major health authorities such as the AAP or WHO. [66] [67]"
h0062,circumcision,s0127,X,no,safety: no ASD association,sti-tagger-1,"A 2026 prospective U.S. cohort study of 2,771 boys from the Environmental Influences on Child Health Outcomes (ECHO) Cohort, published in JAMA Pediatrics, found no association between neonatal medical male circumcision and ASD diagnosis or autism-related traits after adjustment for confounders (adjusted OR 0.83; 95% CI 0.59–1.17)."
h0063,circumcision,s0132,X,no,meatal stenosis risk low,sti-tagger-1,"The review concluded that the overall risk is low (<1%), with only weak evidence of an increase among circumcised boys."
h0064,circumcision,s0140,X,no,meatal stenosis mostly mild,sti-tagger-1,The difference between the pooled estimate of diagnosed cases and later screening figures indicates that many instances of meatal narrowing are mild or asymptomatic.
h0065,circumcision,s0142,X,no,UTI,sti-tagger-1,"Circumcision reduces the incidence of urinary tract infections (UTIs) in male infants by approximately tenfold during the first year of life, with uncircumcised infants facing a 1% risk compared to 0.1% for circumcised ones, per meta-analyses of observational and randomized data. [73] [74]"
h0066,circumcision,s0143,X,no,UTI,sti-tagger-1,"The American Academy of Pediatrics' 2012 policy identified this as a key benefit, estimating 111 circumcisions needed to prevent one UTI in healthy boys. [75] [76]"
h0067,circumcision,s0144,X,no,UTI,sti-tagger-1,"Protection extends beyond infancy, with a 6.6-fold reduction in boys aged 1 to 16 years. [74] [77]"
h0068,circumcision,s0145,X,no,UTI mechanism,sti-tagger-1,"This stems from the foreskin acting as a bacterial reservoir that promotes ascent into the urinary tract as well as false-positive UTI test results, especially with poor hygiene; cohort studies link higher rates to foreskin presence over confounders like hygiene alone. [26] [78]"
h0069,circumcision,s0146,X,no,UTI,sti-tagger-1,"Though UTIs remain rare overall, the risk reduction supports neonatal circumcision consideration per AAP guidelines. [79]"
h0070,circumcision,s0148,X,no,balanitis,sti-tagger-1,"Balanitis, inflammation of the glans penis from bacterial or fungal overgrowth under the foreskin, occurs less often in circumcised males, with a 68% lower prevalence."
h0071,circumcision,s0150,X,no,hygiene,sti-tagger-1,Circumcision facilitates easier hygiene by reducing smegma accumulation. [54]
h0072,circumcision,s0151,X,no,balanitis,sti-tagger-1,"Meta-analyses show a 68% reduction post-circumcision, alongside near-elimination of balanoposthitis. [80] [81] [77]"
h0073,circumcision,s0152,X,no,inflammatory dermatoses,sti-tagger-1,"These benefits arise from anatomical changes reducing inflammatory dermatoses, as seen in longitudinal studies."
h0074,circumcision,s0158,X,no,UTI protective association,sti-tagger-1,"Nevertheless, prevailing meta-analyses and policy statements from bodies like the AAP uphold the infant-era protective association drawn from synthesized observational and trial data."
h0075,circumcision,s0160,H,yes,,sti-tagger-1,Three randomized controlled trials in sub-Saharan Africa (2005–2007) showed voluntary medical male circumcision reduces HIV acquisition risk in heterosexual men by approximately 60%. [87] [88] [89]
h0076,circumcision,s0161,H,no,HIV trials,sti-tagger-1,"Involving over 10,000 men in South Africa, Kenya, and Uganda, the trials stopped early due to efficacy, with follow-up confirming protection for at least two years. [90]"
h0077,circumcision,s0162,H,no,WHO/CDC recommendation for HIV prevention,sti-tagger-1,"The World Health Organization and Centers for Disease Control and Prevention recommend it as an additional strategy in high-prevalence areas, with over 27 million procedures since 2007. [2] [91]"
h0078,circumcision,s0165,H,yes,,sti-tagger-1,"These trials and follow-up analyses also indicated reductions in other sexually transmitted infections, including herpes simplex virus type 2 (28–34%) and high-risk human papillomavirus (about 35%). [93] [94]"
h0079,circumcision,s0166,H,yes,HPV and partner cervical cancer (rule 3),sti-tagger-1,"Observational meta-analyses support lower HPV prevalence, faster clearance in circumcised men, and reduced transmission to female partners, potentially lowering cervical cancer risk. [95] [96]"
h0080,circumcision,s0171,H,yes,,sti-tagger-1,"For men who have sex with men, evidence from observational studies suggests a 23% HIV risk reduction, mainly for insertive anal intercourse, but lacks randomized trials. [100]"
h0081,circumcision,s0172,H,yes,HIV mechanism (rule 4),sti-tagger-1,"The mechanism involves foreskin removal, which eliminates a site rich in HIV target cells (e.g., Langerhans cells) and prone to abrasions during vaginal sex. [101]"
h0082,circumcision,s0183,X,no,penile cancer,sti-tagger-1,"Penile cancer is rare (about 1 in 100,000 in developed countries) and mostly affects uncircumcised males, with near-zero rates in populations with universal neonatal circumcision, such as Israel (0.1–0.3 per 100,000). [108]"
h0083,circumcision,s0186,X,no,phimosis,sti-tagger-1,"Circumcision also prevents pathological phimosis, which affects approximately 1% of uncircumcised males aged 16 or older [110] and involves non-retractable foreskin leading to scarring, infections, and ischemic injury; foreskin removal resolves it without recurrence. [111]"
h0084,circumcision,s0187,X,no,paraphimosis,sti-tagger-1,"It eliminates paraphimosis, an emergency where the foreskin traps behind the glans, causing edema and vascular compromise. [112]"
h0085,circumcision,s0188,X,no,balanoposthitis/penile cancer,sti-tagger-1,"These benefits extend to reducing balanoposthitis (glans and foreskin inflammation), which raises penile cancer risk (OR 3.82, 95% CI 1.61–9.06) through epithelial disruption and microbial overgrowth in uncircumcised men. [106]"
h0086,circumcision,s0191,X,no,sexual function,sti-tagger-1,"Systematic reviews of high-quality studies, including randomized trials and prospective cohorts, indicate that medical male circumcision has no significant adverse effect on sexual function, penile sensitivity, sensation, or satisfaction—including pleasure during vaginal or anal penetration."
h0087,circumcision,s0192,X,no,sexual satisfaction,sti-tagger-1,"Satisfaction ratings average 9.0 out of 10 for both circumcised and uncircumcised men, with no significant differences in most reviews; anal penetration patterns mirror those for vaginal."
h0088,circumcision,s0193,X,no,ejaculatory control,sti-tagger-1,Some studies report better ejaculatory control among circumcised men. [114]
h0089,circumcision,s0194,X,no,sexual function/sensitivity,sti-tagger-1,"Neonatal and infant circumcision yields no differences in sexual arousal, orgasm intensity, or overall satisfaction compared to uncircumcised men, with quantitative sensory testing confirming undiminished thresholds for touch, pain, and warmth. [115] [116]"
h0090,circumcision,s0195,X,no,sensitivity testing,sti-tagger-1,"A key study testing the keratinization hypothesis directly is Bossio et al. (2016) in The Journal of Urology, which used quantitative sensory testing on 62 men (30 neonatally circumcised, 32 intact) and found no differences in touch, pain, warmth, or heat-pain thresholds at the glans or other penile sites between groups."
h0091,circumcision,s0196,X,no,sensitivity,sti-tagger-1,"The authors concluded the hypothesis was not supported, with minimal long-term implications for penile sensitivity from neonatal circumcision."
h0092,circumcision,s0197,X,no,sensitivity,sti-tagger-1,This aligns with broader QST evidence confirming undiminished thresholds. [117]
h0093,circumcision,s0198,X,no,sexual function,sti-tagger-1,"While some claims and individual reports suggest reduced sensitivity or pleasure post-circumcision, high-quality meta-analyses find no significant overall adverse effects."
h0094,circumcision,s0203,X,no,sexual function,sti-tagger-1,"Adult circumcision may cause minor sensitivity decreases, but outcomes are mixed, showing no impairment in erectile function or satisfaction—and some improved satisfaction from perceived hygiene or aesthetics."
h0095,circumcision,s0204,X,no,sexual function/healing,sti-tagger-1,"For adolescents, circumcision may cause temporary discomfort or adjustment issues with masturbation after the procedure, as sexual activity including masturbation is typically advised against for 4–6 weeks during healing; some then experience a period of adaptation to exposed-glans sensation, but long-term difficulties are not well-supported by high-quality systematic reviews. [120]"
h0096,circumcision,s0205,X,no,no harm to penile growth,sti-tagger-1,"Pubertal growth of the penis is primarily driven by hormones affecting the internal erectile tissues (corpora cavernosa), which are unaffected by foreskin removal."
h0097,circumcision,s0209,X,no,disputes sexual-harm study,sti-tagger-1,"However, the study has been critiqued for limitations including small numbers of affected circumcised individuals (e.g., ~10 men with frequent orgasm difficulties), potential overfitting in logistic models with many predictors, lack of correction for multiple comparisons, wide confidence intervals indicating imprecision, low-to-moderate response rates (~48-54%), and possible confounding (many circumcisions for medical reasons like phimosis that may independently affect sexual function)."
h0098,circumcision,s0210,X,no,disputes sexual-harm study,sti-tagger-1,"Commentaries (e.g., Morris et al., 2012) argue these issues undermine causal inferences of harm."
h0099,circumcision,s0211,X,no,sexual function,sti-tagger-1,"The findings contrast with higher-quality evidence from RCTs and systematic reviews concluding no overall adverse impact on male sexual function, sensitivity, or satisfaction from medical male circumcision."
h0100,circumcision,s0212,H,yes,,sti-tagger-1,"Voluntary medical male circumcision (VMMC) programs, following 2007 World Health Organization (WHO) recommendations, target HIV prevention in high-prevalence sub-Saharan Africa regions, where randomized controlled trials show approximately 60% reduction in heterosexual HIV acquisition among circumcised men. [2] [122]"
h0101,circumcision,s0213,H,yes,,sti-tagger-1,"These efforts have delivered over 27 million procedures, aiding population-level HIV incidence declines. [2]"
h0102,circumcision,s0214,H,yes,,sti-tagger-1,"Models project that scaling VMMC, combined with other strategies, could avert up to 3.4 million new infections by 2025."
h0103,circumcision,s0216,H,yes,,sti-tagger-1,"Beyond HIV, circumcision links to lower community-level prevalence of other sexually transmitted infections (STIs), including high-risk human papillomavirus (HPV) and herpes simplex virus type 2 (HSV-2). [124] [103]"
h0104,circumcision,s0217,H,yes,"genital ulcers as HIV cofactor, partner transmission",sti-tagger-1,"In high-risk groups, circumcised men experience fewer genital ulcers—a HIV transmission cofactor—providing indirect benefits to partners via reduced viral reservoirs. [103]"
h0105,circumcision,s0220,H,yes,cost-effectiveness of averting HIV infections,sti-tagger-1,"VMMC proves cost-effective in high-incidence settings, averting infections at $78 per case in optimized Kenyan programs and often offsetting antiretroviral therapy costs. [126]"
h0106,circumcision,s0221,H,no,VMMC programmes preventing infections,sti-tagger-1,"Sustained implementation in South Africa and Malawi post-2022 has prevented infections while delivering health and economic gains, assuming stable epidemiology. [127]"
h0107,circumcision,s0222,X,no,adverse events (rule 5),sti-tagger-1,"Adverse events remain rare and mild, comparable to minor surgeries, despite some surveillance gaps. [128]"
h0108,circumcision,s0223,H,no,no risk compensation supports HIV programme effect,sti-tagger-1,"Monitored cohorts show no significant risk compensation, with behaviors aligning to baselines."
h0109,circumcision,s0226,H,no,net morbidity reductions in high-HIV-burden contexts,sti-tagger-1,"Ethical concerns stress informed consent and autonomy, especially for minors, though evidence favors net morbidity reductions in high-burden contexts. [131]"
h0110,circumcision,s0253,N,yes,"1855 history of syphilis argument, not relied on now",sti-tagger-1,"In the mid-19th century, British surgeon Jonathan Hutchinson promoted prophylactic circumcision, arguing in 1855 that it reduced syphilis transmission based on lower rates among circumcised Jewish men (2 of 111 cases) versus uncircumcised Gentiles (49 of 125). [148] [149] [150]"
h0111,circumcision,s0256,N,no,1870s history of Sayre's claims,sti-tagger-1,"In the United States, orthopedic surgeon Lewis Sayre advanced the practice in the 1870s by associating uncircumcised foreskins with ""reflex neurosis""—irritation allegedly causing spinal issues, paralysis, epilepsy, and leg weakness. [152]"
h0112,circumcision,s0257,N,no,history of Sayre's case reports,sti-tagger-1,"He cited three cases of dramatic mobility improvement after circumcision, linking results to the removal of phimotic adhesions and smegma, which he viewed as bacterial irritants. [153]"
h0113,circumcision,s0258,N,no,history of how practice entered US pediatrics,sti-tagger-1,"Sayre's 1870 presentation to the American Medical Association and later publications extended this to prophylaxis, advocating routine newborn circumcision to prevent urinary tract problems and neuromuscular disorders, thus embedding it in U.S. pediatric surgery."
h0114,circumcision,s0262,N,no,Victorian history of hygiene rationale,sti-tagger-1,"Emerging germ theory reinforced hygiene rationales, with Victorian physicians regarding the foreskin as a reservoir for filth that predisposed to balanitis, phimosis, and systemic infections; by the 1890s, English-speaking medical texts commonly recommended circumcision for cleanliness amid industrialization's sanitation challenges. [156]"
h0115,circumcision,s0275,X,yes,UTI point remains,sti-tagger-1,"The AAP's 1999 policy stayed neutral, but its 2012 statement held that benefits—like fewer urinary tract infections and certain STIs—outweighed risks, without recommending universality amid debates on autonomy and evidence. [73]"
h0116,circumcision,s0278,H,yes,,sti-tagger-1,"Mid-2000s randomized trials in South Africa (2005), Kenya, and Uganda (2007) showed voluntary medical male circumcision (VMMC) reduced heterosexual HIV risk in men by about 60%."
h0117,circumcision,s0279,H,yes,,sti-tagger-1,"The World Health Organization (WHO) recommended VMMC in 2007 as an adjunct in high-prevalence areas, leading to over 30 million procedures by 2020 in 15 priority countries. [101] [87] [168]"
h0118,circumcision,s0323,X,no,"hygiene, balanitis, phimosis",sti-tagger-1,"Foreskin removal simplifies cleaning, limits smegma buildup, and lowers risks of balanitis and phimosis. [196]"
h0119,circumcision,s0324,X,no,UTI,sti-tagger-1,"Neonatal procedures reduce urinary tract infections in the first year by about tenfold, from roughly 1% in uncircumcised infants to 0.1-0.2% in circumcised ones, per meta-analyses of observational studies. [197]"
h0120,circumcision,s0325,X,no,refers to hygiene/UTI advantages,sti-tagger-1,These advantages prove especially useful in settings with limited hygiene access.
h0121,circumcision,s0328,H,yes,,sti-tagger-1,"Randomized trials in sub-Saharan Africa found voluntary medical male circumcision cuts heterosexual HIV acquisition in men by 50-60%, leading to World Health Organization scale-up in high-prevalence areas and averting millions of infections since 2007. [2] [91]"
h0122,circumcision,s0329,H,yes,,sti-tagger-1,"The U.S. Centers for Disease Control and Prevention recommends informing patients of these results, including trial data showing 28-34% reductions in herpes simplex virus type 2 and 30-35% in human papillomavirus, though syphilis and other STI evidence varies. [77]"
h0123,circumcision,s0331,X,yes,penile cancer,sti-tagger-1,"Penile cancer remains rare (about 1 in 100,000 in developed countries) but occurs three to twenty-two times more often in uncircumcised men, linked to chronic inflammation, poor hygiene, and persistent oncogenic human papillomavirus under the foreskin, according to meta-analyses. [4] [106]"
h0124,circumcision,s0332,X,no,protections include UTI/penile cancer; complications,sti-tagger-1,"The American Academy of Pediatrics' 2012 policy concludes that newborn benefits, including these protections, exceed risks, with complications at 0.2-3%—mainly minor bleeding or infection—and neonatal timing reducing anesthesia needs versus later surgeries. [75] [199]"
h0125,circumcision,s0363,H,yes,,sti-tagger-1,"The World Health Organization (WHO), collaborating with UNAIDS, has recommended voluntary medical male circumcision (VMMC) since 2007 as an HIV prevention strategy in 15 priority countries in eastern and southern Africa with high heterosexual transmission rates."
h0126,circumcision,s0364,H,yes,,sti-tagger-1,This is based on three randomized controlled trials showing about 60% reduction in HIV acquisition risk for heterosexual men. [2]
h0127,circumcision,s0369,X,yes,UTI and penile cancer remain,sti-tagger-1,"In the United States, the American Academy of Pediatrics (AAP) 2012 policy states that newborn male circumcision's benefits—reduced risks of urinary tract infections, penile cancer, and certain STIs including HIV—outweigh risks, but not enough for routine recommendation; decisions rest with informed parents. [75]"
h0128,circumcision,s0370,H,yes,,sti-tagger-1,"The Centers for Disease Control and Prevention (CDC) advises informing uncircumcised males and parents of benefits, including 50-60% HIV risk reduction from the same trials, plus lower risks for herpes simplex virus type 2 and human papillomavirus."
h0129,circumcision,s0387,H,no,HIV prevention programmes,sti-tagger-1,"Supported by PEPFAR and WHO, these initiatives have delivered about 35 million free procedures since 2007 in high-prevalence countries, enhancing access for adolescents and adults. [126] [220] [132]"
h0130,circumcision,s0388,H,yes,,sti-tagger-1,"WHO models confirm VMMC's high cost-effectiveness, with net savings from averted HIV infections in nearly all scenarios across 14 priority countries."
h0131,circumcision,s0402,H,yes,,sti-tagger-1,"In sub-Saharan Africa, adoption rose through World Health Organization voluntary medical male circumcision (VMMC) programs launched in 2007 for HIV prevention, supported by trials indicating 60% risk reduction in heterosexual transmission. [2]"
h0132,circumcision,s0414,X,yes,complexity/pain of later procedure remains without HIV part,sti-tagger-1,"They note that postponing until adulthood increases procedural complexity and pain, potentially forgoing benefits like reduced HIV risk—shown at 60% efficacy against heterosexual acquisition in African trials. [75] [232]"
h0133,circumcision,s0439,H,yes,,sti-tagger-1,Randomized controlled trials (RCTs) show voluntary medical male circumcision reduces heterosexual HIV acquisition by about 60% in high-prevalence areas.
h0134,circumcision,s0440,H,no,,sti-tagger-1,"Three major African trials with over 10,000 participants confirmed this, with efficacy sustained up to 24 months and no rise in risk behaviors. [87] [90] [2]"
h0135,circumcision,s0441,X,yes,UTI and penile cancer remain,sti-tagger-1,"Other benefits include 90% fewer urinary tract infections in infancy per meta-analyses, plus reduced penile cancer and some STIs like herpes simplex virus type 2, though STI evidence is observational and less robust. [77] [197]"
h0136,circumcision,s0442,H,yes,,sti-tagger-1,"These support WHO recommendations for circumcision where HIV prevalence exceeds 15% among heterosexual men, averting millions of infections since 2007."
h0137,circumcision,s0444,X,no,,sti-tagger-1,"Neonatal circumcision complications are low: systematic reviews report 0.2-1.5% adverse events, mostly minor like bleeding or infection, with severe issues under 0.01% by trained providers. [45] [43]"
h0138,circumcision,s0446,X,no,,sti-tagger-1,"CDC data confirm newborns have the lowest risks, with U.S. serious events below 0.5 per 100,000."
h0139,circumcision,s0448,X,no,sexual function,sti-tagger-1,"Over 30 studies, including RCTs and surveys, find no major negative effects on penile sensitivity, erectile function, or satisfaction after circumcision."
h0140,circumcision,s0449,X,no,ejaculation control,sti-tagger-1,Some note neutral or better premature ejaculation control from less foreskin hypersensitivity. [115] [246] [247]
h0141,circumcision,s0450,X,no,sexual pleasure evidence,sti-tagger-1,"Claims of reduced pleasure often come from biased, self-selected surveys, while blinded tests and longitudinal data show no consistent losses."
h0142,circumcision,s0452,X,no,psychological harm evidence,sti-tagger-1,Prospective studies and meta-analyses reveal no strong evidence of long-term psychological harm from neonatal or childhood circumcision.
h0143,circumcision,s0453,X,no,psychological harm evidence,sti-tagger-1,"No higher rates of anxiety, depression, or behavioral problems appear compared to uncircumcised peers, countering anecdotal distress claims. [116] [248]"
h0144,circumcision,s0454,X,no,psychological harm evidence,sti-tagger-1,"A Danish study linked subtle associations with later consultations, but cultural confounders and small effects weaken causality; biomarker studies show no lasting stress changes. [249]"
h0145,circumcision,s0457,X,no,"risk-benefit; nearby benefits listed in section include UTI and penile cancer, prior two are about harm; unclear",sti-tagger-1,"These findings indicate a positive risk-benefit ratio for neonatal circumcision in medical settings, especially in high-infection areas, though benefits lessen in low-prevalence ones."
h0146,circumcision-and-hiv,s0001,H,yes,,sti-tagger-1,"Circumcision and HIV encompasses the body of empirical research investigating the protective effect of male circumcision against HIV acquisition, primarily through randomized controlled trials demonstrating that voluntary medical male circumcision reduces the risk of heterosexually transmitted HIV in men by approximately 60% in high-prevalence sub-Saharan African settings. [1] [2]"
h0147,circumcision-and-hiv,s0002,H,yes,,sti-tagger-1,"Three landmark trials conducted between 2005 and 2007 in Uganda, Kenya, and South Africa—each involving thousands of heterosexual men—provided robust evidence of this efficacy, with hazard ratios ranging from 0.40 to 0.47 for HIV incidence in circumcised versus uncircumcised groups, after adjusting for behavioral factors. [3] [4]"
h0148,circumcision-and-hiv,s0003,H,yes,,sti-tagger-1,"These findings prompted the World Health Organization and UNAIDS in 2007 to endorse voluntary medical male circumcision (VMMC) as a key HIV prevention strategy in regions with generalized heterosexual epidemics, leading to the scale-up of programs that have delivered over 27 million procedures across 15 priority countries by 2023. [2]"
h0149,circumcision-and-hiv,s0005,H,yes,HIV mechanism,sti-tagger-1,"The mechanism underlying this protection stems from the removal of the foreskin, which harbors Langerhans cells susceptible to HIV entry and provides a moist environment conducive to viral persistence during heterosexual intercourse, thereby diminishing the biological vulnerability to infection via causal pathways independent of behavioral changes. [6]"
h0150,circumcision-and-hiv,s0007,H,yes,defends HIV trial findings,sti-tagger-1,"Controversies persist, including critiques of trial methodologies—such as early termination potentially inflating efficacy estimates and inadequate controls for viral load or partner HIV status—but these have been rebutted by reanalyses and subsequent programmatic evaluations showing sustained population-level impacts without methodological collapse. [9] [10]"
h0151,circumcision-and-hiv,s0008,H,yes,,sti-tagger-1,"VMMC's integration into broader prevention portfolios, alongside condoms and antiretrovirals, underscores its role as a one-time, cost-effective intervention, averting an estimated millions of infections, though debates over infant versus adult procedures and ethical promotion in diverse cultural contexts highlight ongoing tensions between evidence-based public health and individual autonomy. [11]"
h0152,circumcision-and-hiv,s0012,H,no,trials halted for HIV protective effect,sti-tagger-1,"The studies were ethically halted early by data safety monitoring boards due to the evident protective effect, with follow-up periods ranging from 21 to 24 months. [13]"
h0153,circumcision-and-hiv,s0015,H,yes,,sti-tagger-1,"After 21 months, HIV incidence was 1.42% in the circumcision group versus 3.57% in the control group, yielding a relative risk reduction of 60% (adjusted hazard ratio 0.40, 95% CI 0.24-0.68)."
h0154,circumcision-and-hiv,s0016,H,no,no behavioural disinhibition supports HIV effect,sti-tagger-1,"No significant behavioral disinhibition, such as increased sexual partners or reduced condom use, was observed. [14]"
h0155,circumcision-and-hiv,s0019,H,yes,,sti-tagger-1,"Over 24 months, HIV incidence rates were 2.1% (95% CI 1.2-3.0) in the circumcised group and 4.2% (95% CI 3.0-5.4) in controls, corresponding to a 51% relative risk reduction (p=0.0065)."
h0156,circumcision-and-hiv,s0020,H,no,,sti-tagger-1,"Post-trial surveillance confirmed sustained protection, with incidence of 0.50 per 100 person-years in circumcised men versus 1.93 in uncircumcised men, and no evidence of risk compensation. [16]"
h0157,circumcision-and-hiv,s0023,H,yes,,sti-tagger-1,"After 24 months, circumcision reduced HIV incidence by 51% (adjusted incidence rate ratio 0.49, 95% CI 0.26-0.93), with rates of 0.7% in the intervention group versus 1.3% in controls among men adhering to the protocol."
h0158,circumcision-and-hiv,s0024,H,no,no risk compensation supports HIV role,sti-tagger-1,"The trial found no increase in adverse sexual behaviors, supporting circumcision's role without compensatory risk-taking. [18]"
h0159,circumcision-and-hiv,s0026,H,yes,,sti-tagger-1,"Meta-analyses of these RCTs confirm a consistent 50-60% reduction in HIV acquisition risk for heterosexual men, with protective effects persisting in long-term follow-up and no offsetting increases in transmission to female partners within trial data."
h0160,circumcision-and-hiv,s0027,H,no,,sti-tagger-1,"These findings, derived from double-blind randomization and intention-to-treat analyses, established circumcision as an additive prevention strategy in high-prevalence heterosexual epidemics, though generalizability to low-prevalence or non-African settings remains untested via RCTs due to ethical constraints. [13]"
h0161,circumcision-and-hiv,s0033,H,no,HIV in MSM context,sti-tagger-1,More recent meta-analyses suggest a modest protective association.
h0162,circumcision-and-hiv,s0034,H,yes,,sti-tagger-1,"A 2019 analysis of studies primarily from high-prevalence settings found circumcision linked to 23% lower odds of HIV infection overall among MSM, with stronger effects (up to 29% reduction) in regions with higher HIV endemicity, though protective estimates weakened after adjusting for confounders such as sexual role (insertive vs. receptive).30038-5/fulltext) A 2024 meta-analysis of 62 observational studies reported a 23% reduction in HIV acquisition risk for circumcised gay and bisexual men, but emphasized that this effect was primarily observed among primarily insertive (PI) MSM, with odds ratios as low as 0.57 in unadjusted models for this subgroup, compared to null or weaker effects for versatile or receptive partners where anal transmission predominates. [22]"
h0163,circumcision-and-hiv,s0035,H,yes,,sti-tagger-1,"These findings align with Centers for Disease Control and Prevention (CDC) pooled data from observational studies indicating partial protection against HIV acquisition in MSM, though not quantified as robustly as the 50-60% efficacy seen in heterosexual RCTs."
h0164,circumcision-and-hiv,s0039,H,no,,sti-tagger-1,"A 2025 preprint meta-analysis reinforced protection specifically for PI-MSM (OR 0.57), supporting circumcision as a potential adjunctive strategy in this subgroup, but cautioned against broad extrapolation to all MSM given predominant receptive anal intercourse risks. [25]"
h0165,circumcision-and-hiv,s0042,H,yes,,sti-tagger-1,"Observational studies in sub-Saharan Africa, conducted before the scale-up of voluntary medical male circumcision programs, frequently reported lower HIV prevalence and incidence among circumcised men compared to uncircumcised men in heterosexual populations."
h0166,circumcision-and-hiv,s0043,H,yes,,sti-tagger-1,"For example, a cohort study in Kericho, Kenya, found that circumcised men had an adjusted hazard ratio of 0.32 (95% CI 0.15–0.68) for HIV acquisition, equivalent to a two-thirds risk reduction after controlling for confounders. [1]"
h0167,circumcision-and-hiv,s0044,H,yes,,sti-tagger-1,"Similarly, analyses from multiple cross-sectional surveys in the region, such as those in Nairobi, showed uncircumcised men with genital ulcers had over 50% higher HIV seroconversion rates than circumcised counterparts. [1]"
h0168,circumcision-and-hiv,s0047,H,no,,sti-tagger-1,"Meta-analyses of observational data have synthesized these findings, often confirming a protective association in heterosexual men, though with heterogeneity due to study design and epidemic context."
h0169,circumcision-and-hiv,s0048,H,yes,,sti-tagger-1,"A 2020 systematic review encompassing 20 studies, including high-risk and community-based cohorts, reported pooled incidence ratios for HIV acquisition ranging from 0.29 (95% CI 0.19–0.43) in high-risk groups to 0.56 (95% CI 0.49–0.64) in community cohorts during circumcision scale-up, corresponding to relative risk reductions of 44–71%. [7]"
h0170,circumcision-and-hiv,s0049,H,no,,sti-tagger-1,"These estimates align with pre-scale-up community data showing a 52% reduction (pooled IR 0.48, 95% CI 0.33–0.70), but effectiveness appeared slightly attenuated in lower-incidence settings, possibly reflecting selection biases or changing sexual networks. [7]"
h0171,circumcision-and-hiv,s0053,H,yes,,sti-tagger-1,"Subsequent reviews incorporating broader global data reported modest associations, with a 2019 systematic review of 62 studies estimating a 23% lower odds of HIV infection overall (OR 0.77), particularly in low- and middle-income countries and among those primarily engaging in insertive roles. [27]"
h0172,circumcision-and-hiv,s0056,H,yes,,sti-tagger-1,"The randomized controlled trials establishing male circumcision's efficacy against HIV acquisition were conducted in high-prevalence sub-Saharan African regions, specifically South Africa, Kenya, and Uganda, where they demonstrated a consistent approximately 60% risk reduction for heterosexual men engaging primarily in vaginal sex. [1]"
h0173,circumcision-and-hiv,s0058,H,yes,,sti-tagger-1,"Regional ecological data from Africa further indicate an inverse correlation between baseline male circumcision prevalence—often tied to ethnic, religious, or cultural practices—and HIV prevalence, supporting but not proving causality."
h0174,circumcision-and-hiv,s0066,H,yes,,sti-tagger-1,"Across populations, adjusted relative risks from meta-analyses of incidence studies range from 0.40 to 0.60, aligning with trial efficacy but varying by baseline HIV exposure and circumcision timing (adult versus neonatal)."
h0175,circumcision-and-hiv,s0074,H,yes,HIV mechanism,sti-tagger-1,"Post-circumcision, removal of the inner foreskin eliminates this vulnerable portal, while the exposed mucosal surfaces undergo adaptive keratinization, thickening the epithelial barrier and reducing microbial translocation that could exacerbate local inflammation and HIV susceptibility. [41]"
h0176,circumcision-and-hiv,s0076,H,yes,HIV mechanism,sti-tagger-1,"These cellular and mucosal features contribute to the observed 50-60% reduction in HIV acquisition risk among circumcised heterosexual men in randomized trials, as the foreskin represents a primary entry site enriched for viral targets and deficient in protective barriers. [43] [44]"
h0177,circumcision-and-hiv,s0077,H,yes,HIV mechanism,sti-tagger-1,"Experimental models confirm that foreskin-derived tissues exhibit higher HIV infectivity than keratinized penile skin, underscoring the causal role of these factors independent of behavioral confounders."
h0178,circumcision-and-hiv,s0084,H,yes,HIV mechanism,sti-tagger-1,"Circumcision alters these dynamics by excising the foreskin, thereby eliminating approximately 50-70% of the penile mucosal surface area vulnerable to HIV ingress during penile-vaginal intercourse. [41]"
h0179,circumcision-and-hiv,s0085,H,yes,HIV mechanism,sti-tagger-1,"Post-circumcision, the exposed glans penis and coronal sulcus undergo adaptive keratinization, thickening the epithelial layer and reducing permeability to viral particles, as evidenced by increased transepithelial resistance and decreased HIV penetration in keratinized versus mucosal tissues. [49]"
h0180,circumcision-and-hiv,s0086,H,yes,HIV mechanism,sti-tagger-1,"This structural change, combined with reduced micro-abrasions and chronic inflammation under the foreskin—conditions that upregulate HIV co-receptors and pro-viral cytokines—lowers the density of target cells and the efficiency of viral seeding in the male genital tract. [50]"
h0181,circumcision-and-hiv,s0088,H,yes,HIV mechanism,sti-tagger-1,"Additionally, the removal of the foreskin diminishes the subpreputial space where smegma accumulation and bacterial overgrowth foster an inflammatory milieu that enhances HIV attachment and entry via upregulated adhesion molecules."
h0182,circumcision-and-hiv,s0090,H,yes,HIV mechanism,sti-tagger-1,"Transmission dynamics are further influenced by circumcision's impact on viral trafficking: in uncircumcised men, HIV infection often localizes initially in foreskin Langerhans cells before disseminating to draining lymph nodes, whereas circumcision shifts potential entry to less permissive keratinized sites, reducing the probability of establishing a productive genital infection. [53]"
h0183,circumcision-and-hiv,s0091,H,yes,,sti-tagger-1,"Quantitative models estimate that these biological modifications account for the observed 60% reduction in HIV acquisition risk in randomized controlled trials, primarily by curtailing the initial viral inoculum's access to high-yield target cells during the brief exposure window of intercourse. [41] [50]"
h0184,circumcision-and-hiv,s0093,H,yes,,sti-tagger-1,"These mechanisms, validated through histological, virological, and epidemiological convergence, underscore circumcision's role in disrupting HIV's mucosal foothold without relying solely on behavioral factors."
h0185,circumcision-and-hiv,s0095,H,yes,,sti-tagger-1,"In 2007, following the publication of three randomized controlled trials in South Africa, Kenya, and Uganda that demonstrated a 51–60% reduction in HIV acquisition risk among heterosexual men undergoing voluntary medical male circumcision (VMMC), the World Health Organization (WHO) and Joint United Nations Programme on HIV/AIDS (UNAIDS) jointly recommended the scale-up of safe, voluntary VMMC services as part of a comprehensive HIV prevention package in 14 priority countries in eastern and southern Africa with generalized HIV epidemics and low prevalence of male circumcision. [2] [55]"
h0186,circumcision-and-hiv,s0096,H,yes,,sti-tagger-1,"These trials, conducted between 2002 and 2007, involved over 10,000 participants and showed consistent efficacy against heterosexual transmission, prompting WHO to position VMMC as an additional, efficacious intervention alongside condom promotion, HIV testing, and antiretroviral therapy, while emphasizing that it offers only partial protection and does not eliminate risk."
h0187,circumcision-and-hiv,s0098,X,yes,complication-rate point remains without HIV targeting (rule 5),sti-tagger-1,"WHO guidelines specify that VMMC targets males aged 10 years and older in priority settings, prioritizing adolescents and adult men aged 15–49 where HIV incidence is high, with services required to be provided by trained health professionals under aseptic conditions to minimize complications, which occur at rates below 2% in program data. [2]"
h0188,circumcision-and-hiv,s0099,H,yes,,sti-tagger-1,"Updated in 2020, the guidelines—""Preventing HIV through safe voluntary medical male circumcision for adolescents and adults""—incorporate evidence on surgical techniques, including device-based methods for faster procedures, adolescent-specific counseling to ensure informed consent, and integration with sexual health services, while modeling estimates that sustained VMMC scale-up could avert up to 3.3 million HIV infections in eastern and southern Africa by 2025. [56]"
h0189,circumcision-and-hiv,s0103,H,yes,cost per HIV infection averted,sti-tagger-1,"In October 2023, WHO reaffirmed VMMC's cost-effectiveness—estimated at $2,000–$4,000 per infection averted—at current coverage levels below 60% in many priority countries, urging intensified efforts to achieve 90% coverage among males aged 15–29 to maximize population-level impact amid competing prevention priorities like pre-exposure prophylaxis. [57]"
h0190,circumcision-and-hiv,s0128,H,yes,,sti-tagger-1,"Achievements included averting an estimated 340,000 HIV infections between 2008 and 2019 through combined program impacts, though progress varied due to supply chain logistics and cultural resistance in low-traditional-circumcision areas."
h0191,circumcision-and-hiv,s0131,H,yes,,sti-tagger-1,"Voluntary medical male circumcision (VMMC) programs in 15 priority sub-Saharan African countries have achieved approximately 26 million procedures between 2008 and 2019, averting an estimated 340,000 new HIV infections. [75] [76]"
h0192,circumcision-and-hiv,s0137,H,yes,cost-effectiveness via averted HIV infections,sti-tagger-1,"Programs have demonstrated high cost-effectiveness, with analyses across multiple countries showing VMMC to be cost-saving over extended horizons, even assuming higher unit costs up to US$120. [57] [11]"
h0193,circumcision-and-hiv,s0138,H,yes,,sti-tagger-1,"For instance, in Tanzania, the cost per HIV infection averted was estimated at US$11,300 for 2010–2015 scaling but dropped to US$3,200 when extended to 2025, underscoring long-term fiscal benefits. [83]"
h0194,circumcision-and-hiv,s0139,H,yes,,sti-tagger-1,"These efficiencies arise from reduced HIV treatment burdens, though sustaining funding remains critical as antiretroviral therapy scale-up alters incidence dynamics."
h0195,circumcision-and-hiv,s0147,H,yes,early observation of lower HIV rates offered as support,sti-tagger-1,"Alcena observed lower HIV rates among circumcised individuals in early screening efforts, proposing circumcision as a potential preventive factor."
h0196,circumcision-and-hiv,s0148,H,yes,HIV mechanism hypothesis,sti-tagger-1,"Similarly, Fink argued that the foreskin's inner mucosa, with its thin epithelial layer and abundance of target cells for HIV, could serve as a primary entry point for the virus during heterosexual intercourse, hypothesizing that its removal would diminish susceptibility."
h0197,circumcision-and-hiv,s0151,H,yes,,sti-tagger-1,"Among Nairobi truck drivers in Kenya, uncircumcised men exhibited significantly higher HIV seroprevalence (13% versus 3% in circumcised men), with prospective follow-up confirming elevated incidence linked to uncircumcised status after adjusting for confounders like sexual behavior."
h0198,circumcision-and-hiv,s0152,H,yes,,sti-tagger-1,"These findings, replicated in studies of female sex workers' clients, indicated odds ratios of HIV infection 5- to 8-fold higher in uncircumcised men, attributing part of the risk to increased vulnerability to genital ulcers and other sexually transmitted infections that facilitate HIV entry. [92]"
h0199,circumcision-and-hiv,s0154,H,yes,,sti-tagger-1,"Ecological analyses in the late 1980s and early 1990s reinforced these patterns at population levels across Africa, revealing an inverse correlation between male circumcision prevalence and national HIV rates."
h0200,circumcision-and-hiv,s0155,H,yes,,sti-tagger-1,"Countries with predominantly non-circumcising populations in East and Southern Africa reported HIV prevalences exceeding 10-20% in urban adults by the early 1990s, compared to under 2-5% in circumcising Muslim-majority nations in West Africa, despite similar sexual network structures."
h0201,circumcision-and-hiv,s0156,H,yes,,sti-tagger-1,"Meta-analyses of over 30 such studies estimated a consistent 50-70% lower HIV risk among circumcised men in high-risk groups, prompting hypotheses that circumcision biologically limits viral ingress by eliminating the foreskin's Langerhans cells—dendritic cells highly susceptible to HIV—and reducing mucosal trauma during sex. [94]"
h0202,circumcision-and-hiv,s0159,H,yes,,sti-tagger-1,"Interim analysis after 473 person-years of follow-up in the intervention group and 499 in the control group revealed 20 HIV infections in the circumcision arm versus 49 in the control arm, yielding a relative risk reduction of 60% (95% CI: 32–77%), prompting early termination of the trial on ethical grounds. [15]"
h0203,circumcision-and-hiv,s0160,X,no,adverse-event point remains (rule 1/5),sti-tagger-1,"No significant increases in sexual risk behavior were observed, and adverse events were minimal (3.8% moderate or severe complications, mostly resolving without intervention)."
h0204,circumcision-and-hiv,s0164,H,yes,,sti-tagger-1,"Among 69 incident HIV cases (22 circumcised, 47 uncircumcised), circumcision conferred a 53% protective efficacy (95% CI: 22–72%; adjusted RR 0.47, 95% CI: 0.28–0.78), with no evidence of behavioral risk compensation—circumcised men reported similar or slightly fewer sexual partners and condom use rates. [17]"
h0205,circumcision-and-hiv,s0165,X,no,adverse events,sti-tagger-1,Moderate/severe adverse events occurred in 0.3% of procedures.
h0206,circumcision-and-hiv,s0167,X,yes,"mainly HIV, but low surgical complication point remains (rule 1)",sti-tagger-1,"Concurrently, the Ugandan Rakai trial by Gray et al. involved 4,996 HIV-negative uncircumcised men aged 15–49, randomized to circumcision or control with 24-month follow-up ending September 2007.60313-4/fulltext) This yielded 67 HIV seroconversions (20 circumcised, 47 control), a 51% reduction in incidence (95% CI: 16–71%; adjusted HR 0.49, 95% CI: 0.29–0.82), again without increased risk behavior or sexual activity in the intervention group.60313-4/fulltext) Surgical complications were low (0.7% severe).60313-4/fulltext) The consistency across trials—each demonstrating approximately 50–60% efficacy against heterosexual HIV acquisition in high-prevalence sub-Saharan African settings—provided robust causal evidence from RCTs, surpassing prior ecological and observational associations."
h0207,circumcision-and-hiv,s0170,H,yes,,sti-tagger-1,"In March 2007, the World Health Organization (WHO) and Joint United Nations Programme on HIV/AIDS (UNAIDS), following an expert consultation reviewing the trials, issued guidelines recognizing voluntary medical male circumcision (VMMC) as an efficacious additional intervention to reduce heterosexually transmitted HIV in men, particularly in 13 priority countries with HIV prevalence exceeding 15% in men aged 15+. [96]"
h0208,circumcision-and-hiv,s0175,H,yes,,sti-tagger-1,"By October 2023, approximately 35 million men and adolescent boys had undergone VMMC through these initiatives, representing substantial progress toward averting new infections."
h0209,circumcision-and-hiv,s0177,H,yes,,sti-tagger-1,"Observational studies and long-term follow-ups from the original randomized controlled trials (RCTs) conducted in Kenya, Uganda, and South Africa have corroborated the approximately 60% reduction in heterosexual HIV acquisition risk for men observed in the 2005–2007 trials. [12] [7]"
h0210,circumcision-and-hiv,s0178,H,yes,,sti-tagger-1,"For instance, a 2020 analysis of follow-up data from a Zimbabwean cohort reported an HIV incidence of 1.2 per 100 person-years among circumcised men compared to higher rates in uncircumcised controls, with no evidence of waning protection over time. [7]"
h0211,circumcision-and-hiv,s0179,H,yes,,sti-tagger-1,"Population-level data from sub-Saharan Africa have similarly associated increased VMMC coverage with reduced HIV incidence, though effects vary by region due to factors like program saturation and concurrent interventions."
h0212,circumcision-and-hiv,s0182,H,yes,,sti-tagger-1,"Economic evaluations have consistently deemed VMMC highly cost-effective, with models projecting millions of infections averted at costs below per-infection treatment thresholds, prompting calls in 2023 for intensified scale-up amid stagnating coverage in some areas. [11] [57]"
h0213,circumcision-and-hiv,s0183,H,yes,,sti-tagger-1,"Emerging data have explored VMMC's potential benefits for men who have sex with men (MSM), with a 2024 study indicating up to 91% risk reduction for predominantly insertive partners, though evidence remains limited outside heterosexual epidemics."
h0214,circumcision-and-hiv,s0186,H,yes,,sti-tagger-1,"Despite these, meta-analyses and real-world assessments through 2023 continue to support VMMC's role in combination prevention, without indications of policy reversal."
h0215,circumcision-and-hiv,s0189,H,no,,sti-tagger-1,"These trials reported relative risk reductions of 60% (Auvert), 51% (Bailey), and 56% (Gray), leading to early termination upon interim analyses demonstrating statistical significance. [1]"
h0216,circumcision-and-hiv,s0191,H,yes,defends HIV trial outcomes,sti-tagger-1,"Proponents counter that objective HIV seroconversion outcomes and comparable self-reported behaviors across arms mitigate these concerns, as confirmed by subsequent Cochrane reviews assessing overall low risk of bias."
h0217,circumcision-and-hiv,s0194,H,no,defends HIV trial outcomes,sti-tagger-1,"Defenses highlight prespecified statistical boundaries (e.g., Haybittle-Peto) and consistency with post-trial observational data showing persistent protection up to 5–7 years in Rakai, Uganda. [1]"
h0218,circumcision-and-hiv,s0200,H,no,defends HIV trial design,sti-tagger-1,"Rebuttals emphasize ecological consistency with pre-trial hypotheses and modeling validations, asserting that unblinded designs, while imperfect, represent pragmatic superiority over non-randomized alternatives prone to confounding. [102]"
h0219,circumcision-and-hiv,s0224,H,no,no risk compensation supports HIV effect,sti-tagger-1,"However, longitudinal data from the pivotal RCTs in South Africa, Kenya, and Uganda found no significant evidence of risk compensation."
h0220,circumcision-and-hiv,s0225,H,no,,sti-tagger-1,"In the ANRS 1265 trial, circumcised participants showed no increase in sexual activity or partner numbers compared to controls over 21 months, with even slight reductions in reported unprotected sex in some subgroups. [109]"
h0221,circumcision-and-hiv,s0226,H,yes,,sti-tagger-1,"Similarly, the Rakai trial reported stable or decreased risky behaviors post-circumcision, with no rise in HIV incidence attributable to behavioral changes. [110]"
h0222,circumcision-and-hiv,s0227,H,yes,,sti-tagger-1,"Post-trial surveillance in implementation settings, including over 20 million VMMCs by 2020, confirmed that circumcised men did not exhibit higher rates of multiple partners or condomless sex relative to uncircumcised peers."
h0223,circumcision-and-hiv,s0229,H,no,,sti-tagger-1,"Systematic reviews and meta-analyses have reinforced these findings, analyzing data from RCTs and observational studies across high-prevalence regions."
h0224,circumcision-and-hiv,s0230,H,no,no risk compensation; defends HIV protection holding in practice,sti-tagger-2,"A 2021 meta-analysis of 13 studies involving heterosexual men concluded no association between medical male circumcision and increased risky behaviors, such as condomless sex (odds ratio 0.94, 95% CI 0.82–1.07) or multiple partners (OR 1.05, 95% CI 0.92–1.20). [112]"
h0225,circumcision-and-hiv,s0231,H,yes,risk compensation rebuttal for HIV programme,sti-tagger-2,"Another review of VMMC rollout data found minimal early resumption of sex post-procedure (median 26–40 days, aligning with healing guidelines) and no sustained uptick in risk compensation, attributing any minor perceptions of invulnerability to counseling failures rather than inherent effects. [113]"
h0226,circumcision-and-hiv,s0245,H,yes,RCT HIV acquisition reduction,sti-tagger-2,"Rebuttals emphasize that the three pivotal RCTs (in South Africa, Kenya, and Uganda) demonstrated consistent 50-60% reduction in HIV acquisition among heterosexual men, with pooled analyses confirming biological causality via mechanisms like reduced viral entry through the foreskin. [111]"
h0227,circumcision-and-hiv,s0246,H,no,sustained HIV efficacy,sti-tagger-2,"Long-term follow-up from the Orange Farm trial in South Africa showed sustained 58% efficacy at 72 months, aligning with initial findings and refuting decay claims. [122]"
h0228,circumcision-and-hiv,s0247,H,no,defends HIV trial validity,sti-tagger-2,"Methodological critiques are dismissed as denialism, given the trials' rigorous design, including intention-to-treat analyses and adjustments for behavior, which found no evidence of bias invalidating results. [116]"
h0229,circumcision-and-hiv,s0249,H,no,risk compensation rebuttal supporting HIV protection,sti-tagger-2,"On risk compensation, systematic reviews and meta-analyses of post-circumcision cohorts report no substantial increase in risky behaviors; a 2021 analysis of 28 studies found higher-quality evidence showing neutral or reduced risk profiles, with circumcised men often reporting safer practices due to counseling. [112] [124]"
h0230,circumcision-and-hiv,s0250,H,yes,declining HIV incidence with programmes,sti-tagger-2,"Real-world programs in 15 African countries, scaling to over 30 million procedures by 2023, correlate with declining HIV incidence without offsetting surges in transmission attributable to disinhibition. [125]"
h0231,circumcision-and-hiv,s0256,H,yes,HIV infections averted,sti-tagger-2,Early projections from 2009 indicated that one HIV infection could be averted for every 5–15 VMMCs in high-prevalence settings over a 10-year period.
h0232,circumcision-and-hiv,s0259,H,no,HIV infections prevented,sti-tagger-2,"By 2017, these efforts were estimated to have prevented 230,000 new infections, with forecasts anticipating over 1 million averted by 2030 under sustained scale-up. [130] [28]"
h0233,circumcision-and-hiv,s0260,H,no,HIV infections averted incl. partners,sti-tagger-2,"WHO and UNAIDS analyses projected 340,000 (range: 260,000–440,000) infections averted by 2019, including benefits to female partners through reduced prevalence. [69]"
h0234,circumcision-and-hiv,s0261,H,no,HIV infections prevented,sti-tagger-2,"A 2022 evaluation using multiple models (Goals-ASM, Thembisa, EMOD) estimated up to 83,000 infections prevented from 2010–2020 in select contexts, highlighting variability due to local epidemiology and program reach."
h0235,circumcision-and-hiv,s0263,H,yes,HIV infections averted,sti-tagger-2,Forward-looking simulations emphasize scale-up potential: achieving 80% circumcision coverage among HIV-negative men aged 15–49 over 15 years could avert 3.4 million infections in low- and middle-income countries. [112]
h0236,circumcision-and-hiv,s0264,H,no,HIV infections prevented,sti-tagger-2,"Country-specific models, such as in Malawi, predict that targeting males aged 10–29 for circumcision over 15 years would prevent 75% of projected infections in that cohort, rising to 88% if extended to age 34. [131]"
h0237,circumcision-and-hiv,s0268,H,yes,cost-effectiveness for HIV prevention,sti-tagger-2,"Economic evaluations of voluntary medical male circumcision (VMMC) programs for HIV prevention in sub-Saharan Africa have predominantly concluded that the intervention is cost-effective, particularly in settings with moderate to high heterosexual HIV transmission."
h0238,circumcision-and-hiv,s0269,H,yes,cost per DALY via HIV averted,sti-tagger-2,"A 2022 modeling analysis across 13 countries found VMMC cost-effective (defined as less than three times the gross domestic product per capita per disability-adjusted life year averted) in 62% of scenarios with adult HIV incidence exceeding 1.5 per 100 person-years, with effectiveness increasing in higher-incidence areas due to greater absolute risk reduction.00515-0/fulltext) The World Health Organization's 2023 review of programmatic data from priority countries affirmed VMMC as highly cost-effective or cost-saving in nearly all evaluated scenarios, attributing this to low per-procedure costs (typically $50–150) and the intervention's one-time nature, which averts lifelong treatment expenses estimated at $1,000–2,000 annually per person on antiretrovirals. [57]"
h0239,circumcision-and-hiv,s0272,H,yes,cost vs other HIV prevention,sti-tagger-2,"Comparisons with alternative HIV prevention strategies, such as antiretroviral therapy scale-up, position VMMC favorably in cost metrics."
h0240,circumcision-and-hiv,s0273,H,yes,cost per HIV infection averted,sti-tagger-2,"One analysis estimated VMMC's cost per infection averted at $1,096 versus $6,790 for treatment-as-prevention, reflecting VMMC's upstream preventive impact on incident cases without ongoing drug requirements. [133]"
h0241,circumcision-and-hiv,s0274,H,yes,savings from reduced HIV care,sti-tagger-2,"In South Africa, where over 3 million VMMCs were performed by 2016, program costs averaged $120 per procedure, yielding net financial returns through reduced HIV-related healthcare expenditures."
h0242,circumcision-and-hiv,s0276,H,yes,sustained HIV prevention impact,sti-tagger-2,Long-term projections from dynamic epidemic models underscore VMMC's potential for sustained impact if coverage reaches 90% among non-circumcised adult males in priority countries.
h0243,circumcision-and-hiv,s0277,H,yes,"HIV infections averted, savings",sti-tagger-2,"UNAIDS-supported simulations forecast that maintaining VMMC through 2030 could avert 2–5 million infections across eastern and southern Africa, with cumulative savings exceeding program costs by factors of 2–10 under 3–5% discount rates, assuming stable heterosexual transmission dynamics. [134]"
h0244,circumcision-and-hiv,s0278,H,yes,savings from HIV protection over decades,sti-tagger-2,"A South African cohort model projected $617 net savings per VMMC performed at age 20 (discounted at 5%), escalating with earlier implementation due to extended protection periods spanning decades. [61]"
h0245,circumcision-and-law,s0003,X,yes,UTI point remains without the STI part,sti-tagger-2,"Empirical assessments of health outcomes inform these debates, with bodies like the American Academy of Pediatrics concluding that preventive benefits—such as reduced risks of urinary tract infections and certain sexually transmitted infections—marginally exceed procedural risks but do not warrant universal recommendation, a view echoed in legal considerations of proportionality."
h0246,circumcision-and-law,s0077,X,yes,UTI benefit remains,sti-tagger-2,"The resolution provoked significant opposition from Jewish and Muslim representatives, who argued it conflates male circumcision—a procedure with documented medical benefits such as reduced urinary tract infections and certain sexually transmitted diseases—with mutilatory practices lacking such evidence. [40]"
h0247,circumcision-and-law,s0205,X,no,benefits unnamed; prior sentences don't specify; cannot tell,sti-tagger-2,"The American Academy of Pediatrics (AAP) has stated that the health benefits of newborn male circumcision outweigh the risks, affirming parents' authority to make the decision based on their assessment of those factors."
h0248,circumcision-and-law,s0327,H,yes,VMMC for HIV transmission,sti-tagger-2,"Public health policy integrates voluntary medical male circumcision (VMMC) as a strategy to curb HIV transmission, following WHO-endorsed randomized controlled trials (e.g., ANRS 1265 Trial, 2005) showing a 60% reduction in heterosexual acquisition risk among heterosexual men. [178]"
h0249,circumcision-and-law,s0376,X,yes,penile cancer and UTI remain without HIV,sti-tagger-2,"Courts reference policy statements from the American Academy of Pediatrics (AAP), which in 2012 concluded preventive health benefits—reduced penile cancer (lifetime risk drop from 1 in 100,000 to near zero), HIV acquisition (60% relative reduction in heterosexual transmission), and urinary tract infections—outweigh risks but do not warrant universal policy. [196] [197]"
h0250,circumcision-and-law,s0394,X,yes,UTI benefit remains,sti-tagger-2,"In the United States, a 2024 systematic review of neonatal male circumcision reaffirmed public health benefits such as reduced urinary tract infections and sexually transmitted infections, countering ethical critiques but noting no formal policy update from the American Academy of Pediatrics (AAP) since its 2012 statement, which was informally reaffirmed amid declining rates from 58.3% in 2012 to lower figures by 2022 per Johns Hopkins data. [207]"
h0251,circumcision-and-law,s0397,H,yes,point is RACP downplayed HIV prevention benefit,sti-tagger-2,"Australia's Royal Australasian College of Physicians (RACP) policy, critiqued in 2024 for downplaying benefits like HIV prevention evidenced in randomized trials, continued to advise against routine infant circumcision absent medical indication, prioritizing informed parental choice while acknowledging low complication rates under 1% in controlled settings. [157]"
h0252,circumcision-and-law,s0398,H,yes,HIV risk reduction,sti-tagger-2,"A concurrent 2022 analysis advocated evidence-based support for voluntary medical male circumcision, citing 60% risk reduction for heterosexual HIV acquisition, influencing state-level Medicaid coverage but not altering national legal frameworks permitting parental consent."
h0253,circumcision-controversies,s0002,X,yes,UTI and penile cancer remain,sti-tagger-2,"Proponents, often citing systematic reviews, argue that neonatal circumcision reduces risks of urinary tract infections, penile cancer, and heterosexual HIV acquisition, with bodies like the American Academy of Pediatrics concluding in 2012 that benefits outweigh risks, though not sufficiently to recommend universal adoption. [3] [4]"
h0254,circumcision-controversies,s0036,X,no,UTI,sti-tagger-2,"Circumcision in infancy reduces the risk of urinary tract infections (UTIs) by approximately 90%, with meta-analyses of observational studies reporting an odds ratio of 0.13 (95% CI 0.08-0.20). [32]"
h0255,circumcision-controversies,s0037,X,no,UTI,sti-tagger-2,"The American Academy of Pediatrics (AAP) 2012 policy statement identifies this as a specific benefit, noting the number needed to treat (NNT) is 111 to prevent one UTI in normal boys under one year, dropping to 11 for those with recurrent UTIs. [3]"
h0256,circumcision-controversies,s0038,X,no,UTI,sti-tagger-2,"This protective effect persists across age groups, with uncircumcised males facing a 9.9-fold higher risk in infancy, 6.6-fold from ages 1-16, and 3.4-fold beyond age 16."
h0257,circumcision-controversies,s0040,X,no,penile cancer,sti-tagger-2,"Penile cancer, though rare (incidence ~1 in 100,000 in developed countries), shows substantially lower rates in circumcised populations, particularly when performed in childhood or adolescence."
h0258,circumcision-controversies,s0041,X,yes,"penile cancer (rule 3), HPV only a partial mechanism",sti-tagger-2,"A 2011 systematic review and meta-analysis of case-control studies found men circumcised neonatally or in youth had an odds ratio of 0.33 (95% CI 0.13-0.83) for invasive penile cancer compared to uncircumcised men, attributing part of the effect to reduced human papillomavirus (HPV) persistence and chronic inflammation. [34]"
h0259,circumcision-controversies,s0042,X,no,penile cancer,sti-tagger-2,"Neonatal circumcision nearly eliminates the risk in high-prevalence settings, as supported by epidemiological data linking uncircumcised status to higher incidence via phimosis and poor hygiene."
h0260,circumcision-controversies,s0044,H,yes,HIV RCTs,sti-tagger-2,"Three randomized controlled trials (RCTs) in Africa—ANRS 1265 (South Africa, 2005), and studies in Kenya (Bailey et al., 2007) and Uganda (Gray et al., 2007)—demonstrated that adult male circumcision reduces heterosexual HIV acquisition by 50-60% over 24-30 months follow-up, with hazard ratios ranging from 0.40 to 0.47. [36]"
h0261,circumcision-controversies,s0045,H,yes,HIV infections averted,sti-tagger-2,"The World Health Organization (WHO) endorses voluntary medical male circumcision based on these RCTs, estimating it averts ~3.4 million HIV infections in eastern and southern Africa since 2007. [37]"
h0262,circumcision-controversies,s0046,H,yes,HPV and HSV-2,sti-tagger-2,"Similar RCTs show 25-35% reductions in high-risk HPV acquisition and 24-34% for herpes simplex virus type 2 (HSV-2), mediated by removal of the foreskin's inner mucosa, which harbors higher viral loads. [38]"
h0263,circumcision-controversies,s0047,H,yes,HPV and HSV-2,sti-tagger-2,"Meta-analyses confirm these effects, with circumcision linked to lower odds of prevalent and incident HPV (OR ~0.70-0.80) and HSV-2 infections."
h0264,circumcision-controversies,s0049,X,no,balanitis and phimosis,sti-tagger-2,"Circumcision also lowers risks of inflammatory conditions like balanitis (OR 0.32, 95% CI 0.20-0.52) and pathologic phimosis, which affects up to 10% of uncircumcised boys by adolescence and predisposes to adhesions and infections. [40]"
h0265,circumcision-controversies,s0050,X,no,hygiene mechanism for balanitis/phimosis benefits,sti-tagger-2,"Longitudinal data indicate these benefits stem from improved hygiene and keratinization of the glans, reducing smegma accumulation and bacterial colonization under the foreskin."
h0266,circumcision-controversies,s0053,X,no,complication rates,sti-tagger-2,"These events are predominantly minor and resolve with conservative management, while severe complications like excessive skin removal or glans injury remain rare, affecting fewer than 0.1% of cases. [3]"
h0267,circumcision-controversies,s0057,X,no,sexual function,sti-tagger-2,"Systematic analyses indicate no robust causal association between circumcision and long-term sexual dysfunction, with high-quality prospective studies and meta-analyses finding no differences in erectile function or satisfaction compared to uncircumcised controls. [43]"
h0268,circumcision-controversies,s0061,X,no,pain and anaesthesia,sti-tagger-2,"Mitigations include standardized use of local anesthesia, such as dorsal penile nerve block or ring blocks with lidocaine, which has been recommended since the 1990s and effectively minimizes procedural pain when combined with sucrose pacifiers or swaddling. [45]"
h0269,circumcision-controversies,s0062,X,no,procedure safety by age,sti-tagger-2,"Neonatal procedures exhibit lower overall risks than those in adolescents or adults, with reduced blood loss (typically <5 mL versus up to 100 mL in adults) due to smaller penile size and immature vascularity, alongside faster healing and fewer infections. [3]"
h0270,circumcision-controversies,s0063,X,no,adverse event rates,sti-tagger-2,Adherence to aseptic techniques and trained providers further lowers adverse event rates to under 1% in developed settings.
h0271,circumcision-controversies,s0065,H,yes,HIV RCTs,sti-tagger-2,"Voluntary medical male circumcision (VMMC) programs in sub-Saharan Africa, endorsed by the World Health Organization in 2007, have scaled up to circumcise millions of men, with three randomized controlled trials in Uganda, Kenya, and South Africa demonstrating a 51–60% reduction in heterosexual HIV acquisition risk for circumcised men compared to uncircumcised controls over 24–30 months of follow-up. [47] [48]"
h0272,circumcision-controversies,s0066,H,yes,HIV incidence declines,sti-tagger-2,"Population-level implementation in high-incidence settings has correlated with HIV incidence declines; for instance, modeling from Ugandan trial data projected that sustained VMMC uptake could avert up to 20% of new infections in priority countries by controlling for behavioral confounders like partner concurrency. [49]"
h0273,circumcision-controversies,s0067,H,yes,HIV protective association,sti-tagger-2,"Multivariate analyses of observational data from the region further indicate that circumcision retains protective associations against HIV after adjusting for variables such as age, marital status, and sexual partnerships, supporting causal inferences from trial outcomes in real-world contexts. [50]"
h0274,circumcision-controversies,s0070,H,yes,HIV and STI incidence,sti-tagger-2,"This trend occurred amid stable or increasing sexually transmitted infection (STI) rates overall, with cohort studies showing higher HIV and other STI incidences among uncircumcised men after multivariate adjustment for confounders like condom use and partner numbers, though population effects remain diluted by high baseline prevention measures."
h0275,circumcision-controversies,s0072,H,yes,HIV prevalence disparity,sti-tagger-2,"Globally, regions with low circumcision prevalence like Europe exhibit low HIV prevalence (0.2–0.3% among adults), contrasting with sub-Saharan Africa's higher burdens, but multivariate ecological analyses attribute part of the African disparity to circumcision status independent of socioeconomic and behavioral factors. [55]"
h0276,circumcision-controversies,s0086,X,no,sensitivity: rebuts nerve-ending count,sti-tagger-2,"The frequently cited assertion that the foreskin contains over 20,000 nerve endings (often specified as specialized fine-touch variants) originates from advocacy literature, notably a 1997 article by Paul Fleiss referencing older observations such as the 1932 Bazett et al. study on nerve densities per square centimeter."
h0277,circumcision-controversies,s0087,X,no,sensitivity: nerve-ending count critique,sti-tagger-2,"Bazett's work measured densities (e.g., ~115 free nerve endings per cm²) in small samples but did not provide a total count for the entire foreskin; extrapolations to 10,000–20,000 relied on assumptions about surface area that lack standardization and have been critiqued as overestimations by an order of magnitude."
h0278,circumcision-controversies,s0088,X,no,sensitivity: nerve-ending estimate,sti-tagger-2,"More conservative, evidence-based estimates from pathologists and recent immunohistochemical studies place the total number of nerve endings in the foreskin in the range of 1,000–10,000 overall, with many leaning toward the lower end."
h0279,circumcision-controversies,s0089,X,no,sensitivity: glans nerves intact,sti-tagger-2,"For context, the glans penis alone contains thousands of nerve endings (commonly cited around 4,000–8,000 axons/receptors), which remain intact post-circumcision."
h0280,circumcision-controversies,s0090,X,no,sexual sensitivity/pleasure data,sti-tagger-2,Systematic reviews correlating histological data with physiological measurements of sexual response conclude that free nerve endings and Meissner's corpuscles in the foreskin show no strong correlation with sexual pleasure or orgasm; tactile sensitivity of the glans decreases with arousal regardless of circumcision status.
h0281,circumcision-controversies,s0091,X,yes,sexual function data,sti-tagger-2,"High-quality evidence, including quantitative sensory testing, finds no significant overall difference in penile sensitivity between circumcised and uncircumcised men for stimuli relevant to sex, and no adverse effect on erectile function, orgasm ease, or sexual satisfaction for most men."
h0282,circumcision-controversies,s0092,X,no,"sexual outcomes, phimosis",sti-tagger-2,"Some studies report neutral to positive outcomes post-circumcision, particularly for those resolving medical issues like phimosis."
h0283,circumcision-controversies,s0093,X,no,sensory loss claim,sti-tagger-2,"These findings indicate that while the foreskin contributes unique gliding sensations and fine-touch elements, its removal does not result in broad sensory loss according to rigorous research."
h0284,circumcision-controversies,s0112,X,no,infection risks generic; following context is UTI,sti-tagger-2,"From a causal standpoint, the primary trade-off of neonatal circumcision involves a low-probability acute harm against probabilistic long-term reductions in infection risks."
h0285,circumcision-controversies,s0113,X,no,complication rates,sti-tagger-2,"Complications occur in approximately 0.2% to 0.5% of cases, predominantly minor issues like bleeding or infection, with severe outcomes such as penile injury rare at rates below 0.1%. [75] [76]"
h0286,circumcision-controversies,s0114,X,no,procedure safety,sti-tagger-2,"These risks stem directly from surgical intervention on delicate tissue, but empirical data indicate they are mitigated by trained providers and sterile technique, yielding a net harm far below 1% in controlled settings."
h0287,circumcision-controversies,s0115,X,no,bacterial colonization/hygiene leading to UTI,sti-tagger-2,"In contrast, retention of the foreskin causally elevates exposure to pathogens by creating a moist, enclosed environment conducive to bacterial colonization, particularly under inconsistent hygiene."
h0288,circumcision-controversies,s0116,X,no,UTI,sti-tagger-2,"This manifests in a 10-fold higher urinary tract infection (UTI) risk in uncircumcised male infants, where baseline incidence is about 1%, necessitating roughly 111 procedures to avert one UTI. [32]"
h0289,circumcision-controversies,s0117,H,yes,HIV RCTs and mechanism,sti-tagger-2,"For HIV, randomized controlled trials demonstrate a 60% reduction in acquisition risk during heterosexual exposure in high-prevalence regions, attributable to removal of the foreskin's inner mucosal layer, which harbors HIV target cells like Langerhans cells and serves as an entry portal during microtears. [77] [36]"
h0290,circumcision-controversies,s0124,X,no,sexual function,sti-tagger-2,Claims of normalized harms to sexual function lack causal substantiation from high-quality data.
h0291,circumcision-controversies,s0125,X,no,sexual function,sti-tagger-2,"Systematic reviews of controlled studies find no significant differences in overall sexual satisfaction, erectile function, or orgasmic quality between circumcised and uncircumcised men, with self-reported equivalence persisting across large cohorts despite anecdotal sensitivity loss assertions. [43]"
h0292,circumcision-controversies,s0127,X,no,sexual function/sensitivity,sti-tagger-2,"Empirically, any keratinization of the glans post-circumcision does not impair mechanoreceptor density to the extent of altering satisfaction metrics, as evidenced by longitudinal assessments showing stable or improved ejaculatory control and relational outcomes."
h0293,circumcision-controversies,s0157,X,no,complication rates,sti-tagger-2,"Israeli multicenter surveys indicate complication rates for neonatal ritual circumcisions as low as 0.34%, with most cases mild and attributable to factors like operator experience rather than the procedure itself."
h0294,circumcision-controversies,s0192,X,yes,UTI point remains without STI part,sti-tagger-2,"U.S. studies also link higher circumcision rates to parents with greater education levels, who cite familiarity with evidence on preventive health outcomes like reduced urinary tract infections and certain STIs, countering narratives of inverse correlations in less informed populations. [127]"
h0295,circumcision-controversies,s0209,X,no,rebuts harm claims as anecdotal; not about STI,sti-tagger-2,"These films, released in the late 2000s and 2010s, contributed to broader media discussions on consent and harm, though empirical support for long-term claims often relies on anecdotal evidence rather than large-scale controlled studies."
h0296,circumcision-controversies,s0211,X,yes,UTI and penile cancer remain,sti-tagger-2,"The American Academy of Pediatrics (AAP) issued a 2012 policy statement concluding that the health benefits of newborn male circumcision outweigh the risks, though not sufficiently to recommend it universally for all families; this position emphasizes systematic evaluation of evidence on prevention of urinary tract infections, penile cancer, and heterosexual HIV acquisition. [3]"
h0297,circumcision-controversies,s0212,H,yes,WHO HIV endorsement,sti-tagger-2,"The World Health Organization (WHO) has endorsed voluntary medical male circumcision since 2007 as an efficacious intervention reducing HIV acquisition risk by approximately 60% in heterosexual men in high-prevalence settings, based on randomized controlled trials in Africa, with ongoing implementation in 15 priority countries. [77]"
h0298,circumcision-controversies,s0213,X,no,unnamed benefits; prior sentences include UTI and penile cancer,sti-tagger-2,"The American Urological Association (AUA) maintains that neonatal circumcision offers potential medical benefits alongside risks, advising parents to weigh these through informed discussion with providers."
h0299,circumcision-controversies,s0215,X,no,sexual function,sti-tagger-2,"High-quality systematic reviews and meta-analyses have countered claims of diminished penile sensitivity or sexual dysfunction post-circumcision, finding no adverse effects on sexual function, sensation, or satisfaction in circumcised versus uncircumcised men, with some evidence of reduced premature ejaculation. [141]"
h0300,circumcision-controversies,s0223,X,yes,"VMMC safety, rule 5",sti-tagger-2,"In contrast, voluntary medical male circumcision (VMMC) programs in Africa maintain low adverse event rates, with intraoperative complications at approximately 0.2% and moderate or severe events below 1% post-procedure across large-scale implementations. [146]"
h0301,circumcision-controversies,s0229,X,no,rebuts autism harm claim; not STI,sti-tagger-2,"Fact-checks and expert analyses dismissed the claims as unsupported, noting no established causal connection and stable autism prevalence trends amid declining U.S. neonatal circumcision rates from around 58% in 2010 to under 50% by the mid-2020s. [151]"
h0302,circumcision-in-africa,s0005,H,yes,VMMC endorsed on HIV RCTs,sti-tagger-2,"Since 2007, the World Health Organization has endorsed voluntary medical male circumcision (VMMC) in 15 eastern and southern African countries with high HIV prevalence, following randomized controlled trials showing approximately 60% reduction in men's risk of acquiring HIV from heterosexual sex. [3]"
h0303,circumcision-in-africa,s0039,X,no,procedure safety,sti-tagger-2,"In North Africa, state-regulated medical facilities handle most procedures, achieving near-100% compliance with minimal adverse events, reflecting integration of Islamic requirements with modern healthcare. [21]"
h0304,circumcision-in-africa,s0138,H,yes,HIV risk reduction,sti-tagger-2,"These initiatives emphasize safe, facility-based procedures with counseling, contrasting traditional methods and yielding modeled reductions in HIV acquisition risk by up to 60% in heterosexual contexts, per randomized trials underpinning the strategy."
h0305,circumcision-in-africa,s0151,H,yes,HIV RCTs,sti-tagger-2,"Voluntary medical male circumcision (VMMC) initiatives, endorsed by WHO in 2007 following randomized controlled trials in Kenya's Kisumu district and Uganda that demonstrated a 51-60% reduction in heterosexual HIV acquisition risk among circumcised men, have targeted low-prevalence areas in East Africa to augment natural rates. [63] [64]"
h0306,circumcision-in-africa,s0169,H,yes,HIV RCT results,sti-tagger-2,"The origins of voluntary medical male circumcision (VMMC) programs in Africa trace to three randomized controlled trials conducted between 2005 and 2007, which demonstrated that adult male circumcision reduces the risk of HIV acquisition by approximately 60% among heterosexual men in high-prevalence settings."
h0307,circumcision-in-africa,s0170,H,no,HIV trial efficacy,sti-tagger-2,"The first trial, in Orange Farm, South Africa, enrolled 3,274 uncircumcised men aged 18-24 and found a 60% efficacy after an interim analysis prompted early termination in 2005. [69]"
h0308,circumcision-in-africa,s0171,H,yes,HIV trials,sti-tagger-2,"Subsequent trials in Kisumu, Kenya (2,784 men aged 18-24), and Rakai, Uganda (4,996 men aged 15-49), confirmed similar protective effects of 51-60% against HIV infection, with no significant increase in risky sexual behavior. [70] [71]"
h0309,circumcision-in-africa,s0172,H,yes,HIV causal evidence and policy,sti-tagger-2,"These results, published in The Lancet, provided causal evidence linking foreskin removal to lower HIV transmission via reduced viral entry during penile-vaginal intercourse, prompting the World Health Organization (WHO) and Joint United Nations Programme on HIV/AIDS (UNAIDS) to issue a joint policy in March 2007 recommending VMMC scale-up as part of combination HIV prevention in generalized epidemics, particularly in sub-Saharan Africa where circumcision prevalence was low (under 20% in many areas) despite HIV rates exceeding 10%. [72]"
h0310,circumcision-in-africa,s0175,H,yes,HIV infections averted,sti-tagger-2,"Initial modeling by UNAIDS, WHO, and partners in 2011 projected that achieving 80% coverage among males aged 15-49 could avert 3.4 million HIV infections and save $2 billion in treatment costs by 2025, guiding national strategies with targets like 20 million VMMCs by 2015. [73]"
h0311,circumcision-in-africa,s0179,H,no,point is net HIV preventive impact despite complications,sti-tagger-2,"Real-world implementation revealed logistical challenges, including moderate complication rates (1-2%) and the need for rigorous quality assurance, but population-level modeling affirmed net preventive impact when scaled efficiently."
h0312,circumcision-in-africa,s0183,X,no,"procedure safety, rule 5",sti-tagger-2,"These efforts emphasized standardized surgical protocols, such as the forceps-guided or sleeve resection techniques, with mandatory adverse event reporting and quality assurance via WHO checklists to minimize complications like infection or excessive bleeding, reported at rates under 2% in audited sites."
h0313,circumcision-in-africa,s0187,X,no,"task-shifting safety, rule 5",sti-tagger-2,"In Kenya and Tanzania, for instance, school-based demand creation through peer education and media campaigns complemented clinic services, while South Africa and Zambia employed task-shifting to nurse-led procedures to address physician shortages, enabling over 80% of circumcisions by non-doctors without increased adverse events. [82] [83]"
h0314,circumcision-in-africa,s0194,X,yes,safety point remains with HIV part removed (rule 1),sti-tagger-2,"Overall, these strategies prioritized causal HIV prevention through population-level coverage, with empirical audits confirming procedural safety comparable to high-income settings."
h0315,circumcision-in-africa,s0205,H,yes,cost-effectiveness of HIV programme,sti-tagger-2,"Despite this, cost-effectiveness analyses across Malawi, South Africa, and Zimbabwe indicate VMMC remains highly efficient or cost-saving over 50-year projections in most scenarios, supporting continued investment. [84]"
h0316,circumcision-in-africa,s0209,H,yes,HIV RCTs,sti-tagger-2,"Three randomized controlled trials conducted between 2005 and 2007 in South Africa, Kenya, and Uganda demonstrated that voluntary medical male circumcision (VMMC) reduces the risk of HIV acquisition by heterosexual men by approximately 60%. [96] [69]"
h0317,circumcision-in-africa,s0210,H,no,HIV trial result,sti-tagger-2,"In the South African trial (Orange Farm), interim analysis showed a 60% (95% CI: 32-76%) reduction after 18 months, leading to early termination and recommendation for scale-up. [69]"
h0318,circumcision-in-africa,s0211,H,no,HIV trial results,sti-tagger-2,"The Kenyan (Kisumu) and Ugandan (Rakai) trials reported similar hazard ratios of 0.40 (95% CI: 0.24-0.68) and 0.49 (95% CI: 0.26-0.93), respectively, confirming consistent protective effects without evidence of delayed onset. [97]"
h0319,circumcision-in-africa,s0212,H,yes,HIV causal mechanism,sti-tagger-2,"These trials involved over 10,000 participants, excluded men with HIV or high-risk behaviors, and adjusted for behavioral confounders, supporting causal efficacy through removal of the foreskin's inner mucosa, which harbors HIV target cells."
h0320,circumcision-in-africa,s0214,H,yes,HIV field effectiveness,sti-tagger-2,"Real-world implementation via VMMC programs in 15 priority sub-Saharan African countries since 2008 has yielded observational evidence aligning with trial results, with field effectiveness estimated at over 60% reduction in HIV incidence among circumcised men. [98]"
h0321,circumcision-in-africa,s0215,H,yes,HIV prevalence association,sti-tagger-2,"A 2025 analysis of Demographic and Health Surveys data from 2003-2023 across sub-Saharan Africa found male circumcision associated with significantly lower HIV prevalence odds (adjusted OR: 0.45, 95% CI: 0.42-0.48), correlating with program rollout and no substantial risk compensation inflating infections. [99]"
h0322,circumcision-in-africa,s0216,H,yes,HIV incidence drop,sti-tagger-2,"In high-burden settings like Nyanza Province, Kenya, post-program HIV incidence dropped by 25-30% in circumcised cohorts compared to uncircumcised, per longitudinal cohort studies. [100]"
h0323,circumcision-in-africa,s0217,H,yes,HIV infections averted,sti-tagger-2,Population-level impacts include averted infections: modeling from WHO-supported programs estimates 3-5 million HIV cases prevented by 2020 through cumulative circumcisions exceeding 30 million.
h0324,circumcision-in-africa,s0220,H,no,sustained HIV protection,sti-tagger-2,"Nonetheless, meta-analyses of post-trial data reaffirm no offsetting behavioral disinhibition, with sustained protection against heterosexual transmission. [102]"
h0325,circumcision-in-africa,s0221,H,yes,cost-effectiveness via HIV incidence,sti-tagger-2,"VMMC's cost-effectiveness is highest in moderate-to-high incidence areas (>1% annual risk), contributing to UNAIDS 95-95-95 targets when coverage reaches 90% in men aged 15-49."
h0326,circumcision-in-africa,s0223,H,yes,other STIs,sti-tagger-2,"Voluntary medical male circumcision (VMMC) programs in Africa, informed by randomized controlled trials (RCTs) in Kenya, Uganda, and South Africa, have demonstrated reductions in the acquisition of other sexually transmitted infections (STIs) beyond HIV."
h0327,circumcision-in-africa,s0224,H,yes,HSV-2 and HPV,sti-tagger-2,These trials reported that circumcision lowers the risk of herpes simplex virus type 2 (HSV-2) infection by 24% to 34% and high-risk human papillomavirus (HPV) strains by 32% to 35% in heterosexual men. [104] [105]
h0328,circumcision-in-africa,s0225,H,yes,STI mechanism,sti-tagger-2,"Such findings stem from secondary analyses of the same RCTs that established HIV efficacy, attributing protection to the removal of the foreskin, which harbors pathogens and micro-tears facilitating transmission."
h0329,circumcision-in-africa,s0227,H,yes,"partner HPV/cervical cancer, rule 3",sti-tagger-2,"These STI reductions extend indirect benefits to female partners through decreased HPV transmission, a primary cause of cervical cancer, which imposes a heavy burden in sub-Saharan Africa where screening and vaccination coverage remain limited."
h0330,circumcision-in-africa,s0228,H,no,"cervical cancer in partners, rule 3",sti-tagger-2,"Observational data and meta-analyses link male circumcision to a 30% to 40% lower odds of cervical cancer in female partners, based on studies across multiple regions including Africa. [107]"
h0331,circumcision-in-africa,s0229,X,yes,balanitis and phimosis,sti-tagger-2,"Additionally, circumcision mitigates risks of non-sexually transmitted conditions such as balanitis and phimosis, which are more prevalent in uncircumcised males due to smegma accumulation and poor hygiene in resource-limited settings."
h0332,circumcision-in-africa,s0231,X,no,penile cancer,sti-tagger-2,"Though penile cancer is rare overall (incidence <1 per 100,000 in Africa), circumcision nearly eliminates this risk by removing susceptible tissue, as evidenced by epidemiological reviews showing near-zero rates among circumcised populations. [108]"
h0333,circumcision-in-africa,s0232,X,yes,UTI,sti-tagger-2,"Urinary tract infections (UTIs) in infancy are reduced by up to 90% with neonatal circumcision, but this benefit is less directly applicable to adolescent and adult VMMC; however, lifetime protection persists in high-prevalence environments. [109]"
h0334,circumcision-in-africa,s0233,X,yes,cancer (penile) and other advantages remain without STI/HIV,sti-tagger-2,"These advantages contribute to the overall public health rationale for VMMC, enhancing cost-effectiveness models that incorporate averted STI and cancer cases alongside HIV prevention."
h0335,circumcision-in-africa,s0237,X,no,adverse event rates,sti-tagger-2,"Overall AE rates in routine implementations often fall within or below this range, though mild events like transient pain, edema, and minor bleeding are more common but rarely reportable."
h0336,circumcision-in-africa,s0240,X,no,adverse event rates,sti-tagger-2,"In operational programs, a systematic review of 40 studies (2005–2019) across sub-Saharan Africa found moderate and severe AE incidence at 0.30 per 100 procedures, comparable to trial benchmarks but with variations by age and setting. [114]"
h0337,circumcision-in-africa,s0253,X,yes,safety vs traditional remains without HIV part (rule 1),sti-tagger-2,"In contrast, voluntary medical male circumcision (VMMC) programs, promoted by organizations like WHO since 2007, involve trained surgeons in clinical settings with anesthesia and post-operative care, yielding complication rates below 2% and emphasizing HIV prevention through a demonstrated 50-60% reduction in heterosexual transmission risk. [96]"
h0338,circumcision-in-africa,s0256,X,yes,safety advantage over traditional remains without HIV part (rule 1),sti-tagger-2,"Proponents of medical circumcision argue that the empirical safety advantages and public health benefits, including averting an estimated 3.3 million HIV infections by 2020 through scaled programs, justify prioritization, particularly given documented severe wound infections and deaths linked to traditional methods in regions like South Africa and Eastern Cape. [117] [118]"
h0339,circumcision-in-africa,s0275,H,yes,rebuttal rests on HIV RCTs,sti-tagger-2,"Western anti-circumcision advocates, including organizations such as Doctors Opposing Circumcision, have drawn criticism for opposing voluntary medical male circumcision (VMMC) programs in sub-Saharan Africa despite randomized controlled trials (RCTs) from 2005–2007 in South Africa, Kenya, and Uganda demonstrating a 51–60% reduction in HIV acquisition risk among heterosexual men. [98]"
h0340,circumcision-in-africa,s0276,H,yes,HIV infections averted,sti-tagger-2,"These trials, involving over 10,000 participants, established VMMC as an evidence-based intervention endorsed by the World Health Organization since 2007, with mathematical models estimating 1.1 million HIV infections averted by 2020 through scale-up efforts in 15 priority countries. [127]"
h0341,circumcision-in-africa,s0277,H,yes,rebuttal rests on HIV mechanism,sti-tagger-2,"Opponents' arguments, often emphasizing ethical concerns over consent for minors or unsubstantiated risks of psychological trauma, have been characterized as relying on low-quality evidence, such as ecological studies or anecdotal reports, while disregarding the causal mechanisms—reduced epithelial surface area and Langerhans cells vulnerable to HIV—supported by histological and virological data. [128]"
h0342,circumcision-in-brunei,s0049,H,yes,HIV prevention strategy,sti-tagger-2,"In Brunei, national strategies for HIV prevention incorporate voluntary medical male circumcision (VMMC), aligning with World Health Organization recommendations that endorse the procedure for reducing heterosexual HIV acquisition risk in men by approximately 60%. [17] [18]"
h0343,circumcision-in-brunei,s0050,H,yes,HIV and STI protection,sti-tagger-2,"This approach adapts global evidence to Brunei's context, where male circumcision prevalence is estimated at 51.9% due to religious norms, potentially amplifying protective effects against HIV and other sexually transmitted infections."
h0344,circumcision-in-brunei,s0052,X,no,UTI,sti-tagger-2,"General medical assessments indicate that circumcision confers benefits such as lowered urinary tract infection rates in infancy, though Brunei-specific epidemiological data on post-bersunat outcomes remain limited in public records. [20]"
h0345,circumcision-in-brunei,s0053,X,no,complication rates,sti-tagger-2,"Complications, including minor bleeding or infection, occur in under 3% of cases globally, with no localized incidence rates detailed in Bruneian health ministry publications."
h0346,circumcision-in-china,s0060,X,no,post-operative satisfaction/healing,sti-tagger-2,"Adherence to these measures, including avoidance of strenuous activity, contributes to high satisfaction rates exceeding 97% in reported cohorts."
h0347,circumcision-surgical-procedure,s0004,X,yes,UTI and penile cancer remain without HIV/STI part,sti-tagger-2,"Empirical evidence from systematic reviews indicates preventive benefits, such as a 90-100% reduction in urinary tract infections during infancy, decreased incidence of penile cancer, and lowered heterosexual transmission of HIV and other sexually transmitted infections. [3] [4]"
h0348,circumcision-surgical-procedure,s0005,X,no,complication rates,sti-tagger-2,"Complication rates in neonatal settings are low, typically under 0.5-1%, encompassing minor issues like bleeding or infection, though severe outcomes such as excessive skin removal or necrosis occur rarely when performed by trained providers. [3] [5]"
h0349,circumcision-surgical-procedure,s0020,X,no,"complication rates, anaesthesia",sti-tagger-2,"These procedures are usually conducted in hospital or outpatient settings under local anesthesia like dorsal penile nerve block, with complication rates ranging from 0.2% to 0.6%, primarily minor bleeding or swelling. [9]"
h0350,circumcision-surgical-procedure,s0034,X,no,UTI,sti-tagger-2,"Circumcision in male infants reduces the risk of urinary tract infections (UTIs) during the first year of life by approximately 90%, with meta-analyses indicating a number needed to treat (NNT) of 111 to prevent one UTI in otherwise healthy boys. [15]"
h0351,circumcision-surgical-procedure,s0035,X,no,UTI mechanism,sti-tagger-2,"This protective effect stems from the removal of the foreskin, which can harbor bacteria under suboptimal hygiene conditions, as evidenced by cohort studies showing a 10-fold lower incidence in circumcised versus uncircumcised infants. [16]"
h0352,circumcision-surgical-procedure,s0036,X,no,UTI,sti-tagger-2,"The benefit persists into later childhood, with a 6.6-fold risk reduction observed in boys aged 1-16 years."
h0353,circumcision-surgical-procedure,s0038,X,no,penile cancer,sti-tagger-2,"In adulthood, circumcision substantially lowers the incidence of invasive penile cancer, with systematic reviews and meta-analyses reporting odds ratios as low as 0.33 for men circumcised in childhood or adolescence compared to uncircumcised men. [17]"
h0354,circumcision-surgical-procedure,s0039,X,yes,"penile cancer mechanism, rule 3",sti-tagger-2,"This reduction is attributed to decreased chronic inflammation, phimosis-related issues, and human papillomavirus (HPV) persistence under the foreskin, conditions that facilitate carcinogenesis; penile cancer remains rare overall, with annual U.S. incidence rates of 1 in 100,000 uncircumcised men versus near-zero in circumcised populations. [17]"
h0355,circumcision-surgical-procedure,s0041,H,yes,HIV RCTs,sti-tagger-2,"Randomized controlled trials (RCTs) conducted in sub-Saharan Africa demonstrate that adult male circumcision reduces heterosexual HIV acquisition by 50-60%, with three major trials (involving over 10,000 participants) showing sustained efficacy over 5-6 years of follow-up. [19]"
h0356,circumcision-surgical-procedure,s0042,H,yes,HIV mechanism,sti-tagger-2,"Meta-analyses confirm this effect, attributing it to the foreskin's vulnerability to microtears and epithelial disruption during intercourse, which increases HIV entry points; the protective estimate holds in high-prevalence settings but requires consideration of behavioral and epidemiological context for generalizability. [20] [19]"
h0357,circumcision-surgical-procedure,s0043,H,yes,HPV and HSV-2,sti-tagger-2,"Similar evidence supports reductions in HPV (by 30-35%) and herpes simplex virus type 2 (HSV-2) acquisition (by 25-30%), both linked to foreskin biology."
h0358,circumcision-surgical-procedure,s0045,X,no,"phimosis, balanitis",sti-tagger-2,"Circumcision also mitigates risks of phimosis, balanitis, and paraphimosis, with longitudinal data indicating these conditions affect up to 10% of uncircumcised males versus negligible rates post-neonatal circumcision. [1]"
h0359,circumcision-surgical-procedure,s0046,X,yes,UTI and cancer remain without STI part,sti-tagger-2,"The American Academy of Pediatrics (AAP) 2012 policy, reaffirmed in subsequent reviews, concludes that these cumulative benefits—encompassing UTI prevention, STI reduction, and lower cancer risk—outweigh procedural risks in newborns, supporting informed parental decision-making without universal recommendation. [21]"
h0360,circumcision-surgical-procedure,s0047,X,yes,UTI remains without STI part,sti-tagger-2,"The U.S. Centers for Disease Control and Prevention (CDC) echoes this, estimating neonatal circumcision averts 1 in 100 UTIs and contributes to long-term STI prevention based on systematic evidence reviews."
h0361,circumcision-surgical-procedure,s0063,H,yes,VMMC on HIV trials,sti-tagger-2,"In contemporary public health, the World Health Organization endorsed voluntary medical male circumcision (VMMC) in 2007 for high-HIV-prevalence regions in sub-Saharan Africa, citing randomized trials showing 50–60% reduction in heterosexual acquisition risk, leading to over 30 million procedures by 2023 in 15 priority countries to curb epidemics where prevalence exceeds 10%. [34]"
h0362,circumcision-surgical-procedure,s0264,X,no,complication rates,sti-tagger-2,"Empirical data from large cohorts emphasize that while complications are infrequent in controlled environments, vigilance for hemostasis and asepsis mitigates most risks."
h0363,circumcision-surgical-procedure,s0270,X,no,sexual function,sti-tagger-2,"Studies on sexual function and sensitivity yield mixed but predominantly neutral to positive findings in high-quality reviews; systematic analyses of randomized trials and cohort studies indicate that circumcision does not adversely affect penile sensitivity, erectile function, orgasm ease, or overall sexual satisfaction, with some reports of enhanced satisfaction post-procedure. [119] [120] [121]"
h0364,circumcision-surgical-procedure,s0271,X,no,sexual function,sti-tagger-2,"Earlier observational data suggesting reduced sensitivity or erectile issues have been contradicted by prospective studies controlling for confounders, which show no significant differences or improvements in sexual drive and performance. [122] [123]"
h0365,circumcision-surgical-procedure,s0278,X,no,rebuts autism/trauma harm claim; not STI,sti-tagger-2,"Claims of psychological trauma, such as links to autism spectrum disorder via stress hormone accumulation, lack empirical support from controlled studies examining glucocorticoid levels."
h0366,circumcision-surgical-procedure,s0282,X,no,sexual function risk low,sti-tagger-2,"For sexual function concerns, preoperative counseling on expected sensory adaptations and device-assisted methods in adults may enhance outcomes, though evidence supports overall low risk with proper execution."
h0367,circumcision-surgical-procedure,s0309,X,yes,UTI remains without STD part,sti-tagger-2,"Proponents of infant circumcision, including the American Academy of Pediatrics (AAP) in its 2012 policy statement, argue that parents hold proxy decision-making authority, justified by potential preventive health benefits such as reduced urinary tract infections and sexually transmitted diseases, which they contend outweigh ethical concerns when weighed against the child's best interests. [3]"
h0368,circumcision-surgical-procedure,s0321,H,yes,HIV RCTs,sti-tagger-2,"Proponents of routine male circumcision argue that empirical evidence from randomized controlled trials (RCTs) and meta-analyses demonstrates net public health benefits, including a 50-60% reduction in heterosexual HIV acquisition among men in high-prevalence settings, as evidenced by three RCTs conducted in South Africa, Kenya, and Uganda between 2005 and 2007. [34] [35]"
h0369,circumcision-surgical-procedure,s0322,H,yes,HIV infections prevented,sti-tagger-2,"These trials prompted World Health Organization (WHO) recommendations in 2007 for voluntary medical male circumcision (VMMC) programs in 15 priority sub-Saharan African countries with HIV prevalence exceeding 15% among adolescent girls and young women, estimating potential prevention of 3.4 million HIV infections and 1.3 million deaths by 2025 if scaled appropriately. [144]"
h0370,circumcision-surgical-procedure,s0325,X,no,UTI,sti-tagger-2,"Additional claimed benefits include a 10-fold reduction in urinary tract infections (UTIs) during the first year of life, with meta-analyses estimating an absolute risk reduction from 1% in uncircumcised infants to 0.1% in circumcised ones, potentially averting rare long-term renal damage. [147]"
h0371,circumcision-surgical-procedure,s0329,X,no,complication rates,sti-tagger-2,"Complication rates from meta-analyses range from 1-3% for non-therapeutic neonatal procedures, predominantly minor issues like bleeding or infection, compared to 7% for therapeutic circumcisions in older males, with severe outcomes (e.g., penile amputation) under 0.1%. [150] [108]"
h0372,circumcision-surgical-procedure,s0330,X,no,benefits include cancers and non-STI infections,sti-tagger-2,Risk-benefit analyses estimate benefits outweighing risks by ratios of 100:1 to 200:1 when aggregating lifetime protections against infections and cancers. [151]
h0373,circumcision-surgical-procedure,s0331,X,no,sexual function,sti-tagger-2,"Disputes arise over underreporting in provider surveys and long-term effects like keratinization potentially reducing sensitivity, though prospective data show no consistent impact on sexual function."
h0374,circumcision-surgical-procedure,s0333,X,no,"unnamed benefits; prior context includes infections and cancers, not STI-only",sti-tagger-2,"Major medical organizations reflect these tensions: the American Academy of Pediatrics (AAP) 2012 policy (reaffirmed without major revision as of 2022) states preventive benefits outweigh risks but stops short of universal recommendation, deferring to parental choice amid cultural and ethical variances. [3]"
h0375,cultural-views-on-circumcision-aesthetics,s0099,N,no,"historical account of 20th-century hygiene advocacy, not relied on as support",sti-tagger-2,"In 20th-century United States medical discourse, circumcision was frequently advocated for enhancing genital hygiene by minimizing smegma accumulation beneath the foreskin, which was portrayed as promoting a cleaner appearance compared to the intact state. [57]"
h0376,cultural-views-on-circumcision-aesthetics,s0102,X,yes,hygiene point remains without HIV part,sti-tagger-2,"The World Health Organization (WHO) and Centers for Disease Control and Prevention (CDC) have shaped narratives in sub-Saharan Africa through voluntary medical male circumcision (VMMC) programs aimed at HIV prevention, where hygiene benefits are emphasized alongside reduced infection risk, implicitly linking the circumcised form to a more sanitary aesthetic in public health visuals. [59]"
h0377,ethics-of-circumcision,s0004,X,yes,UTI remains without HIV part,sti-tagger-2,"Central to the debate is the tension between parental authority and child autonomy: proponents argue that modest empirical benefits—such as a 10-fold reduction in urinary tract infections during infancy and partial protection against heterosexual HIV acquisition in adulthood—outweigh rare risks (estimated at 0.2-0.6% for adverse events), justifying proxy decision-making by guardians in line with cultural or familial values. [1] [2] [6]"
h0378,ethics-of-circumcision,s0014,X,no,complication rates,sti-tagger-2,"Historical records indicate that when executed by experienced practitioners in these ceremonial contexts, complication rates remain comparable to modern clinical procedures, typically below 1–2%, underscoring the procedure's empirical viability in traditional settings."
h0379,ethics-of-circumcision,s0018,X,no,complication rates,sti-tagger-2,"Performed by barbers, religious specialists, or physicians, it symbolizes purification and submission to God, with studies of communal practices reporting low severe complication incidences (under 1%) when conducted by skilled local experts, facilitating its widespread adoption across diverse Muslim populations."
h0380,ethics-of-circumcision,s0038,X,no,UTI,sti-tagger-2,"Neonatal male circumcision has been associated with a reduced incidence of urinary tract infections (UTIs) in infancy, with meta-analyses indicating a tenfold lower risk compared to uncircumcised males. [27]"
h0381,ethics-of-circumcision,s0040,X,no,UTI mechanism,sti-tagger-2,"This protective effect stems from the elimination of the foreskin, which can harbor bacteria under the prepuce, facilitating ascent into the urinary tract."
h0382,ethics-of-circumcision,s0042,X,yes,"penile cancer, rule 3",sti-tagger-2,"Circumcision substantially lowers the lifetime risk of penile cancer, a rare malignancy primarily linked to chronic inflammation and human papillomavirus (HPV) persistence in uncircumcised males."
h0383,ethics-of-circumcision,s0043,X,no,penile cancer,sti-tagger-2,"In circumcised populations, the incidence is estimated at 1 in 50,000 to 1 in 12 million, compared to higher rates among uncircumcised men, where relative risks can exceed threefold. [29]"
h0384,ethics-of-circumcision,s0044,X,no,penile cancer via phimosis/balanitis,sti-tagger-2,"Systematic reviews confirm that childhood or adolescent circumcision confers this reduction, potentially mediated by decreased phimosis and balanitis, which promote carcinogenic conditions."
h0385,ethics-of-circumcision,s0046,X,no,phimosis and balanitis,sti-tagger-2,"Pathological phimosis and balanitis, inflammatory conditions of the glans and foreskin, are largely prevented by circumcision, as the procedure removes the foreskin prone to adhesions and infections."
h0386,ethics-of-circumcision,s0047,X,no,phimosis and balanitis,sti-tagger-2,"Evidence from clinical reviews indicates circumcision eliminates the risk of these complications in circumcised males, contrasting with higher prevalence in uncircumcised cohorts where phimosis affects up to 8% and balanitis recurs without intervention. [31]"
h0387,ethics-of-circumcision,s0049,H,yes,HPV and HSV-2,sti-tagger-2,"Observational studies and meta-analyses demonstrate reduced acquisition of certain sexually transmitted infections, including HPV and herpes simplex virus type 2 (HSV-2), in circumcised males."
h0388,ethics-of-circumcision,s0050,H,yes,HPV,sti-tagger-2,"Circumcision is linked to 30-35% lower HPV prevalence and incidence, based on cohort data adjusting for confounders, due to decreased viral entry via the inner foreskin mucosa. [32]"
h0389,ethics-of-circumcision,s0051,H,yes,HSV-2,sti-tagger-2,"For HSV-2, randomized controlled trials as secondary outcomes report 25-34% risk reductions, attributable to similar mucosal protection."
h0390,ethics-of-circumcision,s0053,H,no,"borderline: ""sustained preventive benefits"" refers to HPV/HSV-2 in prior two sentences (rule 2); sexual-function clause only says no offset",sti-tagger-2,Long-term cohort studies tracking circumcised men into adulthood show sustained preventive benefits without evidence of offsetting declines in sexual function or satisfaction.
h0391,ethics-of-circumcision,s0054,X,no,sexual function,sti-tagger-2,"High-quality prospective analyses, including those from randomized trials with follow-up, find no differences in erectile function, sensitivity, or intercourse satisfaction compared to uncircumcised controls, countering claims of harm with null or positive associations in validated metrics. [34]"
h0392,ethics-of-circumcision,s0060,X,no,complication rates,sti-tagger-2,"Severe acute complications, such as significant penile injury or partial amputation, are exceedingly rare, with incidence rates estimated at 0.04% for penile injury and lower for amputation, on the order of 1 in 500,000 to 1 million circumcisions in hospital settings. [38] [14]"
h0393,ethics-of-circumcision,s0061,X,no,procedure safety,sti-tagger-2,"No confirmed deaths directly attributable to neonatal circumcision have been documented in modern, regulated medical environments, though historical or non-medical settings report isolated fatalities from hemorrhage or overwhelming infection."
h0394,ethics-of-circumcision,s0064,X,no,sexual function,sti-tagger-2,"Keratinization of the glans and inner mucosal remnants, a physiological response to exposure post-circumcision, has been hypothesized to alter sensitivity, but meta-analyses of sexual function outcomes find no consistent link to erectile dysfunction, premature ejaculation, or overall sexual satisfaction impairment. [41] [42]"
h0395,ethics-of-circumcision,s0067,X,no,unnamed benefits; prior two sentences name none; cannot tell (next sentence lists UTI and penile cancer),sti-tagger-2,"The American Academy of Pediatrics (AAP) Task Force on Circumcision, in its 2012 policy statement following a systematic review of evidence, determined that the preventive health benefits of newborn male circumcision outweigh the risks of the procedure. [1]"
h0396,ethics-of-circumcision,s0068,X,yes,UTI and penile cancer remain without STI part,sti-tagger-2,"These benefits include a 90% reduction in urinary tract infections (UTIs) during the first year of life, a 3- to 10-fold decrease in penile cancer risk over the lifetime, and lowered transmission of heterosexual HIV (by 50-60% based on randomized trials), human papillomavirus, and herpes simplex virus type 2. [1] [44]"
h0397,ethics-of-circumcision,s0069,X,no,complication rates,sti-tagger-2,"Risks primarily consist of minor procedural complications such as bleeding or infection, occurring in approximately 0.2-0.6% of cases when performed neonatally by trained providers, with severe adverse events rarer at less than 0.1%."
h0398,ethics-of-circumcision,s0071,X,no,phimosis and balanitis,sti-tagger-2,"A 2017 systematic risk-benefit analysis of early infant male circumcision quantified the net advantage, estimating that benefits exceed procedural risks by ratios up to 200:1, as the procedure averts multiple conditions including phimosis (affecting up to 1 in 2 uncircumcised males lifetime), balanitis, and inflammatory conditions requiring intervention. [44]"
h0399,ethics-of-circumcision,s0073,X,yes,UTI and penile cancer remain,sti-tagger-2,"The U.S. Centers for Disease Control and Prevention (CDC) similarly assessed in 2014 that newborn circumcision's benefits in reducing UTI, penile cancer, and STI risks justify the procedure's consideration, with complication rates far lower than those for adult circumcision (2-10%)."
h0400,ethics-of-circumcision,s0075,X,no,sexual function,sti-tagger-2,"Regarding claims of reduced sexual pleasure or function, multiple systematic reviews of high-quality studies, including randomized controlled trials and cohort analyses, have found no adverse effects on sexual function, sensitivity, sensation, satisfaction, or pleasure post-circumcision, with some reporting equivalence or slight improvements in erectile function and reduced dyspareunia. [46] [47]"
h0401,ethics-of-circumcision,s0096,X,no,adverse events and pain,sti-tagger-2,"Adverse events from neonatal circumcision occur in approximately 0.2-0.6% of cases, predominantly minor and resolvable, while pain is substantially alleviated through established protocols like dorsal penile nerve block with lidocaine, which studies show markedly reduces neonatal distress compared to no intervention. [60]"
h0402,ethics-of-circumcision,s0103,H,yes,HIV RCTs,sti-tagger-2,"Randomized controlled trials in sub-Saharan Africa, including those by Auvert et al. (2005) and Bailey et al. (2007), established that voluntary medical male circumcision reduces heterosexual HIV acquisition in men by 51-60%, a protective effect sustained over 2-6 years of follow-up. [64] [65]"
h0403,ethics-of-circumcision,s0104,X,no,"UTI, balanitis, penile cancer",sti-tagger-2,"Systematic reviews of infant circumcision corroborate net preventive utility against urinary tract infections (reducing risk by up to 90% in the first year), balanitis, and invasive penile cancer (lifetime risk lowered 3- to 22-fold), with procedure-related adverse events occurring in 0.2-0.6% of cases, mostly resolving without sequelae. [2] [66]"
h0404,ethics-of-circumcision,s0113,X,no,"unnamed benefits; prior context is hygiene and infection prevention, not STI-only",sti-tagger-2,"The American Academy of Pediatrics (AAP), in its 2012 policy statement, concluded that systematic evaluation of evidence indicates the preventive health benefits of newborn male circumcision outweigh the risks of the procedure, justifying parental access to it as an option. [1]"
h0405,ethics-of-circumcision,s0117,X,no,unnamed benefits; prior context includes UTI alongside STIs,sti-tagger-2,"The Centers for Disease Control and Prevention (CDC), through its 2014 draft recommendations, affirmed that the benefits of male circumcision outweigh the risks based on evidence from randomized trials and observational studies, advising healthcare providers to discuss these with parents of newborn males, adolescents, and adult men seeking the procedure. [73] [74]"
h0406,ethics-of-circumcision,s0118,X,yes,"""other infections"" unspecified, may include non-STI; cannot tell, so X",sti-tagger-2,"The CDC's position supports offering circumcision where parents or individuals desire it, informed by data on reduced heterosexual HIV acquisition and other infections."
h0407,ethics-of-circumcision,s0120,H,yes,WHO/UNAIDS HIV prevention,sti-tagger-2,"The World Health Organization (WHO) and Joint United Nations Programme on HIV/AIDS (UNAIDS) recommend voluntary medical male circumcision (VMMC) as part of HIV prevention strategies in regions with high heterosexual transmission prevalence, citing evidence from three randomized controlled trials demonstrating efficacy. [76]"
h0408,ethics-of-circumcision,s0123,X,no,"AUA benefits unnamed; prior sentences are about WHO's HIV stance, not AUA; next sentence names phimosis/balanitis",sti-tagger-2,"The American Urological Association (AUA) holds that neonatal circumcision offers potential medical benefits and advantages, alongside acknowledged risks, and should be presented as a parental choice during prenatal counseling. [77]"
h0409,ethics-of-circumcision,s0124,X,no,phimosis and balanitis,sti-tagger-2,"This aligns with the AUA's recognition of evidence-based prophylactic value, particularly for conditions like phimosis and balanitis, while stressing adequate analgesia and technique."
h0410,ethics-of-circumcision,s0127,X,yes,UTI remains without HIV part,sti-tagger-2,"This position, outlined in a 2010 policy statement, emphasizes that proxy consent by parents cannot justify irreversible alteration of healthy tissue absent therapeutic necessity, though critics contend it undervalues evidence from randomized controlled trials demonstrating reductions in HIV acquisition and urinary tract infections. [80]"
h0411,ethics-of-circumcision,s0130,X,yes,penile cancer remains without STI part,sti-tagger-2,"The BMA requires dual parental consent where feasible and highlights legal risks under child protection frameworks, but detractors argue this stance selectively discounts global epidemiological data on penile cancer prevention and sexually transmitted infection mitigation, potentially biasing toward cultural contexts with low disease prevalence. [82]"
h0412,ethics-of-circumcision,s0133,X,no,unnamed net gains; prior context includes penile cancer,sti-tagger-2,"This view posits that even low complication rates (e.g., 0.2-0.6% for bleeding or infection in clinical settings) represent avoidable harm when alternatives like hygiene suffice, though rebuttals point to meta-analyses indicating net preventive gains that proxy decisions can reasonably approximate for minors unable to foresee long-term risks. [84]"
h0413,ethics-of-circumcision,s0143,H,yes,HIV infections averted,sti-tagger-2,"Globally, advocacy for voluntary medical male circumcision (VMMC) as an HIV prevention strategy persisted through 2025, with UNAIDS reporting that 35 million procedures conducted from 2008 to 2022 in 15 high-prevalence African countries averted an estimated 670,000 infections, despite faltering program scale-up and funding challenges. [91]"
h0414,ethics-of-circumcision,s0144,H,yes,HIV cost-effectiveness,sti-tagger-2,"The World Health Organization reaffirmed VMMC's cost-effectiveness in reducing heterosexual HIV transmission by up to 60% as of 2023, calling for intensified efforts without endorsing routine neonatal circumcision outside high-HIV contexts. [92]"
h0415,ethics-of-circumcision,s0147,X,no,mixed mechanism; bacterial colonization (UTI/hygiene) remains without viral part,sti-tagger-2,"Circumcision removes the foreskin, which harbors a subpreputial space prone to bacterial colonization and microtears during intercourse that facilitate pathogen entry; post-circumcision, the exposed glans undergoes keratinization, forming a thicker epithelial layer that reduces susceptibility to abrasions and viral adhesion sites such as Langerhans cells concentrated in the inner foreskin. [94] [95]"
h0416,ethics-of-circumcision,s0148,X,yes,UTI remains without STI part,sti-tagger-2,This mechanistic protection contributes to observed reductions in urinary tract infections (UTIs) and sexually transmitted infections (STIs).
h0417,ethics-of-circumcision,s0149,X,no,UTI,sti-tagger-2,"In infants, the foreskin's immature development increases UTI vulnerability due to poor hygiene access, with meta-analyses of observational studies showing circumcision reduces UTI risk by approximately 90%, from a baseline of 1% in uncircumcised boys to 0.09%, yielding a number needed to treat of 111 to prevent one UTI."
h0418,ethics-of-circumcision,s0151,H,yes,HIV RCTs,sti-tagger-2,"Randomized controlled trials (RCTs) in high-prevalence African settings demonstrate circumcision confers 50-60% efficacy in reducing heterosexual HIV acquisition in men, with pooled data from trials in South Africa, Kenya, and Uganda (involving over 10,000 participants) confirming sustained protection over 24-72 months follow-up, attributed to decreased viral entry via foreskin lesions. [96] [76]"
h0419,ethics-of-circumcision,s0152,H,yes,HPV and HSV-2,sti-tagger-2,"These trials also reported 30-35% reductions in high-risk human papillomavirus (HPV) acquisition and 25-30% for herpes simplex virus type 2 (HSV-2), with meta-analyses affirming consistent STI risk reductions across populations. [8]"
h0420,ethics-of-circumcision,s0153,X,yes,"penile cancer, rule 3",sti-tagger-2,"Penile cancer, nearly exclusive to uncircumcised men due to chronic inflammation and HPV persistence under the foreskin, shows substantially lower incidence in circumcised cohorts; systematic reviews indicate childhood circumcision reduces invasive penile cancer risk by over 3-fold, with protective effects mediated partly by HPV clearance. [29]"
h0421,ethics-of-circumcision,s0155,H,yes,"cervical cancer via HPV, rule 3",sti-tagger-2,"Female partners of circumcised men exhibit lower cervical cancer rates, linked to reduced penile HPV transmission; a multinational case-control study of over 1,400 women found monogamous partners of circumcised men had odds ratios for cervical cancer as low as 0.4 compared to partners of uncircumcised men, with greater protection (up to 70% risk reduction) when male partners had multiple prior partners. [97]"
h0422,ethics-of-circumcision,s0156,H,yes,VMMC cost savings in HIV-endemic settings,sti-tagger-2,"Economic modeling in HIV-endemic regions substantiates these benefits, estimating that circumcision averts treatment costs for infections at ratios exceeding 10:1, with voluntary medical male circumcision deemed cost-saving in 62% of sub-Saharan African settings based on incidence data from 2010-2020. [98]"
h0423,ethics-of-circumcision,s0170,X,no,UTI and balanitis,sti-tagger-2,"Population-level reductions in urinary tract infections (UTIs) and balanitis provide public health benefits from male circumcision, as meta-analyses indicate circumcised males experience a lifetime UTI risk of 1 in 12 compared to 1 in 3 for uncircumcised males, with neonatal circumcision conferring a 10-fold protective effect against infant UTIs. [44]"
h0424,ethics-of-circumcision,s0171,X,no,balanitis,sti-tagger-2,"Similarly, circumcised males have a 68% lower prevalence of balanitis, an inflammatory condition of the glans penis, contributing to decreased overall infectious disease burden in populations with high circumcision rates. [109]"
h0425,ethics-of-circumcision,s0172,X,no,bacterial mechanism for UTI/balanitis,sti-tagger-2,"These reductions occur through the removal of the foreskin, which harbors bacteria and serves as an entry point for pathogens, thereby lowering community-wide treatment demands for complications like recurrent infections requiring antibiotics."
h0426,ethics-of-circumcision,s0174,H,yes,"HPV herd effects, cervical cancer",sti-tagger-2,"Herd effects emerge from decreased transmission of human papillomavirus (HPV), where modeling studies demonstrate that widespread male circumcision curtails HPV spread to female partners, potentially averting cervical cancer cases; for instance, in Uganda, voluntary medical male circumcision programs are projected to reduce high-risk HPV transmission, yielding population-level protection beyond individual participants. [111]"
h0427,ethics-of-circumcision,s0175,H,yes,HPV in men and partners,sti-tagger-2,"Empirical data supports this, with circumcised men showing 43% lower odds of genital HPV infection (OR 0.57, 95% CI 0.45-0.71), which in turn substantially lowers HPV acquisition risk in their female partners. [112] [113]"
h0428,ethics-of-circumcision,s0176,H,no,HPV transmission chains,sti-tagger-2,"Such dynamics amplify preventive impact in high-prevalence settings, as reduced male reservoir effects interrupt transmission chains without relying solely on vaccination coverage."
h0429,ethics-of-circumcision,s0178,X,no,savings on UTI and inflammatory treatments,sti-tagger-2,"Neonatal circumcision enhances resource allocation efficiency, as procedure costs are markedly lower than managing downstream infections; postneonatal circumcisions cost approximately 10 times more ($1,921 vs. $165 per case), while broader analyses show that lowering circumcision rates to 10% elevates lifetime healthcare expenditures by $407 per male and $43 per female due to averted savings on UTI and inflammatory treatments. [115] [116]"
h0430,ethics-of-circumcision,s0179,X,no,cost-effectiveness refers to UTI/inflammatory savings,sti-tagger-2,"This cost-effectiveness holds in infectious disease control, prioritizing preventive investment over recurrent therapeutic interventions."
h0431,ethics-of-circumcision,s0181,X,no,lifelong protection against infections from infancy (UTI context),sti-tagger-2,"Equity considerations favor neonatal timing in low-resource environments, where early intervention ensures broader access for low-income groups, maximizes lifelong protection against infections from infancy onward, and avoids barriers to adult procedures like surgical capacity or behavioral uptake. [109]"
h0432,ethics-of-circumcision,s0182,X,no,complication rates,sti-tagger-2,"In such settings, neonatal approaches yield simpler, safer implementation with lower complication rates (1-2%), facilitating population-scale rollout without exacerbating disparities in healthcare access. [118]"
h0433,ethics-of-circumcision,s0200,X,no,sexual function,sti-tagger-2,"Allegations of evidence gaps, particularly regarding sexual function and sensitivity, are countered by higher-quality studies, including RCTs and meta-analyses, which find no significant detriment to penile sensitivity, sexual satisfaction, or function post-circumcision; one review of rigorous trials reported equivalent or improved outcomes in circumcised men for sensation and orgasm ease. [46] [127] [35]"
h0434,ethics-of-circumcision,s0207,X,no,pain/psychological harm rebuttal,sti-tagger-2,"Acute pain in newborns triggers physiological stress responses, including cortisol surges and behavioral indicators, but neonatal brains lack mature declarative memory pathways, precluding formation of explicit, retrievable recollections of the event. [135]"
h0435,ethics-of-circumcision,s0208,X,yes,"pain sensitization, not STI",sti-tagger-2,"While some observational data suggest heightened nociceptive sensitivity to later stimuli (e.g., vaccinations at 4-6 months), this reflects procedural sensitization rather than psychological trauma encoding, and does not manifest as conscious memory or avoidance behaviors."
h0436,ethics-of-circumcision,s0210,X,no,psychological effects,sti-tagger-2,"High-quality longitudinal and controlled studies find no causal link between neonatal circumcision and post-traumatic stress disorder (PTSD) or other enduring psychiatric sequelae in adulthood, with systematic reviews concluding limited or absent long-term adverse psychological effects. [137]"
h0437,ethics-of-circumcision,s0211,X,no,rebuts trauma claims,sti-tagger-2,"Claims of delayed trauma, often from advocacy-driven surveys or small non-randomized cohorts, fail replication in rigorous designs and overlook confounders like cultural context or self-selection bias. [138]"
h0438,ethics-of-circumcision,s0212,X,no,satisfaction/psychological outcomes,sti-tagger-2,"Retrospective surveys of adults circumcised as infants report satisfaction rates of 62% or higher, with decreased anxiety and improved body image in some cases, and no population-level elevations in depression, sexual dysfunction, or relational distress attributable to the procedure. [139]"
h0439,ethics-of-circumcision,s0233,X,no,complication rates,sti-tagger-2,"Evidence-based neutrality in these processes requires prioritizing peer-reviewed data over emotive or unsubstantiated claims, such as exaggerated complication rates unsupported by large cohort studies showing serious adverse events below 1%. [145]"
h0440,ethics-of-circumcision,s0237,X,no,complication rates by age,sti-tagger-2,"Neonatal circumcision exhibits significantly lower complication rates compared to procedures performed in adulthood, with systematic reviews reporting adverse events in infants ranging from 0.0008% to 3.6%, often limited to minor issues like bleeding or infection, versus 0.9% to 8.8% in adults, where risks include more severe outcomes such as excessive skin removal or prolonged healing. [14]"
h0441,ethics-of-circumcision,s0238,N,no,uptake/prevalence statistics; no medical benefit relied on,sti-tagger-2,"Neonatal timing also facilitates higher uptake rates, as evidenced by U.S. newborn circumcision prevalence declining from 64.5% in 1979 to 58.3% in 2010, yet remaining far higher than voluntary adult rates estimated at 3 per 1,000 males annually, primarily driven by medical necessity rather than preventive intent. [149] [105]"
h0442,ethics-of-circumcision,s0239,X,yes,"speed, anaesthesia and cost point remains without HIV-setting part",sti-tagger-2,"This disparity underscores procedural feasibility: infant circumcision is quicker, requires less anesthesia, and incurs lower costs, with analyses in high-prevalence HIV settings like Rwanda confirming neonatal approaches as more efficient than adult interventions."
h0443,ethics-of-circumcision,s0241,X,yes,UTI remains without HIV part,sti-tagger-2,"Proponents of adult timing emphasize autonomy, arguing that individuals can weigh risks and benefits post-puberty, potentially avoiding irreversible decisions made by surrogates; however, empirical data reveal low voluntary uptake, suggesting many uncircumcised males forgo the procedure despite established preventive benefits against urinary tract infections (UTIs) in infancy and HIV acquisition later in life, with randomized trials showing 60% risk reduction from adult circumcision but limited real-world adoption outside targeted campaigns. [151]"
h0444,ethics-of-circumcision,s0243,X,no,complications and regret in adults,sti-tagger-2,"Conversely, adult procedures carry heightened regret potential due to elevated complications and recovery burdens, with some reports of dissatisfaction tied to cosmetic or functional outcomes."
h0445,ethics-of-circumcision,s0245,X,no,UTI and complication risk,sti-tagger-2,"Hybrid models propose delaying non-therapeutic circumcision until adolescence or early adulthood for non-religious cases, balancing consent with evidence-based timing; yet, meta-analyses favor neonatal execution for maximizing net benefits, as delayed procedures not only amplify complication risks but also diminish early protections like UTI prevention, where uncircumcised infants face rates up to 1 in 3 lifetime versus 1 in 12 for circumcised males. [44]"
h0446,ethics-of-circumcision,s0246,H,yes,lifetime HIV risk reduction in high-HIV contexts,sti-tagger-2,"In high-HIV contexts, early infant circumcision aligns with public health modeling showing superior lifetime risk reduction—up to 20.9% in vulnerable populations—due to procedural safety and scalability, outweighing autonomy gains from postponement, particularly given consistent findings of no adverse impacts on adult sexual function or sensitivity. [69] [44]"
h0447,ethics-of-circumcision,s0248,H,yes,,sti-tagger-3,Three randomized controlled trials (RCTs) conducted in Africa between 2005 and 2007 demonstrated that voluntary medical male circumcision (VMMC) reduces the risk of HIV acquisition in heterosexual men by approximately 60%.
h0448,ethics-of-circumcision,s0249,H,yes,,sti-tagger-3,"The first trial, in Kisumu, Kenya (ANRS 1265), enrolled 2,784 HIV-negative men aged 18-24 and found a 60% reduction in HIV incidence over 24 months in the circumcised group compared to controls (hazard ratio 0.40; 95% CI 0.24-0.68). [96]"
h0449,ethics-of-circumcision,s0250,H,yes,,sti-tagger-3,"A similar trial in Rakai, Uganda, involving 4,996 men aged 15-49, reported a 51% efficacy (adjusted hazard ratio 0.49; 95% CI 0.26-0.93) after 24 months, rising to 60% after excluding baseline seroconverters."
h0450,ethics-of-circumcision,s0251,H,no,,sti-tagger-3,"The third trial, in Orange Farm, South Africa, with 3,274 men aged 18-24, showed a 61% reduction (hazard ratio 0.39; 95% CI 0.19-0.80) at interim analysis, leading to early trial termination."
h0451,ethics-of-circumcision,s0252,H,yes,mechanism for HIV entry (rule 4),sti-tagger-3,"These results were attributed to biological mechanisms, including removal of the foreskin, which harbors Langerhans cells and CD4+ T cells susceptible to HIV entry during heterosexual intercourse, thereby reducing viral exposure and replication sites."
h0452,ethics-of-circumcision,s0254,H,yes,,sti-tagger-3,"Meta-analyses of these RCTs confirm consistent efficacy of 50-60% against HIV acquisition in heterosexual men, with no evidence of behavioral risk compensation offsetting benefits. [154]"
h0453,ethics-of-circumcision,s0255,H,no,,sti-tagger-3,"Pooled data from the three trials yielded a relative risk reduction of 0.42 (95% CI 0.31-0.57), supporting causality through intention-to-treat and per-protocol analyses that controlled for confounders like sexual behavior. [151]"
h0454,ethics-of-circumcision,s0259,H,yes,,sti-tagger-3,"For men who have sex with men (MSM), evidence from RCTs is limited due to ethical and feasibility challenges in randomization, but a 2025 meta-analysis of observational data adjusted for confounding suggested VMMC protects primarily insertive MSM, with an adjusted odds ratio of 0.57 (95% CI 0.40-0.82) for HIV acquisition. [156]"
h0455,ethics-of-circumcision,s0264,H,yes,programme justified by HIV infections prevented,sti-tagger-3,"By 2023, these efforts aimed to achieve over 27 million additional circumcisions, with modeling projecting the prevention of more than 1 million HIV infections through sustained implementation. [158]"
h0456,ethics-of-circumcision,s0267,H,yes,cost savings come from averted HIV treatment,sti-tagger-3,"Economic analyses underscore VMMC's viability in resource-limited settings, with a 2023 WHO assessment deeming it highly cost-effective across nearly all sub-Saharan African scenarios, often yielding cost savings by averting treatment expenses for HIV infections. [92]"
h0457,ethics-of-circumcision,s0268,H,yes,cost-effectiveness tied to HIV incidence,sti-tagger-3,"For instance, continuation of programs was projected to remain cost-effective in 68% of modeled settings through at least 2027, particularly where HIV incidence remains elevated despite antiretroviral scale-up. [98]"
h0458,ethics-of-circumcision,s0304,X,no,"utility unnamed; next sentence includes balanitis, a non-STI benefit (rule 2 by analogy)",sti-tagger-3,"Distinctions in human rights applications arise starkly between male circumcision and female genital mutilation/cutting (FGM/C), rooted in divergent empirical profiles of harm and utility."
h0459,ethics-of-circumcision,s0306,X,yes,balanitis and low morbidity remain without the HIV/HPV part,sti-tagger-3,"Male circumcision, by contrast, yields documented protective effects, including a 50-60% reduction in heterosexual HIV acquisition per three randomized controlled trials in Africa involving over 10,000 participants, alongside decreased human papillomavirus transmission and balanitis risk, without equivalent long-term morbidity when conducted neonatally under medical standards."
h0460,ethics-of-circumcision,s0307,H,yes,WHO endorsement rests on high-HIV-prevalence prevention,sti-tagger-3,"UN bodies, including the World Health Organization, thus endorse voluntary adult and infant male circumcision in high-HIV-prevalence settings as a public health measure, eschewing equivalence to FGM/C due to these asymmetries. [70] [179]"
h0461,ethics-of-circumcision,s0310,X,no,complication rates point remains (rule 5),sti-tagger-3,"Absolutist claims equating male circumcision to mutilation overlook data showing complication rates below 0.5% in hospital settings versus higher non-medical ritual risks, and fail to account for evolutionary and physiological roles of the foreskin that, while sensitive, do not preclude overall utility in disease prevention."
h0462,ethics-of-circumcision,s0317,X,yes,UTI point remains,sti-tagger-3,"Advocacy responses to the decline have emphasized education on established health benefits, such as reduced urinary tract infections and certain sexually transmitted infections, while urging policymakers to address coverage gaps. [184]"
h0463,ethics-of-circumcision,s0318,X,no,AAP benefits include UTI and others per preceding context,sti-tagger-3,"In 2024, the American College of Nurse-Midwives reaffirmed support for informed parental choice in newborn male circumcision, citing the American Academy of Pediatrics' assessment that benefits outweigh risks, amid calls to standardize access across insurance programs."
h0464,forced-circumcision,s0173,X,no,UTI,sti-tagger-3,"Neonatal male circumcision reduces the incidence of urinary tract infections (UTIs) in the first year of life by approximately 90%, based on a meta-analysis of one randomized trial and 11 observational studies, with absolute risk reduction from about 1% in uncircumcised infants to 0.1% in circumcised ones. [76]"
h0465,forced-circumcision,s0175,X,yes,penile cancer remains without the HPV/cervical part,sti-tagger-3,Systematic reviews also indicate modest reductions in penile cancer (lifetime risk dropping from 1 in 600 uncircumcised to near zero in circumcised men) and proxy reductions in cervical cancer among female partners due to decreased human papillomavirus transmission.
h0466,forced-circumcision,s0177,H,yes,,sti-tagger-3,"In high HIV-prevalence regions of sub-Saharan Africa, three randomized controlled trials demonstrated that adult voluntary medical male circumcision reduces heterosexual HIV acquisition in men by 50-60%, prompting World Health Organization recommendations for scale-up in those settings. [78]"
h0467,forced-circumcision,s0179,X,yes,UTI and cancer remain,sti-tagger-3,"The American Academy of Pediatrics' 2012 policy review concluded that overall health benefits (including UTI, STI, and cancer protections) outweigh procedural risks for newborns, though it stopped short of routine recommendation. [79]"
h0468,forced-circumcision,s0185,X,no,sexual function data,sti-tagger-3,"Evidence on penile sensitivity and sexual function post-circumcision is mixed, with high-quality systematic reviews of randomized trials finding no significant adverse effects on erectile function, sensation, or satisfaction in most men. [83]"
h0469,forced-circumcision,s0191,X,no,psychological safety data,sti-tagger-3,"However, high-quality systematic reviews conclude that neonatal circumcision generally results in limited or no detectable long-term adverse psychological effects, with methodological flaws in opposing studies often stemming from self-selected samples or retrospective surveys prone to recall bias."
h0470,forced-circumcision,s0199,X,no,"critique of harm-survey methods, non-STI",sti-tagger-3,"Critics of harm claims argue that surveys alleging widespread trauma, like those from intactivist groups, suffer from selection bias among respondents motivated by grievance, yielding inflated prevalence rates not replicable in population-based cohorts. [92]"
h0471,forced-circumcision,s0200,X,no,mental health safety data,sti-tagger-3,"Empirical data from controlled comparisons show no consistent links to broader mental health disorders, such as autism or hyperactivity, despite anecdotal assertions. [93]"
h0472,forced-circumcision,s0201,X,no,"psychological harm evidence, non-STI",sti-tagger-3,"Overall, while non-consensual circumcision may impose psychological burdens in contexts of overt force or later recall, robust evidence for pervasive long-term effects in routine neonatal cases is lacking, underscoring the need for prospective, unbiased longitudinal research."
h0473,forced-circumcision,s0259,X,no,net benefits unnamed; following context includes UTIs and penile cancer,sti-tagger-3,"Proponents of infant or non-consensual male circumcision argue that empirical evidence supports net public health benefits, justifying the procedure despite the absence of the recipient's consent, as lifelong protections accrue from an early, low-risk intervention."
h0474,forced-circumcision,s0260,H,yes,,sti-tagger-3,"Randomized controlled trials conducted in South Africa, Kenya, and Uganda between 2005 and 2007 demonstrated that medical male circumcision reduces heterosexual HIV acquisition risk by 50-60% in men, prompting the World Health Organization to recommend voluntary medical male circumcision as part of combination HIV prevention strategies in high-prevalence regions of eastern and southern Africa. [78] [118]"
h0475,forced-circumcision,s0261,H,yes,"HPV, cervical cancer via HPV, HSV-2",sti-tagger-3,"These findings, extrapolated by advocates to broader contexts, include reductions in human papillomavirus (HPV) transmission and associated cervical cancer risks in female partners, as well as lower incidences of herpes simplex virus type 2."
h0476,forced-circumcision,s0263,X,no,UTI,sti-tagger-3,"For neonatal circumcision specifically, meta-analyses indicate a 90-99% relative risk reduction in urinary tract infections (UTIs) during the first year of life, with absolute risk dropping from about 1% in uncircumcised infants to 0.1% post-procedure; this protective effect persists into later childhood at a 6-7 fold reduction. [120]"
h0477,forced-circumcision,s0264,X,no,penile cancer,sti-tagger-3,"Circumcision also correlates with decreased penile cancer rates, historically linked to chronic inflammation or poor hygiene under the foreskin, with studies estimating up to a 3-10 fold lower incidence among circumcised males. [119] [79]"
h0478,forced-circumcision,s0265,X,yes,"complication rates, UTI and phimosis remain",sti-tagger-3,"The Centers for Disease Control and Prevention (CDC) and American Academy of Pediatrics (AAP) emphasize that newborn circumcision complication rates are low (0.2-0.6%), safer than in older children or adults, and that benefits—encompassing UTI prevention, STI mitigation, and reduced phimosis—outweigh risks when performed electively. [121] [79]"
h0479,forced-circumcision,s0274,N,no,"description of FGC types, no MC benefit relied on",sti-tagger-3,"In contrast, female genital cutting (FGC), classified by the World Health Organization into four types ranging from partial or total removal of the clitoris (Type I) to infibulation involving narrowing of the vaginal opening (Type III), entails more extensive alteration or injury to external female genitalia, often with no medical justification. [126]"
h0480,forced-circumcision,s0275,X,no,complication-rate comparison (rule 5),sti-tagger-3,"Both practices share roots in tradition and community norms, yet FGC is universally condemned as mutilation with severe, lifelong complications including hemorrhage, chronic infections, urinary fistulas, and increased maternal mortality risks during childbirth, whereas male circumcision carries lower acute risks like bleeding or infection (occurring in approximately 0.2-0.6% of cases) but potential long-term effects such as reduced penile sensitivity. [127]"
h0481,forced-circumcision,s0278,X,yes,lower morbidity comparison remains without HIV part,sti-tagger-3,"Critics of this view, including bodies like the WHO, maintain a distinction based on harm severity, noting FGC's absence of benefits and higher morbidity (e.g., up to 15% immediate complication rates in some settings) compared to male circumcision's debated advantages, such as a 60% reduction in heterosexual HIV acquisition in randomized trials from high-prevalence areas. [126] [128]"
h0482,foreskin,s0009,X,yes,UTI and penile cancer remain,sti-tagger-3,"The foreskin has been subject to removal via circumcision, a procedure performed neonatally or later for religious, cultural, or medical reasons, with proponents citing reduced risks of urinary tract infections, penile cancer, and certain STIs based on epidemiological data. [7]"
h0483,foreskin,s0077,X,no,nerve-ending/sensitivity data,sti-tagger-3,"Total nerve endings across the entire foreskin are estimated at 1,000–10,000 based on modern analyses and pathologist reviews, far lower than unsubstantiated claims of 20,000 derived from misinterpretations of early density measurements."
h0484,foreskin,s0080,X,no,sexual sensitivity and function data,sti-tagger-3,"These sensory structures facilitate gliding during intercourse and contribute to unique tactile experiences in uncircumcised men, though systematic reviews find no significant overall difference in sexual sensitivity or function between circumcised and uncircumcised men."
h0485,foreskin,s0157,X,no,inflammatory penile conditions,sti-tagger-3,"A meta-analysis of studies on inflammatory penile conditions reported that circumcision reduces their prevalence by 68%, attributing this to elimination of the preputial space conducive to microbial proliferation. [79]"
h0486,foreskin,s0160,X,no,UTI,sti-tagger-3,"Urinary tract infections (UTIs) in male infants under one year are 10- to 20-fold more common in uncircumcised boys, with incidence rates of 1-4% versus 0.1-0.2% in circumcised counterparts, per multiple cohort studies and systematic reviews; this disparity arises from bacterial ascension via the preputial orifice. [81] [82]"
h0487,foreskin,s0161,X,no,UTI,sti-tagger-3,"Though most UTIs are self-limiting or responsive to antibiotics, severe cases can progress to pyelonephritis or renal scarring, with lifetime UTI risk elevated to approximately 23% in uncircumcised males based on extrapolated meta-analytic data."
h0488,foreskin,s0163,X,yes,penile cancer (rule 3),sti-tagger-3,"Penile cancer, though rare (global incidence ~1 per 100,000 males annually), shows a strong association with retained foreskin, with meta-analyses indicating odds ratios as low as 0.33 for invasive disease in those circumcised early in life, linked to chronic inflammation, HPV persistence, and poor hygiene in the subpreputial area. [84] [85]"
h0489,foreskin,s0164,X,yes,penile cancer point; HPV offered as cause of cancer,sti-tagger-3,"The condition is nearly absent in circumcised populations, underscoring the foreskin's role in harboring oncogenic factors like high-risk HPV strains, which are 32-43% less prevalent post-circumcision per systematic reviews."
h0490,foreskin,s0176,X,no,procedure safety,sti-tagger-3,"These device-based approaches reduce operative time to minutes and bleeding incidence compared to freehand methods, with minor complications reported in under 0.5% of medically performed infant cases. [91]"
h0491,foreskin,s0183,X,no,UTI,sti-tagger-3,"Male circumcision has been associated with a reduced incidence of urinary tract infections (UTIs) in male infants, with meta-analyses indicating a 10-fold lower risk compared to uncircumcised infants during the first year of life. [92]"
h0492,foreskin,s0185,X,no,UTI,sti-tagger-3,"This protective effect persists into later childhood, with a 6.6-fold reduction in UTI risk for boys aged 1 to 16 years."
h0493,foreskin,s0187,H,yes,,sti-tagger-3,Three randomized controlled trials conducted in Africa between 2005 and 2007 demonstrated that voluntary medical male circumcision reduces the risk of heterosexually acquired HIV infection by approximately 60% over two years of follow-up. [94]
h0494,foreskin,s0188,H,yes,,sti-tagger-3,"This efficacy has been confirmed in longer-term observational data, supporting World Health Organization recommendations for circumcision as an HIV prevention strategy in high-prevalence regions. [95]"
h0495,foreskin,s0189,H,yes,HPV and HSV-2,sti-tagger-3,"Systematic reviews also indicate reductions in other sexually transmitted infections, including human papillomavirus (HPV) and herpes simplex virus type 2, with odds ratios for HPV infection reduced by up to 35% in circumcised men."
h0496,foreskin,s0191,X,no,penile cancer,sti-tagger-3,"Circumcision performed in childhood or adolescence substantially lowers the risk of invasive penile cancer, with systematic reviews showing odds ratios as low as 0.33 for circumcised individuals compared to uncircumcised controls. [97]"
h0497,foreskin,s0192,X,yes,penile cancer mechanism; inflammation part remains,sti-tagger-3,This association is attributed partly to decreased chronic inflammation and HPV persistence under the foreskin. [97]
h0498,foreskin,s0193,H,yes,cervical cancer via HPV (rule 3),sti-tagger-3,"Additionally, male circumcision correlates with reduced cervical cancer risk in female partners, mediated by lower penile HPV carriage, as evidenced by cohort studies linking partner circumcision status to cervical cancer incidence."
h0499,foreskin,s0195,X,no,"balanitis, posthitis",sti-tagger-3,"The procedure decreases the incidence of inflammatory conditions such as balanitis (inflammation of the glans) and posthitis, which are more common in uncircumcised males due to smegma accumulation and moisture retention. [96]"
h0500,foreskin,s0196,X,no,"phimosis, paraphimosis",sti-tagger-3,"Neonatal circumcision specifically mitigates risks of phimosis and paraphimosis, conditions requiring later surgical intervention in up to 10% of uncircumcised boys by adolescence. [99]"
h0501,foreskin,s0197,X,no,refers to balanitis/phimosis benefits just named,sti-tagger-3,"These benefits are supported by longitudinal data from pediatric and urological cohorts, though absolute risks remain low in hygienic populations."
h0502,foreskin,s0203,X,no,safety,sti-tagger-3,"In neonatal circumcision, overall adverse event rates are low, ranging from 0.2-1.5% for minor issues and below 0.5% for severe events like glans amputation or necrosis, based on systematic reviews of U.S. medical settings with trained providers. [102] [104]"
h0503,foreskin,s0204,X,no,safety,sti-tagger-3,"A 2014 analysis of U.S. hospital data reported 1.5 adverse events per 1,000 procedures, predominantly minor bleeding or adhesions, though underreporting may occur due to outpatient settings. [101]"
h0504,foreskin,s0209,X,no,safety,sti-tagger-3,"Revision rates for cosmetic or functional issues stand at 1-2% long-term, underscoring the procedure's generally favorable safety profile in neonates when performed by skilled clinicians, though individual risks necessitate informed consent. [108]"
h0505,foreskin,s0268,X,no,"general benefits and minimal risks, not STI-specific",sti-tagger-3,"Critiques of anti-circumcision advocacy, often referred to as intactivism, center on its reliance on low-quality evidence, selective interpretation of data, and unsubstantiated claims that contradict high-quality scientific studies supporting the procedure's benefits and minimal risks. [153]"
h0506,foreskin,s0269,X,yes,UTI and penile cancer remain,sti-tagger-3,"Researchers such as Brian J. Morris and colleagues argue that opponents frequently cite anecdotal reports, outdated studies, or non-peer-reviewed sources while dismissing randomized controlled trials (RCTs) demonstrating reduced risks of urinary tract infections, penile cancer, and heterosexual HIV acquisition in circumcised males. [154]"
h0507,foreskin,s0270,X,no,complication rates,sti-tagger-3,"For instance, assertions of severe physical harm from neonatal circumcision are refuted by data indicating adverse event rates of 0.2–0.6% for minor complications, with serious issues occurring in fewer than 0.01% of cases when performed by trained providers. [154]"
h0508,foreskin,s0271,X,no,complication rates,sti-tagger-3,"Delaying the procedure to adulthood, as advocated by some intactivists, is critiqued for increasing complication rates 10–20-fold due to greater anatomical challenges and higher infection risks."
h0509,foreskin,s0273,X,no,sexual function evidence quality,sti-tagger-3,"Claims regarding diminished sexual function and pleasure post-circumcision have been challenged as based on methodologically flawed surveys, such as small-sample or self-reported studies prone to bias, rather than robust RCTs involving thousands of participants. [153]"
h0510,foreskin,s0274,X,no,sexual function data,sti-tagger-3,"Systematic reviews of level 1++ evidence, including trials with 1,500–1,995 men, show no significant differences in erectile function, sensitivity, or satisfaction between circumcised and uncircumcised men, and some indicate benefits like improved lubrication and reduced premature ejaculation. [153]"
h0511,foreskin,s0275,X,no,nerve density data,sti-tagger-3,"Intactivist narratives promoting the foreskin as possessing uniquely dense nerve endings for erotogenic purposes are contradicted by histological studies revealing lower specialized nerve density compared to the glans, with no empirical link to superior pleasure."
h0512,foreskin,s0277,X,no,low harm profile remains without preventive effects,sti-tagger-3,"Ethical arguments equating male circumcision to female genital mutilation (FGM) are dismissed as a false equivalency, given FGM's lack of health benefits, high rates of severe complications, and intent to control female sexuality, versus male circumcision's documented preventive effects and low harm profile. [155]"
h0513,foreskin,s0278,X,no,AAP/CDC net benefits include non-STI benefits,sti-tagger-3,"Bodily autonomy appeals in advocacy are seen as ideologically driven opinions overriding evidence-based parental decision-making and public health considerations, such as AAP and CDC endorsements of the procedure's net benefits outweighing risks by ratios up to 100:1. [153]"
h0514,foreskin,s0279,X,no,safety,sti-tagger-3,"Critics note that intactivist sources often amplify rare complications or pseudoscientific claims (e.g., unverified ""functions"" of the foreskin) while ignoring meta-analyses affirming safety and efficacy, potentially hindering informed policy. [154]"
h0515,foreskin,s0280,X,no,general summary of preceding non-STI critiques,sti-tagger-3,"These evaluations, drawn from peer-reviewed analyses, underscore a pattern where advocacy prioritizes absolutist positions over causal evidence from prospective trials."
h0516,foreskin,s0282,X,no,AAP benefits include UTI and penile cancer (next sentence),sti-tagger-3,"The American Academy of Pediatrics (AAP) maintains that the health benefits of newborn male circumcision outweigh the risks, though not sufficiently to recommend it universally, leaving the decision to parents following informed discussion of evidence. [99]"
h0517,foreskin,s0283,X,yes,UTI and penile cancer remain,sti-tagger-3,"This 2012 policy, reaffirmed in subsequent reviews, cites reductions in urinary tract infections (UTIs) in infancy (from 1% to 0.1-0.2% risk), certain sexually transmitted infections (STIs) including HIV (approximately 50-60% relative reduction in heterosexual acquisition), and rare conditions like penile cancer. [156] [130]"
h0518,foreskin,s0289,X,no,sexual function data,sti-tagger-3,"Systematic reviews confirm no adverse impacts on sexual function, sensitivity, or satisfaction from circumcision, countering claims of foreskin-specific erogenous loss, as glans keratinization does not demonstrably impair overall penile sensation in controlled studies. [38] [161]"
h0519,foreskin-man,s0075,N,no,"statement of limitation on opponents' anecdotal claims, no benefit relied on",sti-tagger-3,"The series suggests such outcomes stem from the infant's inability to consent and the procedure's inherent violence, including acute pain without adequate anesthesia in many cases, though these assertions rely on anecdotal narratives rather than aggregated clinical data."
h0520,foreskin-man,s0084,H,yes,,sti-tagger-3,Three randomized controlled trials conducted in sub-Saharan Africa between 2005 and 2007 demonstrated that voluntary medical male circumcision reduces the risk of HIV acquisition through heterosexual intercourse by approximately 50-60% in men. [50] [51]
h0521,foreskin-man,s0085,H,no,HIV-prevention scale-up,sti-tagger-3,"These findings, endorsed by the World Health Organization for high-prevalence settings, prompted scale-up efforts in 15 priority African countries, where over 27 million procedures have been performed since 2007. [51]"
h0522,foreskin-man,s0088,X,no,UTI,sti-tagger-3,"Newborn male circumcision is associated with a reduced incidence of urinary tract infections (UTIs) in the first year of life, with meta-analyses indicating a relative risk reduction of about 90%, from approximately 1% in uncircumcised boys to 0.1-0.2% in circumcised ones. [53] [54]"
h0523,foreskin-man,s0092,X,no,safety,sti-tagger-3,"Adverse events from neonatal circumcision occur at rates of 0.2-2%, predominantly minor issues such as bleeding, infection, or adhesions, with severe complications (e.g., significant hemorrhage or penile injury) below 0.5% in hospital settings using clamps like Gomco or Plastibell. [56] [57]"
h0524,foreskin-man,s0096,X,no,sexual function data,sti-tagger-3,"A 2013 systematic review of controlled trials concluded no adverse impact on erectile function, premature ejaculation, or overall satisfaction, attributing discrepancies to methodological flaws in pro-sensitivity-loss claims like recall bias."
h0525,foreskin-man,s0119,X,no,low complication rates,sti-tagger-3,"Critics of the Foreskin Man comic have argued that its portrayal of circumcisers as monstrous villains promotes demonization of parents and medical practitioners who view the procedure as a routine health or cultural practice, thereby exaggerating the ethical stakes beyond empirical realities of low complication rates—typically under 1% for adverse events in controlled settings. [74]"
h0526,foreskin-man,s0120,X,yes,UTI point remains,sti-tagger-3,"This superhero narrative frames neonatal circumcision, performed on approximately 1.2 million U.S. infants annually as of 2010 data, as a battle against evil forces, potentially fostering fear-mongering by equating a brief surgical intervention with violent assault rather than a decision weighed against evidence of benefits like reduced urinary tract infections (1-2% risk reduction in infancy) and certain STIs."
h0527,foreskin-man,s0125,H,yes,countervailing data named is HIV trials only,sti-tagger-3,"Even within intactivist circles, the comic's heavy-handed moral binaries—heroes solely anti-circumcision, villains pro—have drawn rebuke for selective emphasis on harms while sidelining countervailing data, such as randomized trials showing 60% HIV acquisition reduction in heterosexual men from adult voluntary circumcision, potentially hindering coalition-building with public health advocates. [75]"
h0528,foreskin-restoration,s0011,X,no,sexual function data,sti-tagger-3,"Empirical data on objective benefits like sensitivity gains or sexual performance improvements remain sparse and inconclusive, contrasting with robust evidence that circumcision itself imposes negligible long-term detriments to erectile or orgasmic function. [6]"
h0529,foreskin-restoration,s0267,H,yes,benefit named is HIV only,sti-tagger-3,"Opponents of restoration, often aligned with pro-circumcision medical bodies, question its necessity and efficacy, suggesting it tacitly accepts circumcision's cultural legitimacy while diverting from evidence-based benefits like reduced HIV transmission rates (estimated 60% lower in circumcised men per randomized trials in Africa). [39]"
h0530,foreskin-restoration,s0268,H,no,health advantages unnamed; preceding sentence names HIV only (rule 2),sti-tagger-3,"They argue that ethical focus should prioritize IMC's purported health advantages over autonomy concerns, dismissing restoration as speculative and psychologically driven rather than medically substantiated. [49]"
h0531,history-of-circumcision,s0177,X,no,"UTI, phimosis, balanitis",sti-tagger-3,"In the mid-20th century, public health rationales for male circumcision emphasized prevention of urinary tract infections (UTIs), phimosis, and balanitis, with studies indicating a 10-fold reduction in UTIs among circumcised male infants in the first year of life compared to uncircumcised peers. [82]"
h0532,history-of-circumcision,s0178,X,no,"inflammatory conditions, penile cancer",sti-tagger-3,"These benefits were supported by epidemiological data showing lower incidences of inflammatory conditions of the glans and foreskin, as well as reduced penile cancer rates, which remain rare but are predominantly observed in uncircumcised men. [83]"
h0533,history-of-circumcision,s0179,H,yes,HPV and HSV-2,sti-tagger-3,"Organizations like the Centers for Disease Control and Prevention (CDC) later quantified additional protections against sexually transmitted infections, including human papillomavirus (HPV) and herpes simplex virus type 2, with relative risk reductions of approximately 30-35% for these pathogens in heterosexual contexts. [84]"
h0534,history-of-circumcision,s0182,H,yes,,sti-tagger-3,"Randomized controlled trials conducted between 2002 and 2005 in South Africa, Kenya, and Uganda demonstrated that voluntary medical male circumcision (VMMC) reduced heterosexual HIV acquisition in men by 51-60%, prompting the World Health Organization (WHO) and Joint United Nations Programme on HIV/AIDS (UNAIDS) to recommend it in 2007 as a key prevention strategy in 14 high-prevalence countries. [85] [86]"
h0535,history-of-circumcision,s0190,H,yes,,sti-tagger-3,"In the early 2000s, three randomized controlled trials conducted in sub-Saharan Africa provided robust evidence that male circumcision reduces the risk of heterosexual HIV acquisition in men by approximately 50-60%."
h0536,history-of-circumcision,s0191,H,yes,,sti-tagger-3,"The first trial, conducted in Orange Farm, South Africa, from 2002 to 2003, involved 3,274 uncircumcised men aged 18-24 and demonstrated a 60% reduction in HIV incidence over 21 months compared to controls. [89]"
h0537,history-of-circumcision,s0192,H,yes,,sti-tagger-3,"Similar results emerged from trials in Kisumu, Kenya (2002-2005, n=2,784 men, 51% reduction) and Rakai, Uganda (2002-2007, n=4,996 men, 55% reduction), confirming the protective effect against HIV-1 while showing no significant behavioral risk compensation. [90]"
h0538,history-of-circumcision,s0193,H,yes,,sti-tagger-3,"These findings, published between 2005 and 2007, shifted global public health perspectives by establishing circumcision as an efficacious biomedical intervention for HIV prevention in high-prevalence, generalized epidemics."
h0539,history-of-circumcision,s0195,H,yes,WHO endorsement for HIV prevention,sti-tagger-3,"Prompted by this evidence, the World Health Organization (WHO) and Joint United Nations Programme on HIV/AIDS (UNAIDS) endorsed voluntary medical male circumcision (VMMC) in 2007 as a key strategy in 13 priority countries in eastern and southern Africa, where heterosexual transmission predominates and adult male HIV prevalence exceeds 10% in some regions. [85]"
h0540,history-of-circumcision,s0197,H,yes,mechanism for HIV entry (rule 4),sti-tagger-3,"The intervention's efficacy stems from the foreskin's vulnerability to HIV entry via micro-tears and its role as a reservoir for inflammatory cells, reducing susceptibility without altering condom use or partner numbers in trial follow-ups."
h0541,history-of-circumcision,s0199,X,yes,UTI and penile cancer remain,sti-tagger-3,"Parallel research reaffirmed broader health benefits, including a 10-fold reduction in urinary tract infections (UTIs) in infancy, lower incidence of human papillomavirus (HPV) and herpes simplex virus type 2 (HSV-2) infections (30-40% and 28-34% reductions, respectively), and decreased penile cancer risk due to reduced phimosis and chronic inflammation. [93]"
h0542,history-of-circumcision,s0200,X,yes,UTI remains,sti-tagger-3,"In 2012, the American Academy of Pediatrics (AAP) updated its policy, concluding that these preventive benefits—encompassing HIV, other STIs, and UTIs—outweigh procedural risks (complication rate ~0.2-0.6% in neonatal settings), justifying access for parents though not routine universal recommendation. [94]"
h0543,history-of-circumcision,s0201,X,yes,penile cancer remains,sti-tagger-3,"This stance contrasted with prior hesitancy, driven by meta-analyses synthesizing U.S. and international data showing lifetime net benefits, such as averting 1 in 100 penile cancers and 1 in 600 HIV cases per circumcised male."
h0544,history-of-circumcision,s0204,H,yes,"HIV strategy integration, viral entry",sti-tagger-3,"Despite implementation challenges like supply shortages and demand generation, the evidence prompted integrations with other HIV strategies, including pre-exposure prophylaxis, underscoring circumcision's role in causal reduction of viral entry points rather than mere correlation."
h0545,khitan-circumcision,s0007,X,no,sexual function,sti-tagger-3,"No robust data supports claims of diminished sexual function or satisfaction post-circumcision, countering anecdotal assertions of harm."
h0546,khitan-circumcision,s0126,X,no,"hygiene, discomfort",sti-tagger-3,"Scholars recommend early childhood to minimize discomfort and ensure hygienic benefits during development, viewing it as kinder to the child than delaying until adolescence. [55]"
h0547,khitan-circumcision,s0146,X,no,benefits unnamed; following sentences include UTI and penile cancer,sti-tagger-3,"Male circumcision confers several empirically supported health benefits, primarily derived from randomized controlled trials (RCTs), meta-analyses, and systematic reviews conducted in diverse populations."
h0548,khitan-circumcision,s0147,H,yes,,sti-tagger-3,"Three large-scale RCTs in sub-Saharan Africa, involving over 10,000 participants, established that voluntary medical male circumcision reduces the risk of heterosexually acquired HIV infection in men by approximately 60%, with protective effects observed as early as 24 months post-procedure and sustained over time. [66] [67]"
h0549,khitan-circumcision,s0148,H,yes,HIV mechanism (rule 4),sti-tagger-3,"This reduction is attributed to the removal of the foreskin, which harbors HIV target cells and facilitates viral entry during heterosexual intercourse."
h0550,khitan-circumcision,s0150,X,no,UTI,sti-tagger-3,"In neonatal and infant contexts, circumcision significantly decreases the incidence of urinary tract infections (UTIs) in the first year of life, with meta-analyses reporting relative risk reductions of 90% or greater compared to uncircumcised males; this benefit stems from the foreskin's role as a reservoir for uropathogenic bacteria. [3] [69]"
h0551,khitan-circumcision,s0151,X,yes,penile cancer (rule 3),sti-tagger-3,"Systematic evidence also links circumcision to a lower lifetime risk of penile cancer, which is rare but strongly associated with chronic inflammation, phimosis, and human papillomavirus (HPV) persistence under the foreskin."
h0552,khitan-circumcision,s0153,H,yes,"HSV-2, HPV, syphilis",sti-tagger-3,"Beyond HIV and UTIs, secondary analyses from the African RCTs indicate modest reductions in acquisition of other sexually transmitted infections (STIs), including herpes simplex virus type 2 (by 28-34%) and high-risk HPV strains (by 32-35%), as well as syphilis in some observational data. [69] [67]"
h0553,khitan-circumcision,s0154,H,yes,partner HPV and cervical cancer (rule 3),sti-tagger-3,"Circumcision further lowers the risk of penile transmission of HPV to female partners, potentially decreasing cervical cancer incidence, based on cohort studies showing halved odds of oncogenic HPV carriage in circumcised men."
h0554,khitan-circumcision,s0156,X,yes,"UTI, penile cancer, balanitis remain",sti-tagger-3,"The U.S. Centers for Disease Control and Prevention (CDC) and American Academy of Pediatrics (AAP) have reviewed this body of evidence, concluding that preventive benefits—encompassing reduced HIV/STI acquisition, UTIs, penile cancer, and balanitis—outweigh procedural risks when performed neonatally or under medical conditions. [69] [3]"
h0555,khitan-circumcision,s0157,X,yes,UTI and cancer remain,sti-tagger-3,"These advantages are context-dependent, with HIV prevention most pronounced in high-prevalence heterosexual epidemics, though UTI and cancer risk reductions apply more universally across low- and high-income settings."
h0556,khitan-circumcision,s0201,N,no,anatomy/technique description,sti-tagger-3,"Khitan, the Islamic practice of male circumcision, surgically excises the foreskin covering the glans penis, preserving the organ's primary erectile and urinary functions while removing a non-vital cutaneous layer. [13]"
h0557,khitan-circumcision,s0202,N,no,"description of FGC, no MC benefit relied on",sti-tagger-3,"In contrast, female genital cutting (FGC) involves intentional alteration or injury to the clitoris, labia minora, and sometimes labia majora, often without anesthesia and using rudimentary tools, resulting in the partial or total excision of erogenous tissue essential for sexual sensation. [95]"
h0558,khitan-circumcision,s0203,N,no,FGC classification description,sti-tagger-3,"The World Health Organization classifies FGC into four types, from clitoridectomy (Type I) to infibulation (Type III, involving narrowing of the vaginal opening), none of which align anatomically or functionally with the localized removal in khitan."
h0559,khitan-circumcision,s0205,X,yes,UTI and penile cancer remain,sti-tagger-3,"Empirical health outcomes further delineate the practices: randomized controlled trials demonstrate that male circumcision, including khitan when performed medically, reduces heterosexual HIV acquisition by approximately 60%, lowers urinary tract infection rates in infancy by up to 90%, and decreases risks of penile cancer and certain sexually transmitted infections like herpes (28-34% reduction). [66] [97]"
h0560,khitan-circumcision,s0206,N,no,"FGC harms described, no MC benefit relied on",sti-tagger-3,"FGC, however, yields no documented benefits and is linked to immediate complications such as hemorrhage (up to 15% in some settings), infection, and shock, alongside long-term sequelae including urinary retention, keloid scarring, dyspareunia, and increased maternal mortality from obstructed labor (up to 55% higher risk in severe cases). [95] [96]"
h0561,khitan-circumcision,s0210,X,no,harm-benefit profile; prior context includes UTI and penile cancer,sti-tagger-3,"Legally, this disparity manifests in global prohibitions on FGC—criminalized in over 40 countries with penalties up to life imprisonment—while male circumcision, including khitan, enjoys legal tolerance or endorsement in most jurisdictions, predicated on divergent harm-benefit profiles substantiated by medical consensus. [100]"
h0562,khitan-circumcision,s0229,H,yes,,sti-tagger-3,"In sub-Saharan Africa, voluntary medical male circumcision (VMMC) programs have continued to expand as a public health strategy for HIV prevention, with a 2023 World Health Organization assessment confirming the procedure's cost-effectiveness and its capacity to reduce heterosexual HIV acquisition risk by up to 60%, prompting calls for sustained scale-up amid funding challenges. [103]"
h0563,khitan-circumcision,s0230,H,no,,sti-tagger-3,"A concurrent Centers for Disease Control and Prevention analysis reinforced this efficacy, estimating a 60% reduction in female-to-male transmission, while noting implementation gaps in priority countries where coverage remains below targets. [104]"
h0564,meatal-stenosis,s0004,X,no,complication-rate data,sti-tagger-3,"Prevalence following circumcision varies across studies, with smaller cohorts reporting rates of 5-20% in circumcised boys, contrasted by large database analyses indicating an incidence below 1%, underscoring potential overestimation in referral-based samples or underreporting in general populations. [3] [4]"
h0565,meatal-stenosis,s0151,X,no,complication-rate data,sti-tagger-3,"A meta-analysis reported a post-circumcision rate of 0.66%, which was not statistically different from rates in uncircumcised males, suggesting potential overestimation in smaller cohorts or underreporting in controls. [6]"
h0566,meatal-stenosis,s0158,X,no,complication causation,sti-tagger-3,"Critics of strong causal attribution to circumcision note its rarity in uncircumcised males but argue that confounding factors, including congenital meatal variations or smaller preoperative meatus diameter, may inflate observed associations without proving inevitability. [9] [12]"
h0567,meatal-stenosis,s0165,X,no,complication-rate data,sti-tagger-3,"A 2017 systematic review and meta-analysis of 27 studies involving 1,498,536 males reported an overall meatal stenosis risk of 0.656% (95% CI: 0.089–1.218%) in circumcised individuals, which was not statistically significantly different from the 0.92% (95% CI: 0.11–1.74%) observed in uncircumcised controls. [56]"
h0568,meatal-stenosis,s0166,X,no,complication-rate data,sti-tagger-3,"This analysis concluded that while weak evidence from subgroup comparisons hinted at a possible slightly elevated risk in circumcised boys and young adults, the absolute incidence remains low, and circumcision does not substantially increase the likelihood compared to baseline rates. [56]"
h0569,meatal-stenosis,s0167,X,yes,UTI remains alongside STDs,sti-tagger-3,"Proponents of routine circumcision, citing such aggregated data, argue that meatal stenosis represents a minor and infrequent adverse event, often asymptomatic and manageable, outweighed by purported benefits like reduced urinary tract infections or sexually transmitted diseases in other contexts.30770-7/abstract)"
h0570,mohel,s0016,X,no,complication rates,sti-tagger-3,"Modern mohels often possess medical qualifications, such as certification in neonatal care, to integrate surgical precision with tradition, reducing complications reported in 0.2–0.6% of cases per health studies on ritual practices. [2]"
h0571,mohel,s0100,N,no,technique description,sti-tagger-3,"The entire operation, leveraging the infant's physiological resilience, typically lasts under one minute from incision to completion, emphasizing the mohel's training in both surgical asepsis and ritual exactitude."
h0572,mohel,s0116,X,no,infection rates / procedure safety,sti-tagger-3,"These steps align with standard protocols for infant circumcision, where infection rates remain low (under 1%) when hygiene is maintained."
h0573,mohel,s0118,X,no,UTI,sti-tagger-3,"Ritual male circumcision in infancy confers a substantial reduction in the risk of urinary tract infections (UTIs) during the first year of life, with studies estimating a 90% to 100% relative risk reduction compared to uncircumcised males. [58] [59]"
h0574,mohel,s0119,X,no,UTI,sti-tagger-3,"This benefit arises from the removal of the foreskin, which can harbor bacteria and facilitate ascending infections; meta-analyses of cohort studies confirm that uncircumcised infants face a 10-fold higher UTI incidence, though absolute risk remains low at approximately 1% in uncircumcised males versus 0.1-0.2% in circumcised ones."
h0575,mohel,s0121,H,yes,,sti-tagger-3,"Three randomized controlled trials conducted in Africa between 2005 and 2007 demonstrated that male circumcision reduces heterosexual HIV acquisition by 51% to 60% over 24 to 72 months of follow-up, with protective efficacy increasing over time due to cumulative exposure prevention. [60] [61]"
h0576,mohel,s0124,H,yes,HPV and HSV-2,sti-tagger-3,"Circumcision also lowers risks of certain sexually transmitted infections, including human papillomavirus (HPV) by 32-35% and herpes simplex virus type 2 (HSV-2) by 28-34%, per secondary outcomes from the African RCTs and meta-analyses of global data. [61] [64]"
h0577,mohel,s0125,H,yes,HPV susceptibility (STI),sti-tagger-3,"These reductions stem from decreased susceptibility to mucosal pathogens, with cohort studies showing circumcised males exhibit lower oncogenic HPV strains linked to anogenital cancers."
h0578,mohel,s0127,X,no,penile cancer,sti-tagger-3,"The procedure markedly decreases lifetime penile cancer incidence, which is rare but nearly exclusive to uncircumcised males with chronic inflammation or poor hygiene; epidemiological evidence indicates a 3- to 22-fold risk reduction in circumcised cohorts, attributable to elimination of smegma accumulation and phimosis-related carcinogenesis. [65] [64]"
h0579,mohel,s0128,X,yes,UTI and cancer remain,sti-tagger-3,"Risk-benefit analyses of neonatal circumcision quantify net preventive gains, estimating benefits-to-risks ratios exceeding 100:1 when aggregating UTI, STI, and cancer averting effects against procedural complications."
h0580,mohel,s0130,X,no,complication rates,sti-tagger-3,"Neonatal circumcision, as performed in the brit milah ritual by trained mohels, is associated with low rates of complications, typically ranging from 0% to 3% overall, with a median frequency of 1.5% for any adverse event in systematic reviews of procedures on infants under one year. [66] [67]"
h0581,mohel,s0131,X,no,complication rates,sti-tagger-3,"Common minor complications include bleeding (0.08%–0.18%), local infection (0.06%), and penile injury (0.04%), while serious events such as excessive bleeding requiring intervention or penile damage occur at rates below 0.1% in hospital-based settings. [68]"
h0582,mohel,s0134,X,no,procedure risks/healing,sti-tagger-3,"Risks specific to brit milah include potential for incomplete hemostasis from traditional scalpel incision without clamps, leading to delayed bleeding, and rare iatrogenic injuries from uneven excision, though these are mitigated by the procedure's timing on day eight when neonatal healing is optimal. [24]"
h0583,mohel,s0136,X,no,UTI,sti-tagger-3,"The American Academy of Pediatrics notes that while benefits like reduced urinary tract infections (1 in 1,000 risk for circumcised vs. 1 in 100 for uncircumcised) outweigh risks, parental counseling on potential adverse events—such as meatal stenosis (<0.1%) or urinary tract infections post-procedure—is essential. [58]"
h0584,mohel,s0138,X,no,complication mitigation,sti-tagger-3,"Mitigation strategies emphasize mohel certification through rigorous apprenticeships covering anatomy, aseptic technique, and emergency response, often integrating medical oversight; for instance, mohels with physician credentials report near-zero complication rates in controlled settings. [73]"
h0585,mohel,s0139,X,no,"infection/adhesion prevention, anaesthesia",sti-tagger-3,"Use of disposable sterile blades, local anesthesia (e.g., lidocaine cream), and immediate post-procedure petroleum gauze application prevent most infections and adhesions, with follow-up exams recommended within 24–48 hours. [74]"
h0586,mohel,s0140,X,no,adverse event rates,sti-tagger-3,"In high-volume ritual practices like Israel's, mandatory reporting and hygiene protocols have sustained low adverse event rates, demonstrating that standardized training and prompt intervention—such as cauterization for bleeding—effectively minimize both acute and long-term risks like scarring or stricture."
h0587,mohel,s0230,X,no,complication rates,sti-tagger-3,"Broader societal views, influenced by secular ethics and medical skepticism, often conflate mohels with infant genital alteration debates, viewing brit milah as unnecessary or harmful despite data showing complication rates under 1% for trained practitioners."
h0588,paraphimosis,s0112,X,no,paraphimosis,sti-tagger-3,"Epidemiologically, paraphimosis is more prevalent in regions with low neonatal circumcision rates, such as parts of Europe, compared to the United States, where circumcision reduces incidence by eliminating the foreskin."
h0589,paraphimosis,s0173,X,no,paraphimosis treatment,sti-tagger-3,"For definitive management, circumcision remains the standard procedure to eliminate the risk of recurrence by removing the foreskin entirely or partially. [21]"
h0590,paraphimosis,s0174,X,no,paraphimosis,sti-tagger-3,"Performed electively after initial stabilization, it involves excision of the prepuce under local or general anesthesia, with excellent outcomes in preventing future episodes, as paraphimosis does not recur following a proper circumcision. [4]"
h0591,paraphimosis,s0181,X,no,paraphimosis,sti-tagger-3,"Following circumcision, recurrence rates approach zero, emphasizing its role in long-term prevention."
h0592,paraphimosis,s0203,X,no,paraphimosis/phimosis,sti-tagger-3,"Elective circumcision is advised for individuals with recurrent paraphimosis or persistent phimosis unresponsive to conservative treatments, eliminating the foreskin and thereby preventing future episodes in high-risk groups such as those with balanitis xerotica obliterans or cultural predispositions to delayed intervention. [43]"
h0593,paraphimosis,s0204,X,no,"paraphimosis, penile carcinoma",sti-tagger-3,"This procedure serves as a reliable prophylactic strategy, nearly eliminating paraphimosis risk while also offering broader benefits like reduced penile carcinoma incidence, though it is typically reserved for cases where non-surgical options fail."
h0594,phimosis,s0075,X,no,balanitis,sti-tagger-3,"Uncircumcised status inherently predisposes to balanitis episodes, as retained smegma harbors pathogens; recurrent inflammation correlates with hygiene lapses in up to 50% of pathologic cases. [18]"
h0595,phimosis,s0142,X,no,UTI,sti-tagger-3,"Over time, phimosis elevates the risk of urinary tract infections (UTIs), particularly in males, as incomplete foreskin retraction impedes hygiene and allows bacterial colonization under the prepuce, with studies indicating a protective effect from circumcision reducing UTI incidence by factors of 6.6- to 10-fold in affected age groups. [36] [37]"
h0596,phimosis,s0155,X,no,phimosis treatment,sti-tagger-3,"Circumcision (full or partial removal of the foreskin) remains the definitive treatment for refractory or complicated cases, permanently eliminating phimosis and associated risks."
h0597,phimosis,s0156,X,no,postoperative pain,sti-tagger-3,"In adults undergoing circumcision for phimosis, postoperative pain is generally mild to moderate and managed effectively with analgesics; severe pain is rare and often complication-related (see the Circumcision article for details)."
h0598,phimosis,s0206,X,no,recurrent infections and healing in diabetics (phimosis context),sti-tagger-3,Circumcision is often preferred in diabetic patients as the definitive treatment due to higher risks of recurrent infections and poor healing with conservative approaches.
h0599,phimosis,s0209,X,no,phimosis treatment,sti-tagger-3,"Circumcision, the excision of the foreskin, remains the definitive and most commonly performed procedure, providing permanent resolution by eliminating the non-retractable tissue and enabling full glans exposure to further reduce any residual hypersensitivity through keratinization. [1] [12]"
h0600,phimosis,s0246,X,no,phimosis outcomes,sti-tagger-3,"Following effective treatment, such as circumcision, long-term outcomes are generally favorable, with no recurrence of phimosis and resolution of associated infections or hygiene issues reported in cohort studies. [15]"
h0601,phimosis,s0261,X,no,phimosis epidemiology,sti-tagger-3,"Prevalence of pathological phimosis in adulthood shows marked geographic variation, primarily correlating inversely with regional rates of male circumcision, which eliminates the foreskin and thus precludes the condition."
h0602,phimosis,s0262,X,no,phimosis epidemiology,sti-tagger-3,"In high-circumcision regions such as Muslim-majority countries (where rates approach 99-100%) and Israel, adult phimosis is virtually nonexistent due to near-universal neonatal or childhood circumcision performed for religious reasons. [81]"
h0603,phimosis,s0266,X,no,phimosis morbidity,sti-tagger-3,"A Danish cohort study of uncircumcised boys under a foreskin-preserving policy found surprisingly high morbidity from phimosis, including adhesions and infections, underscoring risks in regions avoiding routine circumcision. [83]"
h0604,phimosis,s0272,X,no,phimosis morbidity,sti-tagger-3,"These variations highlight how cultural and religious practices causally shape phimosis epidemiology, with empirical data from global surveys confirming lower morbidity in circumcising societies. [81]"
h0605,phimosis,s0274,X,no,phimosis treatment,sti-tagger-3,"Circumcision, the surgical excision of the foreskin, serves as a definitive intervention for phimosis by permanently exposing the glans penis and eliminating the risk of foreskin-related retraction issues. [86]"
h0606,phimosis,s0276,X,no,phimosis treatment,sti-tagger-3,"In such cases, guidelines from organizations like the European Association of Urology (EAU) endorse circumcision as a reliable option, especially when medical treatments fail, with success rates approaching 100% in resolving the primary symptom of non-retractability. [4]"
h0607,phimosis,s0287,X,no,"paraphimosis, balanoposthitis, UTI",sti-tagger-3,"Proponents of circumcision counter that it prevents recurrent complications like paraphimosis or balanoposthitis, supported by longitudinal data showing reduced urinary tract infections in circumcised cohorts. [20]"
h0608,prevalence-of-circumcision,s0053,H,yes,HIV programme and trials,sti-tagger-3,"These programs, supported by the U.S. President's Emergency Plan for AIDS Relief (PEPFAR) and others, aim for high coverage among adolescent and adult males to curb heterosexual HIV transmission, with three randomized controlled trials in South Africa, Kenya, and Uganda demonstrating a 50-60% reduction in female-to-male HIV acquisition risk among circumcised men compared to uncircumcised controls. [29] [30]"
h0609,prevalence-of-circumcision,s0054,H,yes,HIV infections averted,sti-tagger-3,"By 2023, over 27 million VMMCs had been performed through these initiatives, averting an estimated 1.4-2.1 million HIV infections based on modeling from trial data and program scale-up. [8]"
h0610,prevalence-of-circumcision,s0057,H,yes,HIV mechanism (rule 4),sti-tagger-3,"Causal evidence from the trials attributes the protective effect to reduced viral entry via the foreskin, which harbors more target cells for HIV and is prone to micro-tears during intercourse, rather than behavioral changes, as circumcised participants reported similar sexual practices. [32]"
h0611,prevalence-of-circumcision,s0090,H,yes,,sti-tagger-3,"Three randomized controlled trials conducted between 2005 and 2007—in Rakai, Uganda; Orange Farm, South Africa; and Kisumu, Kenya—demonstrated that voluntary medical male circumcision (VMMC) reduces the risk of HIV acquisition by heterosexual men by approximately 50-60% compared to uncircumcised controls, with no evidence of delayed protection or behavioral risk compensation offsetting benefits. [45] [46] [47]"
h0612,prevalence-of-circumcision,s0095,H,yes,HIV infections averted,sti-tagger-3,"These initiatives have prioritized medical safety and HIV counseling, averting an estimated 340,000 HIV infections by 2020 through direct protective effects."
h0613,prevalence-of-circumcision,s0098,H,yes,HIV infections averted by VMMC coverage,sti-tagger-3,"Despite these setbacks, modeling projects that sustained VMMC coverage at 80-90% among males aged 15-49 could avert 700,000 to over 1 million additional infections by 2030 in modeled scenarios, maintaining elevated circumcision prevalence levels that exceed pre-program baselines by 15-25% in low-uptake regions. [53] [43]"
h0614,redundant-prepuce,s0096,X,no,"redundant prepuce complications, non-STI context",sti-tagger-3,"In many Chinese medical practices, circumcision is frequently recommended for persistent cases or symptomatic presentations to provide definitive resolution and prevent long-term complications. [26]"
h0615,redundant-prepuce,s0101,X,no,balanoposthitis,sti-tagger-3,"A common complication is recurrent balanoposthitis, an inflammation of the glans and foreskin, which occurs almost exclusively in uncircumcised males and is often linked to poor hygiene or trapped debris under the prepuce. [27]"
h0616,redundant-prepuce,s0106,X,no,penile cancer,sti-tagger-3,"Chronic inflammation and poor hygiene have been associated with a higher risk of penile cancer, though this link is rare and often mediated by conditions such as balanitis xerotica obliterans; circumcision reduces this risk. [1]"
h0617,redundant-prepuce,s0163,X,no,"balanoposthitis, inflammation",sti-tagger-3,"This length-based approach frequently leads to surgical recommendations, particularly in pediatric cases with or without symptoms, to prevent potential complications like balanoposthitis or microbiome alterations that may contribute to inflammation."
h0618,religion-and-circumcision,s0214,X,no,UTI,sti-tagger-3,"Systematic reviews indicate that neonatal circumcision reduces the incidence of UTIs in male infants by approximately 90% during the first year of life, with uncircumcised males facing a baseline risk of about 1% compared to 0.1% in circumcised males. [119] [120]"
h0619,religion-and-circumcision,s0216,H,yes,,sti-tagger-3,"For HIV prevention, three randomized controlled trials in sub-Saharan Africa demonstrated that adult male circumcision reduces heterosexual HIV acquisition by about 60%, prompting World Health Organization recommendations for voluntary medical male circumcision in high-prevalence regions. [121] [122]"
h0620,religion-and-circumcision,s0217,H,yes,HPV and HSV-2,sti-tagger-3,"Evidence for other STIs is weaker but includes modest reductions in human papillomavirus (HPV) prevalence and incidence, as well as some protection against herpes simplex virus type 2. [123]"
h0621,religion-and-circumcision,s0218,X,yes,penile cancer (rule 3),sti-tagger-3,"Penile cancer, a rare malignancy with an incidence of less than 1 per 100,000 in developed countries, shows a strong protective association with childhood or adolescent circumcision (odds ratio 0.33), linked to decreased chronic inflammation and human papillomavirus persistence under the foreskin. [124]"
h0622,religion-and-circumcision,s0219,X,no,"phimosis, balanoposthitis",sti-tagger-3,"Circumcision also lowers the risk of phimosis and balanoposthitis, potentially averting later therapeutic procedures."
h0623,religion-and-circumcision,s0223,X,no,sexual function data,sti-tagger-3,"Meta-analyses find no consistent adverse effects on sexual function, sensitivity, or satisfaction post-circumcision."
h0624,religion-and-circumcision,s0225,X,no,"benefits unnamed; preceding context includes UTI, phimosis, penile cancer",sti-tagger-3,"The American Academy of Pediatrics' 2012 policy states that health benefits of newborn male circumcision outweigh the risks but are insufficient to recommend it universally, emphasizing parental decision-making informed by evidence. [129]"
h0625,religion-and-circumcision,s0227,X,no,net benefit unnamed; context includes UTI and other non-STI conditions,sti-tagger-3,"Critics argue some benefits are overstated relative to risks, particularly for non-therapeutic neonatal procedures, but risk-benefit analyses suggest net positives exceeding 100:1 for certain conditions over a lifetime. [131]"
h0626,stapler-circumcision,s0005,X,no,complication rates,sti-tagger-3,"Patients typically experience a rapid postoperative recovery with low overall complication rates (around 2–5%), including occasional delayed staple detachment or minor edema, hematoma, or infection."
h0627,stapler-circumcision,s0104,X,no,functional outcomes,sti-tagger-3,"Functional outcomes are generally positive, with the procedure preserving normal penile anatomy and function, including micturition and erectile capability, in the absence of significant complications affecting these aspects."
h0628,stapler-circumcision,s0127,X,no,complication rates,sti-tagger-3,"Early complications of stapler circumcision are generally infrequent and less common than those associated with conventional circumcision, with overall rates reported around 2.7% in large prospective studies."
h0629,stapler-circumcision,s0139,X,no,complication rates,sti-tagger-3,"Delayed complications of stapler circumcision are uncommon, with large studies reporting low rates of issues persisting beyond the initial recovery period."
h0630,stapler-circumcision,s0145,X,no,delayed complications,sti-tagger-3,"Long-term follow-up (up to 3 months for all patients and 1 year for a subset) has shown no instances of meatal stenosis, skin bridging, penile deformities, or other significant delayed complications such as persistent staples beyond the removal window or staple extrusion. [7]"
h0631,stapler-circumcision,s0209,X,no,complication rate,sti-tagger-3,"It demonstrated an average operative time of 7.7 minutes and a low complication rate of 4.8% (3 cases: 1 intraoperative bleeding, 2 delayed staple fallout), with the device using 18 stainless steel staples for anastomosis."
h0632,stapler-circumcision,s0211,X,no,procedure safety,sti-tagger-3,"These early studies on stapler devices established the technique's feasibility and safety in Chinese medical practice, facilitating wider adoption."
h0633,ulwaluko,s0144,X,no,complication incident rates,sti-tagger-3,"Rural settings, by contrast, benefit from communal oversight and geographic isolation that enforce stricter adherence to protocols, yielding lower incident rates than urban dilutions where profit motives supplant elder-guided standards."
h0634,views-on-circumcision,s0003,X,yes,UTI and low complication rates remain,sti-tagger-3,"Medically, systematic reviews indicate that circumcision reduces risks of HIV acquisition by 50-60% in heterosexual men in high-prevalence areas, urinary tract infections in infancy, and certain sexually transmitted infections, with overall complication rates remaining low at under 1% for neonatal procedures. [3] [4]"
h0635,views-on-circumcision,s0005,X,no,"""these benefits"" include UTI per preceding sentence",sti-tagger-3,"Proponents, including bodies like the American Academy of Pediatrics, argue that these preventive health benefits outweigh the risks for newborns in contexts where the procedure is culturally normative, justifying access without parental regret. [6]"
h0636,views-on-circumcision,s0069,X,no,UTI,sti-tagger-3,"Circumcision in infancy reduces the risk of urinary tract infections (UTIs) by approximately 90%, with meta-analyses of observational studies indicating a 10-fold lower incidence in circumcised boys compared to uncircumcised boys during the first year of life. [49]"
h0637,views-on-circumcision,s0070,X,no,UTI,sti-tagger-3,"A systematic review and meta-analysis of 12 studies involving over 400,000 children confirmed this protective effect, estimating that for every 111 neonatal circumcisions, one UTI is prevented, given a baseline risk of about 1% in uncircumcised male infants. [50]"
h0638,views-on-circumcision,s0071,X,no,UTI mechanism,sti-tagger-3,"This benefit stems from the elimination of the foreskin, which can harbor bacteria under the preputial space, facilitating ascent to the urinary tract."
h0639,views-on-circumcision,s0073,X,no,penile cancer,sti-tagger-3,"Penile cancer, though rare (incidence around 1 in 100,000 in developed countries), occurs almost exclusively in uncircumcised men, with rates near zero among those circumcised neonatally or in childhood."
h0640,views-on-circumcision,s0074,X,yes,penile cancer (rule 3),sti-tagger-3,"A meta-analysis of case-control studies found that childhood or adolescent circumcision confers a protective odds ratio of 0.33 (95% CI 0.13–0.83) against invasive penile cancer, attributing this primarily to reduced chronic inflammation and human papillomavirus (HPV) persistence under the foreskin. [51]"
h0641,views-on-circumcision,s0075,X,no,penile cancer mechanism (smegma),sti-tagger-3,"Longitudinal data support that the absence of foreskin prevents smegma accumulation and recurrent irritation, key precursors to carcinogenesis."
h0642,views-on-circumcision,s0077,H,yes,,sti-tagger-3,Randomized controlled trials (RCTs) in high-HIV-prevalence African populations demonstrate substantial reductions in heterosexual HIV acquisition.
h0643,views-on-circumcision,s0078,H,no,,sti-tagger-3,"The ANRS 1265 trial (2005), involving 3,274 uncircumcised men in South Africa aged 18–24, reported a 60% relative risk reduction (hazard ratio 0.40, 95% CI 0.24–0.68) after 21 months of follow-up, with similar findings in Ugandan (Rakai trial, 60% reduction) and Kenyan RCTs conducted between 2005 and 2007. [52]"
h0644,views-on-circumcision,s0079,H,yes,"HIV, HPV, HSV-2",sti-tagger-3,"These trials, totaling over 10,000 participants, showed consistent efficacy against HIV, with additional meta-analyses confirming 30–50% reductions in HPV and herpes simplex virus type 2 acquisition, linked to decreased viral entry via the foreskin's inner mucosa. [52]"
h0645,views-on-circumcision,s0080,H,yes,HIV absolute risk reduction,sti-tagger-3,"Absolute risk reductions vary by baseline prevalence; in settings with 3–4% annual HIV incidence, approximately 1–2 infections are averted per 100 circumcisions over two years."
h0646,views-on-circumcision,s0082,X,no,"phimosis, balanitis",sti-tagger-3,Circumcision also mitigates foreskin-related conditions such as phimosis and balanitis.
h0647,views-on-circumcision,s0083,X,no,balanitis,sti-tagger-3,"Meta-analyses indicate a 68% lower prevalence of balanitis in circumcised males, with longitudinal studies showing up to 90% reductions in inflammatory episodes due to improved hygiene and elimination of the preputial microenvironment prone to infection. [53]"
h0648,views-on-circumcision,s0084,X,no,phimosis,sti-tagger-3,"In a review of cohort data, uncircumcised boys faced a 10–20% lifetime risk of pathological phimosis requiring intervention, versus negligible rates post-circumcision."
h0649,views-on-circumcision,s0086,X,no,"""these benefits"" follow balanitis/phimosis sentences; non-STI benefits included",sti-tagger-3,"Recent systematic reviews, including those synthesizing RCTs and observational data up to 2023, reaffirm these benefits in endemic areas, emphasizing net preventive effects against infections with low procedural risks."
h0650,views-on-circumcision,s0087,X,yes,UTI remains,sti-tagger-3,"For instance, in regions with high STI burdens, lifetime absolute risk reductions include preventing 1 UTI per 100–200 procedures and substantial HIV averting in at-risk groups."
h0651,views-on-circumcision,s0089,X,no,complication rates,sti-tagger-3,"Neonatal circumcision carries acute risks primarily involving bleeding and infection, occurring in approximately 0.2% to 0.6% of cases when performed by trained practitioners using proper techniques and anesthesia. [6] [55]"
h0652,views-on-circumcision,s0090,X,no,complication rates,sti-tagger-3,"Severe complications, such as penile injury or excessive bleeding requiring intervention, affect fewer than 0.5% of procedures, with rates of adverse events like stricture or necrosis ranging from 0.76 per million circumcisions. [56]"
h0653,views-on-circumcision,s0093,X,no,sexual function,sti-tagger-3,"Long-term complications, including impacts on sexual sensitivity or function, lack robust empirical support from high-quality studies."
h0654,views-on-circumcision,s0094,X,no,sexual function data,sti-tagger-3,"A 2013 systematic review and meta-analysis of randomized controlled trials and cohort studies found no significant differences in sexual satisfaction, erectile function, or premature ejaculation rates between circumcised and uncircumcised men. [58] [59]"
h0655,views-on-circumcision,s0095,X,no,sensitivity/keratinization data,sti-tagger-3,"Claims of glans keratinization leading to desensitization are overstated, as histological analyses reveal no substantial increase in keratin thickness or cornification following circumcision, with epithelial changes attributable more to individual variation than procedural exposure. [60]"
h0656,views-on-circumcision,s0097,X,no,pain and anaesthesia,sti-tagger-3,"Pain during neonatal circumcision is effectively mitigated with local anesthesia, reducing distress to levels comparable to routine vaccinations, countering assertions of unmanageable harm. [6]"
h0657,views-on-circumcision,s0099,X,no,risk/safety summary,sti-tagger-3,"These outcomes emphasize that risks are minimized in standardized medical settings, with no causal link established to profound functional deficits in large-scale empirical reviews."
h0658,views-on-circumcision,s0101,X,no,"AAP benefits unnamed; preceding sentences are on risks, cannot tell (rule 2 default)",sti-tagger-3,"The American Academy of Pediatrics (AAP) issued a 2012 policy statement concluding that the health benefits of newborn male circumcision outweigh the risks, though the data were insufficient to recommend it as a routine procedure for all male newborns; instead, the AAP emphasized that parents should determine what is in the best interests of their child and have access to the procedure if desired. [6]"
h0659,views-on-circumcision,s0102,X,yes,UTI remains,sti-tagger-3,"This position has been maintained without formal revision, aligning with ongoing evaluations that preventive benefits, such as reduced urinary tract infections and certain sexually transmitted infections, justify offering the option in low-risk settings."
h0660,views-on-circumcision,s0104,H,yes,HIV and other STIs only,sti-tagger-3,"The Centers for Disease Control and Prevention (CDC) recommends that healthcare providers inform adolescent and adult males, as well as parents of newborn boys, about the substantial evidence that male circumcision reduces the risk of HIV acquisition during heterosexual sex by approximately 60%, alongside benefits against other sexually transmitted infections; the CDC supports voluntary access without endorsing mandates. [65]"
h0661,views-on-circumcision,s0105,H,yes,,sti-tagger-3,"Similarly, the World Health Organization (WHO) endorses voluntary medical male circumcision (VMMC) as part of HIV prevention strategies in high-prevalence regions, particularly sub-Saharan Africa, where over 30 million procedures have been performed since 2007, averting an estimated 615,000 HIV infections by 2020 based on modeling of randomized trial data. [38]"
h0662,views-on-circumcision,s0113,X,no,balanitis and phimosis,sti-tagger-3,"The American Urological Association (AUA), in its policy reaffirmed as of 2018, recognizes both potential medical benefits (e.g., reduced balanitis and phimosis risks) and disadvantages (e.g., surgical complications) of neonatal circumcision, rejecting routine bans and affirming parental decision-making after informed discussion of evidence-based pros and cons. [71]"
h0663,views-on-circumcision,s0119,X,no,sexual function data,sti-tagger-3,"Advocates cite histological studies documenting the foreskin's dense innervation and erogenous tissue, arguing that its excision diminishes sexual function and sensitivity, though randomized controlled trials (RCTs) have not demonstrated measurable long-term functional deficits in circumcised individuals compared to uncircumcised controls."
h0664,views-on-circumcision,s0121,X,no,mental health data,sti-tagger-3,"Critics of these rights-based arguments contend that intactivist rhetoric over-relies on anecdotal reports of psychological trauma and body image dissatisfaction, with empirical data from longitudinal studies showing no evidence of widespread mental health harm attributable to neonatal circumcision."
h0665,views-on-circumcision,s0122,X,no,"""certain infections"" unspecified, cannot tell if STI-only; FGM complication contrast remains",sti-tagger-3,"The analogy to FGM is contested on grounds that FGM procedures, such as clitoridectomy, confer no health benefits and are universally condemned by bodies like the World Health Organization for severe complications, whereas male circumcision has documented preventive effects against certain infections, rendering the comparison ethically asymmetric."
h0666,views-on-circumcision,s0188,X,no,sexual function data,sti-tagger-3,"However, high-quality studies, including a 2023 review in Sexual Medicine Open Access, find no evidence of sexual dysfunction or diminished pleasure post-circumcision, with randomized trials and meta-analyses showing minimal or no adverse impacts on sensation or satisfaction. [109] [110]"
h0667,views-on-circumcision,s0190,H,yes,WHO endorsement on HIV trials,sti-tagger-3,"Critics argue that intactivism selectively ignores global health data, such as World Health Organization (WHO) endorsements of VMMC based on randomized controlled trials demonstrating approximately 60% reduction in heterosexual HIV acquisition among men in high-prevalence regions. [38] [112]"
