article,sentence_id,topic_group,model_side,rule_side,label_method
ashley-montagu-resolution,s0001,male,anti,anti,model
ashley-montagu-resolution,s0002,male,not_argument,none,model
ashley-montagu-resolution,s0003,male,anti,none,model
ashley-montagu-resolution,s0004,male,not_argument,none,model
ashley-montagu-resolution,s0005,male,anti,anti,model
ashley-montagu-resolution,s0006,male,not_argument,none,model
ashley-montagu-resolution,s0007,male,anti,anti,model
ashley-montagu-resolution,s0008,male,not_argument,none,model
ashley-montagu-resolution,s0009,male,pro,mixed,model
ashley-montagu-resolution,s0010,male,not_argument,none,model
ashley-montagu-resolution,s0011,male,not_argument,none,model
ashley-montagu-resolution,s0012,male,not_argument,none,model
ashley-montagu-resolution,s0013,male,not_argument,none,model
ashley-montagu-resolution,s0014,male,not_argument,none,model
ashley-montagu-resolution,s0015,male,not_argument,none,model
ashley-montagu-resolution,s0016,male,not_argument,pro,model
ashley-montagu-resolution,s0017,male,not_argument,none,model
ashley-montagu-resolution,s0018,male,not_argument,none,model
ashley-montagu-resolution,s0019,male,not_argument,none,model
ashley-montagu-resolution,s0020,male,not_argument,anti,model
ashley-montagu-resolution,s0021,male,not_argument,none,model
ashley-montagu-resolution,s0022,male,not_argument,none,model
ashley-montagu-resolution,s0023,male,not_argument,anti,model
ashley-montagu-resolution,s0024,male,not_argument,mixed,model
ashley-montagu-resolution,s0025,male,not_argument,none,model
ashley-montagu-resolution,s0026,male,not_argument,none,model
ashley-montagu-resolution,s0027,male,anti,anti,model
ashley-montagu-resolution,s0028,male,anti,anti,model
ashley-montagu-resolution,s0029,male,anti,pro,model
ashley-montagu-resolution,s0030,male,not_argument,none,model
ashley-montagu-resolution,s0031,male,anti,anti,model
ashley-montagu-resolution,s0032,male,anti,none,model
ashley-montagu-resolution,s0033,male,anti,anti,model
ashley-montagu-resolution,s0034,male,not_argument,mixed,model
ashley-montagu-resolution,s0035,male,not_argument,none,model
ashley-montagu-resolution,s0036,male,not_argument,anti,model
ashley-montagu-resolution,s0037,male,not_argument,mixed,model
ashley-montagu-resolution,s0038,male,not_argument,mixed,model
ashley-montagu-resolution,s0039,male,anti,none,model
ashley-montagu-resolution,s0040,male,not_argument,anti,model
ashley-montagu-resolution,s0041,male,anti,anti,model
ashley-montagu-resolution,s0042,male,pro,anti,model
ashley-montagu-resolution,s0043,male,not_argument,none,model
ashley-montagu-resolution,s0044,male,not_argument,none,model
ashley-montagu-resolution,s0045,male,anti,mixed,model
ashley-montagu-resolution,s0046,male,pro,mixed,model
ashley-montagu-resolution,s0047,male,not_argument,none,model
ashley-montagu-resolution,s0048,male,not_argument,none,model
ashley-montagu-resolution,s0049,male,not_argument,anti,model
ashley-montagu-resolution,s0050,male,anti,anti,model
ashley-montagu-resolution,s0051,male,not_argument,none,model
ashley-montagu-resolution,s0052,male,anti,anti,model
ashley-montagu-resolution,s0053,male,anti,mixed,model
ashley-montagu-resolution,s0054,male,not_argument,anti,model
ashley-montagu-resolution,s0055,male,not_argument,none,model
ashley-montagu-resolution,s0056,male,not_argument,anti,model
ashley-montagu-resolution,s0057,male,not_argument,anti,model
ashley-montagu-resolution,s0058,male,not_argument,anti,model
ashley-montagu-resolution,s0059,male,anti,anti,model
ashley-montagu-resolution,s0060,male,not_argument,none,model
ashley-montagu-resolution,s0061,male,anti,anti,model
ashley-montagu-resolution,s0062,male,not_argument,anti,model
ashley-montagu-resolution,s0063,male,anti,anti,model
ashley-montagu-resolution,s0064,male,anti,anti,model
ashley-montagu-resolution,s0065,male,not_argument,none,model
ashley-montagu-resolution,s0066,male,anti,mixed,model
ashley-montagu-resolution,s0067,male,pro,anti,model
ashley-montagu-resolution,s0068,male,not_argument,anti,model
ashley-montagu-resolution,s0069,male,not_argument,none,model
ashley-montagu-resolution,s0070,male,not_argument,none,model
ashley-montagu-resolution,s0071,male,not_argument,anti,model
ashley-montagu-resolution,s0072,male,not_argument,none,model
ashley-montagu-resolution,s0073,male,anti,none,model
ashley-montagu-resolution,s0074,male,not_argument,anti,model
ashley-montagu-resolution,s0075,male,not_argument,none,model
ashley-montagu-resolution,s0076,male,not_argument,none,model
ashley-montagu-resolution,s0077,male,anti,anti,model
ashley-montagu-resolution,s0078,male,not_argument,mixed,model
ashley-montagu-resolution,s0079,male,not_argument,none,model
ashley-montagu-resolution,s0080,male,not_argument,anti,model
ashley-montagu-resolution,s0081,male,not_argument,anti,model
ashley-montagu-resolution,s0082,male,not_argument,none,model
ashley-montagu-resolution,s0083,male,not_argument,none,model
ashley-montagu-resolution,s0084,male,not_argument,none,model
ashley-montagu-resolution,s0085,male,anti,anti,model
ashley-montagu-resolution,s0086,male,anti,none,model
ashley-montagu-resolution,s0087,male,anti,anti,model
ashley-montagu-resolution,s0088,male,anti,anti,model
ashley-montagu-resolution,s0089,male,anti,mixed,model
ashley-montagu-resolution,s0090,male,not_argument,none,model
ashley-montagu-resolution,s0091,male,not_argument,none,model
ashley-montagu-resolution,s0092,male,not_argument,none,model
ashley-montagu-resolution,s0093,male,not_argument,anti,model
ashley-montagu-resolution,s0094,male,not_argument,none,model
ashley-montagu-resolution,s0095,male,not_argument,none,model
ashley-montagu-resolution,s0096,male,not_argument,none,model
ashley-montagu-resolution,s0097,male,anti,mixed,model
ashley-montagu-resolution,s0098,male,anti,anti,model
ashley-montagu-resolution,s0099,male,not_argument,none,model
ashley-montagu-resolution,s0100,male,anti,anti,model
ashley-montagu-resolution,s0101,male,not_argument,none,model
ashley-montagu-resolution,s0102,male,anti,anti,model
ashley-montagu-resolution,s0103,male,not_argument,none,model
ashley-montagu-resolution,s0104,male,not_argument,none,model
ashley-montagu-resolution,s0105,male,not_argument,none,model
ashley-montagu-resolution,s0106,male,not_argument,none,model
ashley-montagu-resolution,s0107,male,not_argument,none,model
ashley-montagu-resolution,s0108,male,not_argument,none,model
ashley-montagu-resolution,s0109,male,not_argument,anti,model
ashley-montagu-resolution,s0110,male,not_argument,none,model
ashley-montagu-resolution,s0111,male,not_argument,none,model
ashley-montagu-resolution,s0112,male,not_argument,anti,model
ashley-montagu-resolution,s0113,male,anti,anti,model
ashley-montagu-resolution,s0114,male,anti,anti,model
ashley-montagu-resolution,s0115,male,not_argument,none,model
ashley-montagu-resolution,s0116,male,anti,anti,model
ashley-montagu-resolution,s0117,male,not_argument,anti,model
ashley-montagu-resolution,s0118,male,anti,anti,model
ashley-montagu-resolution,s0119,male,anti,anti,model
ashley-montagu-resolution,s0120,male,not_argument,none,model
ashley-montagu-resolution,s0121,male,not_argument,none,model
ashley-montagu-resolution,s0122,male,anti,anti,model
ashley-montagu-resolution,s0123,male,not_argument,anti,model
ashley-montagu-resolution,s0124,male,not_argument,none,model
ashley-montagu-resolution,s0125,male,anti,anti,model
ashley-montagu-resolution,s0126,male,anti,anti,model
ashley-montagu-resolution,s0127,male,anti,anti,model
ashley-montagu-resolution,s0128,male,not_argument,none,model
ashley-montagu-resolution,s0129,male,anti,anti,model
ashley-montagu-resolution,s0130,male,anti,anti,model
ashley-montagu-resolution,s0131,male,anti,anti,model
ashley-montagu-resolution,s0132,male,not_argument,none,model
ashley-montagu-resolution,s0133,male,anti,anti,model
ashley-montagu-resolution,s0134,male,anti,mixed,model
ashley-montagu-resolution,s0135,male,anti,anti,model
ashley-montagu-resolution,s0136,male,not_argument,none,model
ashley-montagu-resolution,s0137,male,anti,anti,model
ashley-montagu-resolution,s0138,male,anti,anti,model
ashley-montagu-resolution,s0139,male,anti,anti,model
ashley-montagu-resolution,s0140,male,not_argument,none,model
ashley-montagu-resolution,s0141,male,not_argument,none,model
ashley-montagu-resolution,s0142,male,not_argument,none,model
ashley-montagu-resolution,s0143,male,anti,anti,model
ashley-montagu-resolution,s0144,male,not_argument,none,model
ashley-montagu-resolution,s0145,male,anti,anti,model
ashley-montagu-resolution,s0146,male,not_argument,none,model
ashley-montagu-resolution,s0147,male,pro,none,model
ashley-montagu-resolution,s0148,male,not_argument,anti,model
ashley-montagu-resolution,s0149,male,not_argument,anti,model
ashley-montagu-resolution,s0150,male,not_argument,none,model
ashley-montagu-resolution,s0151,male,not_argument,none,model
ashley-montagu-resolution,s0152,male,not_argument,none,model
ashley-montagu-resolution,s0153,male,pro,pro,model
ashley-montagu-resolution,s0154,male,not_argument,anti,model
ashley-montagu-resolution,s0155,male,pro,mixed,model
ashley-montagu-resolution,s0156,male,pro,mixed,model
ashley-montagu-resolution,s0157,male,not_argument,none,model
ashley-montagu-resolution,s0158,male,anti,anti,model
ashley-montagu-resolution,s0159,male,anti,anti,model
ashley-montagu-resolution,s0160,male,not_argument,none,model
ashley-montagu-resolution,s0161,male,not_argument,none,model
ashley-montagu-resolution,s0162,male,anti,mixed,model
ashley-montagu-resolution,s0163,male,pro,anti,model
ashley-montagu-resolution,s0164,male,not_argument,none,model
ashley-montagu-resolution,s0165,male,not_argument,none,model
ashley-montagu-resolution,s0166,male,pro,anti,model
ashley-montagu-resolution,s0167,male,not_argument,anti,model
ashley-montagu-resolution,s0168,male,not_argument,none,model
ashley-montagu-resolution,s0169,male,not_argument,anti,model
ashley-montagu-resolution,s0170,male,not_argument,none,model
ashley-montagu-resolution,s0171,male,not_argument,none,model
ashley-montagu-resolution,s0172,male,not_argument,none,model
ashley-montagu-resolution,s0173,male,not_argument,anti,model
ashley-montagu-resolution,s0174,male,not_argument,anti,model
ashley-montagu-resolution,s0175,male,not_argument,none,model
ashley-montagu-resolution,s0176,male,pro,mixed,model
ashley-montagu-resolution,s0177,male,pro,anti,model
ashley-montagu-resolution,s0178,male,not_argument,anti,model
ashley-montagu-resolution,s0179,male,anti,anti,model
ashley-montagu-resolution,s0180,male,anti,anti,model
ashley-montagu-resolution,s0181,male,anti,anti,model
ashley-montagu-resolution,s0182,male,not_argument,none,model
ashley-montagu-resolution,s0183,male,pro,anti,model
ashley-montagu-resolution,s0184,male,not_argument,anti,model
ashley-montagu-resolution,s0185,male,pro,anti,model
ashley-montagu-resolution,s0186,male,pro,mixed,model
ashley-montagu-resolution,s0187,male,not_argument,none,model
ashley-montagu-resolution,s0188,male,pro,mixed,model
ashley-montagu-resolution,s0189,male,pro,none,model
ashley-montagu-resolution,s0190,male,not_argument,mixed,model
ashley-montagu-resolution,s0191,male,not_argument,none,model
ashley-montagu-resolution,s0192,male,anti,anti,model
ashley-montagu-resolution,s0193,male,pro,pro,model
ashley-montagu-resolution,s0194,male,pro,anti,model
ashley-montagu-resolution,s0195,male,not_argument,none,model
ashley-montagu-resolution,s0196,male,pro,pro,model
ashley-montagu-resolution,s0197,male,pro,pro,model
ashley-montagu-resolution,s0198,male,pro,none,model
ashley-montagu-resolution,s0199,male,pro,pro,model
ashley-montagu-resolution,s0200,male,not_argument,none,model
ashley-montagu-resolution,s0201,male,pro,anti,model
ashley-montagu-resolution,s0202,male,pro,anti,model
ashley-montagu-resolution,s0203,male,pro,anti,model
ashley-montagu-resolution,s0204,male,pro,pro,model
ashley-montagu-resolution,s0205,male,not_argument,none,model
ashley-montagu-resolution,s0206,male,not_argument,mixed,model
ashley-montagu-resolution,s0207,male,pro,mixed,model
ashley-montagu-resolution,s0208,male,pro,none,model
ashley-montagu-resolution,s0209,male,pro,mixed,model
ashley-montagu-resolution,s0210,male,not_argument,none,model
ashley-montagu-resolution,s0211,male,pro,anti,model
ashley-montagu-resolution,s0212,male,pro,mixed,model
ashley-montagu-resolution,s0213,male,pro,mixed,model
ashley-montagu-resolution,s0214,male,not_argument,none,model
ashley-montagu-resolution,s0215,male,pro,anti,model
ashley-montagu-resolution,s0216,male,pro,none,model
ashley-montagu-resolution,s0217,male,pro,pro,model
ashley-montagu-resolution,s0218,male,pro,anti,model
ashley-montagu-resolution,s0219,male,not_argument,none,model
ashley-montagu-resolution,s0220,male,pro,mixed,model
ashley-montagu-resolution,s0221,male,not_argument,anti,model
ashley-montagu-resolution,s0222,male,pro,mixed,model
ashley-montagu-resolution,s0223,male,not_argument,none,model
ashley-montagu-resolution,s0224,male,not_argument,anti,model
ashley-montagu-resolution,s0225,male,anti,anti,model
ashley-montagu-resolution,s0226,male,anti,anti,model
ashley-montagu-resolution,s0227,male,not_argument,none,model
ashley-montagu-resolution,s0228,male,not_argument,anti,model
ashley-montagu-resolution,s0229,male,anti,anti,model
ashley-montagu-resolution,s0230,male,not_argument,none,model
ashley-montagu-resolution,s0231,male,not_argument,none,model
ashley-montagu-resolution,s0232,male,anti,anti,model
ashley-montagu-resolution,s0233,male,not_argument,anti,model
ashley-montagu-resolution,s0234,male,not_argument,anti,model
ashley-montagu-resolution,s0235,male,not_argument,none,model
ashley-montagu-resolution,s0236,male,anti,anti,model
ashley-montagu-resolution,s0237,male,not_argument,none,model
ashley-montagu-resolution,s0238,male,anti,anti,model
ashley-montagu-resolution,s0239,male,not_argument,none,model
ashley-montagu-resolution,s0240,male,not_argument,anti,model
ashley-montagu-resolution,s0241,male,anti,anti,model
ashley-montagu-resolution,s0242,male,pro,mixed,model
ashley-montagu-resolution,s0243,male,not_argument,none,model
ashley-montagu-resolution,s0244,male,pro,mixed,model
ashley-montagu-resolution,s0245,male,not_argument,anti,model
ashley-montagu-resolution,s0246,male,not_argument,mixed,model
brit-milah,s0001,male,not_argument,none,model
brit-milah,s0002,male,not_argument,none,model
brit-milah,s0003,male,not_argument,none,model
brit-milah,s0004,male,not_argument,none,model
brit-milah,s0005,male,not_argument,none,model
brit-milah,s0006,male,not_argument,anti,model
brit-milah,s0007,male,not_argument,none,model
brit-milah,s0008,male,anti,mixed,model
brit-milah,s0009,male,not_argument,none,model
brit-milah,s0010,male,not_argument,none,model
brit-milah,s0011,male,not_argument,none,model
brit-milah,s0012,male,not_argument,pro,model
brit-milah,s0013,male,not_argument,none,model
brit-milah,s0014,male,not_argument,none,model
brit-milah,s0015,male,not_argument,none,model
brit-milah,s0016,male,not_argument,none,model
brit-milah,s0017,male,not_argument,none,model
brit-milah,s0018,male,not_argument,none,model
brit-milah,s0019,male,pro,mixed,model
brit-milah,s0020,male,pro,none,model
brit-milah,s0021,male,not_argument,none,model
brit-milah,s0022,male,not_argument,none,model
brit-milah,s0023,male,not_argument,none,model
brit-milah,s0024,male,not_argument,none,model
brit-milah,s0025,male,not_argument,none,model
brit-milah,s0026,male,not_argument,none,model
brit-milah,s0027,male,not_argument,none,model
brit-milah,s0028,male,not_argument,none,model
brit-milah,s0029,male,not_argument,none,model
brit-milah,s0030,male,not_argument,none,model
brit-milah,s0031,male,not_argument,none,model
brit-milah,s0032,male,not_argument,none,model
brit-milah,s0033,male,not_argument,none,model
brit-milah,s0034,male,not_argument,none,model
brit-milah,s0035,male,not_argument,none,model
brit-milah,s0036,male,not_argument,pro,model
brit-milah,s0037,male,not_argument,none,model
brit-milah,s0038,male,not_argument,none,model
brit-milah,s0039,male,not_argument,none,model
brit-milah,s0040,male,not_argument,none,model
brit-milah,s0041,male,not_argument,none,model
brit-milah,s0042,male,not_argument,none,model
brit-milah,s0043,male,not_argument,none,model
brit-milah,s0044,male,pro,none,model
brit-milah,s0045,male,not_argument,none,model
brit-milah,s0046,male,not_argument,none,model
brit-milah,s0047,male,not_argument,none,model
brit-milah,s0048,male,not_argument,none,model
brit-milah,s0049,male,not_argument,none,model
brit-milah,s0050,male,not_argument,none,model
brit-milah,s0051,male,not_argument,none,model
brit-milah,s0052,male,not_argument,pro,model
brit-milah,s0053,male,not_argument,none,model
brit-milah,s0054,male,not_argument,none,model
brit-milah,s0055,male,not_argument,none,model
brit-milah,s0056,male,not_argument,none,model
brit-milah,s0057,male,not_argument,none,model
brit-milah,s0058,male,not_argument,none,model
brit-milah,s0059,male,not_argument,none,model
brit-milah,s0060,male,not_argument,none,model
brit-milah,s0061,male,not_argument,none,model
brit-milah,s0062,male,not_argument,none,model
brit-milah,s0063,male,not_argument,none,model
brit-milah,s0064,male,not_argument,none,model
brit-milah,s0065,male,not_argument,none,model
brit-milah,s0066,male,not_argument,none,model
brit-milah,s0067,male,not_argument,none,model
brit-milah,s0068,male,not_argument,none,model
brit-milah,s0069,male,not_argument,anti,model
brit-milah,s0070,male,not_argument,none,model
brit-milah,s0071,male,not_argument,none,model
brit-milah,s0072,male,not_argument,none,model
brit-milah,s0073,male,not_argument,anti,model
brit-milah,s0074,male,not_argument,anti,model
brit-milah,s0075,male,not_argument,none,model
brit-milah,s0076,male,pro,none,model
brit-milah,s0077,male,pro,pro,model
brit-milah,s0078,male,not_argument,none,model
brit-milah,s0079,male,not_argument,none,model
brit-milah,s0080,male,not_argument,none,model
brit-milah,s0081,male,not_argument,none,model
brit-milah,s0082,male,not_argument,none,model
brit-milah,s0083,male,not_argument,none,model
brit-milah,s0084,male,not_argument,none,model
brit-milah,s0085,male,not_argument,none,model
brit-milah,s0086,male,not_argument,none,model
brit-milah,s0087,male,not_argument,none,model
brit-milah,s0088,male,not_argument,none,model
brit-milah,s0089,male,not_argument,none,model
brit-milah,s0090,male,not_argument,none,model
brit-milah,s0091,male,pro,none,model
brit-milah,s0092,male,not_argument,anti,model
brit-milah,s0093,male,not_argument,none,model
brit-milah,s0094,male,not_argument,none,model
brit-milah,s0095,male,not_argument,none,model
brit-milah,s0096,male,not_argument,none,model
brit-milah,s0097,male,not_argument,none,model
brit-milah,s0098,male,not_argument,none,model
brit-milah,s0099,male,not_argument,anti,model
brit-milah,s0100,male,not_argument,none,model
brit-milah,s0101,male,not_argument,none,model
brit-milah,s0102,male,not_argument,none,model
brit-milah,s0103,male,not_argument,none,model
brit-milah,s0104,male,not_argument,none,model
brit-milah,s0105,male,not_argument,none,model
brit-milah,s0106,male,not_argument,none,model
brit-milah,s0107,male,not_argument,none,model
brit-milah,s0108,male,not_argument,none,model
brit-milah,s0109,male,not_argument,none,model
brit-milah,s0110,male,not_argument,none,model
brit-milah,s0111,male,not_argument,none,model
brit-milah,s0112,male,not_argument,none,model
brit-milah,s0113,male,not_argument,none,model
brit-milah,s0114,male,not_argument,none,model
brit-milah,s0115,male,not_argument,none,model
brit-milah,s0116,male,not_argument,none,model
brit-milah,s0117,male,not_argument,none,model
brit-milah,s0118,male,not_argument,none,model
brit-milah,s0119,male,not_argument,none,model
brit-milah,s0120,male,not_argument,none,model
brit-milah,s0121,male,not_argument,none,model
brit-milah,s0122,male,not_argument,none,model
brit-milah,s0123,male,not_argument,none,model
brit-milah,s0124,male,not_argument,none,model
brit-milah,s0125,male,not_argument,none,model
brit-milah,s0126,male,not_argument,pro,model
brit-milah,s0127,male,not_argument,none,model
brit-milah,s0128,male,not_argument,none,model
brit-milah,s0129,male,pro,none,model
brit-milah,s0130,male,pro,anti,model
brit-milah,s0131,male,not_argument,none,model
brit-milah,s0132,male,not_argument,none,model
brit-milah,s0133,male,not_argument,anti,model
brit-milah,s0134,male,not_argument,none,model
brit-milah,s0135,male,not_argument,none,model
brit-milah,s0136,male,anti,none,model
brit-milah,s0137,male,not_argument,none,model
brit-milah,s0138,male,pro,none,model
brit-milah,s0139,male,not_argument,none,model
brit-milah,s0140,male,not_argument,none,model
brit-milah,s0141,male,not_argument,none,model
brit-milah,s0142,male,not_argument,none,model
brit-milah,s0143,male,not_argument,none,model
brit-milah,s0144,male,not_argument,none,model
brit-milah,s0145,male,not_argument,none,model
brit-milah,s0146,male,not_argument,anti,model
brit-milah,s0147,male,not_argument,none,model
brit-milah,s0148,male,not_argument,none,model
brit-milah,s0149,male,not_argument,none,model
brit-milah,s0150,male,not_argument,none,model
brit-milah,s0151,male,not_argument,none,model
brit-milah,s0152,male,not_argument,none,model
brit-milah,s0153,male,not_argument,none,model
brit-milah,s0154,male,not_argument,none,model
brit-milah,s0155,male,not_argument,none,model
brit-milah,s0156,male,not_argument,none,model
brit-milah,s0157,male,not_argument,none,model
brit-milah,s0158,male,not_argument,none,model
brit-milah,s0159,male,not_argument,pro,model
brit-milah,s0160,male,not_argument,none,model
brit-milah,s0161,male,not_argument,none,model
brit-milah,s0162,male,not_argument,none,model
brit-milah,s0163,male,not_argument,anti,model
brit-milah,s0164,male,not_argument,none,model
brit-milah,s0165,male,not_argument,none,model
brit-milah,s0166,male,not_argument,none,model
brit-milah,s0167,male,pro,none,model
brit-milah,s0168,male,not_argument,none,model
brit-milah,s0169,male,not_argument,none,model
brit-milah,s0170,male,not_argument,none,model
brit-milah,s0171,male,not_argument,none,model
brit-milah,s0172,male,not_argument,none,model
brit-milah,s0173,male,not_argument,anti,model
brit-milah,s0174,male,pro,anti,model
brit-milah,s0175,male,not_argument,none,model
brit-milah,s0176,male,not_argument,none,model
brit-milah,s0177,male,not_argument,none,model
brit-milah,s0178,male,not_argument,none,model
brit-milah,s0179,male,not_argument,none,model
brit-milah,s0180,male,not_argument,none,model
brit-milah,s0181,male,not_argument,none,model
brit-milah,s0182,male,not_argument,none,model
brit-milah,s0183,male,not_argument,none,model
brit-milah,s0184,male,not_argument,none,model
brit-milah,s0185,male,not_argument,none,model
brit-milah,s0186,male,not_argument,none,model
brit-milah,s0187,male,not_argument,none,model
brit-milah,s0188,male,not_argument,none,model
brit-milah,s0189,male,not_argument,none,model
brit-milah,s0190,male,not_argument,none,model
brit-milah,s0191,male,not_argument,pro,model
brit-milah,s0192,male,not_argument,none,model
brit-milah,s0193,male,not_argument,none,model
brit-milah,s0194,male,not_argument,none,model
brit-milah,s0195,male,not_argument,none,model
brit-milah,s0196,male,not_argument,none,model
brit-milah,s0197,male,not_argument,none,model
brit-milah,s0198,male,not_argument,none,model
brit-milah,s0199,male,not_argument,none,model
brit-milah,s0200,male,not_argument,none,model
brit-milah,s0201,male,not_argument,none,model
brit-milah,s0202,male,not_argument,none,model
brit-milah,s0203,male,not_argument,none,model
brit-milah,s0204,male,anti,anti,model
brit-milah,s0205,male,not_argument,pro,model
brit-milah,s0206,male,not_argument,none,model
brit-milah,s0207,male,pro,none,model
brit-milah,s0208,male,pro,none,model
brit-milah,s0209,male,pro,pro,model
brit-milah,s0210,male,not_argument,none,model
brit-milah,s0211,male,pro,pro,model
brit-milah,s0212,male,pro,pro,model
brit-milah,s0213,male,pro,pro,model
brit-milah,s0214,male,not_argument,none,model
brit-milah,s0215,male,pro,none,model
brit-milah,s0216,male,pro,none,model
brit-milah,s0217,male,not_argument,none,model
brit-milah,s0218,male,pro,pro,model
brit-milah,s0219,male,pro,none,model
brit-milah,s0220,male,pro,pro,model
brit-milah,s0221,male,not_argument,none,model
brit-milah,s0222,male,anti,anti,model
brit-milah,s0223,male,anti,none,model
brit-milah,s0224,male,anti,none,model
brit-milah,s0225,male,not_argument,none,model
brit-milah,s0226,male,anti,anti,model
brit-milah,s0227,male,anti,none,model
brit-milah,s0228,male,anti,anti,model
brit-milah,s0229,male,not_argument,none,model
brit-milah,s0230,male,anti,none,model
brit-milah,s0231,male,anti,none,model
brit-milah,s0232,male,anti,none,model
brit-milah,s0233,male,anti,anti,model
brit-milah,s0234,male,not_argument,none,model
brit-milah,s0235,male,anti,none,model
brit-milah,s0236,male,anti,anti,model
brit-milah,s0237,male,not_argument,none,model
brit-milah,s0238,male,anti,none,model
brit-milah,s0239,male,anti,none,model
brit-milah,s0240,male,anti,none,model
brit-milah,s0241,male,not_argument,none,model
brit-milah,s0242,male,anti,none,model
brit-milah,s0243,male,anti,none,model
brit-milah,s0244,male,anti,none,model
brit-milah,s0245,male,anti,none,model
brit-milah,s0246,male,anti,none,model
brit-milah,s0247,male,anti,none,model
brit-milah,s0248,male,not_argument,none,model
brit-milah,s0249,male,not_argument,none,model
brit-milah,s0250,male,not_argument,none,model
brit-milah,s0251,male,not_argument,none,model
brit-milah,s0252,male,not_argument,none,model
brit-milah,s0253,male,not_argument,none,model
brit-milah,s0254,male,not_argument,none,model
brit-milah,s0255,male,pro,none,model
brit-milah,s0256,male,pro,anti,model
brit-milah,s0257,male,not_argument,none,model
brit-milah,s0258,male,anti,anti,model
brit-milah,s0259,male,anti,mixed,model
brit-milah,s0260,male,anti,mixed,model
brit-milah,s0261,male,not_argument,none,model
brit-milah,s0262,male,not_argument,mixed,model
brit-milah,s0263,male,not_argument,anti,model
brit-milah,s0264,male,pro,mixed,model
brit-milah,s0265,male,not_argument,none,model
brit-milah,s0266,male,anti,anti,model
brit-milah,s0267,male,anti,anti,model
brit-milah,s0268,male,anti,mixed,model
brit-milah,s0269,male,not_argument,none,model
brit-milah,s0270,male,anti,anti,model
brit-milah,s0271,male,pro,anti,model
brit-milah,s0272,male,anti,mixed,model
brit-milah,s0273,male,anti,none,model
brit-milah,s0274,male,not_argument,none,model
brit-milah,s0275,male,anti,mixed,model
brit-milah,s0276,male,anti,none,model
brit-milah,s0277,male,not_argument,anti,model
brit-milah,s0278,male,not_argument,none,model
brit-milah,s0279,male,anti,mixed,model
brit-milah,s0280,male,anti,anti,model
brit-milah,s0281,male,anti,anti,model
brit-milah,s0282,male,not_argument,none,model
brit-milah,s0283,male,pro,anti,model
brit-milah,s0284,male,not_argument,none,model
brit-milah,s0285,male,pro,mixed,model
brit-milah,s0286,male,pro,pro,model
brit-milah,s0287,male,not_argument,none,model
brit-milah,s0288,male,not_argument,none,model
brit-milah,s0289,male,pro,pro,model
brit-milah,s0290,male,pro,mixed,model
brit-milah,s0291,male,pro,pro,model
brit-milah,s0292,male,anti,none,model
brit-milah,s0293,male,pro,anti,model
brit-milah,s0294,male,not_argument,none,model
brit-milah,s0295,male,not_argument,mixed,model
brit-milah,s0296,male,not_argument,anti,model
brit-milah,s0297,male,not_argument,pro,model
brit-milah,s0298,male,not_argument,none,model
brit-milah,s0299,male,not_argument,anti,model
brit-milah,s0300,male,not_argument,anti,model
brit-milah,s0301,male,not_argument,none,model
brit-milah,s0302,male,not_argument,none,model
brit-milah,s0303,male,not_argument,none,model
brit-milah,s0304,male,not_argument,mixed,model
brit-milah,s0305,male,not_argument,none,model
brit-milah,s0306,male,not_argument,none,model
brit-milah,s0307,male,not_argument,none,model
brit-milah,s0308,male,not_argument,mixed,model
brit-milah,s0309,male,not_argument,none,model
brit-milah,s0310,male,not_argument,none,model
brit-milah,s0311,male,not_argument,pro,model
brit-milah,s0312,male,not_argument,pro,model
brit-milah,s0313,male,not_argument,none,model
brit-milah,s0314,male,not_argument,none,model
brit-milah,s0315,male,not_argument,none,model
brit-milah,s0316,male,pro,pro,model
brit-milah,s0317,male,not_argument,none,model
brit-milah,s0318,male,not_argument,none,model
brit-milah,s0319,male,not_argument,none,model
brit-milah,s0320,male,not_argument,anti,model
brit-milah,s0321,male,not_argument,pro,model
brit-milah,s0322,male,not_argument,none,model
brit-milah,s0323,male,not_argument,none,model
brit-milah,s0324,male,not_argument,mixed,model
brit-milah,s0325,male,not_argument,none,model
brit-milah,s0326,male,not_argument,none,model
brit-milah,s0327,male,not_argument,none,model
brit-milah,s0328,male,not_argument,none,model
brit-milah,s0329,male,not_argument,none,model
brit-milah,s0330,male,pro,none,model
brit-milah,s0331,male,pro,none,model
brit-milah,s0332,male,not_argument,none,model
brit-milah,s0333,male,not_argument,none,model
brit-milah,s0334,male,pro,mixed,model
brit-milah,s0335,male,pro,none,model
brit-milah,s0336,male,not_argument,none,model
brit-milah,s0337,male,not_argument,none,model
brit-milah,s0338,male,not_argument,anti,model
brit-milah,s0339,male,pro,none,model
brit-milah,s0340,male,not_argument,none,model
brit-milah,s0341,male,not_argument,none,model
brit-milah,s0342,male,not_argument,none,model
brit-milah,s0343,male,not_argument,none,model
brit-milah,s0344,male,not_argument,none,model
brit-milah,s0345,male,not_argument,none,model
brit-milah,s0346,male,not_argument,none,model
brit-milah,s0347,male,not_argument,none,model
brit-milah,s0348,male,not_argument,none,model
brit-milah,s0349,male,not_argument,none,model
brit-milah,s0350,male,not_argument,none,model
brit-milah,s0351,male,not_argument,anti,model
brit-milah,s0352,male,not_argument,none,model
brit-milah,s0353,male,not_argument,none,model
brit-milah,s0354,male,not_argument,none,model
brit-milah,s0355,male,not_argument,none,model
brit-milah,s0356,male,not_argument,none,model
brit-milah,s0357,male,not_argument,none,model
brit-milah,s0358,male,not_argument,none,model
brit-milah,s0359,male,not_argument,none,model
brit-milah,s0360,male,not_argument,none,model
brit-milah,s0361,male,not_argument,none,model
brit-milah,s0362,male,not_argument,none,model
brit-milah,s0363,male,not_argument,anti,model
brit-milah,s0364,male,not_argument,none,model
brit-milah,s0365,male,not_argument,anti,model
brit-milah,s0366,male,not_argument,none,model
brit-milah,s0367,male,not_argument,none,model
brit-milah,s0368,male,not_argument,none,model
brit-shalom-naming-ceremony,s0001,male,not_argument,none,model
brit-shalom-naming-ceremony,s0002,male,not_argument,none,model
brit-shalom-naming-ceremony,s0003,male,not_argument,anti,model
brit-shalom-naming-ceremony,s0004,male,not_argument,none,model
brit-shalom-naming-ceremony,s0005,male,not_argument,none,model
brit-shalom-naming-ceremony,s0006,male,not_argument,none,model
brit-shalom-naming-ceremony,s0007,male,not_argument,none,model
brit-shalom-naming-ceremony,s0008,male,not_argument,none,model
brit-shalom-naming-ceremony,s0009,male,not_argument,none,model
brit-shalom-naming-ceremony,s0010,male,not_argument,anti,model
brit-shalom-naming-ceremony,s0011,male,not_argument,none,model
brit-shalom-naming-ceremony,s0012,male,not_argument,none,model
brit-shalom-naming-ceremony,s0013,male,not_argument,none,model
brit-shalom-naming-ceremony,s0014,male,not_argument,anti,model
brit-shalom-naming-ceremony,s0015,male,not_argument,none,model
brit-shalom-naming-ceremony,s0016,male,not_argument,none,model
brit-shalom-naming-ceremony,s0017,male,not_argument,none,model
brit-shalom-naming-ceremony,s0018,male,not_argument,anti,model
brit-shalom-naming-ceremony,s0019,male,not_argument,none,model
brit-shalom-naming-ceremony,s0020,male,not_argument,anti,model
brit-shalom-naming-ceremony,s0021,male,not_argument,none,model
brit-shalom-naming-ceremony,s0022,male,not_argument,none,model
brit-shalom-naming-ceremony,s0023,male,not_argument,anti,model
brit-shalom-naming-ceremony,s0024,male,not_argument,none,model
brit-shalom-naming-ceremony,s0025,male,not_argument,none,model
brit-shalom-naming-ceremony,s0026,male,not_argument,none,model
brit-shalom-naming-ceremony,s0027,male,not_argument,none,model
brit-shalom-naming-ceremony,s0028,male,not_argument,none,model
brit-shalom-naming-ceremony,s0029,male,anti,anti,model
brit-shalom-naming-ceremony,s0030,male,pro,none,model
brit-shalom-naming-ceremony,s0031,male,not_argument,anti,model
brit-shalom-naming-ceremony,s0032,male,pro,none,model
brit-shalom-naming-ceremony,s0033,male,not_argument,none,model
brit-shalom-naming-ceremony,s0034,male,not_argument,none,model
brit-shalom-naming-ceremony,s0035,male,not_argument,none,model
brit-shalom-naming-ceremony,s0036,male,not_argument,none,model
brit-shalom-naming-ceremony,s0037,male,pro,none,model
brit-shalom-naming-ceremony,s0038,male,pro,none,model
brit-shalom-naming-ceremony,s0039,male,not_argument,none,model
brit-shalom-naming-ceremony,s0040,male,pro,none,model
brit-shalom-naming-ceremony,s0041,male,not_argument,none,model
brit-shalom-naming-ceremony,s0042,male,not_argument,none,model
brit-shalom-naming-ceremony,s0043,male,not_argument,anti,model
brit-shalom-naming-ceremony,s0044,male,not_argument,none,model
brit-shalom-naming-ceremony,s0045,male,not_argument,none,model
brit-shalom-naming-ceremony,s0046,male,anti,anti,model
brit-shalom-naming-ceremony,s0047,male,not_argument,none,model
brit-shalom-naming-ceremony,s0048,male,not_argument,none,model
brit-shalom-naming-ceremony,s0049,male,not_argument,none,model
brit-shalom-naming-ceremony,s0050,male,not_argument,none,model
brit-shalom-naming-ceremony,s0051,male,not_argument,none,model
brit-shalom-naming-ceremony,s0052,male,not_argument,none,model
brit-shalom-naming-ceremony,s0053,male,not_argument,none,model
brit-shalom-naming-ceremony,s0054,male,not_argument,none,model
brit-shalom-naming-ceremony,s0055,male,not_argument,none,model
brit-shalom-naming-ceremony,s0056,male,not_argument,none,model
brit-shalom-naming-ceremony,s0057,male,not_argument,none,model
brit-shalom-naming-ceremony,s0058,male,not_argument,none,model
brit-shalom-naming-ceremony,s0059,male,not_argument,none,model
brit-shalom-naming-ceremony,s0060,male,not_argument,none,model
brit-shalom-naming-ceremony,s0061,male,not_argument,none,model
brit-shalom-naming-ceremony,s0062,male,not_argument,none,model
brit-shalom-naming-ceremony,s0063,male,not_argument,none,model
brit-shalom-naming-ceremony,s0064,male,not_argument,none,model
brit-shalom-naming-ceremony,s0065,male,not_argument,none,model
brit-shalom-naming-ceremony,s0066,male,not_argument,none,model
brit-shalom-naming-ceremony,s0067,male,not_argument,none,model
brit-shalom-naming-ceremony,s0068,male,not_argument,none,model
brit-shalom-naming-ceremony,s0069,male,not_argument,none,model
brit-shalom-naming-ceremony,s0070,male,not_argument,none,model
brit-shalom-naming-ceremony,s0071,male,not_argument,anti,model
brit-shalom-naming-ceremony,s0072,male,not_argument,anti,model
brit-shalom-naming-ceremony,s0073,male,not_argument,none,model
brit-shalom-naming-ceremony,s0074,male,not_argument,none,model
brit-shalom-naming-ceremony,s0075,male,not_argument,none,model
brit-shalom-naming-ceremony,s0076,male,not_argument,none,model
brit-shalom-naming-ceremony,s0077,male,not_argument,none,model
brit-shalom-naming-ceremony,s0078,male,not_argument,anti,model
brit-shalom-naming-ceremony,s0079,male,not_argument,none,model
brit-shalom-naming-ceremony,s0080,male,not_argument,none,model
brit-shalom-naming-ceremony,s0081,male,not_argument,none,model
brit-shalom-naming-ceremony,s0082,male,anti,anti,model
brit-shalom-naming-ceremony,s0083,male,anti,mixed,model
brit-shalom-naming-ceremony,s0084,male,not_argument,none,model
brit-shalom-naming-ceremony,s0085,male,anti,anti,model
brit-shalom-naming-ceremony,s0086,male,anti,anti,model
brit-shalom-naming-ceremony,s0087,male,not_argument,none,model
brit-shalom-naming-ceremony,s0088,male,anti,anti,model
brit-shalom-naming-ceremony,s0089,male,anti,none,model
brit-shalom-naming-ceremony,s0090,male,not_argument,none,model
brit-shalom-naming-ceremony,s0091,male,not_argument,none,model
brit-shalom-naming-ceremony,s0092,male,pro,none,model
brit-shalom-naming-ceremony,s0093,male,pro,none,model
brit-shalom-naming-ceremony,s0094,male,not_argument,none,model
brit-shalom-naming-ceremony,s0095,male,pro,none,model
brit-shalom-naming-ceremony,s0096,male,pro,none,model
brit-shalom-naming-ceremony,s0097,male,not_argument,none,model
brit-shalom-naming-ceremony,s0098,male,pro,none,model
brit-shalom-naming-ceremony,s0099,male,pro,none,model
brit-shalom-naming-ceremony,s0100,male,pro,none,model
brit-shalom-naming-ceremony,s0101,male,anti,mixed,model
brit-shalom-naming-ceremony,s0102,male,anti,mixed,model
brit-shalom-naming-ceremony,s0103,male,pro,pro,model
brit-shalom-naming-ceremony,s0104,male,anti,anti,model
brit-shalom-naming-ceremony,s0105,male,not_argument,none,model
brit-shalom-naming-ceremony,s0106,male,anti,anti,model
brit-shalom-naming-ceremony,s0107,male,anti,anti,model
brit-shalom-naming-ceremony,s0108,male,pro,anti,model
brit-shalom-naming-ceremony,s0109,male,anti,anti,model
brit-shalom-naming-ceremony,s0110,male,not_argument,none,model
brit-shalom-naming-ceremony,s0111,male,not_argument,none,model
brit-shalom-naming-ceremony,s0112,male,not_argument,none,model
brit-shalom-naming-ceremony,s0113,male,not_argument,anti,model
brit-shalom-naming-ceremony,s0114,male,not_argument,none,model
brit-shalom-naming-ceremony,s0115,male,not_argument,none,model
brit-shalom-naming-ceremony,s0116,male,not_argument,anti,model
brit-shalom-naming-ceremony,s0117,male,not_argument,none,model
brit-shalom-naming-ceremony,s0118,male,not_argument,none,model
brit-shalom-naming-ceremony,s0119,male,pro,none,model
brit-shalom-naming-ceremony,s0120,male,pro,none,model
brit-shalom-naming-ceremony,s0121,male,not_argument,none,model
brit-shalom-naming-ceremony,s0122,male,not_argument,none,model
brit-shalom-naming-ceremony,s0123,male,not_argument,none,model
brit-shalom-naming-ceremony,s0124,male,not_argument,none,model
brit-shalom-naming-ceremony,s0125,male,not_argument,none,model
brit-shalom-naming-ceremony,s0126,male,anti,anti,model
brit-shalom-naming-ceremony,s0127,male,not_argument,none,model
brit-shalom-naming-ceremony,s0128,male,not_argument,none,model
brit-shalom-naming-ceremony,s0129,male,not_argument,none,model
brit-shalom-naming-ceremony,s0130,male,not_argument,none,model
brit-shalom-naming-ceremony,s0131,male,not_argument,none,model
brit-shalom-naming-ceremony,s0132,male,not_argument,anti,model
brit-shalom-naming-ceremony,s0133,male,not_argument,anti,model
brit-shalom-naming-ceremony,s0134,male,not_argument,none,model
brit-shalom-naming-ceremony,s0135,male,not_argument,none,model
children-act-1989-amendment-female-genital-mutilation-act-2019,s0001,FGM,not_argument,none,model
children-act-1989-amendment-female-genital-mutilation-act-2019,s0002,FGM,not_argument,none,model
children-act-1989-amendment-female-genital-mutilation-act-2019,s0003,FGM,not_argument,none,model
children-act-1989-amendment-female-genital-mutilation-act-2019,s0004,FGM,not_argument,none,model
children-act-1989-amendment-female-genital-mutilation-act-2019,s0005,FGM,not_argument,anti,model
children-act-1989-amendment-female-genital-mutilation-act-2019,s0006,FGM,not_argument,none,model
children-act-1989-amendment-female-genital-mutilation-act-2019,s0007,FGM,not_argument,none,model
children-act-1989-amendment-female-genital-mutilation-act-2019,s0008,FGM,not_argument,none,model
children-act-1989-amendment-female-genital-mutilation-act-2019,s0009,FGM,not_argument,none,model
children-act-1989-amendment-female-genital-mutilation-act-2019,s0010,FGM,not_argument,none,model
children-act-1989-amendment-female-genital-mutilation-act-2019,s0011,FGM,not_argument,none,model
children-act-1989-amendment-female-genital-mutilation-act-2019,s0012,FGM,not_argument,pro,model
children-act-1989-amendment-female-genital-mutilation-act-2019,s0013,FGM,not_argument,none,model
children-act-1989-amendment-female-genital-mutilation-act-2019,s0014,FGM,not_argument,none,model
children-act-1989-amendment-female-genital-mutilation-act-2019,s0015,FGM,not_argument,none,model
children-act-1989-amendment-female-genital-mutilation-act-2019,s0016,FGM,not_argument,none,model
children-act-1989-amendment-female-genital-mutilation-act-2019,s0017,FGM,not_argument,none,model
children-act-1989-amendment-female-genital-mutilation-act-2019,s0018,FGM,not_argument,none,model
children-act-1989-amendment-female-genital-mutilation-act-2019,s0019,FGM,not_argument,none,model
children-act-1989-amendment-female-genital-mutilation-act-2019,s0020,FGM,not_argument,none,model
children-act-1989-amendment-female-genital-mutilation-act-2019,s0021,FGM,not_argument,none,model
children-act-1989-amendment-female-genital-mutilation-act-2019,s0022,FGM,not_argument,none,model
children-act-1989-amendment-female-genital-mutilation-act-2019,s0023,FGM,not_argument,none,model
children-act-1989-amendment-female-genital-mutilation-act-2019,s0024,FGM,not_argument,none,model
children-act-1989-amendment-female-genital-mutilation-act-2019,s0025,FGM,not_argument,none,model
children-act-1989-amendment-female-genital-mutilation-act-2019,s0026,FGM,not_argument,none,model
children-act-1989-amendment-female-genital-mutilation-act-2019,s0027,FGM,not_argument,none,model
children-act-1989-amendment-female-genital-mutilation-act-2019,s0028,FGM,not_argument,none,model
children-act-1989-amendment-female-genital-mutilation-act-2019,s0029,FGM,not_argument,none,model
children-act-1989-amendment-female-genital-mutilation-act-2019,s0030,FGM,not_argument,none,model
children-act-1989-amendment-female-genital-mutilation-act-2019,s0031,FGM,not_argument,none,model
children-act-1989-amendment-female-genital-mutilation-act-2019,s0032,FGM,not_argument,none,model
children-act-1989-amendment-female-genital-mutilation-act-2019,s0033,FGM,not_argument,none,model
children-act-1989-amendment-female-genital-mutilation-act-2019,s0034,FGM,not_argument,none,model
children-act-1989-amendment-female-genital-mutilation-act-2019,s0035,FGM,not_argument,none,model
children-act-1989-amendment-female-genital-mutilation-act-2019,s0036,FGM,not_argument,none,model
children-act-1989-amendment-female-genital-mutilation-act-2019,s0037,FGM,not_argument,none,model
children-act-1989-amendment-female-genital-mutilation-act-2019,s0038,FGM,not_argument,none,model
children-act-1989-amendment-female-genital-mutilation-act-2019,s0039,FGM,not_argument,none,model
children-act-1989-amendment-female-genital-mutilation-act-2019,s0040,FGM,not_argument,none,model
children-act-1989-amendment-female-genital-mutilation-act-2019,s0041,FGM,not_argument,none,model
children-act-1989-amendment-female-genital-mutilation-act-2019,s0042,FGM,not_argument,none,model
children-act-1989-amendment-female-genital-mutilation-act-2019,s0043,FGM,not_argument,none,model
children-act-1989-amendment-female-genital-mutilation-act-2019,s0044,FGM,not_argument,none,model
children-act-1989-amendment-female-genital-mutilation-act-2019,s0045,FGM,not_argument,none,model
children-act-1989-amendment-female-genital-mutilation-act-2019,s0046,FGM,not_argument,pro,model
children-act-1989-amendment-female-genital-mutilation-act-2019,s0047,FGM,not_argument,none,model
children-act-1989-amendment-female-genital-mutilation-act-2019,s0048,FGM,not_argument,none,model
children-act-1989-amendment-female-genital-mutilation-act-2019,s0049,FGM,not_argument,none,model
children-act-1989-amendment-female-genital-mutilation-act-2019,s0050,FGM,not_argument,none,model
children-act-1989-amendment-female-genital-mutilation-act-2019,s0051,FGM,not_argument,none,model
children-act-1989-amendment-female-genital-mutilation-act-2019,s0052,FGM,not_argument,anti,model
children-act-1989-amendment-female-genital-mutilation-act-2019,s0053,FGM,not_argument,anti,model
children-act-1989-amendment-female-genital-mutilation-act-2019,s0054,FGM,not_argument,none,model
children-act-1989-amendment-female-genital-mutilation-act-2019,s0055,FGM,not_argument,pro,model
children-act-1989-amendment-female-genital-mutilation-act-2019,s0056,FGM,not_argument,none,model
children-act-1989-amendment-female-genital-mutilation-act-2019,s0057,FGM,not_argument,none,model
children-act-1989-amendment-female-genital-mutilation-act-2019,s0058,FGM,not_argument,anti,model
children-act-1989-amendment-female-genital-mutilation-act-2019,s0059,FGM,not_argument,none,model
children-act-1989-amendment-female-genital-mutilation-act-2019,s0060,FGM,not_argument,none,model
children-act-1989-amendment-female-genital-mutilation-act-2019,s0061,FGM,not_argument,none,model
children-act-1989-amendment-female-genital-mutilation-act-2019,s0062,FGM,not_argument,none,model
children-act-1989-amendment-female-genital-mutilation-act-2019,s0063,FGM,not_argument,none,model
children-act-1989-amendment-female-genital-mutilation-act-2019,s0064,FGM,not_argument,none,model
children-act-1989-amendment-female-genital-mutilation-act-2019,s0065,FGM,not_argument,none,model
children-act-1989-amendment-female-genital-mutilation-act-2019,s0066,FGM,not_argument,none,model
children-act-1989-amendment-female-genital-mutilation-act-2019,s0067,FGM,not_argument,none,model
children-act-1989-amendment-female-genital-mutilation-act-2019,s0068,FGM,not_argument,none,model
children-act-1989-amendment-female-genital-mutilation-act-2019,s0069,FGM,not_argument,none,model
children-act-1989-amendment-female-genital-mutilation-act-2019,s0070,FGM,not_argument,none,model
children-act-1989-amendment-female-genital-mutilation-act-2019,s0071,FGM,not_argument,none,model
children-act-1989-amendment-female-genital-mutilation-act-2019,s0072,FGM,not_argument,none,model
children-act-1989-amendment-female-genital-mutilation-act-2019,s0073,FGM,not_argument,none,model
children-act-1989-amendment-female-genital-mutilation-act-2019,s0074,FGM,not_argument,none,model
children-act-1989-amendment-female-genital-mutilation-act-2019,s0075,FGM,anti,anti,model
children-act-1989-amendment-female-genital-mutilation-act-2019,s0076,FGM,anti,anti,model
children-act-1989-amendment-female-genital-mutilation-act-2019,s0077,FGM,not_argument,none,model
children-act-1989-amendment-female-genital-mutilation-act-2019,s0078,FGM,anti,anti,model
children-act-1989-amendment-female-genital-mutilation-act-2019,s0079,FGM,anti,anti,model
children-act-1989-amendment-female-genital-mutilation-act-2019,s0080,FGM,anti,anti,model
children-act-1989-amendment-female-genital-mutilation-act-2019,s0081,FGM,not_argument,none,model
children-act-1989-amendment-female-genital-mutilation-act-2019,s0082,FGM,anti,anti,model
children-act-1989-amendment-female-genital-mutilation-act-2019,s0083,FGM,anti,mixed,model
children-act-1989-amendment-female-genital-mutilation-act-2019,s0084,FGM,anti,mixed,model
children-act-1989-amendment-female-genital-mutilation-act-2019,s0085,FGM,not_argument,none,model
children-act-1989-amendment-female-genital-mutilation-act-2019,s0086,FGM,not_argument,none,model
children-act-1989-amendment-female-genital-mutilation-act-2019,s0087,FGM,not_argument,none,model
children-act-1989-amendment-female-genital-mutilation-act-2019,s0088,FGM,not_argument,none,model
children-act-1989-amendment-female-genital-mutilation-act-2019,s0089,FGM,not_argument,none,model
children-act-1989-amendment-female-genital-mutilation-act-2019,s0090,FGM,not_argument,none,model
children-act-1989-amendment-female-genital-mutilation-act-2019,s0091,FGM,not_argument,none,model
children-act-1989-amendment-female-genital-mutilation-act-2019,s0092,FGM,not_argument,none,model
children-act-1989-amendment-female-genital-mutilation-act-2019,s0093,FGM,not_argument,none,model
children-act-1989-amendment-female-genital-mutilation-act-2019,s0094,FGM,not_argument,none,model
children-act-1989-amendment-female-genital-mutilation-act-2019,s0095,FGM,not_argument,none,model
children-act-1989-amendment-female-genital-mutilation-act-2019,s0096,FGM,not_argument,none,model
children-act-1989-amendment-female-genital-mutilation-act-2019,s0097,FGM,not_argument,pro,model
children-act-1989-amendment-female-genital-mutilation-act-2019,s0098,FGM,not_argument,none,model
children-act-1989-amendment-female-genital-mutilation-act-2019,s0099,FGM,not_argument,none,model
children-act-1989-amendment-female-genital-mutilation-act-2019,s0100,FGM,not_argument,none,model
children-act-1989-amendment-female-genital-mutilation-act-2019,s0101,FGM,not_argument,none,model
children-act-1989-amendment-female-genital-mutilation-act-2019,s0102,FGM,not_argument,anti,model
children-act-1989-amendment-female-genital-mutilation-act-2019,s0103,FGM,not_argument,none,model
children-act-1989-amendment-female-genital-mutilation-act-2019,s0104,FGM,not_argument,none,model
children-act-1989-amendment-female-genital-mutilation-act-2019,s0105,FGM,not_argument,none,model
children-act-1989-amendment-female-genital-mutilation-act-2019,s0106,FGM,not_argument,none,model
children-act-1989-amendment-female-genital-mutilation-act-2019,s0107,FGM,not_argument,none,model
children-act-1989-amendment-female-genital-mutilation-act-2019,s0108,FGM,not_argument,none,model
children-act-1989-amendment-female-genital-mutilation-act-2019,s0109,FGM,not_argument,none,model
children-act-1989-amendment-female-genital-mutilation-act-2019,s0110,FGM,not_argument,none,model
children-act-1989-amendment-female-genital-mutilation-act-2019,s0111,FGM,not_argument,none,model
children-act-1989-amendment-female-genital-mutilation-act-2019,s0112,FGM,not_argument,none,model
children-act-1989-amendment-female-genital-mutilation-act-2019,s0113,FGM,not_argument,anti,model
children-act-1989-amendment-female-genital-mutilation-act-2019,s0114,FGM,not_argument,none,model
children-act-1989-amendment-female-genital-mutilation-act-2019,s0115,FGM,not_argument,none,model
children-act-1989-amendment-female-genital-mutilation-act-2019,s0116,FGM,not_argument,none,model
children-act-1989-amendment-female-genital-mutilation-act-2019,s0117,FGM,not_argument,none,model
children-act-1989-amendment-female-genital-mutilation-act-2019,s0118,FGM,not_argument,none,model
children-act-1989-amendment-female-genital-mutilation-act-2019,s0119,FGM,not_argument,none,model
children-act-1989-amendment-female-genital-mutilation-act-2019,s0120,FGM,not_argument,none,model
children-act-1989-amendment-female-genital-mutilation-act-2019,s0121,FGM,not_argument,none,model
children-act-1989-amendment-female-genital-mutilation-act-2019,s0122,FGM,not_argument,anti,model
children-act-1989-amendment-female-genital-mutilation-act-2019,s0123,FGM,not_argument,none,model
children-act-1989-amendment-female-genital-mutilation-act-2019,s0124,FGM,not_argument,none,model
children-act-1989-amendment-female-genital-mutilation-act-2019,s0125,FGM,not_argument,none,model
children-act-1989-amendment-female-genital-mutilation-act-2019,s0126,FGM,not_argument,none,model
children-act-1989-amendment-female-genital-mutilation-act-2019,s0127,FGM,not_argument,none,model
children-act-1989-amendment-female-genital-mutilation-act-2019,s0128,FGM,not_argument,none,model
children-act-1989-amendment-female-genital-mutilation-act-2019,s0129,FGM,not_argument,none,model
children-act-1989-amendment-female-genital-mutilation-act-2019,s0130,FGM,not_argument,none,model
children-act-1989-amendment-female-genital-mutilation-act-2019,s0131,FGM,pro,none,model
children-act-1989-amendment-female-genital-mutilation-act-2019,s0132,FGM,not_argument,none,model
children-act-1989-amendment-female-genital-mutilation-act-2019,s0133,FGM,not_argument,none,model
children-act-1989-amendment-female-genital-mutilation-act-2019,s0134,FGM,not_argument,none,model
children-act-1989-amendment-female-genital-mutilation-act-2019,s0135,FGM,not_argument,none,model
children-act-1989-amendment-female-genital-mutilation-act-2019,s0136,FGM,not_argument,none,model
children-act-1989-amendment-female-genital-mutilation-act-2019,s0137,FGM,not_argument,none,model
children-act-1989-amendment-female-genital-mutilation-act-2019,s0138,FGM,not_argument,none,model
children-act-1989-amendment-female-genital-mutilation-act-2019,s0139,FGM,pro,none,model
children-act-1989-amendment-female-genital-mutilation-act-2019,s0140,FGM,not_argument,none,model
children-act-1989-amendment-female-genital-mutilation-act-2019,s0141,FGM,anti,mixed,model
children-act-1989-amendment-female-genital-mutilation-act-2019,s0142,FGM,not_argument,none,model
children-act-1989-amendment-female-genital-mutilation-act-2019,s0143,FGM,anti,none,model
children-act-1989-amendment-female-genital-mutilation-act-2019,s0144,FGM,not_argument,none,model
children-act-1989-amendment-female-genital-mutilation-act-2019,s0145,FGM,not_argument,anti,model
children-act-1989-amendment-female-genital-mutilation-act-2019,s0146,FGM,anti,mixed,model
children-act-1989-amendment-female-genital-mutilation-act-2019,s0147,FGM,not_argument,none,model
circumcision,s0001,male,not_argument,none,model
circumcision,s0002,male,not_argument,none,model
circumcision,s0003,male,not_argument,none,model
circumcision,s0004,male,not_argument,mixed,model
circumcision,s0005,male,not_argument,mixed,model
circumcision,s0006,male,not_argument,mixed,model
circumcision,s0007,male,not_argument,none,model
circumcision,s0008,male,not_argument,none,model
circumcision,s0009,male,not_argument,none,model
circumcision,s0010,male,not_argument,none,model
circumcision,s0011,male,not_argument,none,model
circumcision,s0012,male,not_argument,none,model
circumcision,s0013,male,not_argument,none,model
circumcision,s0014,male,not_argument,none,model
circumcision,s0015,male,not_argument,none,model
circumcision,s0016,male,not_argument,none,model
circumcision,s0017,male,not_argument,anti,model
circumcision,s0018,male,not_argument,none,model
circumcision,s0019,male,not_argument,none,model
circumcision,s0020,male,not_argument,none,model
circumcision,s0021,male,not_argument,none,model
circumcision,s0022,male,not_argument,none,model
circumcision,s0023,male,not_argument,none,model
circumcision,s0024,male,not_argument,none,model
circumcision,s0025,male,not_argument,none,model
circumcision,s0026,male,not_argument,none,model
circumcision,s0027,male,not_argument,none,model
circumcision,s0028,male,not_argument,none,model
circumcision,s0029,male,not_argument,none,model
circumcision,s0030,male,not_argument,none,model
circumcision,s0031,male,not_argument,none,model
circumcision,s0032,male,not_argument,none,model
circumcision,s0033,male,not_argument,none,model
circumcision,s0034,male,not_argument,anti,model
circumcision,s0035,male,not_argument,none,model
circumcision,s0036,male,not_argument,none,model
circumcision,s0037,male,not_argument,pro,model
circumcision,s0038,male,pro,pro,model
circumcision,s0039,male,not_argument,none,model
circumcision,s0040,male,not_argument,none,model
circumcision,s0041,male,not_argument,none,model
circumcision,s0042,male,not_argument,none,model
circumcision,s0043,male,not_argument,none,model
circumcision,s0044,male,not_argument,none,model
circumcision,s0045,male,anti,none,model
circumcision,s0046,male,anti,none,model
circumcision,s0047,male,anti,none,model
circumcision,s0048,male,not_argument,none,model
circumcision,s0049,male,not_argument,none,model
circumcision,s0050,male,not_argument,none,model
circumcision,s0051,male,not_argument,none,model
circumcision,s0052,male,not_argument,none,model
circumcision,s0053,male,not_argument,none,model
circumcision,s0054,male,not_argument,none,model
circumcision,s0055,male,not_argument,none,model
circumcision,s0056,male,anti,none,model
circumcision,s0057,male,anti,none,model
circumcision,s0058,male,not_argument,none,model
circumcision,s0059,male,pro,anti,model
circumcision,s0060,male,pro,none,model
circumcision,s0061,male,not_argument,none,model
circumcision,s0062,male,not_argument,none,model
circumcision,s0063,male,pro,none,model
circumcision,s0064,male,pro,none,model
circumcision,s0065,male,not_argument,none,model
circumcision,s0066,male,not_argument,none,model
circumcision,s0067,male,pro,anti,model
circumcision,s0068,male,not_argument,none,model
circumcision,s0069,male,not_argument,none,model
circumcision,s0070,male,pro,none,model
circumcision,s0071,male,not_argument,none,model
circumcision,s0072,male,not_argument,none,model
circumcision,s0073,male,not_argument,mixed,model
circumcision,s0074,male,pro,none,model
circumcision,s0075,male,not_argument,none,model
circumcision,s0076,male,not_argument,none,model
circumcision,s0077,male,pro,mixed,model
circumcision,s0078,male,not_argument,none,model
circumcision,s0079,male,not_argument,anti,model
circumcision,s0080,male,not_argument,anti,model
circumcision,s0081,male,pro,anti,model
circumcision,s0082,male,pro,none,model
circumcision,s0083,male,pro,none,model
circumcision,s0084,male,not_argument,anti,model
circumcision,s0085,male,not_argument,anti,model
circumcision,s0086,male,not_argument,anti,model
circumcision,s0087,male,not_argument,none,model
circumcision,s0088,male,not_argument,none,model
circumcision,s0089,male,not_argument,none,model
circumcision,s0090,male,not_argument,anti,model
circumcision,s0091,male,not_argument,none,model
circumcision,s0092,male,not_argument,pro,model
circumcision,s0093,male,not_argument,none,model
circumcision,s0094,male,not_argument,none,model
circumcision,s0095,male,not_argument,none,model
circumcision,s0096,male,not_argument,anti,model
circumcision,s0097,male,not_argument,none,model
circumcision,s0098,male,not_argument,none,model
circumcision,s0099,male,not_argument,none,model
circumcision,s0100,male,not_argument,anti,model
circumcision,s0101,male,not_argument,none,model
circumcision,s0102,male,not_argument,anti,model
circumcision,s0103,male,not_argument,none,model
circumcision,s0104,male,not_argument,none,model
circumcision,s0105,male,not_argument,none,model
circumcision,s0106,male,not_argument,none,model
circumcision,s0107,male,not_argument,none,model
circumcision,s0108,male,not_argument,anti,model
circumcision,s0109,male,not_argument,anti,model
circumcision,s0110,male,anti,none,model
circumcision,s0111,male,anti,none,model
circumcision,s0112,male,anti,none,model
circumcision,s0113,male,anti,none,model
circumcision,s0114,male,pro,none,model
circumcision,s0115,male,pro,none,model
circumcision,s0116,male,pro,none,model
circumcision,s0117,male,pro,none,model
circumcision,s0118,male,not_argument,none,model
circumcision,s0119,male,not_argument,none,model
circumcision,s0120,male,anti,none,model
circumcision,s0121,male,anti,none,model
circumcision,s0122,male,anti,none,model
circumcision,s0123,male,not_argument,none,model
circumcision,s0124,male,anti,none,model
circumcision,s0125,male,pro,anti,model
circumcision,s0126,male,pro,none,model
circumcision,s0127,male,pro,none,model
circumcision,s0128,male,not_argument,none,model
circumcision,s0129,male,anti,anti,model
circumcision,s0130,male,not_argument,none,model
circumcision,s0131,male,not_argument,none,model
circumcision,s0132,male,pro,none,model
circumcision,s0133,male,not_argument,none,model
circumcision,s0134,male,anti,none,model
circumcision,s0135,male,anti,none,model
circumcision,s0136,male,anti,none,model
circumcision,s0137,male,anti,none,model
circumcision,s0138,male,not_argument,none,model
circumcision,s0139,male,not_argument,none,model
circumcision,s0140,male,pro,none,model
circumcision,s0141,male,not_argument,anti,model
circumcision,s0142,male,pro,pro,model
circumcision,s0143,male,pro,pro,model
circumcision,s0144,male,pro,none,model
circumcision,s0145,male,pro,pro,model
circumcision,s0146,male,pro,none,model
circumcision,s0147,male,not_argument,none,model
circumcision,s0148,male,pro,pro,model
circumcision,s0149,male,not_argument,none,model
circumcision,s0150,male,pro,pro,model
circumcision,s0151,male,pro,none,model
circumcision,s0152,male,pro,pro,model
circumcision,s0153,male,not_argument,none,model
circumcision,s0154,male,anti,none,model
circumcision,s0155,male,anti,pro,model
circumcision,s0156,male,anti,none,model
circumcision,s0157,male,anti,none,model
circumcision,s0158,male,pro,pro,model
circumcision,s0159,male,not_argument,none,model
circumcision,s0160,male,pro,pro,model
circumcision,s0161,male,pro,none,model
circumcision,s0162,male,pro,none,model
circumcision,s0163,male,anti,none,model
circumcision,s0164,male,not_argument,none,model
circumcision,s0165,male,pro,none,model
circumcision,s0166,male,pro,pro,model
circumcision,s0167,male,anti,none,model
circumcision,s0168,male,anti,anti,model
circumcision,s0169,male,anti,none,model
circumcision,s0170,male,not_argument,none,model
circumcision,s0171,male,pro,none,model
circumcision,s0172,male,pro,none,model
circumcision,s0173,male,anti,pro,model
circumcision,s0174,male,anti,pro,model
circumcision,s0175,male,not_argument,none,model
circumcision,s0176,male,anti,none,model
circumcision,s0177,male,not_argument,pro,model
circumcision,s0178,male,not_argument,none,model
circumcision,s0179,male,anti,pro,model
circumcision,s0180,male,pro,pro,model
circumcision,s0181,male,pro,pro,model
circumcision,s0182,male,not_argument,none,model
circumcision,s0183,male,pro,none,model
circumcision,s0184,male,anti,none,model
circumcision,s0185,male,not_argument,none,model
circumcision,s0186,male,pro,mixed,model
circumcision,s0187,male,pro,none,model
circumcision,s0188,male,pro,pro,model
circumcision,s0189,male,not_argument,mixed,model
circumcision,s0190,male,not_argument,none,model
circumcision,s0191,male,pro,mixed,model
circumcision,s0192,male,pro,none,model
circumcision,s0193,male,pro,none,model
circumcision,s0194,male,pro,none,model
circumcision,s0195,male,pro,none,model
circumcision,s0196,male,pro,none,model
circumcision,s0197,male,pro,none,model
circumcision,s0198,male,pro,mixed,model
circumcision,s0199,male,anti,anti,model
circumcision,s0200,male,anti,none,model
circumcision,s0201,male,not_argument,anti,model
circumcision,s0202,male,anti,none,model
circumcision,s0203,male,pro,mixed,model
circumcision,s0204,male,pro,none,model
circumcision,s0205,male,pro,none,model
circumcision,s0206,male,anti,none,model
circumcision,s0207,male,not_argument,none,model
circumcision,s0208,male,anti,none,model
circumcision,s0209,male,pro,none,model
circumcision,s0210,male,pro,anti,model
circumcision,s0211,male,pro,none,model
circumcision,s0212,male,pro,none,model
circumcision,s0213,male,pro,none,model
circumcision,s0214,male,pro,none,model
circumcision,s0215,male,not_argument,none,model
circumcision,s0216,male,pro,none,model
circumcision,s0217,male,pro,pro,model
circumcision,s0218,male,anti,pro,model
circumcision,s0219,male,not_argument,none,model
circumcision,s0220,male,pro,pro,model
circumcision,s0221,male,pro,pro,model
circumcision,s0222,male,pro,anti,model
circumcision,s0223,male,pro,none,model
circumcision,s0224,male,not_argument,none,model
circumcision,s0225,male,anti,none,model
circumcision,s0226,male,pro,anti,model
circumcision,s0227,male,not_argument,none,model
circumcision,s0228,male,not_argument,none,model
circumcision,s0229,male,not_argument,none,model
circumcision,s0230,male,not_argument,pro,model
circumcision,s0231,male,not_argument,none,model
circumcision,s0232,male,not_argument,none,model
circumcision,s0233,male,not_argument,none,model
circumcision,s0234,male,not_argument,none,model
circumcision,s0235,male,not_argument,pro,model
circumcision,s0236,male,not_argument,none,model
circumcision,s0237,male,not_argument,none,model
circumcision,s0238,male,not_argument,none,model
circumcision,s0239,male,not_argument,none,model
circumcision,s0240,male,not_argument,none,model
circumcision,s0241,male,not_argument,none,model
circumcision,s0242,male,not_argument,none,model
circumcision,s0243,male,not_argument,none,model
circumcision,s0244,male,not_argument,pro,model
circumcision,s0245,male,not_argument,none,model
circumcision,s0246,male,not_argument,none,model
circumcision,s0247,male,not_argument,none,model
circumcision,s0248,male,not_argument,none,model
circumcision,s0249,male,not_argument,none,model
circumcision,s0250,male,not_argument,none,model
circumcision,s0251,male,not_argument,none,model
circumcision,s0252,male,not_argument,none,model
circumcision,s0253,male,pro,pro,model
circumcision,s0254,male,not_argument,pro,model
circumcision,s0255,male,not_argument,none,model
circumcision,s0256,male,pro,none,model
circumcision,s0257,male,pro,none,model
circumcision,s0258,male,pro,none,model
circumcision,s0259,male,not_argument,none,model
circumcision,s0260,male,not_argument,pro,model
circumcision,s0261,male,not_argument,none,model
circumcision,s0262,male,pro,pro,model
circumcision,s0263,male,pro,pro,model
circumcision,s0264,male,anti,pro,model
circumcision,s0265,male,not_argument,none,model
circumcision,s0266,male,not_argument,none,model
circumcision,s0267,male,not_argument,pro,model
circumcision,s0268,male,not_argument,none,model
circumcision,s0269,male,not_argument,none,model
circumcision,s0270,male,anti,mixed,model
circumcision,s0271,male,not_argument,none,model
circumcision,s0272,male,not_argument,none,model
circumcision,s0273,male,anti,none,model
circumcision,s0274,male,not_argument,anti,model
circumcision,s0275,male,pro,mixed,model
circumcision,s0276,male,not_argument,none,model
circumcision,s0277,male,not_argument,none,model
circumcision,s0278,male,pro,pro,model
circumcision,s0279,male,pro,none,model
circumcision,s0280,male,not_argument,none,model
circumcision,s0281,male,not_argument,anti,model
circumcision,s0282,male,not_argument,none,model
circumcision,s0283,male,not_argument,none,model
circumcision,s0284,male,not_argument,none,model
circumcision,s0285,male,not_argument,none,model
circumcision,s0286,male,not_argument,none,model
circumcision,s0287,male,not_argument,pro,model
circumcision,s0288,male,not_argument,none,model
circumcision,s0289,male,not_argument,none,model
circumcision,s0290,male,pro,pro,model
circumcision,s0291,male,not_argument,none,model
circumcision,s0292,male,not_argument,none,model
circumcision,s0293,male,not_argument,none,model
circumcision,s0294,male,not_argument,none,model
circumcision,s0295,male,not_argument,none,model
circumcision,s0296,male,not_argument,none,model
circumcision,s0297,male,not_argument,none,model
circumcision,s0298,male,not_argument,pro,model
circumcision,s0299,male,not_argument,none,model
circumcision,s0300,male,not_argument,none,model
circumcision,s0301,male,not_argument,none,model
circumcision,s0302,male,not_argument,none,model
circumcision,s0303,male,not_argument,none,model
circumcision,s0304,male,not_argument,none,model
circumcision,s0305,male,not_argument,none,model
circumcision,s0306,male,not_argument,none,model
circumcision,s0307,male,not_argument,none,model
circumcision,s0308,male,not_argument,none,model
circumcision,s0309,male,not_argument,none,model
circumcision,s0310,male,not_argument,none,model
circumcision,s0311,male,not_argument,none,model
circumcision,s0312,male,not_argument,none,model
circumcision,s0313,male,not_argument,none,model
circumcision,s0314,male,not_argument,none,model
circumcision,s0315,male,not_argument,anti,model
circumcision,s0316,male,not_argument,none,model
circumcision,s0317,male,not_argument,none,model
circumcision,s0318,male,not_argument,none,model
circumcision,s0319,male,not_argument,none,model
circumcision,s0320,male,not_argument,anti,model
circumcision,s0321,male,not_argument,none,model
circumcision,s0322,male,not_argument,pro,model
circumcision,s0323,male,pro,none,model
circumcision,s0324,male,pro,none,model
circumcision,s0325,male,pro,mixed,model
circumcision,s0326,male,not_argument,none,model
circumcision,s0327,male,not_argument,none,model
circumcision,s0328,male,pro,none,model
circumcision,s0329,male,pro,none,model
circumcision,s0330,male,not_argument,none,model
circumcision,s0331,male,pro,pro,model
circumcision,s0332,male,pro,mixed,model
circumcision,s0333,male,pro,mixed,model
circumcision,s0334,male,not_argument,none,model
circumcision,s0335,male,not_argument,none,model
circumcision,s0336,male,not_argument,none,model
circumcision,s0337,male,not_argument,none,model
circumcision,s0338,male,not_argument,none,model
circumcision,s0339,male,not_argument,none,model
circumcision,s0340,male,not_argument,none,model
circumcision,s0341,male,not_argument,none,model
circumcision,s0342,male,not_argument,none,model
circumcision,s0343,male,not_argument,none,model
circumcision,s0344,male,not_argument,none,model
circumcision,s0345,male,not_argument,none,model
circumcision,s0346,male,not_argument,none,model
circumcision,s0347,male,not_argument,none,model
circumcision,s0348,male,not_argument,none,model
circumcision,s0349,male,not_argument,none,model
circumcision,s0350,male,not_argument,anti,model
circumcision,s0351,male,not_argument,none,model
circumcision,s0352,male,not_argument,none,model
circumcision,s0353,male,not_argument,none,model
circumcision,s0354,male,not_argument,none,model
circumcision,s0355,male,not_argument,none,model
circumcision,s0356,male,not_argument,none,model
circumcision,s0357,male,not_argument,none,model
circumcision,s0358,male,not_argument,none,model
circumcision,s0359,male,not_argument,none,model
circumcision,s0360,male,not_argument,none,model
circumcision,s0361,male,not_argument,none,model
circumcision,s0362,male,not_argument,none,model
circumcision,s0363,male,pro,pro,model
circumcision,s0364,male,pro,pro,model
circumcision,s0365,male,not_argument,none,model
circumcision,s0366,male,not_argument,none,model
circumcision,s0367,male,anti,mixed,model
circumcision,s0368,male,not_argument,none,model
circumcision,s0369,male,pro,pro,model
circumcision,s0370,male,pro,pro,model
circumcision,s0371,male,not_argument,none,model
circumcision,s0372,male,not_argument,none,model
circumcision,s0373,male,anti,mixed,model
circumcision,s0374,male,anti,pro,model
circumcision,s0375,male,anti,anti,model
circumcision,s0376,male,not_argument,none,model
circumcision,s0377,male,anti,anti,model
circumcision,s0378,male,anti,none,model
circumcision,s0379,male,anti,mixed,model
circumcision,s0380,male,not_argument,none,model
circumcision,s0381,male,not_argument,none,model
circumcision,s0382,male,not_argument,none,model
circumcision,s0383,male,not_argument,none,model
circumcision,s0384,male,not_argument,none,model
circumcision,s0385,male,not_argument,none,model
circumcision,s0386,male,not_argument,none,model
circumcision,s0387,male,pro,none,model
circumcision,s0388,male,pro,pro,model
circumcision,s0389,male,not_argument,none,model
circumcision,s0390,male,not_argument,anti,model
circumcision,s0391,male,not_argument,pro,model
circumcision,s0392,male,not_argument,none,model
circumcision,s0393,male,not_argument,none,model
circumcision,s0394,male,not_argument,none,model
circumcision,s0395,male,not_argument,mixed,model
circumcision,s0396,male,not_argument,pro,model
circumcision,s0397,male,not_argument,none,model
circumcision,s0398,male,not_argument,none,model
circumcision,s0399,male,not_argument,none,model
circumcision,s0400,male,not_argument,none,model
circumcision,s0401,male,not_argument,none,model
circumcision,s0402,male,pro,pro,model
circumcision,s0403,male,not_argument,none,model
circumcision,s0404,male,not_argument,none,model
circumcision,s0405,male,not_argument,none,model
circumcision,s0406,male,not_argument,none,model
circumcision,s0407,male,not_argument,none,model
circumcision,s0408,male,not_argument,none,model
circumcision,s0409,male,anti,anti,model
circumcision,s0410,male,anti,anti,model
circumcision,s0411,male,anti,anti,model
circumcision,s0412,male,not_argument,none,model
circumcision,s0413,male,pro,none,model
circumcision,s0414,male,pro,pro,model
circumcision,s0415,male,anti,mixed,model
circumcision,s0416,male,not_argument,none,model
circumcision,s0417,male,anti,anti,model
circumcision,s0418,male,anti,anti,model
circumcision,s0419,male,anti,mixed,model
circumcision,s0420,male,not_argument,pro,model
circumcision,s0421,male,not_argument,none,model
circumcision,s0422,male,pro,mixed,model
circumcision,s0423,male,pro,mixed,model
circumcision,s0424,male,pro,pro,model
circumcision,s0425,male,not_argument,none,model
circumcision,s0426,male,anti,mixed,model
circumcision,s0427,male,anti,anti,model
circumcision,s0428,male,anti,anti,model
circumcision,s0429,male,not_argument,none,model
circumcision,s0430,male,not_argument,none,model
circumcision,s0431,male,not_argument,anti,model
circumcision,s0432,male,not_argument,mixed,model
circumcision,s0433,male,not_argument,mixed,model
circumcision,s0434,male,not_argument,none,model
circumcision,s0435,male,not_argument,anti,model
circumcision,s0436,male,not_argument,anti,model
circumcision,s0437,male,not_argument,none,model
circumcision,s0438,male,not_argument,none,model
circumcision,s0439,male,pro,pro,model
circumcision,s0440,male,pro,none,model
circumcision,s0441,male,pro,pro,model
circumcision,s0442,male,pro,pro,model
circumcision,s0443,male,not_argument,none,model
circumcision,s0444,male,pro,anti,model
circumcision,s0445,male,not_argument,anti,model
circumcision,s0446,male,pro,none,model
circumcision,s0447,male,not_argument,none,model
circumcision,s0448,male,pro,none,model
circumcision,s0449,male,pro,none,model
circumcision,s0450,male,pro,none,model
circumcision,s0451,male,not_argument,none,model
circumcision,s0452,male,pro,anti,model
circumcision,s0453,male,pro,none,model
circumcision,s0454,male,pro,none,model
circumcision,s0455,male,not_argument,none,model
circumcision,s0456,male,not_argument,none,model
circumcision,s0457,male,pro,pro,model
circumcision,s0458,male,pro,none,model
circumcision,s0459,male,pro,none,model
circumcision,s0460,male,not_argument,none,model
circumcision,s0461,male,not_argument,mixed,model
circumcision,s0462,male,not_argument,pro,model
circumcision,s0463,male,not_argument,anti,model
circumcision,s0464,male,not_argument,none,model
circumcision,s0465,male,not_argument,none,model
circumcision,s0466,male,not_argument,none,model
circumcision,s0467,male,not_argument,none,model
circumcision,s0468,male,not_argument,mixed,model
circumcision,s0469,male,not_argument,anti,model
circumcision,s0470,male,not_argument,anti,model
circumcision,s0471,male,not_argument,none,model
circumcision,s0472,male,anti,anti,model
circumcision,s0473,male,not_argument,mixed,model
circumcision,s0474,male,not_argument,mixed,model
circumcision,s0475,male,not_argument,none,model
circumcision-and-hiv,s0001,male,pro,pro,model
circumcision-and-hiv,s0002,male,pro,none,model
circumcision-and-hiv,s0003,male,pro,pro,model
circumcision-and-hiv,s0004,male,not_argument,none,model
circumcision-and-hiv,s0005,male,pro,none,model
circumcision-and-hiv,s0006,male,not_argument,pro,model
circumcision-and-hiv,s0007,male,pro,none,model
circumcision-and-hiv,s0008,male,pro,mixed,model
circumcision-and-hiv,s0009,male,not_argument,none,model
circumcision-and-hiv,s0010,male,not_argument,pro,model
circumcision-and-hiv,s0011,male,not_argument,none,model
circumcision-and-hiv,s0012,male,pro,pro,model
circumcision-and-hiv,s0013,male,not_argument,none,model
circumcision-and-hiv,s0014,male,not_argument,none,model
circumcision-and-hiv,s0015,male,pro,none,model
circumcision-and-hiv,s0016,male,pro,none,model
circumcision-and-hiv,s0017,male,not_argument,none,model
circumcision-and-hiv,s0018,male,not_argument,none,model
circumcision-and-hiv,s0019,male,pro,none,model
circumcision-and-hiv,s0020,male,pro,none,model
circumcision-and-hiv,s0021,male,not_argument,none,model
circumcision-and-hiv,s0022,male,not_argument,none,model
circumcision-and-hiv,s0023,male,pro,pro,model
circumcision-and-hiv,s0024,male,pro,none,model
circumcision-and-hiv,s0025,male,not_argument,none,model
circumcision-and-hiv,s0026,male,pro,pro,model
circumcision-and-hiv,s0027,male,pro,none,model
circumcision-and-hiv,s0028,male,not_argument,none,model
circumcision-and-hiv,s0029,male,not_argument,none,model
circumcision-and-hiv,s0030,male,anti,mixed,model
circumcision-and-hiv,s0031,male,anti,none,model
circumcision-and-hiv,s0032,male,not_argument,none,model
circumcision-and-hiv,s0033,male,pro,pro,model
circumcision-and-hiv,s0034,male,pro,pro,model
circumcision-and-hiv,s0035,male,pro,pro,model
circumcision-and-hiv,s0036,male,not_argument,none,model
circumcision-and-hiv,s0037,male,not_argument,none,model
circumcision-and-hiv,s0038,male,not_argument,none,model
circumcision-and-hiv,s0039,male,pro,none,model
circumcision-and-hiv,s0040,male,not_argument,mixed,model
circumcision-and-hiv,s0041,male,not_argument,none,model
circumcision-and-hiv,s0042,male,pro,pro,model
circumcision-and-hiv,s0043,male,pro,none,model
circumcision-and-hiv,s0044,male,pro,none,model
circumcision-and-hiv,s0045,male,anti,none,model
circumcision-and-hiv,s0046,male,not_argument,none,model
circumcision-and-hiv,s0047,male,pro,pro,model
circumcision-and-hiv,s0048,male,pro,none,model
circumcision-and-hiv,s0049,male,pro,none,model
circumcision-and-hiv,s0050,male,not_argument,none,model
circumcision-and-hiv,s0051,male,not_argument,none,model
circumcision-and-hiv,s0052,male,anti,none,model
circumcision-and-hiv,s0053,male,pro,none,model
circumcision-and-hiv,s0054,male,not_argument,none,model
circumcision-and-hiv,s0055,male,not_argument,none,model
circumcision-and-hiv,s0056,male,pro,pro,model
circumcision-and-hiv,s0057,male,not_argument,none,model
circumcision-and-hiv,s0058,male,pro,none,model
circumcision-and-hiv,s0059,male,not_argument,none,model
circumcision-and-hiv,s0060,male,anti,pro,model
circumcision-and-hiv,s0061,male,not_argument,pro,model
circumcision-and-hiv,s0062,male,not_argument,none,model
circumcision-and-hiv,s0063,male,not_argument,pro,model
circumcision-and-hiv,s0064,male,not_argument,none,model
circumcision-and-hiv,s0065,male,not_argument,pro,model
circumcision-and-hiv,s0066,male,pro,none,model
circumcision-and-hiv,s0067,male,not_argument,none,model
circumcision-and-hiv,s0068,male,not_argument,none,model
circumcision-and-hiv,s0069,male,not_argument,none,model
circumcision-and-hiv,s0070,male,not_argument,none,model
circumcision-and-hiv,s0071,male,not_argument,none,model
circumcision-and-hiv,s0072,male,not_argument,none,model
circumcision-and-hiv,s0073,male,not_argument,none,model
circumcision-and-hiv,s0074,male,pro,none,model
circumcision-and-hiv,s0075,male,not_argument,none,model
circumcision-and-hiv,s0076,male,pro,pro,model
circumcision-and-hiv,s0077,male,pro,none,model
circumcision-and-hiv,s0078,male,not_argument,none,model
circumcision-and-hiv,s0079,male,not_argument,none,model
circumcision-and-hiv,s0080,male,not_argument,mixed,model
circumcision-and-hiv,s0081,male,not_argument,none,model
circumcision-and-hiv,s0082,male,not_argument,none,model
circumcision-and-hiv,s0083,male,not_argument,none,model
circumcision-and-hiv,s0084,male,pro,none,model
circumcision-and-hiv,s0085,male,pro,none,model
circumcision-and-hiv,s0086,male,pro,none,model
circumcision-and-hiv,s0087,male,not_argument,none,model
circumcision-and-hiv,s0088,male,pro,none,model
circumcision-and-hiv,s0089,male,not_argument,none,model
circumcision-and-hiv,s0090,male,pro,none,model
circumcision-and-hiv,s0091,male,pro,pro,model
circumcision-and-hiv,s0092,male,not_argument,none,model
circumcision-and-hiv,s0093,male,pro,none,model
circumcision-and-hiv,s0094,male,not_argument,none,model
circumcision-and-hiv,s0095,male,pro,pro,model
circumcision-and-hiv,s0096,male,pro,pro,model
circumcision-and-hiv,s0097,male,not_argument,none,model
circumcision-and-hiv,s0098,male,pro,anti,model
circumcision-and-hiv,s0099,male,pro,pro,model
circumcision-and-hiv,s0100,male,not_argument,none,model
circumcision-and-hiv,s0101,male,not_argument,none,model
circumcision-and-hiv,s0102,male,not_argument,pro,model
circumcision-and-hiv,s0103,male,pro,pro,model
circumcision-and-hiv,s0104,male,not_argument,mixed,model
circumcision-and-hiv,s0105,male,not_argument,none,model
circumcision-and-hiv,s0106,male,not_argument,none,model
circumcision-and-hiv,s0107,male,not_argument,none,model
circumcision-and-hiv,s0108,male,not_argument,none,model
circumcision-and-hiv,s0109,male,not_argument,none,model
circumcision-and-hiv,s0110,male,not_argument,anti,model
circumcision-and-hiv,s0111,male,not_argument,none,model
circumcision-and-hiv,s0112,male,not_argument,none,model
circumcision-and-hiv,s0113,male,not_argument,none,model
circumcision-and-hiv,s0114,male,not_argument,none,model
circumcision-and-hiv,s0115,male,not_argument,pro,model
circumcision-and-hiv,s0116,male,not_argument,none,model
circumcision-and-hiv,s0117,male,not_argument,pro,model
circumcision-and-hiv,s0118,male,not_argument,pro,model
circumcision-and-hiv,s0119,male,not_argument,none,model
circumcision-and-hiv,s0120,male,not_argument,none,model
circumcision-and-hiv,s0121,male,not_argument,none,model
circumcision-and-hiv,s0122,male,not_argument,none,model
circumcision-and-hiv,s0123,male,not_argument,none,model
circumcision-and-hiv,s0124,male,not_argument,none,model
circumcision-and-hiv,s0125,male,not_argument,none,model
circumcision-and-hiv,s0126,male,not_argument,none,model
circumcision-and-hiv,s0127,male,not_argument,anti,model
circumcision-and-hiv,s0128,male,pro,none,model
circumcision-and-hiv,s0129,male,not_argument,none,model
circumcision-and-hiv,s0130,male,not_argument,none,model
circumcision-and-hiv,s0131,male,pro,none,model
circumcision-and-hiv,s0132,male,not_argument,none,model
circumcision-and-hiv,s0133,male,not_argument,none,model
circumcision-and-hiv,s0134,male,not_argument,none,model
circumcision-and-hiv,s0135,male,not_argument,none,model
circumcision-and-hiv,s0136,male,not_argument,none,model
circumcision-and-hiv,s0137,male,pro,pro,model
circumcision-and-hiv,s0138,male,pro,pro,model
circumcision-and-hiv,s0139,male,pro,none,model
circumcision-and-hiv,s0140,male,not_argument,none,model
circumcision-and-hiv,s0141,male,not_argument,none,model
circumcision-and-hiv,s0142,male,not_argument,anti,model
circumcision-and-hiv,s0143,male,not_argument,none,model
circumcision-and-hiv,s0144,male,not_argument,none,model
circumcision-and-hiv,s0145,male,not_argument,none,model
circumcision-and-hiv,s0146,male,not_argument,pro,model
circumcision-and-hiv,s0147,male,pro,pro,model
circumcision-and-hiv,s0148,male,pro,none,model
circumcision-and-hiv,s0149,male,not_argument,none,model
circumcision-and-hiv,s0150,male,not_argument,none,model
circumcision-and-hiv,s0151,male,pro,none,model
circumcision-and-hiv,s0152,male,pro,none,model
circumcision-and-hiv,s0153,male,not_argument,none,model
circumcision-and-hiv,s0154,male,pro,none,model
circumcision-and-hiv,s0155,male,pro,none,model
circumcision-and-hiv,s0156,male,pro,pro,model
circumcision-and-hiv,s0157,male,not_argument,none,model
circumcision-and-hiv,s0158,male,not_argument,none,model
circumcision-and-hiv,s0159,male,pro,none,model
circumcision-and-hiv,s0160,male,pro,anti,model
circumcision-and-hiv,s0161,male,not_argument,none,model
circumcision-and-hiv,s0162,male,not_argument,none,model
circumcision-and-hiv,s0163,male,not_argument,none,model
circumcision-and-hiv,s0164,male,pro,pro,model
circumcision-and-hiv,s0165,male,pro,anti,model
circumcision-and-hiv,s0166,male,not_argument,none,model
circumcision-and-hiv,s0167,male,pro,mixed,model
circumcision-and-hiv,s0168,male,not_argument,none,model
circumcision-and-hiv,s0169,male,not_argument,none,model
circumcision-and-hiv,s0170,male,pro,none,model
circumcision-and-hiv,s0171,male,not_argument,none,model
circumcision-and-hiv,s0172,male,not_argument,none,model
circumcision-and-hiv,s0173,male,not_argument,none,model
circumcision-and-hiv,s0174,male,not_argument,none,model
circumcision-and-hiv,s0175,male,pro,none,model
circumcision-and-hiv,s0176,male,not_argument,none,model
circumcision-and-hiv,s0177,male,pro,none,model
circumcision-and-hiv,s0178,male,pro,none,model
circumcision-and-hiv,s0179,male,pro,pro,model
circumcision-and-hiv,s0180,male,not_argument,none,model
circumcision-and-hiv,s0181,male,not_argument,none,model
circumcision-and-hiv,s0182,male,pro,pro,model
circumcision-and-hiv,s0183,male,pro,pro,model
circumcision-and-hiv,s0184,male,not_argument,none,model
circumcision-and-hiv,s0185,male,not_argument,none,model
circumcision-and-hiv,s0186,male,pro,none,model
circumcision-and-hiv,s0187,male,not_argument,none,model
circumcision-and-hiv,s0188,male,not_argument,none,model
circumcision-and-hiv,s0189,male,pro,none,model
circumcision-and-hiv,s0190,male,anti,none,model
circumcision-and-hiv,s0191,male,pro,none,model
circumcision-and-hiv,s0192,male,not_argument,none,model
circumcision-and-hiv,s0193,male,anti,pro,model
circumcision-and-hiv,s0194,male,pro,none,model
circumcision-and-hiv,s0195,male,anti,pro,model
circumcision-and-hiv,s0196,male,anti,none,model
circumcision-and-hiv,s0197,male,not_argument,none,model
circumcision-and-hiv,s0198,male,anti,none,model
circumcision-and-hiv,s0199,male,anti,mixed,model
circumcision-and-hiv,s0200,male,pro,none,model
circumcision-and-hiv,s0201,male,not_argument,none,model
circumcision-and-hiv,s0202,male,not_argument,none,model
circumcision-and-hiv,s0203,male,anti,anti,model
circumcision-and-hiv,s0204,male,not_argument,pro,model
circumcision-and-hiv,s0205,male,anti,anti,model
circumcision-and-hiv,s0206,male,not_argument,none,model
circumcision-and-hiv,s0207,male,not_argument,none,model
circumcision-and-hiv,s0208,male,anti,none,model
circumcision-and-hiv,s0209,male,anti,none,model
circumcision-and-hiv,s0210,male,anti,mixed,model
circumcision-and-hiv,s0211,male,not_argument,none,model
circumcision-and-hiv,s0212,male,anti,none,model
circumcision-and-hiv,s0213,male,anti,none,model
circumcision-and-hiv,s0214,male,anti,none,model
circumcision-and-hiv,s0215,male,not_argument,none,model
circumcision-and-hiv,s0216,male,anti,anti,model
circumcision-and-hiv,s0217,male,anti,mixed,model
circumcision-and-hiv,s0218,male,anti,none,model
circumcision-and-hiv,s0219,male,not_argument,none,model
circumcision-and-hiv,s0220,male,anti,mixed,model
circumcision-and-hiv,s0221,male,anti,none,model
circumcision-and-hiv,s0222,male,anti,none,model
circumcision-and-hiv,s0223,male,not_argument,none,model
circumcision-and-hiv,s0224,male,pro,none,model
circumcision-and-hiv,s0225,male,pro,none,model
circumcision-and-hiv,s0226,male,pro,none,model
circumcision-and-hiv,s0227,male,pro,none,model
circumcision-and-hiv,s0228,male,not_argument,none,model
circumcision-and-hiv,s0229,male,pro,none,model
circumcision-and-hiv,s0230,male,pro,none,model
circumcision-and-hiv,s0231,male,pro,none,model
circumcision-and-hiv,s0232,male,pro,none,model
circumcision-and-hiv,s0233,male,pro,mixed,model
circumcision-and-hiv,s0234,male,pro,pro,model
circumcision-and-hiv,s0235,male,not_argument,none,model
circumcision-and-hiv,s0236,male,anti,mixed,model
circumcision-and-hiv,s0237,male,anti,anti,model
circumcision-and-hiv,s0238,male,anti,none,model
circumcision-and-hiv,s0239,male,not_argument,none,model
circumcision-and-hiv,s0240,male,anti,none,model
circumcision-and-hiv,s0241,male,anti,none,model
circumcision-and-hiv,s0242,male,anti,anti,model
circumcision-and-hiv,s0243,male,anti,mixed,model
circumcision-and-hiv,s0244,male,not_argument,none,model
circumcision-and-hiv,s0245,male,pro,pro,model
circumcision-and-hiv,s0246,male,pro,none,model
circumcision-and-hiv,s0247,male,pro,none,model
circumcision-and-hiv,s0248,male,not_argument,none,model
circumcision-and-hiv,s0249,male,pro,pro,model
circumcision-and-hiv,s0250,male,pro,none,model
circumcision-and-hiv,s0251,male,pro,anti,model
circumcision-and-hiv,s0252,male,pro,anti,model
circumcision-and-hiv,s0253,male,not_argument,none,model
circumcision-and-hiv,s0254,male,not_argument,none,model
circumcision-and-hiv,s0255,male,not_argument,none,model
circumcision-and-hiv,s0256,male,pro,none,model
circumcision-and-hiv,s0257,male,not_argument,none,model
circumcision-and-hiv,s0258,male,not_argument,none,model
circumcision-and-hiv,s0259,male,pro,none,model
circumcision-and-hiv,s0260,male,pro,pro,model
circumcision-and-hiv,s0261,male,pro,none,model
circumcision-and-hiv,s0262,male,not_argument,none,model
circumcision-and-hiv,s0263,male,pro,none,model
circumcision-and-hiv,s0264,male,pro,none,model
circumcision-and-hiv,s0265,male,not_argument,none,model
circumcision-and-hiv,s0266,male,not_argument,none,model
circumcision-and-hiv,s0267,male,not_argument,none,model
circumcision-and-hiv,s0268,male,pro,pro,model
circumcision-and-hiv,s0269,male,pro,pro,model
circumcision-and-hiv,s0270,male,not_argument,anti,model
circumcision-and-hiv,s0271,male,not_argument,none,model
circumcision-and-hiv,s0272,male,pro,none,model
circumcision-and-hiv,s0273,male,pro,none,model
circumcision-and-hiv,s0274,male,pro,none,model
circumcision-and-hiv,s0275,male,not_argument,none,model
circumcision-and-hiv,s0276,male,pro,none,model
circumcision-and-hiv,s0277,male,pro,none,model
circumcision-and-hiv,s0278,male,pro,none,model
circumcision-and-hiv,s0279,male,not_argument,pro,model
circumcision-and-hiv,s0280,male,not_argument,none,model
circumcision-and-law,s0001,male,not_argument,mixed,model
circumcision-and-law,s0002,male,not_argument,none,model
circumcision-and-law,s0003,male,pro,pro,model
circumcision-and-law,s0004,male,not_argument,none,model
circumcision-and-law,s0005,male,not_argument,mixed,model
circumcision-and-law,s0006,male,not_argument,none,model
circumcision-and-law,s0007,male,pro,mixed,model
circumcision-and-law,s0008,male,not_argument,none,model
circumcision-and-law,s0009,male,not_argument,none,model
circumcision-and-law,s0010,male,not_argument,none,model
circumcision-and-law,s0011,male,not_argument,pro,model
circumcision-and-law,s0012,male,not_argument,none,model
circumcision-and-law,s0013,male,not_argument,none,model
circumcision-and-law,s0014,male,not_argument,none,model
circumcision-and-law,s0015,male,not_argument,none,model
circumcision-and-law,s0016,male,not_argument,none,model
circumcision-and-law,s0017,male,not_argument,none,model
circumcision-and-law,s0018,male,not_argument,none,model
circumcision-and-law,s0019,male,not_argument,none,model
circumcision-and-law,s0020,male,not_argument,none,model
circumcision-and-law,s0021,male,not_argument,none,model
circumcision-and-law,s0022,male,not_argument,pro,model
circumcision-and-law,s0023,male,not_argument,anti,model
circumcision-and-law,s0024,male,not_argument,none,model
circumcision-and-law,s0025,male,not_argument,none,model
circumcision-and-law,s0026,male,not_argument,none,model
circumcision-and-law,s0027,male,not_argument,none,model
circumcision-and-law,s0028,male,not_argument,none,model
circumcision-and-law,s0029,male,not_argument,none,model
circumcision-and-law,s0030,male,not_argument,none,model
circumcision-and-law,s0031,male,not_argument,none,model
circumcision-and-law,s0032,male,not_argument,none,model
circumcision-and-law,s0033,male,not_argument,none,model
circumcision-and-law,s0034,male,not_argument,none,model
circumcision-and-law,s0035,male,anti,anti,model
circumcision-and-law,s0036,male,not_argument,none,model
circumcision-and-law,s0037,male,not_argument,none,model
circumcision-and-law,s0038,male,not_argument,anti,model
circumcision-and-law,s0039,male,anti,pro,model
circumcision-and-law,s0040,male,not_argument,none,model
circumcision-and-law,s0041,male,not_argument,anti,model
circumcision-and-law,s0042,male,not_argument,anti,model
circumcision-and-law,s0043,male,not_argument,none,model
circumcision-and-law,s0044,male,not_argument,none,model
circumcision-and-law,s0045,male,not_argument,none,model
circumcision-and-law,s0046,male,not_argument,none,model
circumcision-and-law,s0047,male,not_argument,none,model
circumcision-and-law,s0048,male,not_argument,pro,model
circumcision-and-law,s0049,male,not_argument,none,model
circumcision-and-law,s0050,male,anti,anti,model
circumcision-and-law,s0051,male,anti,anti,model
circumcision-and-law,s0052,male,anti,mixed,model
circumcision-and-law,s0053,male,not_argument,none,model
circumcision-and-law,s0054,male,anti,anti,model
circumcision-and-law,s0055,male,anti,anti,model
circumcision-and-law,s0056,male,anti,pro,model
circumcision-and-law,s0057,male,not_argument,none,model
circumcision-and-law,s0058,male,anti,none,model
circumcision-and-law,s0059,male,anti,anti,model
circumcision-and-law,s0060,male,anti,anti,model
circumcision-and-law,s0061,male,not_argument,anti,model
circumcision-and-law,s0062,male,not_argument,none,model
circumcision-and-law,s0063,male,not_argument,anti,model
circumcision-and-law,s0064,male,anti,anti,model
circumcision-and-law,s0065,male,anti,anti,model
circumcision-and-law,s0066,male,pro,mixed,model
circumcision-and-law,s0067,male,pro,none,model
circumcision-and-law,s0068,male,not_argument,none,model
circumcision-and-law,s0069,male,anti,anti,model
circumcision-and-law,s0070,male,pro,pro,model
circumcision-and-law,s0071,male,anti,pro,model
circumcision-and-law,s0072,male,not_argument,none,model
circumcision-and-law,s0073,male,not_argument,anti,model
circumcision-and-law,s0074,male,anti,anti,model
circumcision-and-law,s0075,male,anti,anti,model
circumcision-and-law,s0076,male,not_argument,none,model
circumcision-and-law,s0077,male,pro,mixed,model
circumcision-and-law,s0078,male,pro,anti,model
circumcision-and-law,s0079,male,not_argument,pro,model
circumcision-and-law,s0080,male,not_argument,none,model
circumcision-and-law,s0081,male,not_argument,anti,model
circumcision-and-law,s0082,male,not_argument,anti,model
circumcision-and-law,s0083,male,pro,none,model
circumcision-and-law,s0084,male,not_argument,none,model
circumcision-and-law,s0085,male,anti,anti,model
circumcision-and-law,s0086,male,anti,pro,model
circumcision-and-law,s0087,male,anti,anti,model
circumcision-and-law,s0088,male,not_argument,none,model
circumcision-and-law,s0089,male,not_argument,none,model
circumcision-and-law,s0090,male,not_argument,mixed,model
circumcision-and-law,s0091,male,not_argument,none,model
circumcision-and-law,s0092,male,anti,anti,model
circumcision-and-law,s0093,male,not_argument,none,model
circumcision-and-law,s0094,male,not_argument,none,model
circumcision-and-law,s0095,male,pro,none,model
circumcision-and-law,s0096,male,not_argument,none,model
circumcision-and-law,s0097,male,not_argument,anti,model
circumcision-and-law,s0098,male,anti,anti,model
circumcision-and-law,s0099,male,not_argument,none,model
circumcision-and-law,s0100,male,not_argument,anti,model
circumcision-and-law,s0101,male,not_argument,mixed,model
circumcision-and-law,s0102,male,pro,mixed,model
circumcision-and-law,s0103,male,not_argument,none,model
circumcision-and-law,s0104,male,not_argument,mixed,model
circumcision-and-law,s0105,male,not_argument,anti,model
circumcision-and-law,s0106,male,not_argument,mixed,model
circumcision-and-law,s0107,male,not_argument,none,model
circumcision-and-law,s0108,male,not_argument,anti,model
circumcision-and-law,s0109,male,not_argument,none,model
circumcision-and-law,s0110,male,not_argument,anti,model
circumcision-and-law,s0111,male,not_argument,none,model
circumcision-and-law,s0112,male,not_argument,pro,model
circumcision-and-law,s0113,male,pro,mixed,model
circumcision-and-law,s0114,male,not_argument,none,model
circumcision-and-law,s0115,male,not_argument,anti,model
circumcision-and-law,s0116,male,not_argument,anti,model
circumcision-and-law,s0117,male,pro,mixed,model
circumcision-and-law,s0118,male,not_argument,none,model
circumcision-and-law,s0119,male,not_argument,anti,model
circumcision-and-law,s0120,male,not_argument,anti,model
circumcision-and-law,s0121,male,not_argument,none,model
circumcision-and-law,s0122,male,not_argument,none,model
circumcision-and-law,s0123,male,not_argument,none,model
circumcision-and-law,s0124,male,not_argument,none,model
circumcision-and-law,s0125,male,not_argument,anti,model
circumcision-and-law,s0126,male,not_argument,anti,model
circumcision-and-law,s0127,male,not_argument,none,model
circumcision-and-law,s0128,male,not_argument,anti,model
circumcision-and-law,s0129,male,anti,anti,model
circumcision-and-law,s0130,male,not_argument,none,model
circumcision-and-law,s0131,male,pro,pro,model
circumcision-and-law,s0132,male,pro,none,model
circumcision-and-law,s0133,male,not_argument,none,model
circumcision-and-law,s0134,male,not_argument,none,model
circumcision-and-law,s0135,male,not_argument,none,model
circumcision-and-law,s0136,male,not_argument,anti,model
circumcision-and-law,s0137,male,not_argument,anti,model
circumcision-and-law,s0138,male,not_argument,none,model
circumcision-and-law,s0139,male,not_argument,none,model
circumcision-and-law,s0140,male,not_argument,none,model
circumcision-and-law,s0141,male,not_argument,anti,model
circumcision-and-law,s0142,male,not_argument,pro,model
circumcision-and-law,s0143,male,not_argument,none,model
circumcision-and-law,s0144,male,not_argument,anti,model
circumcision-and-law,s0145,male,not_argument,none,model
circumcision-and-law,s0146,male,not_argument,none,model
circumcision-and-law,s0147,male,not_argument,none,model
circumcision-and-law,s0148,male,not_argument,none,model
circumcision-and-law,s0149,male,not_argument,none,model
circumcision-and-law,s0150,male,not_argument,anti,model
circumcision-and-law,s0151,male,not_argument,none,model
circumcision-and-law,s0152,male,not_argument,anti,model
circumcision-and-law,s0153,male,not_argument,anti,model
circumcision-and-law,s0154,male,not_argument,anti,model
circumcision-and-law,s0155,male,not_argument,none,model
circumcision-and-law,s0156,male,not_argument,anti,model
circumcision-and-law,s0157,male,not_argument,mixed,model
circumcision-and-law,s0158,male,not_argument,none,model
circumcision-and-law,s0159,male,not_argument,mixed,model
circumcision-and-law,s0160,male,not_argument,none,model
circumcision-and-law,s0161,male,not_argument,none,model
circumcision-and-law,s0162,male,anti,anti,model
circumcision-and-law,s0163,male,anti,none,model
circumcision-and-law,s0164,male,not_argument,none,model
circumcision-and-law,s0165,male,not_argument,none,model
circumcision-and-law,s0166,male,not_argument,anti,model
circumcision-and-law,s0167,male,not_argument,none,model
circumcision-and-law,s0168,male,anti,anti,model
circumcision-and-law,s0169,male,not_argument,anti,model
circumcision-and-law,s0170,male,not_argument,none,model
circumcision-and-law,s0171,male,not_argument,anti,model
circumcision-and-law,s0172,male,not_argument,none,model
circumcision-and-law,s0173,male,not_argument,anti,model
circumcision-and-law,s0174,male,not_argument,none,model
circumcision-and-law,s0175,male,not_argument,none,model
circumcision-and-law,s0176,male,not_argument,none,model
circumcision-and-law,s0177,male,not_argument,none,model
circumcision-and-law,s0178,male,not_argument,mixed,model
circumcision-and-law,s0179,male,not_argument,none,model
circumcision-and-law,s0180,male,not_argument,none,model
circumcision-and-law,s0181,male,not_argument,none,model
circumcision-and-law,s0182,male,not_argument,none,model
circumcision-and-law,s0183,male,not_argument,anti,model
circumcision-and-law,s0184,male,not_argument,anti,model
circumcision-and-law,s0185,male,not_argument,none,model
circumcision-and-law,s0186,male,not_argument,none,model
circumcision-and-law,s0187,male,not_argument,none,model
circumcision-and-law,s0188,male,not_argument,none,model
circumcision-and-law,s0189,male,not_argument,none,model
circumcision-and-law,s0190,male,not_argument,none,model
circumcision-and-law,s0191,male,not_argument,none,model
circumcision-and-law,s0192,male,not_argument,none,model
circumcision-and-law,s0193,male,not_argument,anti,model
circumcision-and-law,s0194,male,not_argument,none,model
circumcision-and-law,s0195,male,not_argument,mixed,model
circumcision-and-law,s0196,male,not_argument,pro,model
circumcision-and-law,s0197,male,not_argument,none,model
circumcision-and-law,s0198,male,not_argument,mixed,model
circumcision-and-law,s0199,male,not_argument,none,model
circumcision-and-law,s0200,male,not_argument,none,model
circumcision-and-law,s0201,male,not_argument,none,model
circumcision-and-law,s0202,male,not_argument,none,model
circumcision-and-law,s0203,male,not_argument,none,model
circumcision-and-law,s0204,male,not_argument,none,model
circumcision-and-law,s0205,male,pro,pro,model
circumcision-and-law,s0206,male,not_argument,none,model
circumcision-and-law,s0207,male,not_argument,pro,model
circumcision-and-law,s0208,male,not_argument,none,model
circumcision-and-law,s0209,male,not_argument,none,model
circumcision-and-law,s0210,male,not_argument,anti,model
circumcision-and-law,s0211,male,not_argument,none,model
circumcision-and-law,s0212,male,not_argument,none,model
circumcision-and-law,s0213,male,not_argument,none,model
circumcision-and-law,s0214,male,not_argument,anti,model
circumcision-and-law,s0215,male,not_argument,none,model
circumcision-and-law,s0216,male,not_argument,none,model
circumcision-and-law,s0217,male,not_argument,anti,model
circumcision-and-law,s0218,male,not_argument,none,model
circumcision-and-law,s0219,male,not_argument,none,model
circumcision-and-law,s0220,male,not_argument,none,model
circumcision-and-law,s0221,male,not_argument,none,model
circumcision-and-law,s0222,male,not_argument,none,model
circumcision-and-law,s0223,male,not_argument,none,model
circumcision-and-law,s0224,male,not_argument,anti,model
circumcision-and-law,s0225,male,not_argument,none,model
circumcision-and-law,s0226,male,not_argument,mixed,model
circumcision-and-law,s0227,male,not_argument,none,model
circumcision-and-law,s0228,male,not_argument,anti,model
circumcision-and-law,s0229,male,not_argument,none,model
circumcision-and-law,s0230,male,not_argument,anti,model
circumcision-and-law,s0231,male,not_argument,anti,model
circumcision-and-law,s0232,male,not_argument,anti,model
circumcision-and-law,s0233,male,not_argument,pro,model
circumcision-and-law,s0234,male,not_argument,anti,model
circumcision-and-law,s0235,male,not_argument,none,model
circumcision-and-law,s0236,male,anti,mixed,model
circumcision-and-law,s0237,male,not_argument,none,model
circumcision-and-law,s0238,male,not_argument,none,model
circumcision-and-law,s0239,male,not_argument,none,model
circumcision-and-law,s0240,male,not_argument,anti,model
circumcision-and-law,s0241,male,not_argument,anti,model
circumcision-and-law,s0242,male,not_argument,anti,model
circumcision-and-law,s0243,male,not_argument,anti,model
circumcision-and-law,s0244,male,not_argument,none,model
circumcision-and-law,s0245,male,not_argument,none,model
circumcision-and-law,s0246,male,not_argument,mixed,model
circumcision-and-law,s0247,male,not_argument,pro,model
circumcision-and-law,s0248,male,not_argument,pro,model
circumcision-and-law,s0249,male,not_argument,none,model
circumcision-and-law,s0250,male,not_argument,pro,model
circumcision-and-law,s0251,male,not_argument,pro,model
circumcision-and-law,s0252,male,not_argument,none,model
circumcision-and-law,s0253,male,not_argument,pro,model
circumcision-and-law,s0254,male,not_argument,none,model
circumcision-and-law,s0255,male,not_argument,none,model
circumcision-and-law,s0256,male,not_argument,none,model
circumcision-and-law,s0257,male,not_argument,none,model
circumcision-and-law,s0258,male,not_argument,anti,model
circumcision-and-law,s0259,male,not_argument,none,model
circumcision-and-law,s0260,male,not_argument,pro,model
circumcision-and-law,s0261,male,pro,none,model
circumcision-and-law,s0262,male,not_argument,none,model
circumcision-and-law,s0263,male,not_argument,none,model
circumcision-and-law,s0264,male,not_argument,none,model
circumcision-and-law,s0265,male,not_argument,none,model
circumcision-and-law,s0266,male,not_argument,none,model
circumcision-and-law,s0267,male,not_argument,none,model
circumcision-and-law,s0268,male,not_argument,none,model
circumcision-and-law,s0269,male,not_argument,none,model
circumcision-and-law,s0270,male,not_argument,none,model
circumcision-and-law,s0271,male,not_argument,none,model
circumcision-and-law,s0272,male,not_argument,none,model
circumcision-and-law,s0273,male,not_argument,none,model
circumcision-and-law,s0274,male,not_argument,none,model
circumcision-and-law,s0275,male,not_argument,none,model
circumcision-and-law,s0276,male,not_argument,none,model
circumcision-and-law,s0277,male,not_argument,anti,model
circumcision-and-law,s0278,male,not_argument,pro,model
circumcision-and-law,s0279,male,not_argument,none,model
circumcision-and-law,s0280,male,not_argument,none,model
circumcision-and-law,s0281,male,not_argument,pro,model
circumcision-and-law,s0282,male,not_argument,none,model
circumcision-and-law,s0283,male,not_argument,none,model
circumcision-and-law,s0284,male,not_argument,none,model
circumcision-and-law,s0285,male,not_argument,none,model
circumcision-and-law,s0286,male,not_argument,anti,model
circumcision-and-law,s0287,male,not_argument,anti,model
circumcision-and-law,s0288,male,not_argument,none,model
circumcision-and-law,s0289,male,not_argument,anti,model
circumcision-and-law,s0290,male,not_argument,none,model
circumcision-and-law,s0291,male,not_argument,anti,model
circumcision-and-law,s0292,male,not_argument,mixed,model
circumcision-and-law,s0293,male,not_argument,none,model
circumcision-and-law,s0294,male,not_argument,none,model
circumcision-and-law,s0295,male,not_argument,mixed,model
circumcision-and-law,s0296,male,not_argument,none,model
circumcision-and-law,s0297,male,not_argument,none,model
circumcision-and-law,s0298,male,not_argument,anti,model
circumcision-and-law,s0299,male,not_argument,anti,model
circumcision-and-law,s0300,male,not_argument,none,model
circumcision-and-law,s0301,male,not_argument,none,model
circumcision-and-law,s0302,male,not_argument,anti,model
circumcision-and-law,s0303,male,not_argument,none,model
circumcision-and-law,s0304,male,not_argument,anti,model
circumcision-and-law,s0305,male,not_argument,none,model
circumcision-and-law,s0306,male,anti,anti,model
circumcision-and-law,s0307,male,not_argument,pro,model
circumcision-and-law,s0308,male,not_argument,anti,model
circumcision-and-law,s0309,male,not_argument,none,model
circumcision-and-law,s0310,male,not_argument,none,model
circumcision-and-law,s0311,male,not_argument,anti,model
circumcision-and-law,s0312,male,not_argument,none,model
circumcision-and-law,s0313,male,not_argument,none,model
circumcision-and-law,s0314,male,not_argument,none,model
circumcision-and-law,s0315,male,not_argument,anti,model
circumcision-and-law,s0316,male,not_argument,anti,model
circumcision-and-law,s0317,male,not_argument,none,model
circumcision-and-law,s0318,male,not_argument,none,model
circumcision-and-law,s0319,male,not_argument,anti,model
circumcision-and-law,s0320,male,not_argument,anti,model
circumcision-and-law,s0321,male,anti,mixed,model
circumcision-and-law,s0322,male,not_argument,none,model
circumcision-and-law,s0323,male,not_argument,none,model
circumcision-and-law,s0324,male,not_argument,anti,model
circumcision-and-law,s0325,male,not_argument,none,model
circumcision-and-law,s0326,male,not_argument,none,model
circumcision-and-law,s0327,male,pro,pro,model
circumcision-and-law,s0328,male,not_argument,anti,model
circumcision-and-law,s0329,male,not_argument,none,model
circumcision-and-law,s0330,male,not_argument,anti,model
circumcision-and-law,s0331,male,not_argument,anti,model
circumcision-and-law,s0332,male,not_argument,none,model
circumcision-and-law,s0333,male,anti,none,model
circumcision-and-law,s0334,male,not_argument,none,model
circumcision-and-law,s0335,male,anti,mixed,model
circumcision-and-law,s0336,male,pro,mixed,model
circumcision-and-law,s0337,male,anti,anti,model
circumcision-and-law,s0338,male,not_argument,none,model
circumcision-and-law,s0339,male,not_argument,anti,model
circumcision-and-law,s0340,male,not_argument,anti,model
circumcision-and-law,s0341,male,anti,anti,model
circumcision-and-law,s0342,male,not_argument,mixed,model
circumcision-and-law,s0343,male,not_argument,none,model
circumcision-and-law,s0344,male,not_argument,mixed,model
circumcision-and-law,s0345,male,anti,none,model
circumcision-and-law,s0346,male,pro,pro,model
circumcision-and-law,s0347,male,not_argument,anti,model
circumcision-and-law,s0348,male,not_argument,anti,model
circumcision-and-law,s0349,male,not_argument,none,model
circumcision-and-law,s0350,male,not_argument,anti,model
circumcision-and-law,s0351,male,not_argument,anti,model
circumcision-and-law,s0352,male,not_argument,anti,model
circumcision-and-law,s0353,male,not_argument,pro,model
circumcision-and-law,s0354,male,not_argument,none,model
circumcision-and-law,s0355,male,pro,mixed,model
circumcision-and-law,s0356,male,not_argument,pro,model
circumcision-and-law,s0357,male,not_argument,anti,model
circumcision-and-law,s0358,male,not_argument,none,model
circumcision-and-law,s0359,male,not_argument,pro,model
circumcision-and-law,s0360,male,not_argument,none,model
circumcision-and-law,s0361,male,not_argument,none,model
circumcision-and-law,s0362,male,not_argument,pro,model
circumcision-and-law,s0363,male,not_argument,none,model
circumcision-and-law,s0364,male,not_argument,anti,model
circumcision-and-law,s0365,male,not_argument,none,model
circumcision-and-law,s0366,male,not_argument,anti,model
circumcision-and-law,s0367,male,not_argument,anti,model
circumcision-and-law,s0368,male,not_argument,mixed,model
circumcision-and-law,s0369,male,not_argument,anti,model
circumcision-and-law,s0370,male,not_argument,none,model
circumcision-and-law,s0371,male,not_argument,mixed,model
circumcision-and-law,s0372,male,anti,mixed,model
circumcision-and-law,s0373,male,not_argument,none,model
circumcision-and-law,s0374,male,not_argument,anti,model
circumcision-and-law,s0375,male,not_argument,none,model
circumcision-and-law,s0376,male,pro,pro,model
circumcision-and-law,s0377,male,not_argument,none,model
circumcision-and-law,s0378,male,not_argument,none,model
circumcision-and-law,s0379,male,not_argument,pro,model
circumcision-and-law,s0380,male,not_argument,mixed,model
circumcision-and-law,s0381,male,not_argument,pro,model
circumcision-and-law,s0382,male,not_argument,none,model
circumcision-and-law,s0383,male,not_argument,none,model
circumcision-and-law,s0384,male,not_argument,mixed,model
circumcision-and-law,s0385,male,pro,mixed,model
circumcision-and-law,s0386,male,not_argument,none,model
circumcision-and-law,s0387,male,not_argument,anti,model
circumcision-and-law,s0388,male,not_argument,anti,model
circumcision-and-law,s0389,male,not_argument,none,model
circumcision-and-law,s0390,male,not_argument,anti,model
circumcision-and-law,s0391,male,not_argument,mixed,model
circumcision-and-law,s0392,male,anti,none,model
circumcision-and-law,s0393,male,not_argument,none,model
circumcision-and-law,s0394,male,pro,pro,model
circumcision-and-law,s0395,male,anti,mixed,model
circumcision-and-law,s0396,male,not_argument,none,model
circumcision-and-law,s0397,male,pro,mixed,model
circumcision-and-law,s0398,male,pro,none,model
circumcision-and-law,s0399,male,not_argument,none,model
circumcision-and-law,s0400,male,not_argument,none,model
circumcision-and-law,s0401,male,not_argument,none,model
circumcision-and-law,s0402,male,not_argument,anti,model
circumcision-and-law,s0403,male,not_argument,mixed,model
circumcision-and-law,s0404,male,anti,anti,model
circumcision-and-law,s0405,male,not_argument,none,model
circumcision-and-law,s0406,male,not_argument,anti,model
circumcision-and-law,s0407,male,not_argument,none,model
circumcision-and-law,s0408,male,not_argument,none,model
circumcision-and-law,s0409,male,not_argument,none,model
circumcision-and-law,s0410,male,not_argument,none,model
circumcision-and-law,s0411,male,not_argument,anti,model
circumcision-and-law,s0412,male,not_argument,mixed,model
circumcision-and-law,s0413,male,not_argument,anti,model
circumcision-and-law,s0414,male,not_argument,none,model
circumcision-and-law,s0415,male,not_argument,none,model
circumcision-and-law,s0416,male,not_argument,anti,model
circumcision-and-law,s0417,male,not_argument,none,model
circumcision-and-law,s0418,male,not_argument,none,model
circumcision-controversies,s0001,male,not_argument,mixed,model
circumcision-controversies,s0002,male,pro,pro,model
circumcision-controversies,s0003,male,anti,anti,model
circumcision-controversies,s0004,male,not_argument,mixed,model
circumcision-controversies,s0005,male,not_argument,none,model
circumcision-controversies,s0006,male,not_argument,none,model
circumcision-controversies,s0007,male,not_argument,none,model
circumcision-controversies,s0008,male,not_argument,none,model
circumcision-controversies,s0009,male,not_argument,none,model
circumcision-controversies,s0010,male,not_argument,pro,model
circumcision-controversies,s0011,male,not_argument,none,model
circumcision-controversies,s0012,male,not_argument,none,model
circumcision-controversies,s0013,male,not_argument,none,model
circumcision-controversies,s0014,male,not_argument,none,model
circumcision-controversies,s0015,male,not_argument,none,model
circumcision-controversies,s0016,male,not_argument,anti,model
circumcision-controversies,s0017,male,not_argument,anti,model
circumcision-controversies,s0018,male,not_argument,none,model
circumcision-controversies,s0019,male,not_argument,none,model
circumcision-controversies,s0020,male,not_argument,none,model
circumcision-controversies,s0021,male,not_argument,none,model
circumcision-controversies,s0022,male,not_argument,none,model
circumcision-controversies,s0023,male,not_argument,none,model
circumcision-controversies,s0024,male,not_argument,none,model
circumcision-controversies,s0025,male,not_argument,pro,model
circumcision-controversies,s0026,male,not_argument,pro,model
circumcision-controversies,s0027,male,not_argument,none,model
circumcision-controversies,s0028,male,not_argument,none,model
circumcision-controversies,s0029,male,not_argument,none,model
circumcision-controversies,s0030,male,not_argument,none,model
circumcision-controversies,s0031,male,not_argument,none,model
circumcision-controversies,s0032,male,not_argument,none,model
circumcision-controversies,s0033,male,not_argument,none,model
circumcision-controversies,s0034,male,not_argument,none,model
circumcision-controversies,s0035,male,not_argument,none,model
circumcision-controversies,s0036,male,pro,pro,model
circumcision-controversies,s0037,male,pro,pro,model
circumcision-controversies,s0038,male,pro,pro,model
circumcision-controversies,s0039,male,not_argument,none,model
circumcision-controversies,s0040,male,pro,pro,model
circumcision-controversies,s0041,male,pro,none,model
circumcision-controversies,s0042,male,pro,pro,model
circumcision-controversies,s0043,male,not_argument,none,model
circumcision-controversies,s0044,male,pro,pro,model
circumcision-controversies,s0045,male,pro,pro,model
circumcision-controversies,s0046,male,pro,none,model
circumcision-controversies,s0047,male,pro,none,model
circumcision-controversies,s0048,male,not_argument,none,model
circumcision-controversies,s0049,male,pro,none,model
circumcision-controversies,s0050,male,pro,pro,model
circumcision-controversies,s0051,male,not_argument,none,model
circumcision-controversies,s0052,male,not_argument,anti,model
circumcision-controversies,s0053,male,pro,anti,model
circumcision-controversies,s0054,male,not_argument,mixed,model
circumcision-controversies,s0055,male,not_argument,none,model
circumcision-controversies,s0056,male,not_argument,none,model
circumcision-controversies,s0057,male,pro,anti,model
circumcision-controversies,s0058,male,not_argument,none,model
circumcision-controversies,s0059,male,pro,anti,model
circumcision-controversies,s0060,male,not_argument,none,model
circumcision-controversies,s0061,male,pro,none,model
circumcision-controversies,s0062,male,pro,none,model
circumcision-controversies,s0063,male,pro,anti,model
circumcision-controversies,s0064,male,not_argument,none,model
circumcision-controversies,s0065,male,pro,none,model
circumcision-controversies,s0066,male,pro,none,model
circumcision-controversies,s0067,male,pro,pro,model
circumcision-controversies,s0068,male,not_argument,none,model
circumcision-controversies,s0069,male,not_argument,none,model
circumcision-controversies,s0070,male,pro,none,model
circumcision-controversies,s0071,male,not_argument,none,model
circumcision-controversies,s0072,male,pro,none,model
circumcision-controversies,s0073,male,pro,none,model
circumcision-controversies,s0074,male,not_argument,none,model
circumcision-controversies,s0075,male,anti,anti,model
circumcision-controversies,s0076,male,anti,none,model
circumcision-controversies,s0077,male,anti,mixed,model
circumcision-controversies,s0078,male,not_argument,none,model
circumcision-controversies,s0079,male,not_argument,anti,model
circumcision-controversies,s0080,male,anti,anti,model
circumcision-controversies,s0081,male,anti,anti,model
circumcision-controversies,s0082,male,not_argument,none,model
circumcision-controversies,s0083,male,anti,none,model
circumcision-controversies,s0084,male,not_argument,none,model
circumcision-controversies,s0085,male,pro,none,model
circumcision-controversies,s0086,male,pro,none,model
circumcision-controversies,s0087,male,pro,none,model
circumcision-controversies,s0088,male,pro,none,model
circumcision-controversies,s0089,male,pro,none,model
circumcision-controversies,s0090,male,pro,none,model
circumcision-controversies,s0091,male,pro,mixed,model
circumcision-controversies,s0092,male,pro,none,model
circumcision-controversies,s0093,male,pro,none,model
circumcision-controversies,s0094,male,not_argument,none,model
circumcision-controversies,s0095,male,anti,anti,model
circumcision-controversies,s0096,male,anti,anti,model
circumcision-controversies,s0097,male,pro,anti,model
circumcision-controversies,s0098,male,not_argument,none,model
circumcision-controversies,s0099,male,pro,anti,model
circumcision-controversies,s0100,male,pro,mixed,model
circumcision-controversies,s0101,male,pro,none,model
circumcision-controversies,s0102,male,not_argument,none,model
circumcision-controversies,s0103,male,pro,none,model
circumcision-controversies,s0104,male,pro,none,model
circumcision-controversies,s0105,male,pro,pro,model
circumcision-controversies,s0106,male,not_argument,none,model
circumcision-controversies,s0107,male,pro,anti,model
circumcision-controversies,s0108,male,pro,anti,model
circumcision-controversies,s0109,male,pro,none,model
circumcision-controversies,s0110,male,pro,none,model
circumcision-controversies,s0111,male,not_argument,none,model
circumcision-controversies,s0112,male,pro,mixed,model
circumcision-controversies,s0113,male,pro,anti,model
circumcision-controversies,s0114,male,pro,anti,model
circumcision-controversies,s0115,male,pro,pro,model
circumcision-controversies,s0116,male,pro,none,model
circumcision-controversies,s0117,male,pro,pro,model
circumcision-controversies,s0118,male,pro,mixed,model
circumcision-controversies,s0119,male,not_argument,pro,model
circumcision-controversies,s0120,male,pro,pro,model
circumcision-controversies,s0121,male,pro,none,model
circumcision-controversies,s0122,male,pro,mixed,model
circumcision-controversies,s0123,male,not_argument,none,model
circumcision-controversies,s0124,male,pro,anti,model
circumcision-controversies,s0125,male,pro,anti,model
circumcision-controversies,s0126,male,pro,anti,model
circumcision-controversies,s0127,male,pro,none,model
circumcision-controversies,s0128,male,pro,pro,model
circumcision-controversies,s0129,male,not_argument,none,model
circumcision-controversies,s0130,male,not_argument,none,model
circumcision-controversies,s0131,male,not_argument,anti,model
circumcision-controversies,s0132,male,not_argument,anti,model
circumcision-controversies,s0133,male,not_argument,none,model
circumcision-controversies,s0134,male,not_argument,none,model
circumcision-controversies,s0135,male,not_argument,none,model
circumcision-controversies,s0136,male,not_argument,pro,model
circumcision-controversies,s0137,male,not_argument,none,model
circumcision-controversies,s0138,male,not_argument,none,model
circumcision-controversies,s0139,male,not_argument,none,model
circumcision-controversies,s0140,male,not_argument,none,model
circumcision-controversies,s0141,male,not_argument,none,model
circumcision-controversies,s0142,male,not_argument,anti,model
circumcision-controversies,s0143,male,not_argument,mixed,model
circumcision-controversies,s0144,male,not_argument,none,model
circumcision-controversies,s0145,male,not_argument,none,model
circumcision-controversies,s0146,male,not_argument,none,model
circumcision-controversies,s0147,male,not_argument,none,model
circumcision-controversies,s0148,male,not_argument,none,model
circumcision-controversies,s0149,male,not_argument,none,model
circumcision-controversies,s0150,male,not_argument,mixed,model
circumcision-controversies,s0151,male,not_argument,mixed,model
circumcision-controversies,s0152,male,not_argument,none,model
circumcision-controversies,s0153,male,not_argument,none,model
circumcision-controversies,s0154,male,not_argument,none,model
circumcision-controversies,s0155,male,anti,mixed,model
circumcision-controversies,s0156,male,pro,none,model
circumcision-controversies,s0157,male,pro,anti,model
circumcision-controversies,s0158,male,not_argument,none,model
circumcision-controversies,s0159,male,not_argument,pro,model
circumcision-controversies,s0160,male,not_argument,none,model
circumcision-controversies,s0161,male,pro,none,model
circumcision-controversies,s0162,male,not_argument,none,model
circumcision-controversies,s0163,male,not_argument,pro,model
circumcision-controversies,s0164,male,anti,anti,model
circumcision-controversies,s0165,male,pro,mixed,model
circumcision-controversies,s0166,male,not_argument,none,model
circumcision-controversies,s0167,male,not_argument,none,model
circumcision-controversies,s0168,male,not_argument,pro,model
circumcision-controversies,s0169,male,not_argument,none,model
circumcision-controversies,s0170,male,not_argument,none,model
circumcision-controversies,s0171,male,not_argument,none,model
circumcision-controversies,s0172,male,not_argument,none,model
circumcision-controversies,s0173,male,not_argument,pro,model
circumcision-controversies,s0174,male,not_argument,none,model
circumcision-controversies,s0175,male,not_argument,none,model
circumcision-controversies,s0176,male,not_argument,pro,model
circumcision-controversies,s0177,male,anti,mixed,model
circumcision-controversies,s0178,male,anti,anti,model
circumcision-controversies,s0179,male,not_argument,none,model
circumcision-controversies,s0180,male,not_argument,pro,model
circumcision-controversies,s0181,male,not_argument,pro,model
circumcision-controversies,s0182,male,not_argument,none,model
circumcision-controversies,s0183,male,not_argument,none,model
circumcision-controversies,s0184,male,not_argument,mixed,model
circumcision-controversies,s0185,male,not_argument,none,model
circumcision-controversies,s0186,male,not_argument,none,model
circumcision-controversies,s0187,male,not_argument,none,model
circumcision-controversies,s0188,male,not_argument,pro,model
circumcision-controversies,s0189,male,not_argument,anti,model
circumcision-controversies,s0190,male,not_argument,none,model
circumcision-controversies,s0191,male,not_argument,pro,model
circumcision-controversies,s0192,male,pro,none,model
circumcision-controversies,s0193,male,not_argument,pro,model
circumcision-controversies,s0194,male,not_argument,none,model
circumcision-controversies,s0195,male,not_argument,anti,model
circumcision-controversies,s0196,male,not_argument,anti,model
circumcision-controversies,s0197,male,not_argument,anti,model
circumcision-controversies,s0198,male,not_argument,none,model
circumcision-controversies,s0199,male,not_argument,none,model
circumcision-controversies,s0200,male,not_argument,none,model
circumcision-controversies,s0201,male,not_argument,pro,model
circumcision-controversies,s0202,male,not_argument,none,model
circumcision-controversies,s0203,male,anti,anti,model
circumcision-controversies,s0204,male,anti,none,model
circumcision-controversies,s0205,male,anti,anti,model
circumcision-controversies,s0206,male,not_argument,none,model
circumcision-controversies,s0207,male,not_argument,none,model
circumcision-controversies,s0208,male,not_argument,anti,model
circumcision-controversies,s0209,male,pro,anti,model
circumcision-controversies,s0210,male,not_argument,none,model
circumcision-controversies,s0211,male,pro,pro,model
circumcision-controversies,s0212,male,pro,pro,model
circumcision-controversies,s0213,male,pro,pro,model
circumcision-controversies,s0214,male,not_argument,none,model
circumcision-controversies,s0215,male,pro,mixed,model
circumcision-controversies,s0216,male,pro,none,model
circumcision-controversies,s0217,male,not_argument,none,model
circumcision-controversies,s0218,male,not_argument,mixed,model
circumcision-controversies,s0219,male,pro,none,model
circumcision-controversies,s0220,male,not_argument,none,model
circumcision-controversies,s0221,male,anti,anti,model
circumcision-controversies,s0222,male,anti,none,model
circumcision-controversies,s0223,male,pro,mixed,model
circumcision-controversies,s0224,male,not_argument,none,model
circumcision-controversies,s0225,male,pro,none,model
circumcision-controversies,s0226,male,pro,mixed,model
circumcision-controversies,s0227,male,not_argument,none,model
circumcision-controversies,s0228,male,anti,none,model
circumcision-controversies,s0229,male,pro,none,model
circumcision-controversies,s0230,male,not_argument,none,model
circumcision-controversies,s0231,male,not_argument,anti,model
circumcision-controversies,s0232,male,not_argument,none,model
circumcision-controversy-in-early-christianity,s0001,male,not_argument,none,model
circumcision-controversy-in-early-christianity,s0002,male,not_argument,none,model
circumcision-controversy-in-early-christianity,s0003,male,anti,none,model
circumcision-controversy-in-early-christianity,s0004,male,not_argument,none,model
circumcision-controversy-in-early-christianity,s0005,male,not_argument,none,model
circumcision-controversy-in-early-christianity,s0006,male,not_argument,none,model
circumcision-controversy-in-early-christianity,s0007,male,not_argument,none,model
circumcision-controversy-in-early-christianity,s0008,male,not_argument,none,model
circumcision-controversy-in-early-christianity,s0009,male,not_argument,none,model
circumcision-controversy-in-early-christianity,s0010,male,not_argument,none,model
circumcision-controversy-in-early-christianity,s0011,male,not_argument,none,model
circumcision-controversy-in-early-christianity,s0012,male,not_argument,none,model
circumcision-controversy-in-early-christianity,s0013,male,not_argument,none,model
circumcision-controversy-in-early-christianity,s0014,male,not_argument,none,model
circumcision-controversy-in-early-christianity,s0015,male,not_argument,none,model
circumcision-controversy-in-early-christianity,s0016,male,not_argument,none,model
circumcision-controversy-in-early-christianity,s0017,male,not_argument,none,model
circumcision-controversy-in-early-christianity,s0018,male,not_argument,none,model
circumcision-controversy-in-early-christianity,s0019,male,not_argument,none,model
circumcision-controversy-in-early-christianity,s0020,male,not_argument,none,model
circumcision-controversy-in-early-christianity,s0021,male,not_argument,none,model
circumcision-controversy-in-early-christianity,s0022,male,not_argument,none,model
circumcision-controversy-in-early-christianity,s0023,male,not_argument,none,model
circumcision-controversy-in-early-christianity,s0024,male,not_argument,none,model
circumcision-controversy-in-early-christianity,s0025,male,not_argument,none,model
circumcision-controversy-in-early-christianity,s0026,male,not_argument,none,model
circumcision-controversy-in-early-christianity,s0027,male,not_argument,none,model
circumcision-controversy-in-early-christianity,s0028,male,not_argument,none,model
circumcision-controversy-in-early-christianity,s0029,male,not_argument,none,model
circumcision-controversy-in-early-christianity,s0030,male,not_argument,none,model
circumcision-controversy-in-early-christianity,s0031,male,not_argument,none,model
circumcision-controversy-in-early-christianity,s0032,male,not_argument,none,model
circumcision-controversy-in-early-christianity,s0033,male,not_argument,none,model
circumcision-controversy-in-early-christianity,s0034,male,not_argument,none,model
circumcision-controversy-in-early-christianity,s0035,male,not_argument,none,model
circumcision-controversy-in-early-christianity,s0036,male,not_argument,none,model
circumcision-controversy-in-early-christianity,s0037,male,not_argument,none,model
circumcision-controversy-in-early-christianity,s0038,male,not_argument,none,model
circumcision-controversy-in-early-christianity,s0039,male,not_argument,none,model
circumcision-controversy-in-early-christianity,s0040,male,not_argument,none,model
circumcision-controversy-in-early-christianity,s0041,male,not_argument,none,model
circumcision-controversy-in-early-christianity,s0042,male,not_argument,none,model
circumcision-controversy-in-early-christianity,s0043,male,not_argument,none,model
circumcision-controversy-in-early-christianity,s0044,male,not_argument,none,model
circumcision-controversy-in-early-christianity,s0045,male,not_argument,none,model
circumcision-controversy-in-early-christianity,s0046,male,not_argument,none,model
circumcision-controversy-in-early-christianity,s0047,male,not_argument,none,model
circumcision-controversy-in-early-christianity,s0048,male,not_argument,none,model
circumcision-controversy-in-early-christianity,s0049,male,not_argument,none,model
circumcision-controversy-in-early-christianity,s0050,male,not_argument,none,model
circumcision-controversy-in-early-christianity,s0051,male,not_argument,none,model
circumcision-controversy-in-early-christianity,s0052,male,not_argument,none,model
circumcision-controversy-in-early-christianity,s0053,male,not_argument,none,model
circumcision-controversy-in-early-christianity,s0054,male,not_argument,none,model
circumcision-controversy-in-early-christianity,s0055,male,not_argument,none,model
circumcision-controversy-in-early-christianity,s0056,male,not_argument,none,model
circumcision-controversy-in-early-christianity,s0057,male,not_argument,none,model
circumcision-controversy-in-early-christianity,s0058,male,not_argument,none,model
circumcision-controversy-in-early-christianity,s0059,male,not_argument,none,model
circumcision-controversy-in-early-christianity,s0060,male,not_argument,none,model
circumcision-controversy-in-early-christianity,s0061,male,not_argument,none,model
circumcision-controversy-in-early-christianity,s0062,male,not_argument,none,model
circumcision-controversy-in-early-christianity,s0063,male,not_argument,none,model
circumcision-controversy-in-early-christianity,s0064,male,not_argument,none,model
circumcision-controversy-in-early-christianity,s0065,male,not_argument,none,model
circumcision-controversy-in-early-christianity,s0066,male,not_argument,none,model
circumcision-controversy-in-early-christianity,s0067,male,not_argument,none,model
circumcision-controversy-in-early-christianity,s0068,male,not_argument,none,model
circumcision-controversy-in-early-christianity,s0069,male,not_argument,none,model
circumcision-controversy-in-early-christianity,s0070,male,pro,none,model
circumcision-controversy-in-early-christianity,s0071,male,pro,none,model
circumcision-controversy-in-early-christianity,s0072,male,not_argument,none,model
circumcision-controversy-in-early-christianity,s0073,male,not_argument,none,model
circumcision-controversy-in-early-christianity,s0074,male,not_argument,none,model
circumcision-controversy-in-early-christianity,s0075,male,pro,none,model
circumcision-controversy-in-early-christianity,s0076,male,pro,none,model
circumcision-controversy-in-early-christianity,s0077,male,pro,none,model
circumcision-controversy-in-early-christianity,s0078,male,not_argument,none,model
circumcision-controversy-in-early-christianity,s0079,male,pro,none,model
circumcision-controversy-in-early-christianity,s0080,male,pro,none,model
circumcision-controversy-in-early-christianity,s0081,male,pro,none,model
circumcision-controversy-in-early-christianity,s0082,male,not_argument,none,model
circumcision-controversy-in-early-christianity,s0083,male,anti,none,model
circumcision-controversy-in-early-christianity,s0084,male,anti,none,model
circumcision-controversy-in-early-christianity,s0085,male,not_argument,none,model
circumcision-controversy-in-early-christianity,s0086,male,not_argument,none,model
circumcision-controversy-in-early-christianity,s0087,male,anti,none,model
circumcision-controversy-in-early-christianity,s0088,male,anti,mixed,model
circumcision-controversy-in-early-christianity,s0089,male,anti,none,model
circumcision-controversy-in-early-christianity,s0090,male,not_argument,none,model
circumcision-controversy-in-early-christianity,s0091,male,anti,none,model
circumcision-controversy-in-early-christianity,s0092,male,anti,none,model
circumcision-controversy-in-early-christianity,s0093,male,not_argument,none,model
circumcision-controversy-in-early-christianity,s0094,male,anti,anti,model
circumcision-controversy-in-early-christianity,s0095,male,not_argument,none,model
circumcision-controversy-in-early-christianity,s0096,male,not_argument,none,model
circumcision-controversy-in-early-christianity,s0097,male,anti,none,model
circumcision-controversy-in-early-christianity,s0098,male,anti,none,model
circumcision-controversy-in-early-christianity,s0099,male,not_argument,none,model
circumcision-controversy-in-early-christianity,s0100,male,anti,none,model
circumcision-controversy-in-early-christianity,s0101,male,anti,none,model
circumcision-controversy-in-early-christianity,s0102,male,not_argument,none,model
circumcision-controversy-in-early-christianity,s0103,male,anti,none,model
circumcision-controversy-in-early-christianity,s0104,male,not_argument,none,model
circumcision-controversy-in-early-christianity,s0105,male,anti,none,model
circumcision-controversy-in-early-christianity,s0106,male,anti,none,model
circumcision-controversy-in-early-christianity,s0107,male,anti,none,model
circumcision-controversy-in-early-christianity,s0108,male,anti,none,model
circumcision-controversy-in-early-christianity,s0109,male,not_argument,none,model
circumcision-controversy-in-early-christianity,s0110,male,anti,none,model
circumcision-controversy-in-early-christianity,s0111,male,anti,none,model
circumcision-controversy-in-early-christianity,s0112,male,not_argument,none,model
circumcision-controversy-in-early-christianity,s0113,male,not_argument,none,model
circumcision-controversy-in-early-christianity,s0114,male,not_argument,none,model
circumcision-controversy-in-early-christianity,s0115,male,not_argument,none,model
circumcision-controversy-in-early-christianity,s0116,male,not_argument,none,model
circumcision-controversy-in-early-christianity,s0117,male,pro,none,model
circumcision-controversy-in-early-christianity,s0118,male,anti,none,model
circumcision-controversy-in-early-christianity,s0119,male,anti,none,model
circumcision-controversy-in-early-christianity,s0120,male,not_argument,none,model
circumcision-controversy-in-early-christianity,s0121,male,not_argument,none,model
circumcision-controversy-in-early-christianity,s0122,male,not_argument,none,model
circumcision-controversy-in-early-christianity,s0123,male,not_argument,none,model
circumcision-controversy-in-early-christianity,s0124,male,not_argument,none,model
circumcision-controversy-in-early-christianity,s0125,male,not_argument,none,model
circumcision-controversy-in-early-christianity,s0126,male,not_argument,none,model
circumcision-controversy-in-early-christianity,s0127,male,not_argument,none,model
circumcision-controversy-in-early-christianity,s0128,male,not_argument,none,model
circumcision-controversy-in-early-christianity,s0129,male,not_argument,none,model
circumcision-controversy-in-early-christianity,s0130,male,not_argument,none,model
circumcision-controversy-in-early-christianity,s0131,male,not_argument,none,model
circumcision-controversy-in-early-christianity,s0132,male,not_argument,none,model
circumcision-controversy-in-early-christianity,s0133,male,not_argument,none,model
circumcision-controversy-in-early-christianity,s0134,male,not_argument,none,model
circumcision-controversy-in-early-christianity,s0135,male,not_argument,none,model
circumcision-controversy-in-early-christianity,s0136,male,not_argument,none,model
circumcision-controversy-in-early-christianity,s0137,male,not_argument,none,model
circumcision-controversy-in-early-christianity,s0138,male,not_argument,none,model
circumcision-controversy-in-early-christianity,s0139,male,not_argument,none,model
circumcision-controversy-in-early-christianity,s0140,male,not_argument,none,model
circumcision-controversy-in-early-christianity,s0141,male,not_argument,none,model
circumcision-controversy-in-early-christianity,s0142,male,not_argument,none,model
circumcision-controversy-in-early-christianity,s0143,male,not_argument,none,model
circumcision-controversy-in-early-christianity,s0144,male,anti,none,model
circumcision-controversy-in-early-christianity,s0145,male,pro,none,model
circumcision-controversy-in-early-christianity,s0146,male,anti,none,model
circumcision-controversy-in-early-christianity,s0147,male,not_argument,anti,model
circumcision-controversy-in-early-christianity,s0148,male,not_argument,none,model
circumcision-controversy-in-early-christianity,s0149,male,anti,none,model
circumcision-controversy-in-early-christianity,s0150,male,not_argument,none,model
circumcision-controversy-in-early-christianity,s0151,male,not_argument,none,model
circumcision-controversy-in-early-christianity,s0152,male,not_argument,none,model
circumcision-controversy-in-early-christianity,s0153,male,not_argument,none,model
circumcision-controversy-in-early-christianity,s0154,male,not_argument,none,model
circumcision-controversy-in-early-christianity,s0155,male,not_argument,none,model
circumcision-controversy-in-early-christianity,s0156,male,not_argument,none,model
circumcision-controversy-in-early-christianity,s0157,male,not_argument,none,model
circumcision-controversy-in-early-christianity,s0158,male,not_argument,none,model
circumcision-controversy-in-early-christianity,s0159,male,not_argument,none,model
circumcision-controversy-in-early-christianity,s0160,male,not_argument,none,model
circumcision-controversy-in-early-christianity,s0161,male,not_argument,none,model
circumcision-controversy-in-early-christianity,s0162,male,not_argument,none,model
circumcision-controversy-in-early-christianity,s0163,male,not_argument,none,model
circumcision-controversy-in-early-christianity,s0164,male,not_argument,none,model
circumcision-controversy-in-early-christianity,s0165,male,not_argument,none,model
circumcision-controversy-in-early-christianity,s0166,male,not_argument,none,model
circumcision-controversy-in-early-christianity,s0167,male,not_argument,none,model
circumcision-controversy-in-early-christianity,s0168,male,not_argument,none,model
circumcision-controversy-in-early-christianity,s0169,male,not_argument,none,model
circumcision-controversy-in-early-christianity,s0170,male,not_argument,none,model
circumcision-controversy-in-early-christianity,s0171,male,not_argument,none,model
circumcision-controversy-in-early-christianity,s0172,male,not_argument,none,model
circumcision-controversy-in-early-christianity,s0173,male,not_argument,anti,model
circumcision-controversy-in-early-christianity,s0174,male,not_argument,none,model
circumcision-controversy-in-early-christianity,s0175,male,not_argument,none,model
circumcision-controversy-in-early-christianity,s0176,male,not_argument,none,model
circumcision-controversy-in-early-christianity,s0177,male,not_argument,anti,model
circumcision-controversy-in-early-christianity,s0178,male,anti,none,model
circumcision-controversy-in-early-christianity,s0179,male,not_argument,none,model
circumcision-controversy-in-early-christianity,s0180,male,not_argument,none,model
circumcision-controversy-in-early-christianity,s0181,male,not_argument,none,model
circumcision-controversy-in-early-christianity,s0182,male,not_argument,none,model
circumcision-controversy-in-early-christianity,s0183,male,not_argument,none,model
circumcision-controversy-in-early-christianity,s0184,male,not_argument,none,model
circumcision-controversy-in-early-christianity,s0185,male,not_argument,none,model
circumcision-controversy-in-early-christianity,s0186,male,not_argument,none,model
circumcision-controversy-in-early-christianity,s0187,male,anti,none,model
circumcision-controversy-in-early-christianity,s0188,male,anti,none,model
circumcision-controversy-in-early-christianity,s0189,male,not_argument,none,model
circumcision-controversy-in-early-christianity,s0190,male,anti,none,model
circumcision-controversy-in-early-christianity,s0191,male,not_argument,none,model
circumcision-controversy-in-early-christianity,s0192,male,not_argument,none,model
circumcision-controversy-in-early-christianity,s0193,male,not_argument,none,model
circumcision-controversy-in-early-christianity,s0194,male,anti,none,model
circumcision-controversy-in-early-christianity,s0195,male,anti,none,model
circumcision-controversy-in-early-christianity,s0196,male,not_argument,none,model
circumcision-controversy-in-early-christianity,s0197,male,not_argument,none,model
circumcision-controversy-in-early-christianity,s0198,male,not_argument,none,model
circumcision-controversy-in-early-christianity,s0199,male,not_argument,none,model
circumcision-controversy-in-early-christianity,s0200,male,not_argument,none,model
circumcision-controversy-in-early-christianity,s0201,male,not_argument,none,model
circumcision-controversy-in-early-christianity,s0202,male,not_argument,none,model
circumcision-controversy-in-early-christianity,s0203,male,not_argument,none,model
circumcision-controversy-in-early-christianity,s0204,male,not_argument,none,model
circumcision-controversy-in-early-christianity,s0205,male,anti,none,model
circumcision-controversy-in-early-christianity,s0206,male,not_argument,none,model
circumcision-controversy-in-early-christianity,s0207,male,not_argument,none,model
circumcision-controversy-in-early-christianity,s0208,male,not_argument,none,model
circumcision-controversy-in-early-christianity,s0209,male,not_argument,none,model
circumcision-controversy-in-early-christianity,s0210,male,not_argument,none,model
circumcision-controversy-in-early-christianity,s0211,male,not_argument,none,model
circumcision-controversy-in-early-christianity,s0212,male,not_argument,none,model
circumcision-in-africa,s0001,male,not_argument,none,model
circumcision-in-africa,s0002,male,anti,anti,model
circumcision-in-africa,s0003,male,not_argument,none,model
circumcision-in-africa,s0004,male,not_argument,none,model
circumcision-in-africa,s0005,male,pro,pro,model
circumcision-in-africa,s0006,male,anti,mixed,model
circumcision-in-africa,s0007,male,anti,pro,model
circumcision-in-africa,s0008,male,anti,pro,model
circumcision-in-africa,s0009,male,not_argument,none,model
circumcision-in-africa,s0010,male,not_argument,none,model
circumcision-in-africa,s0011,male,not_argument,none,model
circumcision-in-africa,s0012,male,not_argument,none,model
circumcision-in-africa,s0013,male,not_argument,none,model
circumcision-in-africa,s0014,male,not_argument,none,model
circumcision-in-africa,s0015,male,not_argument,none,model
circumcision-in-africa,s0016,male,anti,none,model
circumcision-in-africa,s0017,male,not_argument,none,model
circumcision-in-africa,s0018,male,not_argument,none,model
circumcision-in-africa,s0019,male,not_argument,none,model
circumcision-in-africa,s0020,male,not_argument,none,model
circumcision-in-africa,s0021,male,not_argument,none,model
circumcision-in-africa,s0022,male,not_argument,pro,model
circumcision-in-africa,s0023,male,anti,none,model
circumcision-in-africa,s0024,male,not_argument,none,model
circumcision-in-africa,s0025,male,not_argument,none,model
circumcision-in-africa,s0026,male,anti,anti,model
circumcision-in-africa,s0027,male,anti,anti,model
circumcision-in-africa,s0028,male,not_argument,none,model
circumcision-in-africa,s0029,male,not_argument,pro,model
circumcision-in-africa,s0030,male,pro,pro,model
circumcision-in-africa,s0031,male,not_argument,none,model
circumcision-in-africa,s0032,male,not_argument,none,model
circumcision-in-africa,s0033,male,not_argument,none,model
circumcision-in-africa,s0034,male,not_argument,none,model
circumcision-in-africa,s0035,male,not_argument,none,model
circumcision-in-africa,s0036,male,not_argument,none,model
circumcision-in-africa,s0037,male,not_argument,none,model
circumcision-in-africa,s0038,male,not_argument,anti,model
circumcision-in-africa,s0039,male,pro,mixed,model
circumcision-in-africa,s0040,male,not_argument,none,model
circumcision-in-africa,s0041,male,not_argument,none,model
circumcision-in-africa,s0042,male,not_argument,none,model
circumcision-in-africa,s0043,male,not_argument,none,model
circumcision-in-africa,s0044,male,not_argument,pro,model
circumcision-in-africa,s0045,male,not_argument,none,model
circumcision-in-africa,s0046,male,not_argument,none,model
circumcision-in-africa,s0047,male,not_argument,none,model
circumcision-in-africa,s0048,male,not_argument,none,model
circumcision-in-africa,s0049,male,not_argument,none,model
circumcision-in-africa,s0050,male,not_argument,none,model
circumcision-in-africa,s0051,male,not_argument,none,model
circumcision-in-africa,s0052,male,not_argument,none,model
circumcision-in-africa,s0053,male,not_argument,none,model
circumcision-in-africa,s0054,male,not_argument,none,model
circumcision-in-africa,s0055,male,not_argument,none,model
circumcision-in-africa,s0056,male,not_argument,none,model
circumcision-in-africa,s0057,male,not_argument,pro,model
circumcision-in-africa,s0058,male,not_argument,none,model
circumcision-in-africa,s0059,male,not_argument,none,model
circumcision-in-africa,s0060,male,not_argument,none,model
circumcision-in-africa,s0061,male,not_argument,none,model
circumcision-in-africa,s0062,male,not_argument,none,model
circumcision-in-africa,s0063,male,not_argument,none,model
circumcision-in-africa,s0064,male,not_argument,none,model
circumcision-in-africa,s0065,male,not_argument,none,model
circumcision-in-africa,s0066,male,not_argument,none,model
circumcision-in-africa,s0067,male,not_argument,none,model
circumcision-in-africa,s0068,male,not_argument,none,model
circumcision-in-africa,s0069,male,not_argument,pro,model
circumcision-in-africa,s0070,male,not_argument,none,model
circumcision-in-africa,s0071,male,not_argument,none,model
circumcision-in-africa,s0072,male,not_argument,none,model
circumcision-in-africa,s0073,male,not_argument,none,model
circumcision-in-africa,s0074,male,not_argument,none,model
circumcision-in-africa,s0075,male,not_argument,anti,model
circumcision-in-africa,s0076,male,not_argument,none,model
circumcision-in-africa,s0077,male,not_argument,none,model
circumcision-in-africa,s0078,male,not_argument,none,model
circumcision-in-africa,s0079,male,not_argument,pro,model
circumcision-in-africa,s0080,male,not_argument,none,model
circumcision-in-africa,s0081,male,not_argument,anti,model
circumcision-in-africa,s0082,male,not_argument,pro,model
circumcision-in-africa,s0083,male,not_argument,pro,model
circumcision-in-africa,s0084,male,not_argument,none,model
circumcision-in-africa,s0085,male,not_argument,none,model
circumcision-in-africa,s0086,male,not_argument,none,model
circumcision-in-africa,s0087,male,not_argument,none,model
circumcision-in-africa,s0088,male,not_argument,none,model
circumcision-in-africa,s0089,male,not_argument,pro,model
circumcision-in-africa,s0090,male,not_argument,none,model
circumcision-in-africa,s0091,male,not_argument,none,model
circumcision-in-africa,s0092,male,not_argument,mixed,model
circumcision-in-africa,s0093,male,not_argument,none,model
circumcision-in-africa,s0094,male,not_argument,none,model
circumcision-in-africa,s0095,male,not_argument,none,model
circumcision-in-africa,s0096,male,not_argument,none,model
circumcision-in-africa,s0097,male,not_argument,none,model
circumcision-in-africa,s0098,male,not_argument,none,model
circumcision-in-africa,s0099,male,not_argument,none,model
circumcision-in-africa,s0100,male,not_argument,none,model
circumcision-in-africa,s0101,male,not_argument,none,model
circumcision-in-africa,s0102,male,not_argument,none,model
circumcision-in-africa,s0103,male,not_argument,none,model
circumcision-in-africa,s0104,male,not_argument,anti,model
circumcision-in-africa,s0105,male,not_argument,none,model
circumcision-in-africa,s0106,male,not_argument,none,model
circumcision-in-africa,s0107,male,not_argument,none,model
circumcision-in-africa,s0108,male,not_argument,pro,model
circumcision-in-africa,s0109,male,not_argument,none,model
circumcision-in-africa,s0110,male,not_argument,none,model
circumcision-in-africa,s0111,male,not_argument,none,model
circumcision-in-africa,s0112,male,not_argument,none,model
circumcision-in-africa,s0113,male,anti,anti,model
circumcision-in-africa,s0114,male,not_argument,none,model
circumcision-in-africa,s0115,male,not_argument,none,model
circumcision-in-africa,s0116,male,not_argument,none,model
circumcision-in-africa,s0117,male,not_argument,none,model
circumcision-in-africa,s0118,male,not_argument,none,model
circumcision-in-africa,s0119,male,not_argument,pro,model
circumcision-in-africa,s0120,male,not_argument,none,model
circumcision-in-africa,s0121,male,not_argument,none,model
circumcision-in-africa,s0122,male,not_argument,none,model
circumcision-in-africa,s0123,male,not_argument,none,model
circumcision-in-africa,s0124,male,not_argument,none,model
circumcision-in-africa,s0125,male,not_argument,none,model
circumcision-in-africa,s0126,male,not_argument,pro,model
circumcision-in-africa,s0127,male,not_argument,none,model
circumcision-in-africa,s0128,male,not_argument,none,model
circumcision-in-africa,s0129,male,not_argument,none,model
circumcision-in-africa,s0130,male,not_argument,none,model
circumcision-in-africa,s0131,male,not_argument,none,model
circumcision-in-africa,s0132,male,anti,anti,model
circumcision-in-africa,s0133,male,not_argument,none,model
circumcision-in-africa,s0134,male,not_argument,none,model
circumcision-in-africa,s0135,male,not_argument,none,model
circumcision-in-africa,s0136,male,not_argument,none,model
circumcision-in-africa,s0137,male,not_argument,none,model
circumcision-in-africa,s0138,male,pro,pro,model
circumcision-in-africa,s0139,male,not_argument,none,model
circumcision-in-africa,s0140,male,not_argument,none,model
circumcision-in-africa,s0141,male,not_argument,none,model
circumcision-in-africa,s0142,male,not_argument,none,model
circumcision-in-africa,s0143,male,not_argument,none,model
circumcision-in-africa,s0144,male,not_argument,none,model
circumcision-in-africa,s0145,male,not_argument,pro,model
circumcision-in-africa,s0146,male,not_argument,none,model
circumcision-in-africa,s0147,male,not_argument,none,model
circumcision-in-africa,s0148,male,anti,anti,model
circumcision-in-africa,s0149,male,anti,anti,model
circumcision-in-africa,s0150,male,pro,mixed,model
circumcision-in-africa,s0151,male,pro,none,model
circumcision-in-africa,s0152,male,not_argument,none,model
circumcision-in-africa,s0153,male,not_argument,none,model
circumcision-in-africa,s0154,male,pro,anti,model
circumcision-in-africa,s0155,male,not_argument,none,model
circumcision-in-africa,s0156,male,not_argument,none,model
circumcision-in-africa,s0157,male,not_argument,none,model
circumcision-in-africa,s0158,male,not_argument,none,model
circumcision-in-africa,s0159,male,not_argument,none,model
circumcision-in-africa,s0160,male,anti,pro,model
circumcision-in-africa,s0161,male,anti,none,model
circumcision-in-africa,s0162,male,not_argument,none,model
circumcision-in-africa,s0163,male,not_argument,none,model
circumcision-in-africa,s0164,male,not_argument,none,model
circumcision-in-africa,s0165,male,not_argument,none,model
circumcision-in-africa,s0166,male,not_argument,none,model
circumcision-in-africa,s0167,male,not_argument,none,model
circumcision-in-africa,s0168,male,not_argument,none,model
circumcision-in-africa,s0169,male,pro,pro,model
circumcision-in-africa,s0170,male,pro,none,model
circumcision-in-africa,s0171,male,pro,pro,model
circumcision-in-africa,s0172,male,pro,pro,model
circumcision-in-africa,s0173,male,not_argument,none,model
circumcision-in-africa,s0174,male,not_argument,none,model
circumcision-in-africa,s0175,male,pro,none,model
circumcision-in-africa,s0176,male,not_argument,none,model
circumcision-in-africa,s0177,male,not_argument,none,model
circumcision-in-africa,s0178,male,not_argument,none,model
circumcision-in-africa,s0179,male,pro,mixed,model
circumcision-in-africa,s0180,male,not_argument,none,model
circumcision-in-africa,s0181,male,not_argument,none,model
circumcision-in-africa,s0182,male,not_argument,none,model
circumcision-in-africa,s0183,male,pro,anti,model
circumcision-in-africa,s0184,male,not_argument,none,model
circumcision-in-africa,s0185,male,not_argument,none,model
circumcision-in-africa,s0186,male,not_argument,none,model
circumcision-in-africa,s0187,male,pro,mixed,model
circumcision-in-africa,s0188,male,not_argument,none,model
circumcision-in-africa,s0189,male,not_argument,none,model
circumcision-in-africa,s0190,male,not_argument,none,model
circumcision-in-africa,s0191,male,not_argument,none,model
circumcision-in-africa,s0192,male,not_argument,none,model
circumcision-in-africa,s0193,male,not_argument,none,model
circumcision-in-africa,s0194,male,pro,none,model
circumcision-in-africa,s0195,male,not_argument,none,model
circumcision-in-africa,s0196,male,not_argument,none,model
circumcision-in-africa,s0197,male,not_argument,none,model
circumcision-in-africa,s0198,male,not_argument,none,model
circumcision-in-africa,s0199,male,not_argument,none,model
circumcision-in-africa,s0200,male,not_argument,none,model
circumcision-in-africa,s0201,male,not_argument,none,model
circumcision-in-africa,s0202,male,not_argument,none,model
circumcision-in-africa,s0203,male,not_argument,none,model
circumcision-in-africa,s0204,male,not_argument,none,model
circumcision-in-africa,s0205,male,pro,pro,model
circumcision-in-africa,s0206,male,not_argument,none,model
circumcision-in-africa,s0207,male,not_argument,none,model
circumcision-in-africa,s0208,male,not_argument,none,model
circumcision-in-africa,s0209,male,pro,pro,model
circumcision-in-africa,s0210,male,pro,none,model
circumcision-in-africa,s0211,male,pro,pro,model
circumcision-in-africa,s0212,male,pro,none,model
circumcision-in-africa,s0213,male,not_argument,none,model
circumcision-in-africa,s0214,male,pro,pro,model
circumcision-in-africa,s0215,male,pro,pro,model
circumcision-in-africa,s0216,male,pro,none,model
circumcision-in-africa,s0217,male,pro,none,model
circumcision-in-africa,s0218,male,not_argument,none,model
circumcision-in-africa,s0219,male,anti,mixed,model
circumcision-in-africa,s0220,male,pro,pro,model
circumcision-in-africa,s0221,male,pro,pro,model
circumcision-in-africa,s0222,male,not_argument,none,model
circumcision-in-africa,s0223,male,pro,pro,model
circumcision-in-africa,s0224,male,pro,none,model
circumcision-in-africa,s0225,male,pro,none,model
circumcision-in-africa,s0226,male,not_argument,none,model
circumcision-in-africa,s0227,male,pro,pro,model
circumcision-in-africa,s0228,male,pro,none,model
circumcision-in-africa,s0229,male,pro,pro,model
circumcision-in-africa,s0230,male,not_argument,none,model
circumcision-in-africa,s0231,male,pro,none,model
circumcision-in-africa,s0232,male,pro,pro,model
circumcision-in-africa,s0233,male,pro,pro,model
circumcision-in-africa,s0234,male,not_argument,none,model
circumcision-in-africa,s0235,male,not_argument,anti,model
circumcision-in-africa,s0236,male,not_argument,none,model
circumcision-in-africa,s0237,male,pro,none,model
circumcision-in-africa,s0238,male,not_argument,none,model
circumcision-in-africa,s0239,male,not_argument,anti,model
circumcision-in-africa,s0240,male,pro,none,model
circumcision-in-africa,s0241,male,anti,none,model
circumcision-in-africa,s0242,male,not_argument,none,model
circumcision-in-africa,s0243,male,not_argument,none,model
circumcision-in-africa,s0244,male,not_argument,none,model
circumcision-in-africa,s0245,male,not_argument,anti,model
circumcision-in-africa,s0246,male,not_argument,none,model
circumcision-in-africa,s0247,male,not_argument,none,model
circumcision-in-africa,s0248,male,anti,none,model
circumcision-in-africa,s0249,male,not_argument,anti,model
circumcision-in-africa,s0250,male,not_argument,none,model
circumcision-in-africa,s0251,male,not_argument,none,model
circumcision-in-africa,s0252,male,anti,anti,model
circumcision-in-africa,s0253,male,pro,mixed,model
circumcision-in-africa,s0254,male,not_argument,none,model
circumcision-in-africa,s0255,male,not_argument,none,model
circumcision-in-africa,s0256,male,pro,pro,model
circumcision-in-africa,s0257,male,not_argument,mixed,model
circumcision-in-africa,s0258,male,not_argument,none,model
circumcision-in-africa,s0259,male,not_argument,none,model
circumcision-in-africa,s0260,male,not_argument,none,model
circumcision-in-africa,s0261,male,not_argument,anti,model
circumcision-in-africa,s0262,male,not_argument,none,model
circumcision-in-africa,s0263,male,anti,none,model
circumcision-in-africa,s0264,male,anti,anti,model
circumcision-in-africa,s0265,male,anti,anti,model
circumcision-in-africa,s0266,male,not_argument,none,model
circumcision-in-africa,s0267,male,pro,none,model
circumcision-in-africa,s0268,male,anti,mixed,model
circumcision-in-africa,s0269,male,anti,anti,model
circumcision-in-africa,s0270,male,not_argument,none,model
circumcision-in-africa,s0271,male,not_argument,anti,model
circumcision-in-africa,s0272,male,anti,none,model
circumcision-in-africa,s0273,male,anti,mixed,model
circumcision-in-africa,s0274,male,not_argument,none,model
circumcision-in-africa,s0275,male,pro,mixed,model
circumcision-in-africa,s0276,male,pro,none,model
circumcision-in-africa,s0277,male,pro,anti,model
circumcision-in-africa,s0278,male,not_argument,none,model
circumcision-in-africa,s0279,male,pro,mixed,model
circumcision-in-africa,s0280,male,pro,pro,model
circumcision-in-africa,s0281,male,pro,pro,model
circumcision-in-africa,s0282,male,pro,none,model
circumcision-in-africa,s0283,male,not_argument,none,model
circumcision-in-africa,s0284,male,pro,mixed,model
circumcision-in-africa,s0285,male,pro,anti,model
circumcision-in-africa,s0286,male,pro,none,model
circumcision-in-africa,s0287,male,pro,mixed,model
circumcision-in-brunei,s0001,male,not_argument,none,model
circumcision-in-brunei,s0002,male,not_argument,none,model
circumcision-in-brunei,s0003,male,not_argument,pro,model
circumcision-in-brunei,s0004,male,not_argument,none,model
circumcision-in-brunei,s0005,male,not_argument,none,model
circumcision-in-brunei,s0006,male,not_argument,none,model
circumcision-in-brunei,s0007,male,not_argument,none,model
circumcision-in-brunei,s0008,male,not_argument,none,model
circumcision-in-brunei,s0009,male,not_argument,none,model
circumcision-in-brunei,s0010,male,not_argument,none,model
circumcision-in-brunei,s0011,male,not_argument,none,model
circumcision-in-brunei,s0012,male,not_argument,none,model
circumcision-in-brunei,s0013,male,not_argument,none,model
circumcision-in-brunei,s0014,male,not_argument,none,model
circumcision-in-brunei,s0015,male,not_argument,none,model
circumcision-in-brunei,s0016,male,not_argument,pro,model
circumcision-in-brunei,s0017,male,not_argument,pro,model
circumcision-in-brunei,s0018,male,not_argument,none,model
circumcision-in-brunei,s0019,male,not_argument,none,model
circumcision-in-brunei,s0020,male,not_argument,none,model
circumcision-in-brunei,s0021,male,not_argument,none,model
circumcision-in-brunei,s0022,male,not_argument,none,model
circumcision-in-brunei,s0023,male,not_argument,none,model
circumcision-in-brunei,s0024,male,not_argument,none,model
circumcision-in-brunei,s0025,male,not_argument,none,model
circumcision-in-brunei,s0026,male,not_argument,none,model
circumcision-in-brunei,s0027,male,not_argument,none,model
circumcision-in-brunei,s0028,male,not_argument,none,model
circumcision-in-brunei,s0029,male,not_argument,none,model
circumcision-in-brunei,s0030,male,not_argument,none,model
circumcision-in-brunei,s0031,male,not_argument,none,model
circumcision-in-brunei,s0032,male,not_argument,none,model
circumcision-in-brunei,s0033,male,not_argument,none,model
circumcision-in-brunei,s0034,male,not_argument,none,model
circumcision-in-brunei,s0035,male,not_argument,none,model
circumcision-in-brunei,s0036,male,not_argument,none,model
circumcision-in-brunei,s0037,male,not_argument,pro,model
circumcision-in-brunei,s0038,male,not_argument,none,model
circumcision-in-brunei,s0039,male,not_argument,none,model
circumcision-in-brunei,s0040,male,not_argument,none,model
circumcision-in-brunei,s0041,male,not_argument,none,model
circumcision-in-brunei,s0042,male,anti,none,model
circumcision-in-brunei,s0043,male,not_argument,none,model
circumcision-in-brunei,s0044,male,not_argument,none,model
circumcision-in-brunei,s0045,male,not_argument,none,model
circumcision-in-brunei,s0046,male,not_argument,none,model
circumcision-in-brunei,s0047,male,not_argument,pro,model
circumcision-in-brunei,s0048,male,not_argument,none,model
circumcision-in-brunei,s0049,male,pro,pro,model
circumcision-in-brunei,s0050,male,pro,pro,model
circumcision-in-brunei,s0051,male,not_argument,none,model
circumcision-in-brunei,s0052,male,pro,pro,model
circumcision-in-brunei,s0053,male,pro,anti,model
circumcision-in-brunei,s0054,male,not_argument,none,model
circumcision-in-brunei,s0055,male,not_argument,none,model
circumcision-in-brunei,s0056,male,not_argument,none,model
circumcision-in-brunei,s0057,male,not_argument,none,model
circumcision-in-china,s0001,male,not_argument,none,model
circumcision-in-china,s0002,male,not_argument,none,model
circumcision-in-china,s0003,male,not_argument,none,model
circumcision-in-china,s0004,male,not_argument,pro,model
circumcision-in-china,s0005,male,not_argument,none,model
circumcision-in-china,s0006,male,not_argument,none,model
circumcision-in-china,s0007,male,not_argument,none,model
circumcision-in-china,s0008,male,not_argument,none,model
circumcision-in-china,s0009,male,not_argument,none,model
circumcision-in-china,s0010,male,not_argument,none,model
circumcision-in-china,s0011,male,not_argument,none,model
circumcision-in-china,s0012,male,not_argument,none,model
circumcision-in-china,s0013,male,not_argument,none,model
circumcision-in-china,s0014,male,not_argument,none,model
circumcision-in-china,s0015,male,not_argument,pro,model
circumcision-in-china,s0016,male,not_argument,mixed,model
circumcision-in-china,s0017,male,not_argument,pro,model
circumcision-in-china,s0018,male,not_argument,none,model
circumcision-in-china,s0019,male,anti,anti,model
circumcision-in-china,s0020,male,not_argument,none,model
circumcision-in-china,s0021,male,not_argument,none,model
circumcision-in-china,s0022,male,anti,none,model
circumcision-in-china,s0023,male,not_argument,none,model
circumcision-in-china,s0024,male,not_argument,none,model
circumcision-in-china,s0025,male,not_argument,none,model
circumcision-in-china,s0026,male,not_argument,none,model
circumcision-in-china,s0027,male,not_argument,none,model
circumcision-in-china,s0028,male,not_argument,none,model
circumcision-in-china,s0029,male,not_argument,none,model
circumcision-in-china,s0030,male,not_argument,none,model
circumcision-in-china,s0031,male,not_argument,none,model
circumcision-in-china,s0032,male,not_argument,none,model
circumcision-in-china,s0033,male,not_argument,none,model
circumcision-in-china,s0034,male,not_argument,none,model
circumcision-in-china,s0035,male,not_argument,pro,model
circumcision-in-china,s0036,male,not_argument,none,model
circumcision-in-china,s0037,male,not_argument,none,model
circumcision-in-china,s0038,male,not_argument,none,model
circumcision-in-china,s0039,male,not_argument,none,model
circumcision-in-china,s0040,male,not_argument,none,model
circumcision-in-china,s0041,male,not_argument,none,model
circumcision-in-china,s0042,male,not_argument,none,model
circumcision-in-china,s0043,male,not_argument,none,model
circumcision-in-china,s0044,male,not_argument,none,model
circumcision-in-china,s0045,male,not_argument,none,model
circumcision-in-china,s0046,male,not_argument,none,model
circumcision-in-china,s0047,male,not_argument,none,model
circumcision-in-china,s0048,male,not_argument,none,model
circumcision-in-china,s0049,male,not_argument,none,model
circumcision-in-china,s0050,male,not_argument,none,model
circumcision-in-china,s0051,male,not_argument,none,model
circumcision-in-china,s0052,male,not_argument,none,model
circumcision-in-china,s0053,male,not_argument,pro,model
circumcision-in-china,s0054,male,not_argument,none,model
circumcision-in-china,s0055,male,not_argument,none,model
circumcision-in-china,s0056,male,not_argument,anti,model
circumcision-in-china,s0057,male,not_argument,none,model
circumcision-in-china,s0058,male,not_argument,none,model
circumcision-in-china,s0059,male,not_argument,pro,model
circumcision-in-china,s0060,male,pro,none,model
circumcision-in-china,s0061,male,not_argument,none,model
circumcision-in-china,s0062,male,not_argument,none,model
circumcision-in-china,s0063,male,not_argument,none,model
circumcision-in-china,s0064,male,not_argument,pro,model
circumcision-in-china,s0065,male,not_argument,anti,model
circumcision-in-china,s0066,male,not_argument,none,model
circumcision-in-china,s0067,male,not_argument,pro,model
circumcision-in-china,s0068,male,not_argument,none,model
circumcision-in-china,s0069,male,not_argument,none,model
circumcision-in-china,s0070,male,not_argument,none,model
circumcision-in-china,s0071,male,not_argument,none,model
circumcision-in-the-bible,s0001,male,not_argument,none,model
circumcision-in-the-bible,s0002,male,not_argument,none,model
circumcision-in-the-bible,s0003,male,not_argument,none,model
circumcision-in-the-bible,s0004,male,not_argument,none,model
circumcision-in-the-bible,s0005,male,not_argument,none,model
circumcision-in-the-bible,s0006,male,not_argument,none,model
circumcision-in-the-bible,s0007,male,not_argument,none,model
circumcision-in-the-bible,s0008,male,not_argument,none,model
circumcision-in-the-bible,s0009,male,not_argument,none,model
circumcision-in-the-bible,s0010,male,anti,none,model
circumcision-in-the-bible,s0011,male,not_argument,none,model
circumcision-in-the-bible,s0012,male,anti,none,model
circumcision-in-the-bible,s0013,male,not_argument,none,model
circumcision-in-the-bible,s0014,male,not_argument,none,model
circumcision-in-the-bible,s0015,male,not_argument,none,model
circumcision-in-the-bible,s0016,male,not_argument,none,model
circumcision-in-the-bible,s0017,male,not_argument,none,model
circumcision-in-the-bible,s0018,male,not_argument,none,model
circumcision-in-the-bible,s0019,male,not_argument,none,model
circumcision-in-the-bible,s0020,male,not_argument,none,model
circumcision-in-the-bible,s0021,male,not_argument,none,model
circumcision-in-the-bible,s0022,male,not_argument,none,model
circumcision-in-the-bible,s0023,male,not_argument,none,model
circumcision-in-the-bible,s0024,male,not_argument,none,model
circumcision-in-the-bible,s0025,male,not_argument,none,model
circumcision-in-the-bible,s0026,male,not_argument,none,model
circumcision-in-the-bible,s0027,male,not_argument,none,model
circumcision-in-the-bible,s0028,male,not_argument,none,model
circumcision-in-the-bible,s0029,male,not_argument,none,model
circumcision-in-the-bible,s0030,male,not_argument,none,model
circumcision-in-the-bible,s0031,male,not_argument,none,model
circumcision-in-the-bible,s0032,male,not_argument,none,model
circumcision-in-the-bible,s0033,male,not_argument,none,model
circumcision-in-the-bible,s0034,male,not_argument,none,model
circumcision-in-the-bible,s0035,male,not_argument,none,model
circumcision-in-the-bible,s0036,male,not_argument,none,model
circumcision-in-the-bible,s0037,male,not_argument,none,model
circumcision-in-the-bible,s0038,male,not_argument,none,model
circumcision-in-the-bible,s0039,male,not_argument,pro,model
circumcision-in-the-bible,s0040,male,not_argument,none,model
circumcision-in-the-bible,s0041,male,not_argument,none,model
circumcision-in-the-bible,s0042,male,not_argument,none,model
circumcision-in-the-bible,s0043,male,not_argument,none,model
circumcision-in-the-bible,s0044,male,not_argument,none,model
circumcision-in-the-bible,s0045,male,not_argument,none,model
circumcision-in-the-bible,s0046,male,not_argument,none,model
circumcision-in-the-bible,s0047,male,not_argument,none,model
circumcision-in-the-bible,s0048,male,not_argument,none,model
circumcision-in-the-bible,s0049,male,not_argument,none,model
circumcision-in-the-bible,s0050,male,anti,none,model
circumcision-in-the-bible,s0051,male,not_argument,none,model
circumcision-in-the-bible,s0052,male,not_argument,none,model
circumcision-in-the-bible,s0053,male,not_argument,none,model
circumcision-in-the-bible,s0054,male,not_argument,none,model
circumcision-in-the-bible,s0055,male,not_argument,none,model
circumcision-in-the-bible,s0056,male,not_argument,none,model
circumcision-in-the-bible,s0057,male,not_argument,none,model
circumcision-in-the-bible,s0058,male,not_argument,none,model
circumcision-in-the-bible,s0059,male,not_argument,none,model
circumcision-in-the-bible,s0060,male,not_argument,none,model
circumcision-in-the-bible,s0061,male,not_argument,none,model
circumcision-in-the-bible,s0062,male,not_argument,none,model
circumcision-in-the-bible,s0063,male,not_argument,none,model
circumcision-in-the-bible,s0064,male,not_argument,none,model
circumcision-in-the-bible,s0065,male,not_argument,none,model
circumcision-in-the-bible,s0066,male,not_argument,none,model
circumcision-in-the-bible,s0067,male,not_argument,none,model
circumcision-in-the-bible,s0068,male,not_argument,none,model
circumcision-in-the-bible,s0069,male,not_argument,none,model
circumcision-in-the-bible,s0070,male,not_argument,none,model
circumcision-in-the-bible,s0071,male,not_argument,none,model
circumcision-in-the-bible,s0072,male,not_argument,none,model
circumcision-in-the-bible,s0073,male,not_argument,none,model
circumcision-in-the-bible,s0074,male,not_argument,none,model
circumcision-in-the-bible,s0075,male,not_argument,none,model
circumcision-in-the-bible,s0076,male,not_argument,none,model
circumcision-in-the-bible,s0077,male,not_argument,none,model
circumcision-in-the-bible,s0078,male,not_argument,none,model
circumcision-in-the-bible,s0079,male,not_argument,none,model
circumcision-in-the-bible,s0080,male,not_argument,none,model
circumcision-in-the-bible,s0081,male,not_argument,none,model
circumcision-in-the-bible,s0082,male,not_argument,none,model
circumcision-in-the-bible,s0083,male,not_argument,none,model
circumcision-in-the-bible,s0084,male,not_argument,none,model
circumcision-in-the-bible,s0085,male,anti,none,model
circumcision-in-the-bible,s0086,male,anti,mixed,model
circumcision-in-the-bible,s0087,male,not_argument,none,model
circumcision-in-the-bible,s0088,male,not_argument,none,model
circumcision-in-the-bible,s0089,male,not_argument,none,model
circumcision-in-the-bible,s0090,male,not_argument,none,model
circumcision-in-the-bible,s0091,male,not_argument,none,model
circumcision-in-the-bible,s0092,male,not_argument,none,model
circumcision-in-the-bible,s0093,male,not_argument,none,model
circumcision-in-the-bible,s0094,male,not_argument,none,model
circumcision-in-the-bible,s0095,male,not_argument,none,model
circumcision-in-the-bible,s0096,male,not_argument,none,model
circumcision-in-the-bible,s0097,male,not_argument,none,model
circumcision-in-the-bible,s0098,male,not_argument,none,model
circumcision-in-the-bible,s0099,male,not_argument,none,model
circumcision-in-the-bible,s0100,male,not_argument,none,model
circumcision-in-the-bible,s0101,male,not_argument,none,model
circumcision-in-the-bible,s0102,male,not_argument,none,model
circumcision-in-the-bible,s0103,male,not_argument,none,model
circumcision-in-the-bible,s0104,male,not_argument,none,model
circumcision-in-the-bible,s0105,male,not_argument,none,model
circumcision-in-the-bible,s0106,male,not_argument,none,model
circumcision-in-the-bible,s0107,male,not_argument,none,model
circumcision-in-the-bible,s0108,male,not_argument,none,model
circumcision-in-the-bible,s0109,male,not_argument,none,model
circumcision-in-the-bible,s0110,male,not_argument,none,model
circumcision-in-the-bible,s0111,male,not_argument,none,model
circumcision-in-the-bible,s0112,male,not_argument,none,model
circumcision-in-the-bible,s0113,male,not_argument,none,model
circumcision-in-the-bible,s0114,male,not_argument,none,model
circumcision-in-the-bible,s0115,male,not_argument,none,model
circumcision-in-the-bible,s0116,male,not_argument,none,model
circumcision-in-the-bible,s0117,male,not_argument,none,model
circumcision-in-the-bible,s0118,male,not_argument,none,model
circumcision-in-the-bible,s0119,male,not_argument,none,model
circumcision-in-the-bible,s0120,male,not_argument,none,model
circumcision-in-the-bible,s0121,male,not_argument,none,model
circumcision-in-the-bible,s0122,male,not_argument,none,model
circumcision-in-the-bible,s0123,male,not_argument,anti,model
circumcision-in-the-bible,s0124,male,not_argument,none,model
circumcision-in-the-bible,s0125,male,not_argument,none,model
circumcision-in-the-bible,s0126,male,not_argument,none,model
circumcision-in-the-bible,s0127,male,not_argument,none,model
circumcision-in-the-bible,s0128,male,not_argument,none,model
circumcision-in-the-bible,s0129,male,anti,none,model
circumcision-in-the-bible,s0130,male,not_argument,none,model
circumcision-in-the-bible,s0131,male,anti,none,model
circumcision-in-the-bible,s0132,male,not_argument,none,model
circumcision-in-the-bible,s0133,male,not_argument,none,model
circumcision-in-the-bible,s0134,male,anti,anti,model
circumcision-in-the-bible,s0135,male,not_argument,none,model
circumcision-in-the-bible,s0136,male,not_argument,none,model
circumcision-in-the-bible,s0137,male,not_argument,none,model
circumcision-in-the-bible,s0138,male,not_argument,none,model
circumcision-in-the-bible,s0139,male,not_argument,none,model
circumcision-of-jesus,s0001,male,not_argument,none,model
circumcision-of-jesus,s0002,male,not_argument,none,model
circumcision-of-jesus,s0003,male,not_argument,none,model
circumcision-of-jesus,s0004,male,not_argument,none,model
circumcision-of-jesus,s0005,male,not_argument,none,model
circumcision-of-jesus,s0006,male,not_argument,none,model
circumcision-of-jesus,s0007,male,not_argument,none,model
circumcision-of-jesus,s0008,male,not_argument,none,model
circumcision-of-jesus,s0009,male,not_argument,none,model
circumcision-of-jesus,s0010,male,not_argument,none,model
circumcision-of-jesus,s0011,male,not_argument,none,model
circumcision-of-jesus,s0012,male,not_argument,none,model
circumcision-of-jesus,s0013,male,not_argument,none,model
circumcision-of-jesus,s0014,male,not_argument,none,model
circumcision-of-jesus,s0015,male,not_argument,none,model
circumcision-of-jesus,s0016,male,not_argument,none,model
circumcision-of-jesus,s0017,male,not_argument,none,model
circumcision-of-jesus,s0018,male,not_argument,none,model
circumcision-of-jesus,s0019,male,not_argument,none,model
circumcision-of-jesus,s0020,male,not_argument,none,model
circumcision-of-jesus,s0021,male,not_argument,none,model
circumcision-of-jesus,s0022,male,not_argument,none,model
circumcision-of-jesus,s0023,male,not_argument,none,model
circumcision-of-jesus,s0024,male,not_argument,anti,model
circumcision-of-jesus,s0025,male,not_argument,none,model
circumcision-of-jesus,s0026,male,not_argument,none,model
circumcision-of-jesus,s0027,male,not_argument,none,model
circumcision-of-jesus,s0028,male,not_argument,none,model
circumcision-of-jesus,s0029,male,not_argument,none,model
circumcision-of-jesus,s0030,male,not_argument,none,model
circumcision-of-jesus,s0031,male,not_argument,none,model
circumcision-of-jesus,s0032,male,not_argument,none,model
circumcision-of-jesus,s0033,male,not_argument,none,model
circumcision-of-jesus,s0034,male,not_argument,none,model
circumcision-of-jesus,s0035,male,not_argument,none,model
circumcision-of-jesus,s0036,male,not_argument,none,model
circumcision-of-jesus,s0037,male,not_argument,none,model
circumcision-of-jesus,s0038,male,not_argument,none,model
circumcision-of-jesus,s0039,male,not_argument,none,model
circumcision-of-jesus,s0040,male,not_argument,none,model
circumcision-of-jesus,s0041,male,not_argument,none,model
circumcision-of-jesus,s0042,male,not_argument,none,model
circumcision-of-jesus,s0043,male,not_argument,none,model
circumcision-of-jesus,s0044,male,not_argument,none,model
circumcision-of-jesus,s0045,male,not_argument,none,model
circumcision-of-jesus,s0046,male,not_argument,none,model
circumcision-of-jesus,s0047,male,not_argument,none,model
circumcision-of-jesus,s0048,male,not_argument,none,model
circumcision-of-jesus,s0049,male,not_argument,none,model
circumcision-of-jesus,s0050,male,not_argument,none,model
circumcision-of-jesus,s0051,male,not_argument,none,model
circumcision-of-jesus,s0052,male,not_argument,none,model
circumcision-of-jesus,s0053,male,not_argument,none,model
circumcision-of-jesus,s0054,male,not_argument,none,model
circumcision-of-jesus,s0055,male,not_argument,none,model
circumcision-of-jesus,s0056,male,not_argument,none,model
circumcision-of-jesus,s0057,male,not_argument,none,model
circumcision-of-jesus,s0058,male,not_argument,anti,model
circumcision-of-jesus,s0059,male,not_argument,none,model
circumcision-of-jesus,s0060,male,not_argument,none,model
circumcision-of-jesus,s0061,male,not_argument,none,model
circumcision-of-jesus,s0062,male,not_argument,none,model
circumcision-of-jesus,s0063,male,not_argument,none,model
circumcision-of-jesus,s0064,male,not_argument,none,model
circumcision-of-jesus,s0065,male,not_argument,none,model
circumcision-of-jesus,s0066,male,not_argument,none,model
circumcision-of-jesus,s0067,male,not_argument,none,model
circumcision-of-jesus,s0068,male,not_argument,none,model
circumcision-of-jesus,s0069,male,not_argument,none,model
circumcision-of-jesus,s0070,male,not_argument,none,model
circumcision-of-jesus,s0071,male,not_argument,none,model
circumcision-of-jesus,s0072,male,not_argument,none,model
circumcision-of-jesus,s0073,male,not_argument,none,model
circumcision-of-jesus,s0074,male,not_argument,none,model
circumcision-of-jesus,s0075,male,not_argument,none,model
circumcision-of-jesus,s0076,male,not_argument,none,model
circumcision-of-jesus,s0077,male,not_argument,none,model
circumcision-of-jesus,s0078,male,not_argument,none,model
circumcision-of-jesus,s0079,male,not_argument,none,model
circumcision-of-jesus,s0080,male,not_argument,none,model
circumcision-of-jesus,s0081,male,not_argument,none,model
circumcision-of-jesus,s0082,male,not_argument,none,model
circumcision-of-jesus,s0083,male,not_argument,none,model
circumcision-of-jesus,s0084,male,not_argument,none,model
circumcision-of-jesus,s0085,male,not_argument,none,model
circumcision-of-jesus,s0086,male,not_argument,none,model
circumcision-of-jesus,s0087,male,not_argument,none,model
circumcision-of-jesus,s0088,male,not_argument,none,model
circumcision-of-jesus,s0089,male,not_argument,none,model
circumcision-of-jesus,s0090,male,not_argument,none,model
circumcision-of-jesus,s0091,male,not_argument,none,model
circumcision-of-jesus,s0092,male,not_argument,none,model
circumcision-of-jesus,s0093,male,not_argument,none,model
circumcision-of-jesus,s0094,male,not_argument,none,model
circumcision-of-jesus,s0095,male,not_argument,none,model
circumcision-of-jesus,s0096,male,not_argument,none,model
circumcision-of-jesus,s0097,male,not_argument,none,model
circumcision-of-jesus,s0098,male,not_argument,none,model
circumcision-of-jesus,s0099,male,not_argument,none,model
circumcision-of-jesus,s0100,male,not_argument,none,model
circumcision-of-jesus,s0101,male,not_argument,none,model
circumcision-of-jesus,s0102,male,not_argument,none,model
circumcision-of-jesus,s0103,male,not_argument,none,model
circumcision-of-jesus,s0104,male,not_argument,none,model
circumcision-of-jesus,s0105,male,not_argument,none,model
circumcision-of-jesus,s0106,male,not_argument,none,model
circumcision-of-jesus,s0107,male,not_argument,none,model
circumcision-of-jesus,s0108,male,not_argument,none,model
circumcision-of-jesus,s0109,male,not_argument,none,model
circumcision-of-jesus,s0110,male,not_argument,none,model
circumcision-of-jesus,s0111,male,not_argument,none,model
circumcision-of-jesus,s0112,male,not_argument,none,model
circumcision-of-jesus,s0113,male,not_argument,none,model
circumcision-of-jesus,s0114,male,not_argument,none,model
circumcision-of-jesus,s0115,male,not_argument,none,model
circumcision-of-jesus,s0116,male,not_argument,none,model
circumcision-of-jesus,s0117,male,not_argument,none,model
circumcision-of-jesus,s0118,male,not_argument,none,model
circumcision-of-jesus,s0119,male,not_argument,none,model
circumcision-of-jesus,s0120,male,not_argument,none,model
circumcision-of-jesus,s0121,male,not_argument,none,model
circumcision-of-jesus,s0122,male,not_argument,none,model
circumcision-of-jesus,s0123,male,not_argument,none,model
circumcision-of-jesus,s0124,male,not_argument,none,model
circumcision-of-jesus,s0125,male,not_argument,none,model
circumcision-of-jesus,s0126,male,not_argument,none,model
circumcision-of-jesus,s0127,male,not_argument,none,model
circumcision-of-jesus,s0128,male,not_argument,none,model
circumcision-of-jesus,s0129,male,not_argument,none,model
circumcision-of-jesus,s0130,male,not_argument,none,model
circumcision-of-jesus,s0131,male,not_argument,none,model
circumcision-of-jesus,s0132,male,not_argument,none,model
circumcision-of-jesus,s0133,male,not_argument,none,model
circumcision-of-jesus,s0134,male,not_argument,none,model
circumcision-of-jesus,s0135,male,not_argument,none,model
circumcision-of-jesus,s0136,male,not_argument,none,model
circumcision-of-jesus,s0137,male,not_argument,none,model
circumcision-of-jesus,s0138,male,not_argument,none,model
circumcision-of-jesus,s0139,male,not_argument,none,model
circumcision-of-jesus,s0140,male,not_argument,anti,model
circumcision-of-jesus,s0141,male,not_argument,none,model
circumcision-of-jesus,s0142,male,not_argument,none,model
circumcision-of-jesus,s0143,male,not_argument,anti,model
circumcision-of-jesus,s0144,male,not_argument,none,model
circumcision-of-jesus,s0145,male,not_argument,none,model
circumcision-of-jesus,s0146,male,not_argument,none,model
circumcision-of-jesus,s0147,male,not_argument,none,model
circumcision-of-jesus,s0148,male,not_argument,none,model
circumcision-of-jesus,s0149,male,not_argument,none,model
circumcision-of-jesus,s0150,male,not_argument,none,model
circumcision-of-jesus,s0151,male,not_argument,none,model
circumcision-of-jesus,s0152,male,not_argument,none,model
circumcision-of-jesus,s0153,male,not_argument,none,model
circumcision-of-jesus,s0154,male,not_argument,none,model
circumcision-of-jesus,s0155,male,not_argument,none,model
circumcision-of-jesus,s0156,male,not_argument,none,model
circumcision-of-jesus,s0157,male,not_argument,none,model
circumcision-of-jesus,s0158,male,not_argument,none,model
circumcision-of-jesus,s0159,male,not_argument,none,model
circumcision-of-jesus,s0160,male,not_argument,none,model
circumcision-of-jesus,s0161,male,not_argument,none,model
circumcision-of-jesus,s0162,male,not_argument,none,model
circumcision-of-jesus,s0163,male,not_argument,none,model
circumcision-of-jesus,s0164,male,not_argument,pro,model
circumcision-of-jesus,s0165,male,not_argument,none,model
circumcision-of-jesus,s0166,male,not_argument,none,model
circumcision-of-jesus,s0167,male,not_argument,none,model
circumcision-of-jesus,s0168,male,not_argument,none,model
circumcision-of-jesus,s0169,male,not_argument,none,model
circumcision-of-jesus,s0170,male,not_argument,none,model
circumcision-of-jesus,s0171,male,not_argument,none,model
circumcision-of-jesus,s0172,male,not_argument,none,model
circumcision-of-jesus,s0173,male,not_argument,anti,model
circumcision-of-jesus,s0174,male,not_argument,none,model
circumcision-of-jesus,s0175,male,not_argument,none,model
circumcision-of-jesus,s0176,male,not_argument,none,model
circumcision-of-jesus,s0177,male,not_argument,none,model
circumcision-of-jesus,s0178,male,not_argument,none,model
circumcision-of-jesus,s0179,male,not_argument,none,model
circumcision-of-jesus,s0180,male,not_argument,none,model
circumcision-of-jesus,s0181,male,not_argument,none,model
circumcision-of-jesus,s0182,male,not_argument,none,model
circumcision-of-jesus,s0183,male,not_argument,none,model
circumcision-of-jesus,s0184,male,not_argument,none,model
circumcision-of-jesus,s0185,male,not_argument,none,model
circumcision-of-jesus,s0186,male,not_argument,none,model
circumcision-of-jesus,s0187,male,not_argument,none,model
circumcision-of-jesus,s0188,male,not_argument,none,model
circumcision-of-jesus,s0189,male,not_argument,none,model
circumcision-surgical-procedure,s0001,male,not_argument,none,model
circumcision-surgical-procedure,s0002,male,not_argument,none,model
circumcision-surgical-procedure,s0003,male,not_argument,anti,model
circumcision-surgical-procedure,s0004,male,pro,pro,model
circumcision-surgical-procedure,s0005,male,pro,anti,model
circumcision-surgical-procedure,s0006,male,not_argument,anti,model
circumcision-surgical-procedure,s0007,male,not_argument,none,model
circumcision-surgical-procedure,s0008,male,not_argument,none,model
circumcision-surgical-procedure,s0009,male,not_argument,none,model
circumcision-surgical-procedure,s0010,male,not_argument,none,model
circumcision-surgical-procedure,s0011,male,not_argument,none,model
circumcision-surgical-procedure,s0012,male,not_argument,none,model
circumcision-surgical-procedure,s0013,male,not_argument,none,model
circumcision-surgical-procedure,s0014,male,not_argument,none,model
circumcision-surgical-procedure,s0015,male,not_argument,none,model
circumcision-surgical-procedure,s0016,male,not_argument,none,model
circumcision-surgical-procedure,s0017,male,not_argument,none,model
circumcision-surgical-procedure,s0018,male,not_argument,none,model
circumcision-surgical-procedure,s0019,male,not_argument,none,model
circumcision-surgical-procedure,s0020,male,pro,anti,model
circumcision-surgical-procedure,s0021,male,not_argument,anti,model
circumcision-surgical-procedure,s0022,male,not_argument,none,model
circumcision-surgical-procedure,s0023,male,not_argument,anti,model
circumcision-surgical-procedure,s0024,male,not_argument,anti,model
circumcision-surgical-procedure,s0025,male,not_argument,anti,model
circumcision-surgical-procedure,s0026,male,not_argument,none,model
circumcision-surgical-procedure,s0027,male,not_argument,anti,model
circumcision-surgical-procedure,s0028,male,not_argument,none,model
circumcision-surgical-procedure,s0029,male,not_argument,anti,model
circumcision-surgical-procedure,s0030,male,not_argument,anti,model
circumcision-surgical-procedure,s0031,male,not_argument,none,model
circumcision-surgical-procedure,s0032,male,not_argument,none,model
circumcision-surgical-procedure,s0033,male,not_argument,none,model
circumcision-surgical-procedure,s0034,male,pro,pro,model
circumcision-surgical-procedure,s0035,male,pro,pro,model
circumcision-surgical-procedure,s0036,male,pro,pro,model
circumcision-surgical-procedure,s0037,male,not_argument,none,model
circumcision-surgical-procedure,s0038,male,pro,none,model
circumcision-surgical-procedure,s0039,male,pro,none,model
circumcision-surgical-procedure,s0040,male,not_argument,none,model
circumcision-surgical-procedure,s0041,male,pro,pro,model
circumcision-surgical-procedure,s0042,male,pro,pro,model
circumcision-surgical-procedure,s0043,male,pro,none,model
circumcision-surgical-procedure,s0044,male,not_argument,none,model
circumcision-surgical-procedure,s0045,male,pro,none,model
circumcision-surgical-procedure,s0046,male,pro,pro,model
circumcision-surgical-procedure,s0047,male,pro,none,model
circumcision-surgical-procedure,s0048,male,not_argument,none,model
circumcision-surgical-procedure,s0049,male,not_argument,none,model
circumcision-surgical-procedure,s0050,male,not_argument,none,model
circumcision-surgical-procedure,s0051,male,not_argument,none,model
circumcision-surgical-procedure,s0052,male,not_argument,pro,model
circumcision-surgical-procedure,s0053,male,not_argument,none,model
circumcision-surgical-procedure,s0054,male,not_argument,none,model
circumcision-surgical-procedure,s0055,male,not_argument,none,model
circumcision-surgical-procedure,s0056,male,not_argument,none,model
circumcision-surgical-procedure,s0057,male,not_argument,none,model
circumcision-surgical-procedure,s0058,male,not_argument,pro,model
circumcision-surgical-procedure,s0059,male,not_argument,none,model
circumcision-surgical-procedure,s0060,male,not_argument,pro,model
circumcision-surgical-procedure,s0061,male,not_argument,none,model
circumcision-surgical-procedure,s0062,male,not_argument,mixed,model
circumcision-surgical-procedure,s0063,male,pro,pro,model
circumcision-surgical-procedure,s0064,male,not_argument,none,model
circumcision-surgical-procedure,s0065,male,not_argument,none,model
circumcision-surgical-procedure,s0066,male,not_argument,none,model
circumcision-surgical-procedure,s0067,male,not_argument,none,model
circumcision-surgical-procedure,s0068,male,not_argument,none,model
circumcision-surgical-procedure,s0069,male,not_argument,none,model
circumcision-surgical-procedure,s0070,male,not_argument,none,model
circumcision-surgical-procedure,s0071,male,not_argument,none,model
circumcision-surgical-procedure,s0072,male,not_argument,anti,model
circumcision-surgical-procedure,s0073,male,not_argument,anti,model
circumcision-surgical-procedure,s0074,male,not_argument,none,model
circumcision-surgical-procedure,s0075,male,not_argument,none,model
circumcision-surgical-procedure,s0076,male,not_argument,none,model
circumcision-surgical-procedure,s0077,male,not_argument,none,model
circumcision-surgical-procedure,s0078,male,not_argument,pro,model
circumcision-surgical-procedure,s0079,male,not_argument,none,model
circumcision-surgical-procedure,s0080,male,not_argument,none,model
circumcision-surgical-procedure,s0081,male,not_argument,none,model
circumcision-surgical-procedure,s0082,male,not_argument,none,model
circumcision-surgical-procedure,s0083,male,not_argument,none,model
circumcision-surgical-procedure,s0084,male,not_argument,none,model
circumcision-surgical-procedure,s0085,male,not_argument,none,model
circumcision-surgical-procedure,s0086,male,not_argument,none,model
circumcision-surgical-procedure,s0087,male,not_argument,none,model
circumcision-surgical-procedure,s0088,male,not_argument,none,model
circumcision-surgical-procedure,s0089,male,not_argument,anti,model
circumcision-surgical-procedure,s0090,male,not_argument,pro,model
circumcision-surgical-procedure,s0091,male,not_argument,none,model
circumcision-surgical-procedure,s0092,male,pro,anti,model
circumcision-surgical-procedure,s0093,male,not_argument,none,model
circumcision-surgical-procedure,s0094,male,not_argument,none,model
circumcision-surgical-procedure,s0095,male,not_argument,none,model
circumcision-surgical-procedure,s0096,male,not_argument,none,model
circumcision-surgical-procedure,s0097,male,not_argument,none,model
circumcision-surgical-procedure,s0098,male,not_argument,none,model
circumcision-surgical-procedure,s0099,male,not_argument,none,model
circumcision-surgical-procedure,s0100,male,not_argument,none,model
circumcision-surgical-procedure,s0101,male,not_argument,none,model
circumcision-surgical-procedure,s0102,male,not_argument,none,model
circumcision-surgical-procedure,s0103,male,not_argument,none,model
circumcision-surgical-procedure,s0104,male,not_argument,none,model
circumcision-surgical-procedure,s0105,male,not_argument,none,model
circumcision-surgical-procedure,s0106,male,not_argument,none,model
circumcision-surgical-procedure,s0107,male,not_argument,none,model
circumcision-surgical-procedure,s0108,male,not_argument,anti,model
circumcision-surgical-procedure,s0109,male,not_argument,none,model
circumcision-surgical-procedure,s0110,male,not_argument,none,model
circumcision-surgical-procedure,s0111,male,not_argument,none,model
circumcision-surgical-procedure,s0112,male,not_argument,none,model
circumcision-surgical-procedure,s0113,male,not_argument,none,model
circumcision-surgical-procedure,s0114,male,not_argument,none,model
circumcision-surgical-procedure,s0115,male,not_argument,anti,model
circumcision-surgical-procedure,s0116,male,not_argument,none,model
circumcision-surgical-procedure,s0117,male,not_argument,none,model
circumcision-surgical-procedure,s0118,male,not_argument,none,model
circumcision-surgical-procedure,s0119,male,not_argument,none,model
circumcision-surgical-procedure,s0120,male,not_argument,anti,model
circumcision-surgical-procedure,s0121,male,not_argument,none,model
circumcision-surgical-procedure,s0122,male,not_argument,mixed,model
circumcision-surgical-procedure,s0123,male,not_argument,none,model
circumcision-surgical-procedure,s0124,male,not_argument,none,model
circumcision-surgical-procedure,s0125,male,not_argument,none,model
circumcision-surgical-procedure,s0126,male,not_argument,none,model
circumcision-surgical-procedure,s0127,male,not_argument,anti,model
circumcision-surgical-procedure,s0128,male,not_argument,none,model
circumcision-surgical-procedure,s0129,male,not_argument,none,model
circumcision-surgical-procedure,s0130,male,not_argument,none,model
circumcision-surgical-procedure,s0131,male,not_argument,none,model
circumcision-surgical-procedure,s0132,male,not_argument,anti,model
circumcision-surgical-procedure,s0133,male,not_argument,none,model
circumcision-surgical-procedure,s0134,male,not_argument,anti,model
circumcision-surgical-procedure,s0135,male,not_argument,anti,model
circumcision-surgical-procedure,s0136,male,not_argument,anti,model
circumcision-surgical-procedure,s0137,male,not_argument,pro,model
circumcision-surgical-procedure,s0138,male,not_argument,none,model
circumcision-surgical-procedure,s0139,male,not_argument,none,model
circumcision-surgical-procedure,s0140,male,not_argument,none,model
circumcision-surgical-procedure,s0141,male,not_argument,none,model
circumcision-surgical-procedure,s0142,male,not_argument,none,model
circumcision-surgical-procedure,s0143,male,not_argument,pro,model
circumcision-surgical-procedure,s0144,male,not_argument,none,model
circumcision-surgical-procedure,s0145,male,not_argument,anti,model
circumcision-surgical-procedure,s0146,male,not_argument,mixed,model
circumcision-surgical-procedure,s0147,male,not_argument,none,model
circumcision-surgical-procedure,s0148,male,not_argument,none,model
circumcision-surgical-procedure,s0149,male,not_argument,none,model
circumcision-surgical-procedure,s0150,male,not_argument,anti,model
circumcision-surgical-procedure,s0151,male,not_argument,none,model
circumcision-surgical-procedure,s0152,male,not_argument,none,model
circumcision-surgical-procedure,s0153,male,not_argument,none,model
circumcision-surgical-procedure,s0154,male,not_argument,none,model
circumcision-surgical-procedure,s0155,male,not_argument,none,model
circumcision-surgical-procedure,s0156,male,not_argument,none,model
circumcision-surgical-procedure,s0157,male,not_argument,none,model
circumcision-surgical-procedure,s0158,male,not_argument,none,model
circumcision-surgical-procedure,s0159,male,not_argument,none,model
circumcision-surgical-procedure,s0160,male,not_argument,none,model
circumcision-surgical-procedure,s0161,male,not_argument,none,model
circumcision-surgical-procedure,s0162,male,not_argument,anti,model
circumcision-surgical-procedure,s0163,male,not_argument,none,model
circumcision-surgical-procedure,s0164,male,not_argument,none,model
circumcision-surgical-procedure,s0165,male,not_argument,mixed,model
circumcision-surgical-procedure,s0166,male,not_argument,none,model
circumcision-surgical-procedure,s0167,male,not_argument,none,model
circumcision-surgical-procedure,s0168,male,not_argument,mixed,model
circumcision-surgical-procedure,s0169,male,not_argument,none,model
circumcision-surgical-procedure,s0170,male,not_argument,none,model
circumcision-surgical-procedure,s0171,male,not_argument,none,model
circumcision-surgical-procedure,s0172,male,not_argument,none,model
circumcision-surgical-procedure,s0173,male,not_argument,none,model
circumcision-surgical-procedure,s0174,male,not_argument,none,model
circumcision-surgical-procedure,s0175,male,not_argument,none,model
circumcision-surgical-procedure,s0176,male,not_argument,mixed,model
circumcision-surgical-procedure,s0177,male,not_argument,none,model
circumcision-surgical-procedure,s0178,male,not_argument,none,model
circumcision-surgical-procedure,s0179,male,not_argument,none,model
circumcision-surgical-procedure,s0180,male,not_argument,none,model
circumcision-surgical-procedure,s0181,male,not_argument,none,model
circumcision-surgical-procedure,s0182,male,not_argument,mixed,model
circumcision-surgical-procedure,s0183,male,not_argument,mixed,model
circumcision-surgical-procedure,s0184,male,not_argument,none,model
circumcision-surgical-procedure,s0185,male,not_argument,anti,model
circumcision-surgical-procedure,s0186,male,not_argument,none,model
circumcision-surgical-procedure,s0187,male,not_argument,none,model
circumcision-surgical-procedure,s0188,male,not_argument,none,model
circumcision-surgical-procedure,s0189,male,not_argument,none,model
circumcision-surgical-procedure,s0190,male,not_argument,none,model
circumcision-surgical-procedure,s0191,male,not_argument,none,model
circumcision-surgical-procedure,s0192,male,not_argument,none,model
circumcision-surgical-procedure,s0193,male,not_argument,none,model
circumcision-surgical-procedure,s0194,male,not_argument,none,model
circumcision-surgical-procedure,s0195,male,not_argument,anti,model
circumcision-surgical-procedure,s0196,male,not_argument,none,model
circumcision-surgical-procedure,s0197,male,not_argument,none,model
circumcision-surgical-procedure,s0198,male,not_argument,anti,model
circumcision-surgical-procedure,s0199,male,not_argument,pro,model
circumcision-surgical-procedure,s0200,male,not_argument,none,model
circumcision-surgical-procedure,s0201,male,not_argument,none,model
circumcision-surgical-procedure,s0202,male,not_argument,none,model
circumcision-surgical-procedure,s0203,male,not_argument,none,model
circumcision-surgical-procedure,s0204,male,not_argument,none,model
circumcision-surgical-procedure,s0205,male,not_argument,anti,model
circumcision-surgical-procedure,s0206,male,not_argument,none,model
circumcision-surgical-procedure,s0207,male,not_argument,none,model
circumcision-surgical-procedure,s0208,male,not_argument,none,model
circumcision-surgical-procedure,s0209,male,not_argument,none,model
circumcision-surgical-procedure,s0210,male,not_argument,none,model
circumcision-surgical-procedure,s0211,male,not_argument,anti,model
circumcision-surgical-procedure,s0212,male,not_argument,none,model
circumcision-surgical-procedure,s0213,male,not_argument,anti,model
circumcision-surgical-procedure,s0214,male,not_argument,none,model
circumcision-surgical-procedure,s0215,male,not_argument,none,model
circumcision-surgical-procedure,s0216,male,not_argument,none,model
circumcision-surgical-procedure,s0217,male,not_argument,none,model
circumcision-surgical-procedure,s0218,male,not_argument,none,model
circumcision-surgical-procedure,s0219,male,not_argument,none,model
circumcision-surgical-procedure,s0220,male,not_argument,none,model
circumcision-surgical-procedure,s0221,male,not_argument,none,model
circumcision-surgical-procedure,s0222,male,not_argument,none,model
circumcision-surgical-procedure,s0223,male,not_argument,none,model
circumcision-surgical-procedure,s0224,male,not_argument,none,model
circumcision-surgical-procedure,s0225,male,not_argument,none,model
circumcision-surgical-procedure,s0226,male,not_argument,none,model
circumcision-surgical-procedure,s0227,male,not_argument,none,model
circumcision-surgical-procedure,s0228,male,not_argument,none,model
circumcision-surgical-procedure,s0229,male,not_argument,mixed,model
circumcision-surgical-procedure,s0230,male,not_argument,none,model
circumcision-surgical-procedure,s0231,male,not_argument,none,model
circumcision-surgical-procedure,s0232,male,not_argument,none,model
circumcision-surgical-procedure,s0233,male,not_argument,none,model
circumcision-surgical-procedure,s0234,male,not_argument,none,model
circumcision-surgical-procedure,s0235,male,not_argument,none,model
circumcision-surgical-procedure,s0236,male,not_argument,none,model
circumcision-surgical-procedure,s0237,male,not_argument,none,model
circumcision-surgical-procedure,s0238,male,not_argument,none,model
circumcision-surgical-procedure,s0239,male,not_argument,none,model
circumcision-surgical-procedure,s0240,male,not_argument,none,model
circumcision-surgical-procedure,s0241,male,not_argument,none,model
circumcision-surgical-procedure,s0242,male,not_argument,anti,model
circumcision-surgical-procedure,s0243,male,not_argument,none,model
circumcision-surgical-procedure,s0244,male,not_argument,none,model
circumcision-surgical-procedure,s0245,male,not_argument,anti,model
circumcision-surgical-procedure,s0246,male,not_argument,none,model
circumcision-surgical-procedure,s0247,male,not_argument,pro,model
circumcision-surgical-procedure,s0248,male,not_argument,none,model
circumcision-surgical-procedure,s0249,male,not_argument,anti,model
circumcision-surgical-procedure,s0250,male,not_argument,anti,model
circumcision-surgical-procedure,s0251,male,not_argument,none,model
circumcision-surgical-procedure,s0252,male,not_argument,anti,model
circumcision-surgical-procedure,s0253,male,not_argument,none,model
circumcision-surgical-procedure,s0254,male,not_argument,anti,model
circumcision-surgical-procedure,s0255,male,not_argument,anti,model
circumcision-surgical-procedure,s0256,male,not_argument,anti,model
circumcision-surgical-procedure,s0257,male,not_argument,none,model
circumcision-surgical-procedure,s0258,male,not_argument,anti,model
circumcision-surgical-procedure,s0259,male,not_argument,none,model
circumcision-surgical-procedure,s0260,male,not_argument,anti,model
circumcision-surgical-procedure,s0261,male,not_argument,none,model
circumcision-surgical-procedure,s0262,male,not_argument,none,model
circumcision-surgical-procedure,s0263,male,not_argument,none,model
circumcision-surgical-procedure,s0264,male,pro,anti,model
circumcision-surgical-procedure,s0265,male,not_argument,none,model
circumcision-surgical-procedure,s0266,male,anti,anti,model
circumcision-surgical-procedure,s0267,male,anti,none,model
circumcision-surgical-procedure,s0268,male,not_argument,none,model
circumcision-surgical-procedure,s0269,male,not_argument,none,model
circumcision-surgical-procedure,s0270,male,pro,pro,model
circumcision-surgical-procedure,s0271,male,pro,anti,model
circumcision-surgical-procedure,s0272,male,not_argument,none,model
circumcision-surgical-procedure,s0273,male,not_argument,none,model
circumcision-surgical-procedure,s0274,male,not_argument,none,model
circumcision-surgical-procedure,s0275,male,not_argument,none,model
circumcision-surgical-procedure,s0276,male,not_argument,none,model
circumcision-surgical-procedure,s0277,male,not_argument,anti,model
circumcision-surgical-procedure,s0278,male,pro,anti,model
circumcision-surgical-procedure,s0279,male,not_argument,none,model
circumcision-surgical-procedure,s0280,male,not_argument,none,model
circumcision-surgical-procedure,s0281,male,not_argument,pro,model
circumcision-surgical-procedure,s0282,male,pro,none,model
circumcision-surgical-procedure,s0283,male,not_argument,none,model
circumcision-surgical-procedure,s0284,male,not_argument,none,model
circumcision-surgical-procedure,s0285,male,not_argument,none,model
circumcision-surgical-procedure,s0286,male,not_argument,none,model
circumcision-surgical-procedure,s0287,male,not_argument,none,model
circumcision-surgical-procedure,s0288,male,not_argument,pro,model
circumcision-surgical-procedure,s0289,male,not_argument,none,model
circumcision-surgical-procedure,s0290,male,not_argument,none,model
circumcision-surgical-procedure,s0291,male,not_argument,none,model
circumcision-surgical-procedure,s0292,male,not_argument,none,model
circumcision-surgical-procedure,s0293,male,not_argument,none,model
circumcision-surgical-procedure,s0294,male,not_argument,pro,model
circumcision-surgical-procedure,s0295,male,not_argument,none,model
circumcision-surgical-procedure,s0296,male,not_argument,pro,model
circumcision-surgical-procedure,s0297,male,not_argument,none,model
circumcision-surgical-procedure,s0298,male,not_argument,mixed,model
circumcision-surgical-procedure,s0299,male,not_argument,none,model
circumcision-surgical-procedure,s0300,male,not_argument,pro,model
circumcision-surgical-procedure,s0301,male,not_argument,anti,model
circumcision-surgical-procedure,s0302,male,not_argument,anti,model
circumcision-surgical-procedure,s0303,male,not_argument,none,model
circumcision-surgical-procedure,s0304,male,not_argument,none,model
circumcision-surgical-procedure,s0305,male,not_argument,none,model
circumcision-surgical-procedure,s0306,male,not_argument,pro,model
circumcision-surgical-procedure,s0307,male,not_argument,none,model
circumcision-surgical-procedure,s0308,male,anti,anti,model
circumcision-surgical-procedure,s0309,male,pro,mixed,model
circumcision-surgical-procedure,s0310,male,anti,anti,model
circumcision-surgical-procedure,s0311,male,not_argument,none,model
circumcision-surgical-procedure,s0312,male,anti,mixed,model
circumcision-surgical-procedure,s0313,male,anti,anti,model
circumcision-surgical-procedure,s0314,male,anti,mixed,model
circumcision-surgical-procedure,s0315,male,not_argument,none,model
circumcision-surgical-procedure,s0316,male,anti,anti,model
circumcision-surgical-procedure,s0317,male,anti,pro,model
circumcision-surgical-procedure,s0318,male,anti,anti,model
circumcision-surgical-procedure,s0319,male,anti,anti,model
circumcision-surgical-procedure,s0320,male,not_argument,none,model
circumcision-surgical-procedure,s0321,male,pro,pro,model
circumcision-surgical-procedure,s0322,male,pro,none,model
circumcision-surgical-procedure,s0323,male,anti,mixed,model
circumcision-surgical-procedure,s0324,male,not_argument,none,model
circumcision-surgical-procedure,s0325,male,pro,pro,model
circumcision-surgical-procedure,s0326,male,anti,none,model
circumcision-surgical-procedure,s0327,male,anti,mixed,model
circumcision-surgical-procedure,s0328,male,not_argument,none,model
circumcision-surgical-procedure,s0329,male,pro,anti,model
circumcision-surgical-procedure,s0330,male,pro,pro,model
circumcision-surgical-procedure,s0331,male,pro,anti,model
circumcision-surgical-procedure,s0332,male,not_argument,none,model
circumcision-surgical-procedure,s0333,male,pro,pro,model
circumcision-surgical-procedure,s0334,male,anti,pro,model
circumcision-surgical-procedure,s0335,male,anti,none,model
circumcision-surgical-procedure,s0336,male,anti,mixed,model
circumcision-surgical-procedure,s0337,male,not_argument,none,model
clitoridectomy,s0001,FGM,not_argument,none,model
clitoridectomy,s0002,FGM,not_argument,none,model
clitoridectomy,s0003,FGM,not_argument,none,model
clitoridectomy,s0004,FGM,anti,mixed,model
clitoridectomy,s0005,FGM,anti,anti,model
clitoridectomy,s0006,FGM,not_argument,none,model
clitoridectomy,s0007,FGM,not_argument,none,model
clitoridectomy,s0008,FGM,anti,mixed,model
clitoridectomy,s0009,FGM,anti,mixed,model
clitoridectomy,s0010,FGM,not_argument,none,model
clitoridectomy,s0011,FGM,not_argument,none,model
clitoridectomy,s0012,FGM,not_argument,none,model
clitoridectomy,s0013,FGM,not_argument,none,model
clitoridectomy,s0014,FGM,not_argument,none,model
clitoridectomy,s0015,FGM,not_argument,none,model
clitoridectomy,s0016,FGM,pro,pro,model
clitoridectomy,s0017,FGM,not_argument,anti,model
clitoridectomy,s0018,FGM,not_argument,none,model
clitoridectomy,s0019,FGM,not_argument,none,model
clitoridectomy,s0020,FGM,not_argument,pro,model
clitoridectomy,s0021,FGM,not_argument,none,model
clitoridectomy,s0022,FGM,not_argument,anti,model
clitoridectomy,s0023,FGM,not_argument,none,model
clitoridectomy,s0024,FGM,not_argument,anti,model
clitoridectomy,s0025,FGM,not_argument,none,model
clitoridectomy,s0026,FGM,not_argument,none,model
clitoridectomy,s0027,FGM,not_argument,none,model
clitoridectomy,s0028,FGM,not_argument,none,model
clitoridectomy,s0029,FGM,not_argument,none,model
clitoridectomy,s0030,FGM,not_argument,none,model
clitoridectomy,s0031,FGM,not_argument,none,model
clitoridectomy,s0032,FGM,not_argument,none,model
clitoridectomy,s0033,FGM,not_argument,none,model
clitoridectomy,s0034,FGM,not_argument,none,model
clitoridectomy,s0035,FGM,not_argument,none,model
clitoridectomy,s0036,FGM,pro,anti,model
clitoridectomy,s0037,FGM,pro,none,model
clitoridectomy,s0038,FGM,not_argument,none,model
clitoridectomy,s0039,FGM,not_argument,none,model
clitoridectomy,s0040,FGM,not_argument,none,model
clitoridectomy,s0041,FGM,pro,pro,model
clitoridectomy,s0042,FGM,not_argument,none,model
clitoridectomy,s0043,FGM,not_argument,none,model
clitoridectomy,s0044,FGM,not_argument,none,model
clitoridectomy,s0045,FGM,not_argument,none,model
clitoridectomy,s0046,FGM,pro,none,model
clitoridectomy,s0047,FGM,pro,none,model
clitoridectomy,s0048,FGM,not_argument,none,model
clitoridectomy,s0049,FGM,not_argument,none,model
clitoridectomy,s0050,FGM,not_argument,none,model
clitoridectomy,s0051,FGM,not_argument,mixed,model
clitoridectomy,s0052,FGM,not_argument,none,model
clitoridectomy,s0053,FGM,anti,anti,model
clitoridectomy,s0054,FGM,not_argument,none,model
clitoridectomy,s0055,FGM,anti,pro,model
clitoridectomy,s0056,FGM,not_argument,none,model
clitoridectomy,s0057,FGM,not_argument,pro,model
clitoridectomy,s0058,FGM,not_argument,none,model
clitoridectomy,s0059,FGM,not_argument,none,model
clitoridectomy,s0060,FGM,not_argument,none,model
clitoridectomy,s0061,FGM,not_argument,none,model
clitoridectomy,s0062,FGM,not_argument,none,model
clitoridectomy,s0063,FGM,not_argument,none,model
clitoridectomy,s0064,FGM,not_argument,none,model
clitoridectomy,s0065,FGM,not_argument,none,model
clitoridectomy,s0066,FGM,not_argument,none,model
clitoridectomy,s0067,FGM,not_argument,none,model
clitoridectomy,s0068,FGM,not_argument,none,model
clitoridectomy,s0069,FGM,not_argument,none,model
clitoridectomy,s0070,FGM,not_argument,anti,model
clitoridectomy,s0071,FGM,not_argument,none,model
clitoridectomy,s0072,FGM,not_argument,none,model
clitoridectomy,s0073,FGM,not_argument,none,model
clitoridectomy,s0074,FGM,not_argument,mixed,model
clitoridectomy,s0075,FGM,not_argument,none,model
clitoridectomy,s0076,FGM,not_argument,none,model
clitoridectomy,s0077,FGM,not_argument,pro,model
clitoridectomy,s0078,FGM,not_argument,none,model
clitoridectomy,s0079,FGM,not_argument,anti,model
clitoridectomy,s0080,FGM,not_argument,none,model
clitoridectomy,s0081,FGM,not_argument,none,model
clitoridectomy,s0082,FGM,not_argument,none,model
clitoridectomy,s0083,FGM,not_argument,none,model
clitoridectomy,s0084,FGM,not_argument,none,model
clitoridectomy,s0085,FGM,not_argument,none,model
clitoridectomy,s0086,FGM,not_argument,none,model
clitoridectomy,s0087,FGM,not_argument,none,model
clitoridectomy,s0088,FGM,not_argument,none,model
clitoridectomy,s0089,FGM,not_argument,none,model
clitoridectomy,s0090,FGM,not_argument,anti,model
clitoridectomy,s0091,FGM,not_argument,none,model
clitoridectomy,s0092,FGM,not_argument,none,model
clitoridectomy,s0093,FGM,not_argument,none,model
clitoridectomy,s0094,FGM,not_argument,anti,model
clitoridectomy,s0095,FGM,not_argument,none,model
clitoridectomy,s0096,FGM,not_argument,pro,model
clitoridectomy,s0097,FGM,not_argument,none,model
clitoridectomy,s0098,FGM,not_argument,none,model
clitoridectomy,s0099,FGM,not_argument,none,model
clitoridectomy,s0100,FGM,not_argument,none,model
clitoridectomy,s0101,FGM,not_argument,none,model
clitoridectomy,s0102,FGM,not_argument,anti,model
clitoridectomy,s0103,FGM,not_argument,anti,model
clitoridectomy,s0104,FGM,not_argument,none,model
clitoridectomy,s0105,FGM,not_argument,none,model
clitoridectomy,s0106,FGM,not_argument,pro,model
clitoridectomy,s0107,FGM,not_argument,none,model
clitoridectomy,s0108,FGM,not_argument,none,model
clitoridectomy,s0109,FGM,not_argument,none,model
clitoridectomy,s0110,FGM,not_argument,anti,model
clitoridectomy,s0111,FGM,not_argument,none,model
clitoridectomy,s0112,FGM,not_argument,none,model
clitoridectomy,s0113,FGM,not_argument,none,model
clitoridectomy,s0114,FGM,not_argument,none,model
clitoridectomy,s0115,FGM,not_argument,none,model
clitoridectomy,s0116,FGM,not_argument,none,model
clitoridectomy,s0117,FGM,not_argument,none,model
clitoridectomy,s0118,FGM,not_argument,none,model
clitoridectomy,s0119,FGM,not_argument,none,model
clitoridectomy,s0120,FGM,not_argument,none,model
clitoridectomy,s0121,FGM,not_argument,none,model
clitoridectomy,s0122,FGM,not_argument,none,model
clitoridectomy,s0123,FGM,not_argument,none,model
clitoridectomy,s0124,FGM,not_argument,anti,model
clitoridectomy,s0125,FGM,not_argument,none,model
clitoridectomy,s0126,FGM,not_argument,anti,model
clitoridectomy,s0127,FGM,not_argument,none,model
clitoridectomy,s0128,FGM,not_argument,none,model
clitoridectomy,s0129,FGM,not_argument,none,model
clitoridectomy,s0130,FGM,not_argument,pro,model
clitoridectomy,s0131,FGM,not_argument,anti,model
clitoridectomy,s0132,FGM,not_argument,none,model
clitoridectomy,s0133,FGM,not_argument,anti,model
clitoridectomy,s0134,FGM,not_argument,none,model
clitoridectomy,s0135,FGM,not_argument,none,model
clitoridectomy,s0136,FGM,not_argument,none,model
clitoridectomy,s0137,FGM,not_argument,none,model
clitoridectomy,s0138,FGM,not_argument,none,model
clitoridectomy,s0139,FGM,not_argument,anti,model
clitoridectomy,s0140,FGM,anti,none,model
clitoridectomy,s0141,FGM,not_argument,none,model
clitoridectomy,s0142,FGM,not_argument,anti,model
clitoridectomy,s0143,FGM,not_argument,anti,model
clitoridectomy,s0144,FGM,anti,anti,model
clitoridectomy,s0145,FGM,not_argument,none,model
clitoridectomy,s0146,FGM,not_argument,anti,model
clitoridectomy,s0147,FGM,anti,mixed,model
clitoridectomy,s0148,FGM,not_argument,none,model
clitoridectomy,s0149,FGM,anti,none,model
clitoridectomy,s0150,FGM,anti,none,model
clitoridectomy,s0151,FGM,anti,none,model
clitoridectomy,s0152,FGM,not_argument,none,model
clitoridectomy,s0153,FGM,not_argument,none,model
clitoridectomy,s0154,FGM,not_argument,none,model
clitoridectomy,s0155,FGM,anti,anti,model
clitoridectomy,s0156,FGM,not_argument,none,model
clitoridectomy,s0157,FGM,anti,anti,model
clitoridectomy,s0158,FGM,anti,anti,model
clitoridectomy,s0159,FGM,anti,anti,model
clitoridectomy,s0160,FGM,not_argument,none,model
clitoridectomy,s0161,FGM,anti,none,model
clitoridectomy,s0162,FGM,not_argument,none,model
clitoridectomy,s0163,FGM,not_argument,none,model
clitoridectomy,s0164,FGM,not_argument,none,model
clitoridectomy,s0165,FGM,not_argument,none,model
clitoridectomy,s0166,FGM,not_argument,none,model
clitoridectomy,s0167,FGM,not_argument,none,model
clitoridectomy,s0168,FGM,not_argument,none,model
clitoridectomy,s0169,FGM,not_argument,pro,model
clitoridectomy,s0170,FGM,not_argument,none,model
clitoridectomy,s0171,FGM,not_argument,none,model
clitoridectomy,s0172,FGM,anti,pro,model
clitoridectomy,s0173,FGM,not_argument,pro,model
clitoridectomy,s0174,FGM,not_argument,pro,model
clitoridectomy,s0175,FGM,not_argument,none,model
clitoridectomy,s0176,FGM,not_argument,none,model
clitoridectomy,s0177,FGM,not_argument,none,model
clitoridectomy,s0178,FGM,not_argument,none,model
clitoridectomy,s0179,FGM,not_argument,none,model
clitoridectomy,s0180,FGM,pro,pro,model
clitoridectomy,s0181,FGM,pro,none,model
clitoridectomy,s0182,FGM,pro,pro,model
clitoridectomy,s0183,FGM,not_argument,none,model
clitoridectomy,s0184,FGM,anti,mixed,model
clitoridectomy,s0185,FGM,anti,none,model
clitoridectomy,s0186,FGM,anti,mixed,model
clitoridectomy,s0187,FGM,anti,anti,model
clitoridectomy,s0188,FGM,not_argument,none,model
clitoridectomy,s0189,FGM,pro,none,model
clitoridectomy,s0190,FGM,pro,none,model
clitoridectomy,s0191,FGM,anti,anti,model
clitoridectomy,s0192,FGM,not_argument,none,model
clitoridectomy,s0193,FGM,pro,mixed,model
clitoridectomy,s0194,FGM,anti,mixed,model
clitoridectomy,s0195,FGM,anti,mixed,model
clitoridectomy,s0196,FGM,not_argument,none,model
clitoridectomy,s0197,FGM,pro,pro,model
clitoridectomy,s0198,FGM,anti,anti,model
clitoridectomy,s0199,FGM,anti,none,model
clitoridectomy,s0200,FGM,not_argument,none,model
clitoridectomy,s0201,FGM,pro,mixed,model
clitoridectomy,s0202,FGM,anti,mixed,model
clitoridectomy,s0203,FGM,anti,mixed,model
clitoridectomy,s0204,FGM,not_argument,none,model
clitoridectomy,s0205,FGM,anti,anti,model
clitoridectomy,s0206,FGM,anti,anti,model
clitoridectomy,s0207,FGM,anti,mixed,model
clitoridectomy,s0208,FGM,not_argument,none,model
clitoridectomy,s0209,FGM,anti,anti,model
clitoridectomy,s0210,FGM,anti,anti,model
clitoridectomy,s0211,FGM,not_argument,none,model
clitoridectomy,s0212,FGM,anti,mixed,model
clitoridectomy,s0213,FGM,anti,anti,model
clitoridectomy,s0214,FGM,anti,mixed,model
clitoridectomy,s0215,FGM,not_argument,none,model
clitoridectomy,s0216,FGM,not_argument,none,model
clitoridectomy,s0217,FGM,not_argument,anti,model
clitoridectomy,s0218,FGM,not_argument,anti,model
clitoridectomy,s0219,FGM,not_argument,none,model
clitoridectomy,s0220,FGM,not_argument,anti,model
clitoridectomy,s0221,FGM,not_argument,anti,model
clitoridectomy,s0222,FGM,not_argument,anti,model
clitoridectomy,s0223,FGM,not_argument,anti,model
clitoridectomy,s0224,FGM,not_argument,none,model
clitoridectomy,s0225,FGM,not_argument,anti,model
clitoridectomy,s0226,FGM,anti,mixed,model
clitoridectomy,s0227,FGM,not_argument,none,model
clitoridectomy,s0228,FGM,not_argument,none,model
clitoridectomy,s0229,FGM,not_argument,none,model
clitoridectomy,s0230,FGM,not_argument,none,model
clitoridectomy,s0231,FGM,not_argument,none,model
clitoridectomy,s0232,FGM,not_argument,none,model
clitoridectomy,s0233,FGM,not_argument,none,model
clitoridectomy,s0234,FGM,not_argument,none,model
clitoridectomy,s0235,FGM,not_argument,none,model
clitoridectomy,s0236,FGM,not_argument,pro,model
clitoridectomy,s0237,FGM,not_argument,none,model
clitoridectomy,s0238,FGM,not_argument,anti,model
clitoridectomy,s0239,FGM,not_argument,none,model
clitoridectomy,s0240,FGM,not_argument,none,model
clitoridectomy,s0241,FGM,not_argument,none,model
clitoridectomy,s0242,FGM,not_argument,none,model
clitoridectomy,s0243,FGM,not_argument,none,model
clitoridectomy,s0244,FGM,not_argument,anti,model
clitoridectomy,s0245,FGM,not_argument,none,model
clitoridectomy,s0246,FGM,not_argument,none,model
clitoridectomy,s0247,FGM,not_argument,none,model
clitoridectomy,s0248,FGM,not_argument,none,model
clitoridectomy,s0249,FGM,not_argument,anti,model
clitoridectomy,s0250,FGM,not_argument,none,model
clitoridectomy,s0251,FGM,not_argument,none,model
clitoridectomy,s0252,FGM,not_argument,anti,model
clitoridectomy,s0253,FGM,not_argument,none,model
clitoridectomy,s0254,FGM,not_argument,anti,model
clitoridectomy,s0255,FGM,not_argument,none,model
clitoridectomy,s0256,FGM,not_argument,none,model
clitoridectomy,s0257,FGM,not_argument,none,model
clitoridectomy,s0258,FGM,not_argument,none,model
clitoridectomy,s0259,FGM,not_argument,none,model
clitoridectomy,s0260,FGM,not_argument,none,model
clitoridectomy,s0261,FGM,not_argument,pro,model
clitoridectomy,s0262,FGM,not_argument,anti,model
clitoridectomy,s0263,FGM,not_argument,none,model
clitoridectomy,s0264,FGM,not_argument,none,model
clitoridectomy,s0265,FGM,not_argument,anti,model
clitoridectomy,s0266,FGM,not_argument,mixed,model
clitoridectomy,s0267,FGM,not_argument,none,model
clitoridectomy,s0268,FGM,not_argument,none,model
clitoridectomy,s0269,FGM,not_argument,pro,model
clitoridectomy,s0270,FGM,not_argument,none,model
cost-of-circumcision-surgery-in-chaozhou,s0001,male,not_argument,none,model
cost-of-circumcision-surgery-in-chaozhou,s0002,male,not_argument,none,model
cost-of-circumcision-surgery-in-chaozhou,s0003,male,not_argument,none,model
cost-of-circumcision-surgery-in-chaozhou,s0004,male,not_argument,none,model
cost-of-circumcision-surgery-in-chaozhou,s0005,male,not_argument,none,model
cost-of-circumcision-surgery-in-chaozhou,s0006,male,not_argument,none,model
cost-of-circumcision-surgery-in-chaozhou,s0007,male,not_argument,none,model
cost-of-circumcision-surgery-in-chaozhou,s0008,male,not_argument,none,model
cost-of-circumcision-surgery-in-chaozhou,s0009,male,not_argument,none,model
cost-of-circumcision-surgery-in-chaozhou,s0010,male,not_argument,none,model
cost-of-circumcision-surgery-in-chaozhou,s0011,male,not_argument,none,model
cost-of-circumcision-surgery-in-chaozhou,s0012,male,not_argument,pro,model
cost-of-circumcision-surgery-in-chaozhou,s0013,male,not_argument,pro,model
cost-of-circumcision-surgery-in-chaozhou,s0014,male,not_argument,none,model
cost-of-circumcision-surgery-in-chaozhou,s0015,male,not_argument,none,model
cost-of-circumcision-surgery-in-chaozhou,s0016,male,not_argument,none,model
cost-of-circumcision-surgery-in-chaozhou,s0017,male,not_argument,none,model
cost-of-circumcision-surgery-in-chaozhou,s0018,male,not_argument,none,model
cost-of-circumcision-surgery-in-chaozhou,s0019,male,not_argument,none,model
cost-of-circumcision-surgery-in-chaozhou,s0020,male,not_argument,none,model
cost-of-circumcision-surgery-in-chaozhou,s0021,male,not_argument,none,model
cost-of-circumcision-surgery-in-chaozhou,s0022,male,not_argument,none,model
cost-of-circumcision-surgery-in-chaozhou,s0023,male,not_argument,none,model
cost-of-circumcision-surgery-in-chaozhou,s0024,male,not_argument,none,model
cost-of-circumcision-surgery-in-chaozhou,s0025,male,not_argument,none,model
cost-of-circumcision-surgery-in-chaozhou,s0026,male,pro,pro,model
cost-of-circumcision-surgery-in-chaozhou,s0027,male,not_argument,pro,model
cost-of-circumcision-surgery-in-chaozhou,s0028,male,not_argument,none,model
cost-of-circumcision-surgery-in-chaozhou,s0029,male,not_argument,none,model
cost-of-circumcision-surgery-in-chaozhou,s0030,male,not_argument,none,model
cost-of-circumcision-surgery-in-chaozhou,s0031,male,not_argument,none,model
cost-of-circumcision-surgery-in-chaozhou,s0032,male,not_argument,none,model
cost-of-circumcision-surgery-in-chaozhou,s0033,male,not_argument,anti,model
cost-of-circumcision-surgery-in-chaozhou,s0034,male,not_argument,none,model
cost-of-circumcision-surgery-in-chaozhou,s0035,male,not_argument,none,model
cost-of-circumcision-surgery-in-chaozhou,s0036,male,not_argument,none,model
cost-of-circumcision-surgery-in-chaozhou,s0037,male,not_argument,none,model
cost-of-circumcision-surgery-in-chaozhou,s0038,male,not_argument,none,model
cost-of-circumcision-surgery-in-chaozhou,s0039,male,not_argument,none,model
cost-of-circumcision-surgery-in-chaozhou,s0040,male,not_argument,none,model
cost-of-circumcision-surgery-in-chaozhou,s0041,male,not_argument,none,model
cost-of-circumcision-surgery-in-chaozhou,s0042,male,not_argument,none,model
cost-of-circumcision-surgery-in-chaozhou,s0043,male,not_argument,none,model
cost-of-circumcision-surgery-in-chaozhou,s0044,male,not_argument,none,model
cost-of-circumcision-surgery-in-chaozhou,s0045,male,not_argument,none,model
cost-of-circumcision-surgery-in-chaozhou,s0046,male,not_argument,none,model
cost-of-circumcision-surgery-in-chaozhou,s0047,male,not_argument,none,model
cost-of-circumcision-surgery-in-chaozhou,s0048,male,not_argument,none,model
cost-of-circumcision-surgery-in-chaozhou,s0049,male,not_argument,none,model
cost-of-circumcision-surgery-in-chaozhou,s0050,male,not_argument,none,model
cost-of-circumcision-surgery-in-chaozhou,s0051,male,not_argument,none,model
cost-of-circumcision-surgery-in-chaozhou,s0052,male,not_argument,none,model
cost-of-circumcision-surgery-in-chaozhou,s0053,male,not_argument,none,model
cost-of-circumcision-surgery-in-chaozhou,s0054,male,not_argument,none,model
cost-of-circumcision-surgery-in-chaozhou,s0055,male,not_argument,anti,model
cost-of-circumcision-surgery-in-chaozhou,s0056,male,not_argument,none,model
cost-of-circumcision-surgery-in-chaozhou,s0057,male,not_argument,none,model
cost-of-circumcision-surgery-in-chaozhou,s0058,male,not_argument,none,model
cost-of-circumcision-surgery-in-chaozhou,s0059,male,not_argument,none,model
cost-of-circumcision-surgery-in-chaozhou,s0060,male,not_argument,anti,model
cost-of-circumcision-surgery-in-chaozhou,s0061,male,not_argument,none,model
cost-of-circumcision-surgery-in-chaozhou,s0062,male,not_argument,none,model
cost-of-circumcision-surgery-in-chaozhou,s0063,male,not_argument,none,model
cost-of-circumcision-surgery-in-chaozhou,s0064,male,not_argument,none,model
cost-of-circumcision-surgery-in-chaozhou,s0065,male,not_argument,none,model
cost-of-circumcision-surgery-in-chaozhou,s0066,male,not_argument,none,model
cost-of-circumcision-surgery-in-chaozhou,s0067,male,not_argument,none,model
cost-of-circumcision-surgery-in-chaozhou,s0068,male,not_argument,anti,model
cost-of-circumcision-surgery-in-chaozhou,s0069,male,not_argument,none,model
cost-of-circumcision-surgery-in-chaozhou,s0070,male,not_argument,none,model
cost-of-circumcision-surgery-in-chaozhou,s0071,male,not_argument,none,model
cost-of-circumcision-surgery-in-chaozhou,s0072,male,not_argument,none,model
cost-of-circumcision-surgery-in-chaozhou,s0073,male,not_argument,none,model
cost-of-circumcision-surgery-in-chaozhou,s0074,male,not_argument,none,model
cost-of-circumcision-surgery-in-chaozhou,s0075,male,not_argument,none,model
cost-of-circumcision-surgery-in-chaozhou,s0076,male,not_argument,none,model
cost-of-circumcision-surgery-in-chaozhou,s0077,male,not_argument,none,model
cost-of-circumcision-surgery-in-chaozhou,s0078,male,not_argument,none,model
cost-of-circumcision-surgery-in-chaozhou,s0079,male,not_argument,none,model
cost-of-circumcision-surgery-in-chaozhou,s0080,male,not_argument,none,model
cost-of-circumcision-surgery-in-chaozhou,s0081,male,not_argument,none,model
cost-of-circumcision-surgery-in-chaozhou,s0082,male,not_argument,none,model
cost-of-circumcision-surgery-in-chaozhou,s0083,male,not_argument,none,model
cost-of-circumcision-surgery-in-chaozhou,s0084,male,not_argument,none,model
cost-of-circumcision-surgery-in-chaozhou,s0085,male,not_argument,none,model
cost-of-circumcision-surgery-in-chaozhou,s0086,male,not_argument,none,model
cost-of-circumcision-surgery-in-chaozhou,s0087,male,not_argument,none,model
cost-of-circumcision-surgery-in-chaozhou,s0088,male,not_argument,none,model
cost-of-circumcision-surgery-in-chaozhou,s0089,male,not_argument,anti,model
cost-of-circumcision-surgery-in-chaozhou,s0090,male,not_argument,none,model
cost-of-circumcision-surgery-in-chaozhou,s0091,male,not_argument,none,model
cost-of-circumcision-surgery-in-chaozhou,s0092,male,not_argument,none,model
cost-of-circumcision-surgery-in-chaozhou,s0093,male,not_argument,none,model
cost-of-circumcision-surgery-in-chaozhou,s0094,male,not_argument,none,model
cost-of-circumcision-surgery-in-chaozhou,s0095,male,not_argument,none,model
cost-of-circumcision-surgery-in-chaozhou,s0096,male,not_argument,none,model
cost-of-circumcision-surgery-in-chaozhou,s0097,male,not_argument,none,model
cost-of-circumcision-surgery-in-chaozhou,s0098,male,not_argument,pro,model
cost-of-circumcision-surgery-in-chaozhou,s0099,male,not_argument,none,model
cost-of-circumcision-surgery-in-chaozhou,s0100,male,not_argument,none,model
cost-of-circumcision-surgery-in-chaozhou,s0101,male,not_argument,none,model
cost-of-circumcision-surgery-in-chaozhou,s0102,male,not_argument,none,model
cost-of-circumcision-surgery-in-chaozhou,s0103,male,not_argument,none,model
cost-of-circumcision-surgery-in-chaozhou,s0104,male,not_argument,none,model
cost-of-circumcision-surgery-in-chaozhou,s0105,male,not_argument,none,model
cost-of-circumcision-surgery-in-chaozhou,s0106,male,not_argument,none,model
cost-of-circumcision-surgery-in-chaozhou,s0107,male,not_argument,none,model
cost-of-circumcision-surgery-in-chaozhou,s0108,male,not_argument,none,model
cost-of-circumcision-surgery-in-chaozhou,s0109,male,not_argument,none,model
cost-of-circumcision-surgery-in-chaozhou,s0110,male,not_argument,none,model
cost-of-circumcision-surgery-in-chaozhou,s0111,male,not_argument,none,model
cost-of-circumcision-surgery-in-chaozhou,s0112,male,not_argument,none,model
cost-of-circumcision-surgery-in-chaozhou,s0113,male,not_argument,none,model
cost-of-circumcision-surgery-in-chaozhou,s0114,male,not_argument,none,model
cost-of-circumcision-surgery-in-chaozhou,s0115,male,not_argument,none,model
cost-of-circumcision-surgery-in-chaozhou,s0116,male,not_argument,none,model
cost-of-circumcision-surgery-in-chaozhou,s0117,male,not_argument,none,model
cost-of-circumcision-surgery-in-chaozhou,s0118,male,not_argument,none,model
cost-of-circumcision-surgery-in-chaozhou,s0119,male,not_argument,none,model
cost-of-circumcision-surgery-in-chaozhou,s0120,male,not_argument,none,model
cost-of-circumcision-surgery-in-chaozhou,s0121,male,not_argument,anti,model
cost-of-circumcision-surgery-in-chaozhou,s0122,male,not_argument,none,model
cost-of-circumcision-surgery-in-chaozhou,s0123,male,not_argument,none,model
cost-of-circumcision-surgery-in-chaozhou,s0124,male,not_argument,none,model
cost-of-circumcision-surgery-in-chaozhou,s0125,male,not_argument,none,model
cost-of-circumcision-surgery-in-chaozhou,s0126,male,not_argument,none,model
cost-of-circumcision-surgery-in-chaozhou,s0127,male,not_argument,none,model
cost-of-circumcision-surgery-in-chaozhou,s0128,male,not_argument,none,model
cost-of-circumcision-surgery-in-chaozhou,s0129,male,not_argument,none,model
cost-of-circumcision-surgery-in-chaozhou,s0130,male,not_argument,none,model
cost-of-circumcision-surgery-in-chaozhou,s0131,male,not_argument,none,model
cost-of-circumcision-surgery-in-chaozhou,s0132,male,not_argument,none,model
cost-of-circumcision-surgery-in-chaozhou,s0133,male,not_argument,none,model
cost-of-circumcision-surgery-in-chaozhou,s0134,male,not_argument,none,model
cost-of-circumcision-surgery-in-chaozhou,s0135,male,not_argument,none,model
cost-of-circumcision-surgery-in-chaozhou,s0136,male,not_argument,none,model
cost-of-circumcision-surgery-in-chaozhou,s0137,male,not_argument,none,model
cost-of-circumcision-surgery-in-chaozhou,s0138,male,not_argument,none,model
cost-of-circumcision-surgery-in-chaozhou,s0139,male,not_argument,none,model
cost-of-circumcision-surgery-in-chaozhou,s0140,male,not_argument,none,model
cost-of-circumcision-surgery-in-chaozhou,s0141,male,not_argument,none,model
cost-of-circumcision-surgery-in-chaozhou,s0142,male,not_argument,none,model
cost-of-circumcision-surgery-in-chaozhou,s0143,male,not_argument,none,model
cost-of-circumcision-surgery-in-chaozhou,s0144,male,not_argument,none,model
cost-of-circumcision-surgery-in-chaozhou,s0145,male,not_argument,none,model
cost-of-circumcision-surgery-in-chaozhou,s0146,male,not_argument,none,model
cost-of-circumcision-surgery-in-chaozhou,s0147,male,not_argument,none,model
cost-of-circumcision-surgery-in-chaozhou,s0148,male,not_argument,none,model
cost-of-circumcision-surgery-in-chaozhou,s0149,male,not_argument,none,model
cost-of-circumcision-surgery-in-chaozhou,s0150,male,not_argument,none,model
cost-of-circumcision-surgery-in-chaozhou,s0151,male,not_argument,none,model
cost-of-circumcision-surgery-in-chaozhou,s0152,male,not_argument,none,model
cost-of-circumcision-surgery-in-chaozhou,s0153,male,not_argument,none,model
cost-of-circumcision-surgery-in-chaozhou,s0154,male,not_argument,none,model
cost-of-circumcision-surgery-in-chaozhou,s0155,male,not_argument,none,model
cost-of-circumcision-surgery-in-chaozhou,s0156,male,not_argument,none,model
cost-of-circumcision-surgery-in-chaozhou,s0157,male,not_argument,none,model
cost-of-circumcision-surgery-in-chaozhou,s0158,male,not_argument,none,model
cost-of-circumcision-surgery-in-chaozhou,s0159,male,not_argument,none,model
cost-of-circumcision-surgery-in-chaozhou,s0160,male,not_argument,mixed,model
cost-of-circumcision-surgery-in-chaozhou,s0161,male,not_argument,none,model
cost-of-circumcision-surgery-in-chaozhou,s0162,male,not_argument,none,model
cost-of-circumcision-surgery-in-chaozhou,s0163,male,not_argument,none,model
cost-of-circumcision-surgery-in-chaozhou,s0164,male,not_argument,none,model
cultural-views-on-circumcision-aesthetics,s0001,male,not_argument,pro,model
cultural-views-on-circumcision-aesthetics,s0002,male,not_argument,pro,model
cultural-views-on-circumcision-aesthetics,s0003,male,pro,pro,model
cultural-views-on-circumcision-aesthetics,s0004,male,anti,none,model
cultural-views-on-circumcision-aesthetics,s0005,male,not_argument,none,model
cultural-views-on-circumcision-aesthetics,s0006,male,anti,none,model
cultural-views-on-circumcision-aesthetics,s0007,male,not_argument,none,model
cultural-views-on-circumcision-aesthetics,s0008,male,not_argument,none,model
cultural-views-on-circumcision-aesthetics,s0009,male,not_argument,none,model
cultural-views-on-circumcision-aesthetics,s0010,male,not_argument,pro,model
cultural-views-on-circumcision-aesthetics,s0011,male,not_argument,none,model
cultural-views-on-circumcision-aesthetics,s0012,male,not_argument,none,model
cultural-views-on-circumcision-aesthetics,s0013,male,anti,none,model
cultural-views-on-circumcision-aesthetics,s0014,male,anti,anti,model
cultural-views-on-circumcision-aesthetics,s0015,male,anti,none,model
cultural-views-on-circumcision-aesthetics,s0016,male,not_argument,none,model
cultural-views-on-circumcision-aesthetics,s0017,male,not_argument,pro,model
cultural-views-on-circumcision-aesthetics,s0018,male,not_argument,none,model
cultural-views-on-circumcision-aesthetics,s0019,male,not_argument,none,model
cultural-views-on-circumcision-aesthetics,s0020,male,pro,pro,model
cultural-views-on-circumcision-aesthetics,s0021,male,pro,none,model
cultural-views-on-circumcision-aesthetics,s0022,male,not_argument,none,model
cultural-views-on-circumcision-aesthetics,s0023,male,not_argument,none,model
cultural-views-on-circumcision-aesthetics,s0024,male,anti,none,model
cultural-views-on-circumcision-aesthetics,s0025,male,not_argument,none,model
cultural-views-on-circumcision-aesthetics,s0026,male,not_argument,none,model
cultural-views-on-circumcision-aesthetics,s0027,male,not_argument,none,model
cultural-views-on-circumcision-aesthetics,s0028,male,not_argument,none,model
cultural-views-on-circumcision-aesthetics,s0029,male,not_argument,none,model
cultural-views-on-circumcision-aesthetics,s0030,male,pro,pro,model
cultural-views-on-circumcision-aesthetics,s0031,male,pro,none,model
cultural-views-on-circumcision-aesthetics,s0032,male,pro,pro,model
cultural-views-on-circumcision-aesthetics,s0033,male,not_argument,none,model
cultural-views-on-circumcision-aesthetics,s0034,male,pro,none,model
cultural-views-on-circumcision-aesthetics,s0035,male,pro,none,model
cultural-views-on-circumcision-aesthetics,s0036,male,pro,none,model
cultural-views-on-circumcision-aesthetics,s0037,male,not_argument,none,model
cultural-views-on-circumcision-aesthetics,s0038,male,anti,none,model
cultural-views-on-circumcision-aesthetics,s0039,male,anti,none,model
cultural-views-on-circumcision-aesthetics,s0040,male,not_argument,none,model
cultural-views-on-circumcision-aesthetics,s0041,male,anti,none,model
cultural-views-on-circumcision-aesthetics,s0042,male,anti,mixed,model
cultural-views-on-circumcision-aesthetics,s0043,male,anti,anti,model
cultural-views-on-circumcision-aesthetics,s0044,male,not_argument,none,model
cultural-views-on-circumcision-aesthetics,s0045,male,anti,anti,model
cultural-views-on-circumcision-aesthetics,s0046,male,anti,none,model
cultural-views-on-circumcision-aesthetics,s0047,male,not_argument,none,model
cultural-views-on-circumcision-aesthetics,s0048,male,not_argument,none,model
cultural-views-on-circumcision-aesthetics,s0049,male,pro,pro,model
cultural-views-on-circumcision-aesthetics,s0050,male,pro,none,model
cultural-views-on-circumcision-aesthetics,s0051,male,not_argument,none,model
cultural-views-on-circumcision-aesthetics,s0052,male,not_argument,none,model
cultural-views-on-circumcision-aesthetics,s0053,male,not_argument,pro,model
cultural-views-on-circumcision-aesthetics,s0054,male,not_argument,none,model
cultural-views-on-circumcision-aesthetics,s0055,male,pro,pro,model
cultural-views-on-circumcision-aesthetics,s0056,male,not_argument,none,model
cultural-views-on-circumcision-aesthetics,s0057,male,not_argument,none,model
cultural-views-on-circumcision-aesthetics,s0058,male,not_argument,none,model
cultural-views-on-circumcision-aesthetics,s0059,male,not_argument,none,model
cultural-views-on-circumcision-aesthetics,s0060,male,not_argument,none,model
cultural-views-on-circumcision-aesthetics,s0061,male,not_argument,none,model
cultural-views-on-circumcision-aesthetics,s0062,male,not_argument,none,model
cultural-views-on-circumcision-aesthetics,s0063,male,not_argument,none,model
cultural-views-on-circumcision-aesthetics,s0064,male,not_argument,pro,model
cultural-views-on-circumcision-aesthetics,s0065,male,not_argument,none,model
cultural-views-on-circumcision-aesthetics,s0066,male,not_argument,pro,model
cultural-views-on-circumcision-aesthetics,s0067,male,anti,anti,model
cultural-views-on-circumcision-aesthetics,s0068,male,not_argument,none,model
cultural-views-on-circumcision-aesthetics,s0069,male,not_argument,none,model
cultural-views-on-circumcision-aesthetics,s0070,male,not_argument,none,model
cultural-views-on-circumcision-aesthetics,s0071,male,not_argument,pro,model
cultural-views-on-circumcision-aesthetics,s0072,male,not_argument,none,model
cultural-views-on-circumcision-aesthetics,s0073,male,not_argument,none,model
cultural-views-on-circumcision-aesthetics,s0074,male,not_argument,pro,model
cultural-views-on-circumcision-aesthetics,s0075,male,not_argument,none,model
cultural-views-on-circumcision-aesthetics,s0076,male,not_argument,none,model
cultural-views-on-circumcision-aesthetics,s0077,male,not_argument,pro,model
cultural-views-on-circumcision-aesthetics,s0078,male,not_argument,none,model
cultural-views-on-circumcision-aesthetics,s0079,male,not_argument,mixed,model
cultural-views-on-circumcision-aesthetics,s0080,male,not_argument,none,model
cultural-views-on-circumcision-aesthetics,s0081,male,not_argument,none,model
cultural-views-on-circumcision-aesthetics,s0082,male,not_argument,none,model
cultural-views-on-circumcision-aesthetics,s0083,male,not_argument,none,model
cultural-views-on-circumcision-aesthetics,s0084,male,anti,anti,model
cultural-views-on-circumcision-aesthetics,s0085,male,not_argument,none,model
cultural-views-on-circumcision-aesthetics,s0086,male,pro,none,model
cultural-views-on-circumcision-aesthetics,s0087,male,not_argument,none,model
cultural-views-on-circumcision-aesthetics,s0088,male,anti,none,model
cultural-views-on-circumcision-aesthetics,s0089,male,anti,none,model
cultural-views-on-circumcision-aesthetics,s0090,male,not_argument,none,model
cultural-views-on-circumcision-aesthetics,s0091,male,not_argument,none,model
cultural-views-on-circumcision-aesthetics,s0092,male,not_argument,none,model
cultural-views-on-circumcision-aesthetics,s0093,male,not_argument,none,model
cultural-views-on-circumcision-aesthetics,s0094,male,not_argument,none,model
cultural-views-on-circumcision-aesthetics,s0095,male,not_argument,none,model
cultural-views-on-circumcision-aesthetics,s0096,male,not_argument,none,model
cultural-views-on-circumcision-aesthetics,s0097,male,not_argument,none,model
cultural-views-on-circumcision-aesthetics,s0098,male,not_argument,none,model
cultural-views-on-circumcision-aesthetics,s0099,male,pro,pro,model
cultural-views-on-circumcision-aesthetics,s0100,male,pro,none,model
cultural-views-on-circumcision-aesthetics,s0101,male,not_argument,none,model
cultural-views-on-circumcision-aesthetics,s0102,male,pro,pro,model
cultural-views-on-circumcision-aesthetics,s0103,male,pro,pro,model
cultural-views-on-circumcision-aesthetics,s0104,male,not_argument,none,model
cultural-views-on-circumcision-aesthetics,s0105,male,pro,pro,model
cultural-views-on-circumcision-aesthetics,s0106,male,pro,pro,model
cultural-views-on-circumcision-aesthetics,s0107,male,not_argument,none,model
cultural-views-on-circumcision-aesthetics,s0108,male,anti,mixed,model
cultural-views-on-circumcision-aesthetics,s0109,male,anti,none,model
cultural-views-on-circumcision-aesthetics,s0110,male,not_argument,none,model
cultural-views-on-circumcision-aesthetics,s0111,male,not_argument,anti,model
cultural-views-on-circumcision-aesthetics,s0112,male,not_argument,none,model
cultural-views-on-circumcision-aesthetics,s0113,male,not_argument,none,model
cultural-views-on-circumcision-aesthetics,s0114,male,anti,anti,model
cultural-views-on-circumcision-aesthetics,s0115,male,not_argument,none,model
cultural-views-on-circumcision-aesthetics,s0116,male,not_argument,pro,model
cultural-views-on-circumcision-aesthetics,s0117,male,pro,pro,model
cultural-views-on-circumcision-aesthetics,s0118,male,anti,none,model
cultural-views-on-circumcision-aesthetics,s0119,male,not_argument,none,model
cultural-views-on-circumcision-aesthetics,s0120,male,not_argument,none,model
cultural-views-on-circumcision-aesthetics,s0121,male,pro,pro,model
cultural-views-on-circumcision-aesthetics,s0122,male,pro,pro,model
cultural-views-on-circumcision-aesthetics,s0123,male,not_argument,none,model
cultural-views-on-circumcision-aesthetics,s0124,male,pro,none,model
cultural-views-on-circumcision-aesthetics,s0125,male,pro,pro,model
cultural-views-on-circumcision-aesthetics,s0126,male,pro,none,model
cultural-views-on-circumcision-aesthetics,s0127,male,anti,none,model
cultural-views-on-circumcision-aesthetics,s0128,male,not_argument,pro,model
cultural-views-on-circumcision-aesthetics,s0129,male,not_argument,none,model
cultural-views-on-circumcision-aesthetics,s0130,male,not_argument,none,model
cultural-views-on-circumcision-aesthetics,s0131,male,not_argument,mixed,model
cultural-views-on-circumcision-aesthetics,s0132,male,not_argument,none,model
cultural-views-on-circumcision-aesthetics,s0133,male,not_argument,none,model
cultural-views-on-circumcision-aesthetics,s0134,male,not_argument,none,model
ethics-of-circumcision,s0001,male,not_argument,pro,model
ethics-of-circumcision,s0002,male,anti,anti,model
ethics-of-circumcision,s0003,male,not_argument,none,model
ethics-of-circumcision,s0004,male,pro,mixed,model
ethics-of-circumcision,s0005,male,anti,mixed,model
ethics-of-circumcision,s0006,male,not_argument,anti,model
ethics-of-circumcision,s0007,male,not_argument,none,model
ethics-of-circumcision,s0008,male,anti,mixed,model
ethics-of-circumcision,s0009,male,not_argument,mixed,model
ethics-of-circumcision,s0010,male,anti,mixed,model
ethics-of-circumcision,s0011,male,not_argument,none,model
ethics-of-circumcision,s0012,male,not_argument,none,model
ethics-of-circumcision,s0013,male,not_argument,none,model
ethics-of-circumcision,s0014,male,pro,anti,model
ethics-of-circumcision,s0015,male,not_argument,none,model
ethics-of-circumcision,s0016,male,not_argument,none,model
ethics-of-circumcision,s0017,male,not_argument,none,model
ethics-of-circumcision,s0018,male,pro,mixed,model
ethics-of-circumcision,s0019,male,not_argument,none,model
ethics-of-circumcision,s0020,male,not_argument,mixed,model
ethics-of-circumcision,s0021,male,not_argument,none,model
ethics-of-circumcision,s0022,male,not_argument,none,model
ethics-of-circumcision,s0023,male,not_argument,none,model
ethics-of-circumcision,s0024,male,pro,none,model
ethics-of-circumcision,s0025,male,not_argument,none,model
ethics-of-circumcision,s0026,male,not_argument,pro,model
ethics-of-circumcision,s0027,male,pro,none,model
ethics-of-circumcision,s0028,male,not_argument,pro,model
ethics-of-circumcision,s0029,male,not_argument,none,model
ethics-of-circumcision,s0030,male,not_argument,pro,model
ethics-of-circumcision,s0031,male,not_argument,none,model
ethics-of-circumcision,s0032,male,not_argument,pro,model
ethics-of-circumcision,s0033,male,not_argument,none,model
ethics-of-circumcision,s0034,male,not_argument,none,model
ethics-of-circumcision,s0035,male,not_argument,none,model
ethics-of-circumcision,s0036,male,not_argument,mixed,model
ethics-of-circumcision,s0037,male,not_argument,none,model
ethics-of-circumcision,s0038,male,pro,pro,model
ethics-of-circumcision,s0039,male,not_argument,pro,model
ethics-of-circumcision,s0040,male,pro,pro,model
ethics-of-circumcision,s0041,male,not_argument,none,model
ethics-of-circumcision,s0042,male,pro,none,model
ethics-of-circumcision,s0043,male,pro,none,model
ethics-of-circumcision,s0044,male,pro,none,model
ethics-of-circumcision,s0045,male,not_argument,none,model
ethics-of-circumcision,s0046,male,pro,none,model
ethics-of-circumcision,s0047,male,pro,anti,model
ethics-of-circumcision,s0048,male,not_argument,none,model
ethics-of-circumcision,s0049,male,pro,pro,model
ethics-of-circumcision,s0050,male,pro,pro,model
ethics-of-circumcision,s0051,male,pro,none,model
ethics-of-circumcision,s0052,male,not_argument,none,model
ethics-of-circumcision,s0053,male,pro,pro,model
ethics-of-circumcision,s0054,male,pro,anti,model
ethics-of-circumcision,s0055,male,not_argument,none,model
ethics-of-circumcision,s0056,male,not_argument,anti,model
ethics-of-circumcision,s0057,male,not_argument,none,model
ethics-of-circumcision,s0058,male,not_argument,anti,model
ethics-of-circumcision,s0059,male,not_argument,none,model
ethics-of-circumcision,s0060,male,pro,anti,model
ethics-of-circumcision,s0061,male,pro,mixed,model
ethics-of-circumcision,s0062,male,not_argument,none,model
ethics-of-circumcision,s0063,male,not_argument,anti,model
ethics-of-circumcision,s0064,male,pro,mixed,model
ethics-of-circumcision,s0065,male,not_argument,none,model
ethics-of-circumcision,s0066,male,not_argument,none,model
ethics-of-circumcision,s0067,male,pro,pro,model
ethics-of-circumcision,s0068,male,pro,pro,model
ethics-of-circumcision,s0069,male,pro,anti,model
ethics-of-circumcision,s0070,male,not_argument,none,model
ethics-of-circumcision,s0071,male,pro,pro,model
ethics-of-circumcision,s0072,male,pro,anti,model
ethics-of-circumcision,s0073,male,pro,mixed,model
ethics-of-circumcision,s0074,male,not_argument,none,model
ethics-of-circumcision,s0075,male,pro,mixed,model
ethics-of-circumcision,s0076,male,pro,anti,model
ethics-of-circumcision,s0077,male,not_argument,none,model
ethics-of-circumcision,s0078,male,not_argument,mixed,model
ethics-of-circumcision,s0079,male,not_argument,anti,model
ethics-of-circumcision,s0080,male,not_argument,none,model
ethics-of-circumcision,s0081,male,not_argument,anti,model
ethics-of-circumcision,s0082,male,anti,anti,model
ethics-of-circumcision,s0083,male,not_argument,none,model
ethics-of-circumcision,s0084,male,anti,anti,model
ethics-of-circumcision,s0085,male,pro,none,model
ethics-of-circumcision,s0086,male,not_argument,none,model
ethics-of-circumcision,s0087,male,pro,mixed,model
ethics-of-circumcision,s0088,male,pro,anti,model
ethics-of-circumcision,s0089,male,not_argument,none,model
ethics-of-circumcision,s0090,male,not_argument,mixed,model
ethics-of-circumcision,s0091,male,not_argument,anti,model
ethics-of-circumcision,s0092,male,not_argument,none,model
ethics-of-circumcision,s0093,male,not_argument,none,model
ethics-of-circumcision,s0094,male,pro,none,model
ethics-of-circumcision,s0095,male,pro,pro,model
ethics-of-circumcision,s0096,male,pro,anti,model
ethics-of-circumcision,s0097,male,not_argument,none,model
ethics-of-circumcision,s0098,male,pro,mixed,model
ethics-of-circumcision,s0099,male,pro,none,model
ethics-of-circumcision,s0100,male,pro,pro,model
ethics-of-circumcision,s0101,male,not_argument,none,model
ethics-of-circumcision,s0102,male,not_argument,mixed,model
ethics-of-circumcision,s0103,male,pro,pro,model
ethics-of-circumcision,s0104,male,pro,mixed,model
ethics-of-circumcision,s0105,male,pro,mixed,model
ethics-of-circumcision,s0106,male,pro,anti,model
ethics-of-circumcision,s0107,male,pro,none,model
ethics-of-circumcision,s0108,male,pro,anti,model
ethics-of-circumcision,s0109,male,not_argument,none,model
ethics-of-circumcision,s0110,male,pro,mixed,model
ethics-of-circumcision,s0111,male,pro,pro,model
ethics-of-circumcision,s0112,male,not_argument,none,model
ethics-of-circumcision,s0113,male,pro,pro,model
ethics-of-circumcision,s0114,male,not_argument,mixed,model
ethics-of-circumcision,s0115,male,not_argument,none,model
ethics-of-circumcision,s0116,male,not_argument,none,model
ethics-of-circumcision,s0117,male,pro,pro,model
ethics-of-circumcision,s0118,male,pro,pro,model
ethics-of-circumcision,s0119,male,not_argument,none,model
ethics-of-circumcision,s0120,male,pro,pro,model
ethics-of-circumcision,s0121,male,not_argument,none,model
ethics-of-circumcision,s0122,male,not_argument,none,model
ethics-of-circumcision,s0123,male,pro,pro,model
ethics-of-circumcision,s0124,male,pro,none,model
ethics-of-circumcision,s0125,male,not_argument,none,model
ethics-of-circumcision,s0126,male,anti,mixed,model
ethics-of-circumcision,s0127,male,pro,mixed,model
ethics-of-circumcision,s0128,male,not_argument,none,model
ethics-of-circumcision,s0129,male,anti,mixed,model
ethics-of-circumcision,s0130,male,pro,pro,model
ethics-of-circumcision,s0131,male,not_argument,none,model
ethics-of-circumcision,s0132,male,anti,anti,model
ethics-of-circumcision,s0133,male,pro,mixed,model
ethics-of-circumcision,s0134,male,not_argument,none,model
ethics-of-circumcision,s0135,male,anti,anti,model
ethics-of-circumcision,s0136,male,pro,mixed,model
ethics-of-circumcision,s0137,male,not_argument,none,model
ethics-of-circumcision,s0138,male,anti,none,model
ethics-of-circumcision,s0139,male,anti,pro,model
ethics-of-circumcision,s0140,male,not_argument,none,model
ethics-of-circumcision,s0141,male,anti,none,model
ethics-of-circumcision,s0142,male,not_argument,none,model
ethics-of-circumcision,s0143,male,pro,none,model
ethics-of-circumcision,s0144,male,pro,mixed,model
ethics-of-circumcision,s0145,male,not_argument,none,model
ethics-of-circumcision,s0146,male,not_argument,none,model
ethics-of-circumcision,s0147,male,pro,none,model
ethics-of-circumcision,s0148,male,pro,none,model
ethics-of-circumcision,s0149,male,pro,pro,model
ethics-of-circumcision,s0150,male,not_argument,none,model
ethics-of-circumcision,s0151,male,pro,pro,model
ethics-of-circumcision,s0152,male,pro,none,model
ethics-of-circumcision,s0153,male,pro,pro,model
ethics-of-circumcision,s0154,male,not_argument,none,model
ethics-of-circumcision,s0155,male,pro,pro,model
ethics-of-circumcision,s0156,male,pro,pro,model
ethics-of-circumcision,s0157,male,not_argument,none,model
ethics-of-circumcision,s0158,male,pro,none,model
ethics-of-circumcision,s0159,male,pro,none,model
ethics-of-circumcision,s0160,male,pro,none,model
ethics-of-circumcision,s0161,male,pro,none,model
ethics-of-circumcision,s0162,male,pro,none,model
ethics-of-circumcision,s0163,male,pro,none,model
ethics-of-circumcision,s0164,male,pro,none,model
ethics-of-circumcision,s0165,male,not_argument,none,model
ethics-of-circumcision,s0166,male,not_argument,pro,model
ethics-of-circumcision,s0167,male,not_argument,pro,model
ethics-of-circumcision,s0168,male,pro,mixed,model
ethics-of-circumcision,s0169,male,not_argument,none,model
ethics-of-circumcision,s0170,male,pro,pro,model
ethics-of-circumcision,s0171,male,pro,pro,model
ethics-of-circumcision,s0172,male,pro,anti,model
ethics-of-circumcision,s0173,male,not_argument,none,model
ethics-of-circumcision,s0174,male,pro,pro,model
ethics-of-circumcision,s0175,male,pro,none,model
ethics-of-circumcision,s0176,male,pro,none,model
ethics-of-circumcision,s0177,male,not_argument,none,model
ethics-of-circumcision,s0178,male,pro,none,model
ethics-of-circumcision,s0179,male,pro,pro,model
ethics-of-circumcision,s0180,male,not_argument,none,model
ethics-of-circumcision,s0181,male,pro,pro,model
ethics-of-circumcision,s0182,male,pro,mixed,model
ethics-of-circumcision,s0183,male,not_argument,none,model
ethics-of-circumcision,s0184,male,anti,none,model
ethics-of-circumcision,s0185,male,anti,mixed,model
ethics-of-circumcision,s0186,male,not_argument,none,model
ethics-of-circumcision,s0187,male,anti,none,model
ethics-of-circumcision,s0188,male,not_argument,none,model
ethics-of-circumcision,s0189,male,anti,anti,model
ethics-of-circumcision,s0190,male,anti,anti,model
ethics-of-circumcision,s0191,male,anti,anti,model
ethics-of-circumcision,s0192,male,not_argument,mixed,model
ethics-of-circumcision,s0193,male,not_argument,none,model
ethics-of-circumcision,s0194,male,anti,anti,model
ethics-of-circumcision,s0195,male,anti,none,model
ethics-of-circumcision,s0196,male,not_argument,none,model
ethics-of-circumcision,s0197,male,anti,anti,model
ethics-of-circumcision,s0198,male,pro,pro,model
ethics-of-circumcision,s0199,male,not_argument,none,model
ethics-of-circumcision,s0200,male,pro,none,model
ethics-of-circumcision,s0201,male,pro,pro,model
ethics-of-circumcision,s0202,male,not_argument,none,model
ethics-of-circumcision,s0203,male,not_argument,none,model
ethics-of-circumcision,s0204,male,not_argument,none,model
ethics-of-circumcision,s0205,male,not_argument,none,model
ethics-of-circumcision,s0206,male,not_argument,none,model
ethics-of-circumcision,s0207,male,pro,none,model
ethics-of-circumcision,s0208,male,pro,anti,model
ethics-of-circumcision,s0209,male,not_argument,none,model
ethics-of-circumcision,s0210,male,pro,anti,model
ethics-of-circumcision,s0211,male,pro,none,model
ethics-of-circumcision,s0212,male,pro,anti,model
ethics-of-circumcision,s0213,male,not_argument,none,model
ethics-of-circumcision,s0214,male,pro,none,model
ethics-of-circumcision,s0215,male,pro,anti,model
ethics-of-circumcision,s0216,male,not_argument,none,model
ethics-of-circumcision,s0217,male,not_argument,pro,model
ethics-of-circumcision,s0218,male,not_argument,none,model
ethics-of-circumcision,s0219,male,not_argument,mixed,model
ethics-of-circumcision,s0220,male,not_argument,none,model
ethics-of-circumcision,s0221,male,not_argument,mixed,model
ethics-of-circumcision,s0222,male,not_argument,none,model
ethics-of-circumcision,s0223,male,not_argument,none,model
ethics-of-circumcision,s0224,male,not_argument,mixed,model
ethics-of-circumcision,s0225,male,anti,mixed,model
ethics-of-circumcision,s0226,male,not_argument,none,model
ethics-of-circumcision,s0227,male,not_argument,pro,model
ethics-of-circumcision,s0228,male,not_argument,pro,model
ethics-of-circumcision,s0229,male,not_argument,none,model
ethics-of-circumcision,s0230,male,not_argument,pro,model
ethics-of-circumcision,s0231,male,anti,none,model
ethics-of-circumcision,s0232,male,not_argument,none,model
ethics-of-circumcision,s0233,male,pro,mixed,model
ethics-of-circumcision,s0234,male,not_argument,none,model
ethics-of-circumcision,s0235,male,not_argument,none,model
ethics-of-circumcision,s0236,male,not_argument,none,model
ethics-of-circumcision,s0237,male,pro,mixed,model
ethics-of-circumcision,s0238,male,pro,none,model
ethics-of-circumcision,s0239,male,pro,none,model
ethics-of-circumcision,s0240,male,not_argument,none,model
ethics-of-circumcision,s0241,male,pro,mixed,model
ethics-of-circumcision,s0242,male,pro,none,model
ethics-of-circumcision,s0243,male,pro,anti,model
ethics-of-circumcision,s0244,male,not_argument,none,model
ethics-of-circumcision,s0245,male,pro,mixed,model
ethics-of-circumcision,s0246,male,pro,mixed,model
ethics-of-circumcision,s0247,male,pro,none,model
ethics-of-circumcision,s0248,male,pro,pro,model
ethics-of-circumcision,s0249,male,pro,pro,model
ethics-of-circumcision,s0250,male,pro,none,model
ethics-of-circumcision,s0251,male,pro,none,model
ethics-of-circumcision,s0252,male,pro,none,model
ethics-of-circumcision,s0253,male,not_argument,none,model
ethics-of-circumcision,s0254,male,pro,pro,model
ethics-of-circumcision,s0255,male,pro,none,model
ethics-of-circumcision,s0256,male,anti,mixed,model
ethics-of-circumcision,s0257,male,anti,pro,model
ethics-of-circumcision,s0258,male,not_argument,none,model
ethics-of-circumcision,s0259,male,pro,none,model
ethics-of-circumcision,s0260,male,not_argument,none,model
ethics-of-circumcision,s0261,male,not_argument,none,model
ethics-of-circumcision,s0262,male,not_argument,none,model
ethics-of-circumcision,s0263,male,not_argument,none,model
ethics-of-circumcision,s0264,male,pro,none,model
ethics-of-circumcision,s0265,male,not_argument,none,model
ethics-of-circumcision,s0266,male,not_argument,none,model
ethics-of-circumcision,s0267,male,pro,pro,model
ethics-of-circumcision,s0268,male,pro,pro,model
ethics-of-circumcision,s0269,male,not_argument,none,model
ethics-of-circumcision,s0270,male,not_argument,none,model
ethics-of-circumcision,s0271,male,not_argument,none,model
ethics-of-circumcision,s0272,male,not_argument,none,model
ethics-of-circumcision,s0273,male,not_argument,none,model
ethics-of-circumcision,s0274,male,anti,mixed,model
ethics-of-circumcision,s0275,male,anti,pro,model
ethics-of-circumcision,s0276,male,not_argument,none,model
ethics-of-circumcision,s0277,male,anti,mixed,model
ethics-of-circumcision,s0278,male,anti,none,model
ethics-of-circumcision,s0279,male,not_argument,none,model
ethics-of-circumcision,s0280,male,not_argument,pro,model
ethics-of-circumcision,s0281,male,not_argument,none,model
ethics-of-circumcision,s0282,male,anti,none,model
ethics-of-circumcision,s0283,male,not_argument,none,model
ethics-of-circumcision,s0284,male,anti,pro,model
ethics-of-circumcision,s0285,male,anti,mixed,model
ethics-of-circumcision,s0286,male,anti,none,model
ethics-of-circumcision,s0287,male,not_argument,none,model
ethics-of-circumcision,s0288,male,not_argument,anti,model
ethics-of-circumcision,s0289,male,not_argument,none,model
ethics-of-circumcision,s0290,male,not_argument,none,model
ethics-of-circumcision,s0291,male,not_argument,anti,model
ethics-of-circumcision,s0292,male,not_argument,none,model
ethics-of-circumcision,s0293,male,not_argument,none,model
ethics-of-circumcision,s0294,male,not_argument,anti,model
ethics-of-circumcision,s0295,male,not_argument,pro,model
ethics-of-circumcision,s0296,male,not_argument,none,model
ethics-of-circumcision,s0297,male,not_argument,anti,model
ethics-of-circumcision,s0298,male,not_argument,none,model
ethics-of-circumcision,s0299,male,not_argument,none,model
ethics-of-circumcision,s0300,male,not_argument,none,model
ethics-of-circumcision,s0301,male,pro,mixed,model
ethics-of-circumcision,s0302,male,pro,anti,model
ethics-of-circumcision,s0303,male,not_argument,none,model
ethics-of-circumcision,s0304,male,pro,anti,model
ethics-of-circumcision,s0305,male,not_argument,mixed,model
ethics-of-circumcision,s0306,male,pro,pro,model
ethics-of-circumcision,s0307,male,pro,none,model
ethics-of-circumcision,s0308,male,not_argument,none,model
ethics-of-circumcision,s0309,male,pro,anti,model
ethics-of-circumcision,s0310,male,pro,anti,model
ethics-of-circumcision,s0311,male,pro,anti,model
ethics-of-circumcision,s0312,male,not_argument,none,model
ethics-of-circumcision,s0313,male,not_argument,none,model
ethics-of-circumcision,s0314,male,not_argument,none,model
ethics-of-circumcision,s0315,male,not_argument,none,model
ethics-of-circumcision,s0316,male,not_argument,none,model
ethics-of-circumcision,s0317,male,pro,pro,model
ethics-of-circumcision,s0318,male,pro,pro,model
ethics-of-circumcision,s0319,male,not_argument,none,model
ethics-of-circumcision,s0320,male,anti,anti,model
ethics-of-circumcision,s0321,male,not_argument,none,model
ethics-of-circumcision,s0322,male,not_argument,pro,model
ethics-of-circumcision,s0323,male,not_argument,none,model
ethics-of-circumcision,s0324,male,not_argument,pro,model
ethics-of-circumcision,s0325,male,not_argument,anti,model
ethics-of-circumcision,s0326,male,not_argument,anti,model
ethics-of-circumcision,s0327,male,anti,mixed,model
feast-of-the-circumcision-of-christ,s0001,male,not_argument,none,model
feast-of-the-circumcision-of-christ,s0002,male,not_argument,none,model
feast-of-the-circumcision-of-christ,s0003,male,not_argument,none,model
feast-of-the-circumcision-of-christ,s0004,male,not_argument,none,model
feast-of-the-circumcision-of-christ,s0005,male,not_argument,none,model
feast-of-the-circumcision-of-christ,s0006,male,not_argument,none,model
feast-of-the-circumcision-of-christ,s0007,male,not_argument,none,model
feast-of-the-circumcision-of-christ,s0008,male,not_argument,none,model
feast-of-the-circumcision-of-christ,s0009,male,not_argument,none,model
feast-of-the-circumcision-of-christ,s0010,male,not_argument,none,model
feast-of-the-circumcision-of-christ,s0011,male,not_argument,none,model
feast-of-the-circumcision-of-christ,s0012,male,not_argument,none,model
feast-of-the-circumcision-of-christ,s0013,male,not_argument,none,model
feast-of-the-circumcision-of-christ,s0014,male,not_argument,none,model
feast-of-the-circumcision-of-christ,s0015,male,not_argument,none,model
feast-of-the-circumcision-of-christ,s0016,male,not_argument,none,model
feast-of-the-circumcision-of-christ,s0017,male,not_argument,none,model
feast-of-the-circumcision-of-christ,s0018,male,not_argument,none,model
feast-of-the-circumcision-of-christ,s0019,male,not_argument,none,model
feast-of-the-circumcision-of-christ,s0020,male,not_argument,none,model
feast-of-the-circumcision-of-christ,s0021,male,not_argument,none,model
feast-of-the-circumcision-of-christ,s0022,male,not_argument,none,model
feast-of-the-circumcision-of-christ,s0023,male,not_argument,none,model
feast-of-the-circumcision-of-christ,s0024,male,not_argument,none,model
feast-of-the-circumcision-of-christ,s0025,male,not_argument,none,model
feast-of-the-circumcision-of-christ,s0026,male,not_argument,none,model
feast-of-the-circumcision-of-christ,s0027,male,not_argument,none,model
feast-of-the-circumcision-of-christ,s0028,male,not_argument,none,model
feast-of-the-circumcision-of-christ,s0029,male,not_argument,none,model
feast-of-the-circumcision-of-christ,s0030,male,not_argument,none,model
feast-of-the-circumcision-of-christ,s0031,male,not_argument,none,model
feast-of-the-circumcision-of-christ,s0032,male,not_argument,none,model
feast-of-the-circumcision-of-christ,s0033,male,not_argument,none,model
feast-of-the-circumcision-of-christ,s0034,male,not_argument,none,model
feast-of-the-circumcision-of-christ,s0035,male,not_argument,none,model
feast-of-the-circumcision-of-christ,s0036,male,not_argument,none,model
feast-of-the-circumcision-of-christ,s0037,male,not_argument,none,model
feast-of-the-circumcision-of-christ,s0038,male,not_argument,none,model
feast-of-the-circumcision-of-christ,s0039,male,not_argument,none,model
feast-of-the-circumcision-of-christ,s0040,male,not_argument,none,model
feast-of-the-circumcision-of-christ,s0041,male,not_argument,none,model
feast-of-the-circumcision-of-christ,s0042,male,not_argument,none,model
feast-of-the-circumcision-of-christ,s0043,male,not_argument,none,model
feast-of-the-circumcision-of-christ,s0044,male,not_argument,none,model
feast-of-the-circumcision-of-christ,s0045,male,not_argument,none,model
feast-of-the-circumcision-of-christ,s0046,male,not_argument,none,model
feast-of-the-circumcision-of-christ,s0047,male,not_argument,none,model
feast-of-the-circumcision-of-christ,s0048,male,not_argument,none,model
feast-of-the-circumcision-of-christ,s0049,male,not_argument,none,model
feast-of-the-circumcision-of-christ,s0050,male,not_argument,none,model
feast-of-the-circumcision-of-christ,s0051,male,not_argument,none,model
feast-of-the-circumcision-of-christ,s0052,male,not_argument,none,model
feast-of-the-circumcision-of-christ,s0053,male,not_argument,none,model
feast-of-the-circumcision-of-christ,s0054,male,not_argument,none,model
feast-of-the-circumcision-of-christ,s0055,male,not_argument,none,model
feast-of-the-circumcision-of-christ,s0056,male,not_argument,none,model
feast-of-the-circumcision-of-christ,s0057,male,not_argument,anti,model
feast-of-the-circumcision-of-christ,s0058,male,not_argument,none,model
feast-of-the-circumcision-of-christ,s0059,male,not_argument,none,model
feast-of-the-circumcision-of-christ,s0060,male,not_argument,none,model
feast-of-the-circumcision-of-christ,s0061,male,not_argument,none,model
feast-of-the-circumcision-of-christ,s0062,male,not_argument,none,model
feast-of-the-circumcision-of-christ,s0063,male,not_argument,none,model
feast-of-the-circumcision-of-christ,s0064,male,not_argument,anti,model
feast-of-the-circumcision-of-christ,s0065,male,not_argument,none,model
feast-of-the-circumcision-of-christ,s0066,male,not_argument,none,model
feast-of-the-circumcision-of-christ,s0067,male,not_argument,none,model
feast-of-the-circumcision-of-christ,s0068,male,not_argument,none,model
feast-of-the-circumcision-of-christ,s0069,male,not_argument,none,model
feast-of-the-circumcision-of-christ,s0070,male,not_argument,none,model
feast-of-the-circumcision-of-christ,s0071,male,not_argument,none,model
feast-of-the-circumcision-of-christ,s0072,male,not_argument,none,model
feast-of-the-circumcision-of-christ,s0073,male,not_argument,none,model
feast-of-the-circumcision-of-christ,s0074,male,not_argument,none,model
feast-of-the-circumcision-of-christ,s0075,male,not_argument,none,model
feast-of-the-circumcision-of-christ,s0076,male,not_argument,none,model
feast-of-the-circumcision-of-christ,s0077,male,not_argument,none,model
feast-of-the-circumcision-of-christ,s0078,male,not_argument,none,model
feast-of-the-circumcision-of-christ,s0079,male,not_argument,none,model
feast-of-the-circumcision-of-christ,s0080,male,not_argument,none,model
feast-of-the-circumcision-of-christ,s0081,male,not_argument,none,model
feast-of-the-circumcision-of-christ,s0082,male,not_argument,none,model
feast-of-the-circumcision-of-christ,s0083,male,not_argument,none,model
feast-of-the-circumcision-of-christ,s0084,male,not_argument,none,model
feast-of-the-circumcision-of-christ,s0085,male,not_argument,none,model
feast-of-the-circumcision-of-christ,s0086,male,not_argument,none,model
feast-of-the-circumcision-of-christ,s0087,male,not_argument,none,model
feast-of-the-circumcision-of-christ,s0088,male,not_argument,none,model
feast-of-the-circumcision-of-christ,s0089,male,not_argument,none,model
feast-of-the-circumcision-of-christ,s0090,male,not_argument,none,model
feast-of-the-circumcision-of-christ,s0091,male,not_argument,none,model
feast-of-the-circumcision-of-christ,s0092,male,not_argument,none,model
feast-of-the-circumcision-of-christ,s0093,male,not_argument,none,model
feast-of-the-circumcision-of-christ,s0094,male,not_argument,none,model
feast-of-the-circumcision-of-christ,s0095,male,not_argument,none,model
feast-of-the-circumcision-of-christ,s0096,male,not_argument,none,model
feast-of-the-circumcision-of-christ,s0097,male,not_argument,none,model
feast-of-the-circumcision-of-christ,s0098,male,not_argument,none,model
feast-of-the-circumcision-of-christ,s0099,male,not_argument,none,model
feast-of-the-circumcision-of-christ,s0100,male,not_argument,none,model
feast-of-the-circumcision-of-christ,s0101,male,not_argument,none,model
feast-of-the-circumcision-of-christ,s0102,male,not_argument,none,model
feast-of-the-circumcision-of-christ,s0103,male,not_argument,none,model
feast-of-the-circumcision-of-christ,s0104,male,not_argument,none,model
feast-of-the-circumcision-of-christ,s0105,male,not_argument,anti,model
feast-of-the-circumcision-of-christ,s0106,male,not_argument,none,model
feast-of-the-circumcision-of-christ,s0107,male,not_argument,none,model
feast-of-the-circumcision-of-christ,s0108,male,not_argument,none,model
feast-of-the-circumcision-of-christ,s0109,male,not_argument,none,model
feast-of-the-circumcision-of-christ,s0110,male,not_argument,none,model
feast-of-the-circumcision-of-christ,s0111,male,not_argument,none,model
feast-of-the-circumcision-of-christ,s0112,male,not_argument,none,model
feast-of-the-circumcision-of-christ,s0113,male,not_argument,none,model
feast-of-the-circumcision-of-christ,s0114,male,not_argument,none,model
feast-of-the-circumcision-of-christ,s0115,male,not_argument,none,model
feast-of-the-circumcision-of-christ,s0116,male,not_argument,none,model
feast-of-the-circumcision-of-christ,s0117,male,not_argument,none,model
feast-of-the-circumcision-of-christ,s0118,male,not_argument,none,model
feast-of-the-circumcision-of-christ,s0119,male,not_argument,none,model
feast-of-the-circumcision-of-christ,s0120,male,not_argument,none,model
feast-of-the-circumcision-of-christ,s0121,male,not_argument,none,model
feast-of-the-circumcision-of-christ,s0122,male,not_argument,none,model
feast-of-the-circumcision-of-christ,s0123,male,not_argument,none,model
feast-of-the-circumcision-of-christ,s0124,male,not_argument,none,model
feast-of-the-circumcision-of-christ,s0125,male,not_argument,none,model
feast-of-the-circumcision-of-christ,s0126,male,not_argument,none,model
feast-of-the-circumcision-of-christ,s0127,male,not_argument,none,model
feast-of-the-circumcision-of-christ,s0128,male,not_argument,none,model
feast-of-the-circumcision-of-christ,s0129,male,not_argument,none,model
feast-of-the-circumcision-of-christ,s0130,male,not_argument,none,model
feast-of-the-circumcision-of-christ,s0131,male,not_argument,none,model
feast-of-the-circumcision-of-christ,s0132,male,not_argument,none,model
feast-of-the-circumcision-of-christ,s0133,male,not_argument,none,model
feast-of-the-circumcision-of-christ,s0134,male,not_argument,none,model
feast-of-the-circumcision-of-christ,s0135,male,not_argument,none,model
feast-of-the-circumcision-of-christ,s0136,male,not_argument,none,model
feast-of-the-circumcision-of-christ,s0137,male,not_argument,none,model
feast-of-the-circumcision-of-christ,s0138,male,not_argument,none,model
feast-of-the-circumcision-of-christ,s0139,male,not_argument,none,model
feast-of-the-circumcision-of-christ,s0140,male,not_argument,none,model
feast-of-the-circumcision-of-christ,s0141,male,not_argument,none,model
feast-of-the-circumcision-of-christ,s0142,male,not_argument,none,model
feast-of-the-circumcision-of-christ,s0143,male,not_argument,none,model
feast-of-the-circumcision-of-christ,s0144,male,not_argument,none,model
feast-of-the-circumcision-of-christ,s0145,male,not_argument,none,model
feast-of-the-circumcision-of-christ,s0146,male,not_argument,none,model
feast-of-the-circumcision-of-christ,s0147,male,not_argument,none,model
feast-of-the-circumcision-of-christ,s0148,male,not_argument,none,model
feast-of-the-circumcision-of-christ,s0149,male,not_argument,none,model
feast-of-the-circumcision-of-christ,s0150,male,not_argument,none,model
feast-of-the-circumcision-of-christ,s0151,male,not_argument,none,model
feast-of-the-circumcision-of-christ,s0152,male,not_argument,none,model
feast-of-the-circumcision-of-christ,s0153,male,not_argument,none,model
feast-of-the-circumcision-of-christ,s0154,male,not_argument,none,model
feast-of-the-circumcision-of-christ,s0155,male,not_argument,none,model
feast-of-the-circumcision-of-christ,s0156,male,not_argument,none,model
feast-of-the-circumcision-of-christ,s0157,male,not_argument,none,model
feast-of-the-circumcision-of-christ,s0158,male,not_argument,none,model
feast-of-the-circumcision-of-christ,s0159,male,not_argument,none,model
feast-of-the-circumcision-of-christ,s0160,male,not_argument,none,model
feast-of-the-circumcision-of-christ,s0161,male,not_argument,none,model
feast-of-the-circumcision-of-christ,s0162,male,not_argument,none,model
feast-of-the-circumcision-of-christ,s0163,male,not_argument,none,model
feast-of-the-circumcision-of-christ,s0164,male,not_argument,none,model
feast-of-the-circumcision-of-christ,s0165,male,not_argument,none,model
feast-of-the-circumcision-of-christ,s0166,male,not_argument,none,model
feast-of-the-circumcision-of-christ,s0167,male,not_argument,none,model
feast-of-the-circumcision-of-christ,s0168,male,not_argument,none,model
feast-of-the-circumcision-of-christ,s0169,male,not_argument,none,model
feast-of-the-circumcision-of-christ,s0170,male,not_argument,none,model
feast-of-the-circumcision-of-christ,s0171,male,not_argument,none,model
feast-of-the-circumcision-of-christ,s0172,male,not_argument,none,model
feast-of-the-circumcision-of-christ,s0173,male,not_argument,none,model
feast-of-the-circumcision-of-christ,s0174,male,not_argument,none,model
feast-of-the-circumcision-of-christ,s0175,male,not_argument,none,model
feast-of-the-circumcision-of-christ,s0176,male,not_argument,none,model
feast-of-the-circumcision-of-christ,s0177,male,not_argument,none,model
feast-of-the-circumcision-of-christ,s0178,male,not_argument,none,model
feast-of-the-circumcision-of-christ,s0179,male,not_argument,none,model
feast-of-the-circumcision-of-christ,s0180,male,not_argument,none,model
feast-of-the-circumcision-of-christ,s0181,male,not_argument,none,model
feast-of-the-circumcision-of-christ,s0182,male,not_argument,none,model
female-genital-mutilation,s0001,FGM,not_argument,anti,model
female-genital-mutilation,s0002,FGM,not_argument,mixed,model
female-genital-mutilation,s0003,FGM,not_argument,none,model
female-genital-mutilation,s0004,FGM,not_argument,none,model
female-genital-mutilation,s0005,FGM,not_argument,none,model
female-genital-mutilation,s0006,FGM,not_argument,none,model
female-genital-mutilation,s0007,FGM,not_argument,none,model
female-genital-mutilation,s0008,FGM,anti,anti,model
female-genital-mutilation,s0009,FGM,anti,mixed,model
female-genital-mutilation,s0010,FGM,not_argument,none,model
female-genital-mutilation,s0011,FGM,not_argument,none,model
female-genital-mutilation,s0012,FGM,not_argument,anti,model
female-genital-mutilation,s0013,FGM,not_argument,anti,model
female-genital-mutilation,s0014,FGM,not_argument,mixed,model
female-genital-mutilation,s0015,FGM,not_argument,none,model
female-genital-mutilation,s0016,FGM,not_argument,none,model
female-genital-mutilation,s0017,FGM,anti,mixed,model
female-genital-mutilation,s0018,FGM,not_argument,anti,model
female-genital-mutilation,s0019,FGM,not_argument,none,model
female-genital-mutilation,s0020,FGM,anti,anti,model
female-genital-mutilation,s0021,FGM,not_argument,anti,model
female-genital-mutilation,s0022,FGM,not_argument,none,model
female-genital-mutilation,s0023,FGM,not_argument,anti,model
female-genital-mutilation,s0024,FGM,not_argument,none,model
female-genital-mutilation,s0025,FGM,not_argument,none,model
female-genital-mutilation,s0026,FGM,not_argument,none,model
female-genital-mutilation,s0027,FGM,not_argument,none,model
female-genital-mutilation,s0028,FGM,not_argument,none,model
female-genital-mutilation,s0029,FGM,not_argument,none,model
female-genital-mutilation,s0030,FGM,not_argument,none,model
female-genital-mutilation,s0031,FGM,not_argument,anti,model
female-genital-mutilation,s0032,FGM,not_argument,none,model
female-genital-mutilation,s0033,FGM,not_argument,none,model
female-genital-mutilation,s0034,FGM,not_argument,anti,model
female-genital-mutilation,s0035,FGM,not_argument,pro,model
female-genital-mutilation,s0036,FGM,not_argument,pro,model
female-genital-mutilation,s0037,FGM,not_argument,anti,model
female-genital-mutilation,s0038,FGM,not_argument,anti,model
female-genital-mutilation,s0039,FGM,not_argument,none,model
female-genital-mutilation,s0040,FGM,anti,none,model
female-genital-mutilation,s0041,FGM,anti,anti,model
female-genital-mutilation,s0042,FGM,not_argument,none,model
female-genital-mutilation,s0043,FGM,not_argument,none,model
female-genital-mutilation,s0044,FGM,anti,pro,model
female-genital-mutilation,s0045,FGM,anti,anti,model
female-genital-mutilation,s0046,FGM,anti,none,model
female-genital-mutilation,s0047,FGM,anti,anti,model
female-genital-mutilation,s0048,FGM,not_argument,none,model
female-genital-mutilation,s0049,FGM,not_argument,none,model
female-genital-mutilation,s0050,FGM,not_argument,none,model
female-genital-mutilation,s0051,FGM,not_argument,none,model
female-genital-mutilation,s0052,FGM,not_argument,none,model
female-genital-mutilation,s0053,FGM,not_argument,none,model
female-genital-mutilation,s0054,FGM,not_argument,none,model
female-genital-mutilation,s0055,FGM,not_argument,none,model
female-genital-mutilation,s0056,FGM,anti,anti,model
female-genital-mutilation,s0057,FGM,not_argument,none,model
female-genital-mutilation,s0058,FGM,anti,anti,model
female-genital-mutilation,s0059,FGM,anti,none,model
female-genital-mutilation,s0060,FGM,not_argument,none,model
female-genital-mutilation,s0061,FGM,not_argument,none,model
female-genital-mutilation,s0062,FGM,not_argument,none,model
female-genital-mutilation,s0063,FGM,not_argument,none,model
female-genital-mutilation,s0064,FGM,not_argument,anti,model
female-genital-mutilation,s0065,FGM,not_argument,none,model
female-genital-mutilation,s0066,FGM,not_argument,anti,model
female-genital-mutilation,s0067,FGM,not_argument,pro,model
female-genital-mutilation,s0068,FGM,not_argument,pro,model
female-genital-mutilation,s0069,FGM,not_argument,none,model
female-genital-mutilation,s0070,FGM,anti,anti,model
female-genital-mutilation,s0071,FGM,anti,anti,model
female-genital-mutilation,s0072,FGM,not_argument,anti,model
female-genital-mutilation,s0073,FGM,not_argument,mixed,model
female-genital-mutilation,s0074,FGM,not_argument,none,model
female-genital-mutilation,s0075,FGM,anti,anti,model
female-genital-mutilation,s0076,FGM,not_argument,none,model
female-genital-mutilation,s0077,FGM,not_argument,none,model
female-genital-mutilation,s0078,FGM,not_argument,none,model
female-genital-mutilation,s0079,FGM,anti,pro,model
female-genital-mutilation,s0080,FGM,not_argument,none,model
female-genital-mutilation,s0081,FGM,not_argument,none,model
female-genital-mutilation,s0082,FGM,not_argument,none,model
female-genital-mutilation,s0083,FGM,anti,none,model
female-genital-mutilation,s0084,FGM,not_argument,none,model
female-genital-mutilation,s0085,FGM,not_argument,none,model
female-genital-mutilation,s0086,FGM,not_argument,anti,model
female-genital-mutilation,s0087,FGM,not_argument,none,model
female-genital-mutilation,s0088,FGM,not_argument,none,model
female-genital-mutilation,s0089,FGM,not_argument,none,model
female-genital-mutilation,s0090,FGM,not_argument,none,model
female-genital-mutilation,s0091,FGM,not_argument,none,model
female-genital-mutilation,s0092,FGM,not_argument,none,model
female-genital-mutilation,s0093,FGM,not_argument,none,model
female-genital-mutilation,s0094,FGM,not_argument,none,model
female-genital-mutilation,s0095,FGM,not_argument,none,model
female-genital-mutilation,s0096,FGM,not_argument,none,model
female-genital-mutilation,s0097,FGM,not_argument,pro,model
female-genital-mutilation,s0098,FGM,not_argument,none,model
female-genital-mutilation,s0099,FGM,not_argument,pro,model
female-genital-mutilation,s0100,FGM,not_argument,none,model
female-genital-mutilation,s0101,FGM,not_argument,none,model
female-genital-mutilation,s0102,FGM,not_argument,none,model
female-genital-mutilation,s0103,FGM,not_argument,none,model
female-genital-mutilation,s0104,FGM,not_argument,none,model
female-genital-mutilation,s0105,FGM,not_argument,none,model
female-genital-mutilation,s0106,FGM,not_argument,none,model
female-genital-mutilation,s0107,FGM,not_argument,pro,model
female-genital-mutilation,s0108,FGM,not_argument,none,model
female-genital-mutilation,s0109,FGM,not_argument,none,model
female-genital-mutilation,s0110,FGM,not_argument,none,model
female-genital-mutilation,s0111,FGM,not_argument,mixed,model
female-genital-mutilation,s0112,FGM,not_argument,none,model
female-genital-mutilation,s0113,FGM,not_argument,none,model
female-genital-mutilation,s0114,FGM,not_argument,none,model
female-genital-mutilation,s0115,FGM,not_argument,none,model
female-genital-mutilation,s0116,FGM,not_argument,none,model
female-genital-mutilation,s0117,FGM,anti,mixed,model
female-genital-mutilation,s0118,FGM,not_argument,anti,model
female-genital-mutilation,s0119,FGM,not_argument,none,model
female-genital-mutilation,s0120,FGM,not_argument,none,model
female-genital-mutilation,s0121,FGM,not_argument,none,model
female-genital-mutilation,s0122,FGM,not_argument,none,model
female-genital-mutilation,s0123,FGM,not_argument,anti,model
female-genital-mutilation,s0124,FGM,not_argument,anti,model
female-genital-mutilation,s0125,FGM,anti,pro,model
female-genital-mutilation,s0126,FGM,not_argument,pro,model
female-genital-mutilation,s0127,FGM,anti,mixed,model
female-genital-mutilation,s0128,FGM,pro,none,model
female-genital-mutilation,s0129,FGM,anti,pro,model
female-genital-mutilation,s0130,FGM,not_argument,none,model
female-genital-mutilation,s0131,FGM,anti,none,model
female-genital-mutilation,s0132,FGM,not_argument,pro,model
female-genital-mutilation,s0133,FGM,not_argument,none,model
female-genital-mutilation,s0134,FGM,anti,anti,model
female-genital-mutilation,s0135,FGM,anti,none,model
female-genital-mutilation,s0136,FGM,anti,pro,model
female-genital-mutilation,s0137,FGM,anti,pro,model
female-genital-mutilation,s0138,FGM,anti,mixed,model
female-genital-mutilation,s0139,FGM,not_argument,none,model
female-genital-mutilation,s0140,FGM,anti,pro,model
female-genital-mutilation,s0141,FGM,anti,mixed,model
female-genital-mutilation,s0142,FGM,anti,none,model
female-genital-mutilation,s0143,FGM,not_argument,none,model
female-genital-mutilation,s0144,FGM,pro,pro,model
female-genital-mutilation,s0145,FGM,pro,pro,model
female-genital-mutilation,s0146,FGM,pro,pro,model
female-genital-mutilation,s0147,FGM,anti,mixed,model
female-genital-mutilation,s0148,FGM,anti,pro,model
female-genital-mutilation,s0149,FGM,not_argument,none,model
female-genital-mutilation,s0150,FGM,anti,mixed,model
female-genital-mutilation,s0151,FGM,anti,none,model
female-genital-mutilation,s0152,FGM,anti,none,model
female-genital-mutilation,s0153,FGM,not_argument,none,model
female-genital-mutilation,s0154,FGM,not_argument,none,model
female-genital-mutilation,s0155,FGM,anti,pro,model
female-genital-mutilation,s0156,FGM,pro,pro,model
female-genital-mutilation,s0157,FGM,not_argument,none,model
female-genital-mutilation,s0158,FGM,not_argument,none,model
female-genital-mutilation,s0159,FGM,not_argument,pro,model
female-genital-mutilation,s0160,FGM,not_argument,none,model
female-genital-mutilation,s0161,FGM,not_argument,none,model
female-genital-mutilation,s0162,FGM,pro,pro,model
female-genital-mutilation,s0163,FGM,not_argument,none,model
female-genital-mutilation,s0164,FGM,pro,pro,model
female-genital-mutilation,s0165,FGM,not_argument,none,model
female-genital-mutilation,s0166,FGM,pro,none,model
female-genital-mutilation,s0167,FGM,pro,none,model
female-genital-mutilation,s0168,FGM,not_argument,anti,model
female-genital-mutilation,s0169,FGM,not_argument,none,model
female-genital-mutilation,s0170,FGM,not_argument,none,model
female-genital-mutilation,s0171,FGM,not_argument,mixed,model
female-genital-mutilation,s0172,FGM,anti,none,model
female-genital-mutilation,s0173,FGM,anti,none,model
female-genital-mutilation,s0174,FGM,not_argument,none,model
female-genital-mutilation,s0175,FGM,anti,anti,model
female-genital-mutilation,s0176,FGM,anti,anti,model
female-genital-mutilation,s0177,FGM,anti,anti,model
female-genital-mutilation,s0178,FGM,not_argument,none,model
female-genital-mutilation,s0179,FGM,anti,anti,model
female-genital-mutilation,s0180,FGM,anti,anti,model
female-genital-mutilation,s0181,FGM,not_argument,none,model
female-genital-mutilation,s0182,FGM,not_argument,none,model
female-genital-mutilation,s0183,FGM,anti,anti,model
female-genital-mutilation,s0184,FGM,anti,none,model
female-genital-mutilation,s0185,FGM,anti,mixed,model
female-genital-mutilation,s0186,FGM,not_argument,none,model
female-genital-mutilation,s0187,FGM,anti,anti,model
female-genital-mutilation,s0188,FGM,anti,anti,model
female-genital-mutilation,s0189,FGM,anti,none,model
female-genital-mutilation,s0190,FGM,not_argument,none,model
female-genital-mutilation,s0191,FGM,anti,anti,model
female-genital-mutilation,s0192,FGM,not_argument,none,model
female-genital-mutilation,s0193,FGM,anti,anti,model
female-genital-mutilation,s0194,FGM,not_argument,none,model
female-genital-mutilation,s0195,FGM,anti,anti,model
female-genital-mutilation,s0196,FGM,anti,none,model
female-genital-mutilation,s0197,FGM,anti,none,model
female-genital-mutilation,s0198,FGM,not_argument,none,model
female-genital-mutilation,s0199,FGM,anti,anti,model
female-genital-mutilation,s0200,FGM,anti,anti,model
female-genital-mutilation,s0201,FGM,anti,anti,model
female-genital-mutilation,s0202,FGM,anti,anti,model
female-genital-mutilation,s0203,FGM,not_argument,none,model
female-genital-mutilation,s0204,FGM,anti,anti,model
female-genital-mutilation,s0205,FGM,anti,none,model
female-genital-mutilation,s0206,FGM,anti,none,model
female-genital-mutilation,s0207,FGM,anti,none,model
female-genital-mutilation,s0208,FGM,anti,none,model
female-genital-mutilation,s0209,FGM,anti,none,model
female-genital-mutilation,s0210,FGM,anti,none,model
female-genital-mutilation,s0211,FGM,anti,anti,model
female-genital-mutilation,s0212,FGM,not_argument,none,model
female-genital-mutilation,s0213,FGM,pro,pro,model
female-genital-mutilation,s0214,FGM,pro,none,model
female-genital-mutilation,s0215,FGM,pro,none,model
female-genital-mutilation,s0216,FGM,not_argument,none,model
female-genital-mutilation,s0217,FGM,anti,mixed,model
female-genital-mutilation,s0218,FGM,anti,mixed,model
female-genital-mutilation,s0219,FGM,not_argument,none,model
female-genital-mutilation,s0220,FGM,pro,none,model
female-genital-mutilation,s0221,FGM,anti,none,model
female-genital-mutilation,s0222,FGM,anti,mixed,model
female-genital-mutilation,s0223,FGM,not_argument,none,model
female-genital-mutilation,s0224,FGM,anti,mixed,model
female-genital-mutilation,s0225,FGM,not_argument,none,model
female-genital-mutilation,s0226,FGM,not_argument,none,model
female-genital-mutilation,s0227,FGM,not_argument,none,model
female-genital-mutilation,s0228,FGM,not_argument,mixed,model
female-genital-mutilation,s0229,FGM,not_argument,none,model
female-genital-mutilation,s0230,FGM,not_argument,none,model
female-genital-mutilation,s0231,FGM,not_argument,none,model
female-genital-mutilation,s0232,FGM,not_argument,none,model
female-genital-mutilation,s0233,FGM,not_argument,none,model
female-genital-mutilation,s0234,FGM,not_argument,none,model
female-genital-mutilation,s0235,FGM,not_argument,none,model
female-genital-mutilation,s0236,FGM,not_argument,mixed,model
female-genital-mutilation,s0237,FGM,not_argument,none,model
female-genital-mutilation,s0238,FGM,not_argument,none,model
female-genital-mutilation,s0239,FGM,not_argument,none,model
female-genital-mutilation,s0240,FGM,not_argument,mixed,model
female-genital-mutilation,s0241,FGM,not_argument,none,model
female-genital-mutilation,s0242,FGM,not_argument,none,model
female-genital-mutilation,s0243,FGM,not_argument,none,model
female-genital-mutilation,s0244,FGM,not_argument,none,model
female-genital-mutilation,s0245,FGM,not_argument,anti,model
female-genital-mutilation,s0246,FGM,not_argument,none,model
female-genital-mutilation,s0247,FGM,not_argument,none,model
female-genital-mutilation,s0248,FGM,not_argument,anti,model
female-genital-mutilation,s0249,FGM,anti,anti,model
female-genital-mutilation,s0250,FGM,not_argument,none,model
female-genital-mutilation,s0251,FGM,not_argument,mixed,model
female-genital-mutilation,s0252,FGM,not_argument,none,model
female-genital-mutilation,s0253,FGM,pro,none,model
female-genital-mutilation,s0254,FGM,not_argument,mixed,model
female-genital-mutilation,s0255,FGM,anti,anti,model
female-genital-mutilation,s0256,FGM,not_argument,none,model
female-genital-mutilation,s0257,FGM,not_argument,none,model
female-genital-mutilation,s0258,FGM,not_argument,none,model
female-genital-mutilation,s0259,FGM,not_argument,none,model
female-genital-mutilation,s0260,FGM,not_argument,mixed,model
female-genital-mutilation,s0261,FGM,not_argument,none,model
female-genital-mutilation,s0262,FGM,anti,anti,model
female-genital-mutilation,s0263,FGM,anti,anti,model
female-genital-mutilation,s0264,FGM,anti,anti,model
female-genital-mutilation,s0265,FGM,not_argument,none,model
female-genital-mutilation,s0266,FGM,not_argument,anti,model
female-genital-mutilation,s0267,FGM,not_argument,anti,model
female-genital-mutilation,s0268,FGM,not_argument,none,model
female-genital-mutilation,s0269,FGM,not_argument,none,model
female-genital-mutilation,s0270,FGM,not_argument,none,model
female-genital-mutilation,s0271,FGM,not_argument,none,model
female-genital-mutilation,s0272,FGM,not_argument,anti,model
female-genital-mutilation,s0273,FGM,not_argument,none,model
female-genital-mutilation,s0274,FGM,not_argument,mixed,model
female-genital-mutilation,s0275,FGM,not_argument,none,model
female-genital-mutilation,s0276,FGM,not_argument,none,model
female-genital-mutilation,s0277,FGM,not_argument,none,model
female-genital-mutilation,s0278,FGM,not_argument,none,model
female-genital-mutilation,s0279,FGM,not_argument,mixed,model
female-genital-mutilation,s0280,FGM,not_argument,none,model
female-genital-mutilation,s0281,FGM,not_argument,none,model
female-genital-mutilation,s0282,FGM,not_argument,none,model
female-genital-mutilation,s0283,FGM,not_argument,none,model
female-genital-mutilation,s0284,FGM,not_argument,none,model
female-genital-mutilation,s0285,FGM,not_argument,none,model
female-genital-mutilation,s0286,FGM,not_argument,none,model
female-genital-mutilation,s0287,FGM,not_argument,none,model
female-genital-mutilation,s0288,FGM,not_argument,none,model
female-genital-mutilation,s0289,FGM,not_argument,none,model
female-genital-mutilation,s0290,FGM,not_argument,none,model
female-genital-mutilation,s0291,FGM,not_argument,none,model
female-genital-mutilation,s0292,FGM,not_argument,none,model
female-genital-mutilation,s0293,FGM,not_argument,none,model
female-genital-mutilation,s0294,FGM,not_argument,none,model
female-genital-mutilation,s0295,FGM,not_argument,anti,model
female-genital-mutilation,s0296,FGM,not_argument,none,model
female-genital-mutilation,s0297,FGM,not_argument,none,model
female-genital-mutilation,s0298,FGM,not_argument,none,model
female-genital-mutilation,s0299,FGM,not_argument,none,model
female-genital-mutilation,s0300,FGM,not_argument,anti,model
female-genital-mutilation,s0301,FGM,not_argument,anti,model
female-genital-mutilation,s0302,FGM,not_argument,none,model
female-genital-mutilation,s0303,FGM,not_argument,none,model
female-genital-mutilation,s0304,FGM,not_argument,none,model
female-genital-mutilation,s0305,FGM,not_argument,pro,model
female-genital-mutilation,s0306,FGM,not_argument,anti,model
female-genital-mutilation,s0307,FGM,not_argument,anti,model
female-genital-mutilation,s0308,FGM,not_argument,none,model
female-genital-mutilation,s0309,FGM,pro,mixed,model
female-genital-mutilation,s0310,FGM,pro,pro,model
female-genital-mutilation,s0311,FGM,pro,pro,model
female-genital-mutilation,s0312,FGM,not_argument,none,model
female-genital-mutilation,s0313,FGM,anti,anti,model
female-genital-mutilation,s0314,FGM,anti,anti,model
female-genital-mutilation,s0315,FGM,anti,anti,model
female-genital-mutilation,s0316,FGM,not_argument,none,model
female-genital-mutilation,s0317,FGM,anti,mixed,model
female-genital-mutilation,s0318,FGM,anti,mixed,model
female-genital-mutilation,s0319,FGM,not_argument,mixed,model
female-genital-mutilation,s0320,FGM,not_argument,none,model
female-genital-mutilation,s0321,FGM,not_argument,mixed,model
female-genital-mutilation,s0322,FGM,anti,none,model
female-genital-mutilation,s0323,FGM,anti,none,model
female-genital-mutilation,s0324,FGM,anti,none,model
female-genital-mutilation,s0325,FGM,not_argument,none,model
female-genital-mutilation,s0326,FGM,anti,anti,model
female-genital-mutilation,s0327,FGM,anti,mixed,model
female-genital-mutilation,s0328,FGM,anti,pro,model
female-genital-mutilation,s0329,FGM,not_argument,none,model
female-genital-mutilation,s0330,FGM,not_argument,none,model
female-genital-mutilation,s0331,FGM,not_argument,mixed,model
female-genital-mutilation,s0332,FGM,not_argument,mixed,model
female-genital-mutilation,s0333,FGM,anti,mixed,model
female-genital-mutilation,s0334,FGM,not_argument,none,model
female-genital-mutilation,s0335,FGM,not_argument,anti,model
female-genital-mutilation,s0336,FGM,not_argument,mixed,model
female-genital-mutilation,s0337,FGM,not_argument,anti,model
female-genital-mutilation,s0338,FGM,not_argument,none,model
female-genital-mutilation,s0339,FGM,not_argument,none,model
female-genital-mutilation,s0340,FGM,not_argument,mixed,model
female-genital-mutilation,s0341,FGM,not_argument,anti,model
female-genital-mutilation,s0342,FGM,not_argument,pro,model
female-genital-mutilation,s0343,FGM,not_argument,none,model
female-genital-mutilation,s0344,FGM,not_argument,none,model
female-genital-mutilation,s0345,FGM,not_argument,mixed,model
female-genital-mutilation,s0346,FGM,not_argument,anti,model
female-genital-mutilation,s0347,FGM,not_argument,none,model
female-genital-mutilation-act-2003,s0001,FGM,not_argument,anti,model
female-genital-mutilation-act-2003,s0002,FGM,not_argument,none,model
female-genital-mutilation-act-2003,s0003,FGM,not_argument,none,model
female-genital-mutilation-act-2003,s0004,FGM,not_argument,pro,model
female-genital-mutilation-act-2003,s0005,FGM,not_argument,none,model
female-genital-mutilation-act-2003,s0006,FGM,not_argument,none,model
female-genital-mutilation-act-2003,s0007,FGM,anti,mixed,model
female-genital-mutilation-act-2003,s0008,FGM,not_argument,pro,model
female-genital-mutilation-act-2003,s0009,FGM,not_argument,none,model
female-genital-mutilation-act-2003,s0010,FGM,not_argument,none,model
female-genital-mutilation-act-2003,s0011,FGM,not_argument,none,model
female-genital-mutilation-act-2003,s0012,FGM,not_argument,none,model
female-genital-mutilation-act-2003,s0013,FGM,not_argument,none,model
female-genital-mutilation-act-2003,s0014,FGM,not_argument,none,model
female-genital-mutilation-act-2003,s0015,FGM,not_argument,none,model
female-genital-mutilation-act-2003,s0016,FGM,not_argument,none,model
female-genital-mutilation-act-2003,s0017,FGM,not_argument,none,model
female-genital-mutilation-act-2003,s0018,FGM,anti,anti,model
female-genital-mutilation-act-2003,s0019,FGM,not_argument,none,model
female-genital-mutilation-act-2003,s0020,FGM,not_argument,anti,model
female-genital-mutilation-act-2003,s0021,FGM,anti,anti,model
female-genital-mutilation-act-2003,s0022,FGM,not_argument,none,model
female-genital-mutilation-act-2003,s0023,FGM,anti,anti,model
female-genital-mutilation-act-2003,s0024,FGM,anti,anti,model
female-genital-mutilation-act-2003,s0025,FGM,anti,mixed,model
female-genital-mutilation-act-2003,s0026,FGM,not_argument,none,model
female-genital-mutilation-act-2003,s0027,FGM,not_argument,none,model
female-genital-mutilation-act-2003,s0028,FGM,not_argument,none,model
female-genital-mutilation-act-2003,s0029,FGM,not_argument,none,model
female-genital-mutilation-act-2003,s0030,FGM,pro,pro,model
female-genital-mutilation-act-2003,s0031,FGM,not_argument,pro,model
female-genital-mutilation-act-2003,s0032,FGM,anti,anti,model
female-genital-mutilation-act-2003,s0033,FGM,anti,mixed,model
female-genital-mutilation-act-2003,s0034,FGM,not_argument,none,model
female-genital-mutilation-act-2003,s0035,FGM,anti,anti,model
female-genital-mutilation-act-2003,s0036,FGM,not_argument,none,model
female-genital-mutilation-act-2003,s0037,FGM,anti,anti,model
female-genital-mutilation-act-2003,s0038,FGM,not_argument,none,model
female-genital-mutilation-act-2003,s0039,FGM,not_argument,anti,model
female-genital-mutilation-act-2003,s0040,FGM,not_argument,none,model
female-genital-mutilation-act-2003,s0041,FGM,not_argument,none,model
female-genital-mutilation-act-2003,s0042,FGM,not_argument,none,model
female-genital-mutilation-act-2003,s0043,FGM,not_argument,none,model
female-genital-mutilation-act-2003,s0044,FGM,anti,mixed,model
female-genital-mutilation-act-2003,s0045,FGM,not_argument,none,model
female-genital-mutilation-act-2003,s0046,FGM,not_argument,none,model
female-genital-mutilation-act-2003,s0047,FGM,not_argument,none,model
female-genital-mutilation-act-2003,s0048,FGM,not_argument,none,model
female-genital-mutilation-act-2003,s0049,FGM,not_argument,none,model
female-genital-mutilation-act-2003,s0050,FGM,not_argument,none,model
female-genital-mutilation-act-2003,s0051,FGM,not_argument,none,model
female-genital-mutilation-act-2003,s0052,FGM,not_argument,mixed,model
female-genital-mutilation-act-2003,s0053,FGM,not_argument,anti,model
female-genital-mutilation-act-2003,s0054,FGM,not_argument,none,model
female-genital-mutilation-act-2003,s0055,FGM,anti,anti,model
female-genital-mutilation-act-2003,s0056,FGM,anti,none,model
female-genital-mutilation-act-2003,s0057,FGM,anti,mixed,model
female-genital-mutilation-act-2003,s0058,FGM,anti,mixed,model
female-genital-mutilation-act-2003,s0059,FGM,not_argument,none,model
female-genital-mutilation-act-2003,s0060,FGM,not_argument,none,model
female-genital-mutilation-act-2003,s0061,FGM,not_argument,none,model
female-genital-mutilation-act-2003,s0062,FGM,not_argument,none,model
female-genital-mutilation-act-2003,s0063,FGM,not_argument,anti,model
female-genital-mutilation-act-2003,s0064,FGM,not_argument,none,model
female-genital-mutilation-act-2003,s0065,FGM,not_argument,none,model
female-genital-mutilation-act-2003,s0066,FGM,not_argument,anti,model
female-genital-mutilation-act-2003,s0067,FGM,not_argument,none,model
female-genital-mutilation-act-2003,s0068,FGM,not_argument,none,model
female-genital-mutilation-act-2003,s0069,FGM,not_argument,none,model
female-genital-mutilation-act-2003,s0070,FGM,not_argument,none,model
female-genital-mutilation-act-2003,s0071,FGM,not_argument,none,model
female-genital-mutilation-act-2003,s0072,FGM,not_argument,anti,model
female-genital-mutilation-act-2003,s0073,FGM,not_argument,none,model
female-genital-mutilation-act-2003,s0074,FGM,not_argument,none,model
female-genital-mutilation-act-2003,s0075,FGM,not_argument,none,model
female-genital-mutilation-act-2003,s0076,FGM,not_argument,none,model
female-genital-mutilation-act-2003,s0077,FGM,not_argument,none,model
female-genital-mutilation-act-2003,s0078,FGM,not_argument,none,model
female-genital-mutilation-act-2003,s0079,FGM,not_argument,pro,model
female-genital-mutilation-act-2003,s0080,FGM,not_argument,none,model
female-genital-mutilation-act-2003,s0081,FGM,not_argument,none,model
female-genital-mutilation-act-2003,s0082,FGM,not_argument,anti,model
female-genital-mutilation-act-2003,s0083,FGM,not_argument,none,model
female-genital-mutilation-act-2003,s0084,FGM,not_argument,none,model
female-genital-mutilation-act-2003,s0085,FGM,not_argument,none,model
female-genital-mutilation-act-2003,s0086,FGM,not_argument,none,model
female-genital-mutilation-act-2003,s0087,FGM,not_argument,pro,model
female-genital-mutilation-act-2003,s0088,FGM,not_argument,none,model
female-genital-mutilation-act-2003,s0089,FGM,not_argument,none,model
female-genital-mutilation-act-2003,s0090,FGM,not_argument,none,model
female-genital-mutilation-act-2003,s0091,FGM,not_argument,none,model
female-genital-mutilation-act-2003,s0092,FGM,not_argument,none,model
female-genital-mutilation-act-2003,s0093,FGM,not_argument,none,model
female-genital-mutilation-act-2003,s0094,FGM,not_argument,none,model
female-genital-mutilation-act-2003,s0095,FGM,not_argument,none,model
female-genital-mutilation-act-2003,s0096,FGM,not_argument,none,model
female-genital-mutilation-act-2003,s0097,FGM,not_argument,none,model
female-genital-mutilation-act-2003,s0098,FGM,not_argument,none,model
female-genital-mutilation-act-2003,s0099,FGM,not_argument,none,model
female-genital-mutilation-act-2003,s0100,FGM,not_argument,none,model
female-genital-mutilation-act-2003,s0101,FGM,not_argument,anti,model
female-genital-mutilation-act-2003,s0102,FGM,not_argument,none,model
female-genital-mutilation-act-2003,s0103,FGM,not_argument,none,model
female-genital-mutilation-act-2003,s0104,FGM,not_argument,none,model
female-genital-mutilation-act-2003,s0105,FGM,not_argument,none,model
female-genital-mutilation-act-2003,s0106,FGM,not_argument,none,model
female-genital-mutilation-act-2003,s0107,FGM,not_argument,none,model
female-genital-mutilation-act-2003,s0108,FGM,not_argument,none,model
female-genital-mutilation-act-2003,s0109,FGM,not_argument,none,model
female-genital-mutilation-act-2003,s0110,FGM,not_argument,none,model
female-genital-mutilation-act-2003,s0111,FGM,not_argument,none,model
female-genital-mutilation-act-2003,s0112,FGM,not_argument,mixed,model
female-genital-mutilation-act-2003,s0113,FGM,not_argument,none,model
female-genital-mutilation-act-2003,s0114,FGM,not_argument,none,model
female-genital-mutilation-act-2003,s0115,FGM,not_argument,none,model
female-genital-mutilation-act-2003,s0116,FGM,not_argument,none,model
female-genital-mutilation-act-2003,s0117,FGM,not_argument,none,model
female-genital-mutilation-act-2003,s0118,FGM,not_argument,none,model
female-genital-mutilation-act-2003,s0119,FGM,not_argument,none,model
female-genital-mutilation-act-2003,s0120,FGM,not_argument,none,model
female-genital-mutilation-act-2003,s0121,FGM,not_argument,none,model
female-genital-mutilation-act-2003,s0122,FGM,not_argument,none,model
female-genital-mutilation-act-2003,s0123,FGM,not_argument,none,model
female-genital-mutilation-act-2003,s0124,FGM,not_argument,none,model
female-genital-mutilation-act-2003,s0125,FGM,not_argument,none,model
female-genital-mutilation-act-2003,s0126,FGM,not_argument,none,model
female-genital-mutilation-act-2003,s0127,FGM,not_argument,none,model
female-genital-mutilation-act-2003,s0128,FGM,not_argument,none,model
female-genital-mutilation-act-2003,s0129,FGM,not_argument,none,model
female-genital-mutilation-act-2003,s0130,FGM,not_argument,none,model
female-genital-mutilation-act-2003,s0131,FGM,not_argument,none,model
female-genital-mutilation-act-2003,s0132,FGM,not_argument,anti,model
female-genital-mutilation-act-2003,s0133,FGM,not_argument,none,model
female-genital-mutilation-act-2003,s0134,FGM,not_argument,none,model
female-genital-mutilation-act-2003,s0135,FGM,not_argument,anti,model
female-genital-mutilation-act-2003,s0136,FGM,not_argument,anti,model
female-genital-mutilation-act-2003,s0137,FGM,not_argument,none,model
female-genital-mutilation-act-2003,s0138,FGM,not_argument,none,model
female-genital-mutilation-act-2003,s0139,FGM,not_argument,none,model
female-genital-mutilation-act-2003,s0140,FGM,not_argument,none,model
female-genital-mutilation-act-2003,s0141,FGM,not_argument,none,model
female-genital-mutilation-act-2003,s0142,FGM,not_argument,none,model
female-genital-mutilation-act-2003,s0143,FGM,not_argument,none,model
female-genital-mutilation-act-2003,s0144,FGM,not_argument,none,model
female-genital-mutilation-act-2003,s0145,FGM,not_argument,none,model
female-genital-mutilation-act-2003,s0146,FGM,not_argument,none,model
female-genital-mutilation-act-2003,s0147,FGM,not_argument,none,model
female-genital-mutilation-act-2003,s0148,FGM,not_argument,none,model
female-genital-mutilation-act-2003,s0149,FGM,not_argument,none,model
female-genital-mutilation-act-2003,s0150,FGM,not_argument,pro,model
female-genital-mutilation-act-2003,s0151,FGM,not_argument,none,model
female-genital-mutilation-act-2003,s0152,FGM,not_argument,none,model
female-genital-mutilation-act-2003,s0153,FGM,not_argument,none,model
female-genital-mutilation-act-2003,s0154,FGM,not_argument,none,model
female-genital-mutilation-act-2003,s0155,FGM,not_argument,mixed,model
female-genital-mutilation-act-2003,s0156,FGM,not_argument,none,model
female-genital-mutilation-act-2003,s0157,FGM,not_argument,none,model
female-genital-mutilation-act-2003,s0158,FGM,not_argument,none,model
female-genital-mutilation-act-2003,s0159,FGM,not_argument,none,model
female-genital-mutilation-act-2003,s0160,FGM,not_argument,none,model
female-genital-mutilation-act-2003,s0161,FGM,anti,anti,model
female-genital-mutilation-act-2003,s0162,FGM,anti,anti,model
female-genital-mutilation-act-2003,s0163,FGM,anti,anti,model
female-genital-mutilation-act-2003,s0164,FGM,not_argument,none,model
female-genital-mutilation-act-2003,s0165,FGM,anti,anti,model
female-genital-mutilation-act-2003,s0166,FGM,anti,none,model
female-genital-mutilation-act-2003,s0167,FGM,anti,mixed,model
female-genital-mutilation-act-2003,s0168,FGM,not_argument,none,model
female-genital-mutilation-act-2003,s0169,FGM,anti,anti,model
female-genital-mutilation-act-2003,s0170,FGM,anti,anti,model
female-genital-mutilation-act-2003,s0171,FGM,anti,pro,model
female-genital-mutilation-act-2003,s0172,FGM,not_argument,none,model
female-genital-mutilation-act-2003,s0173,FGM,not_argument,anti,model
female-genital-mutilation-act-2003,s0174,FGM,not_argument,none,model
female-genital-mutilation-act-2003,s0175,FGM,not_argument,none,model
female-genital-mutilation-act-2003,s0176,FGM,not_argument,none,model
female-genital-mutilation-act-2003,s0177,FGM,not_argument,none,model
female-genital-mutilation-act-2003,s0178,FGM,not_argument,none,model
female-genital-mutilation-act-2003,s0179,FGM,not_argument,none,model
female-genital-mutilation-act-2003,s0180,FGM,not_argument,none,model
female-genital-mutilation-act-2003,s0181,FGM,not_argument,none,model
female-genital-mutilation-act-2003,s0182,FGM,not_argument,none,model
female-genital-mutilation-act-2003,s0183,FGM,not_argument,none,model
female-genital-mutilation-act-2003,s0184,FGM,not_argument,none,model
female-genital-mutilation-act-2003,s0185,FGM,pro,mixed,model
female-genital-mutilation-act-2003,s0186,FGM,anti,mixed,model
female-genital-mutilation-act-2003,s0187,FGM,not_argument,none,model
female-genital-mutilation-act-2003,s0188,FGM,anti,anti,model
female-genital-mutilation-act-2003,s0189,FGM,anti,mixed,model
female-genital-mutilation-act-2003,s0190,FGM,not_argument,anti,model
female-genital-mutilation-act-2003,s0191,FGM,anti,mixed,model
female-genital-mutilation-act-2003,s0192,FGM,not_argument,none,model
female-genital-mutilation-act-2003,s0193,FGM,not_argument,none,model
female-genital-mutilation-act-2003,s0194,FGM,not_argument,none,model
female-genital-mutilation-act-2003,s0195,FGM,not_argument,none,model
female-genital-mutilation-act-2003,s0196,FGM,not_argument,none,model
female-genital-mutilation-act-2003,s0197,FGM,not_argument,none,model
female-genital-mutilation-act-2003,s0198,FGM,not_argument,none,model
female-genital-mutilation-act-2003,s0199,FGM,not_argument,none,model
female-genital-mutilation-act-2003,s0200,FGM,not_argument,none,model
female-genital-mutilation-act-2003,s0201,FGM,not_argument,mixed,model
female-genital-mutilation-act-2003,s0202,FGM,not_argument,none,model
female-genital-mutilation-act-2003,s0203,FGM,not_argument,anti,model
female-genital-mutilation-act-2003,s0204,FGM,not_argument,none,model
female-genital-mutilation-act-2003,s0205,FGM,not_argument,none,model
female-genital-mutilation-act-2003,s0206,FGM,not_argument,none,model
female-genital-mutilation-act-2003,s0207,FGM,not_argument,pro,model
female-genital-mutilation-act-2003,s0208,FGM,not_argument,mixed,model
female-genital-mutilation-act-2003,s0209,FGM,not_argument,none,model
female-genital-mutilation-act-2003,s0210,FGM,not_argument,none,model
female-genital-mutilation-act-2003,s0211,FGM,not_argument,none,model
female-genital-mutilation-act-2003,s0212,FGM,not_argument,none,model
female-genital-mutilation-act-2003,s0213,FGM,not_argument,none,model
female-genital-mutilation-act-2003,s0214,FGM,not_argument,none,model
female-genital-mutilation-act-2003,s0215,FGM,not_argument,none,model
female-genital-mutilation-act-2003,s0216,FGM,not_argument,none,model
female-genital-mutilation-act-2003,s0217,FGM,not_argument,anti,model
female-genital-mutilation-act-2003,s0218,FGM,not_argument,none,model
female-genital-mutilation-act-2003,s0219,FGM,not_argument,none,model
female-genital-mutilation-act-2003,s0220,FGM,not_argument,none,model
female-genital-mutilation-act-2003,s0221,FGM,not_argument,none,model
female-genital-mutilation-act-2003,s0222,FGM,not_argument,none,model
female-genital-mutilation-act-2003,s0223,FGM,not_argument,none,model
female-genital-mutilation-act-2003,s0224,FGM,not_argument,none,model
female-genital-mutilation-act-2003,s0225,FGM,not_argument,none,model
female-genital-mutilation-act-2003,s0226,FGM,not_argument,none,model
female-genital-mutilation-act-2003,s0227,FGM,not_argument,none,model
female-genital-mutilation-act-2003,s0228,FGM,not_argument,none,model
female-genital-mutilation-act-2003,s0229,FGM,not_argument,anti,model
female-genital-mutilation-act-2003,s0230,FGM,not_argument,anti,model
female-genital-mutilation-act-2003,s0231,FGM,not_argument,none,model
female-genital-mutilation-act-2003,s0232,FGM,not_argument,none,model
female-genital-mutilation-act-2003,s0233,FGM,not_argument,none,model
female-genital-mutilation-act-2003,s0234,FGM,not_argument,none,model
female-genital-mutilation-act-2003,s0235,FGM,not_argument,none,model
female-genital-mutilation-act-2003,s0236,FGM,not_argument,none,model
female-genital-mutilation-act-2003,s0237,FGM,not_argument,none,model
female-genital-mutilation-act-2003,s0238,FGM,not_argument,none,model
female-genital-mutilation-act-2003,s0239,FGM,not_argument,none,model
female-genital-mutilation-act-2003,s0240,FGM,not_argument,none,model
female-genital-mutilation-act-2003,s0241,FGM,not_argument,none,model
female-genital-mutilation-act-2003,s0242,FGM,not_argument,none,model
female-genital-mutilation-act-2003,s0243,FGM,not_argument,none,model
female-genital-mutilation-act-2003,s0244,FGM,not_argument,none,model
female-genital-mutilation-act-2003,s0245,FGM,not_argument,none,model
female-genital-mutilation-act-2003,s0246,FGM,not_argument,anti,model
female-genital-mutilation-act-2003,s0247,FGM,not_argument,none,model
female-genital-mutilation-act-2003,s0248,FGM,not_argument,none,model
female-genital-mutilation-act-2003,s0249,FGM,not_argument,none,model
female-genital-mutilation-act-2003,s0250,FGM,not_argument,none,model
female-genital-mutilation-act-2003,s0251,FGM,not_argument,none,model
female-genital-mutilation-act-2003,s0252,FGM,not_argument,none,model
female-genital-mutilation-act-2003,s0253,FGM,not_argument,none,model
female-genital-mutilation-act-2003,s0254,FGM,not_argument,none,model
female-genital-mutilation-act-2003,s0255,FGM,not_argument,none,model
female-genital-mutilation-act-2003,s0256,FGM,not_argument,none,model
female-genital-mutilation-act-2003,s0257,FGM,not_argument,none,model
female-genital-mutilation-act-2003,s0258,FGM,not_argument,none,model
female-genital-mutilation-act-2003,s0259,FGM,not_argument,none,model
female-genital-mutilation-act-2003,s0260,FGM,not_argument,anti,model
female-genital-mutilation-act-2003,s0261,FGM,not_argument,none,model
female-genital-mutilation-act-2003,s0262,FGM,not_argument,none,model
female-genital-mutilation-in-india,s0001,FGM,not_argument,none,model
female-genital-mutilation-in-india,s0002,FGM,not_argument,none,model
female-genital-mutilation-in-india,s0003,FGM,not_argument,none,model
female-genital-mutilation-in-india,s0004,FGM,anti,mixed,model
female-genital-mutilation-in-india,s0005,FGM,anti,anti,model
female-genital-mutilation-in-india,s0006,FGM,not_argument,pro,model
female-genital-mutilation-in-india,s0007,FGM,not_argument,none,model
female-genital-mutilation-in-india,s0008,FGM,not_argument,anti,model
female-genital-mutilation-in-india,s0009,FGM,not_argument,pro,model
female-genital-mutilation-in-india,s0010,FGM,not_argument,none,model
female-genital-mutilation-in-india,s0011,FGM,not_argument,anti,model
female-genital-mutilation-in-india,s0012,FGM,not_argument,pro,model
female-genital-mutilation-in-india,s0013,FGM,not_argument,anti,model
female-genital-mutilation-in-india,s0014,FGM,not_argument,none,model
female-genital-mutilation-in-india,s0015,FGM,anti,anti,model
female-genital-mutilation-in-india,s0016,FGM,anti,mixed,model
female-genital-mutilation-in-india,s0017,FGM,not_argument,none,model
female-genital-mutilation-in-india,s0018,FGM,not_argument,none,model
female-genital-mutilation-in-india,s0019,FGM,not_argument,none,model
female-genital-mutilation-in-india,s0020,FGM,not_argument,none,model
female-genital-mutilation-in-india,s0021,FGM,pro,mixed,model
female-genital-mutilation-in-india,s0022,FGM,pro,pro,model
female-genital-mutilation-in-india,s0023,FGM,pro,pro,model
female-genital-mutilation-in-india,s0024,FGM,not_argument,none,model
female-genital-mutilation-in-india,s0025,FGM,pro,anti,model
female-genital-mutilation-in-india,s0026,FGM,pro,pro,model
female-genital-mutilation-in-india,s0027,FGM,pro,none,model
female-genital-mutilation-in-india,s0028,FGM,not_argument,none,model
female-genital-mutilation-in-india,s0029,FGM,pro,anti,model
female-genital-mutilation-in-india,s0030,FGM,pro,none,model
female-genital-mutilation-in-india,s0031,FGM,not_argument,none,model
female-genital-mutilation-in-india,s0032,FGM,not_argument,none,model
female-genital-mutilation-in-india,s0033,FGM,not_argument,none,model
female-genital-mutilation-in-india,s0034,FGM,not_argument,none,model
female-genital-mutilation-in-india,s0035,FGM,not_argument,none,model
female-genital-mutilation-in-india,s0036,FGM,not_argument,none,model
female-genital-mutilation-in-india,s0037,FGM,not_argument,none,model
female-genital-mutilation-in-india,s0038,FGM,not_argument,pro,model
female-genital-mutilation-in-india,s0039,FGM,not_argument,none,model
female-genital-mutilation-in-india,s0040,FGM,not_argument,none,model
female-genital-mutilation-in-india,s0041,FGM,not_argument,none,model
female-genital-mutilation-in-india,s0042,FGM,not_argument,none,model
female-genital-mutilation-in-india,s0043,FGM,not_argument,none,model
female-genital-mutilation-in-india,s0044,FGM,not_argument,none,model
female-genital-mutilation-in-india,s0045,FGM,not_argument,none,model
female-genital-mutilation-in-india,s0046,FGM,not_argument,pro,model
female-genital-mutilation-in-india,s0047,FGM,not_argument,none,model
female-genital-mutilation-in-india,s0048,FGM,not_argument,anti,model
female-genital-mutilation-in-india,s0049,FGM,not_argument,anti,model
female-genital-mutilation-in-india,s0050,FGM,pro,pro,model
female-genital-mutilation-in-india,s0051,FGM,not_argument,none,model
female-genital-mutilation-in-india,s0052,FGM,not_argument,none,model
female-genital-mutilation-in-india,s0053,FGM,not_argument,none,model
female-genital-mutilation-in-india,s0054,FGM,not_argument,none,model
female-genital-mutilation-in-india,s0055,FGM,not_argument,none,model
female-genital-mutilation-in-india,s0056,FGM,not_argument,none,model
female-genital-mutilation-in-india,s0057,FGM,not_argument,none,model
female-genital-mutilation-in-india,s0058,FGM,not_argument,none,model
female-genital-mutilation-in-india,s0059,FGM,not_argument,none,model
female-genital-mutilation-in-india,s0060,FGM,not_argument,none,model
female-genital-mutilation-in-india,s0061,FGM,not_argument,none,model
female-genital-mutilation-in-india,s0062,FGM,not_argument,none,model
female-genital-mutilation-in-india,s0063,FGM,not_argument,none,model
female-genital-mutilation-in-india,s0064,FGM,not_argument,pro,model
female-genital-mutilation-in-india,s0065,FGM,not_argument,none,model
female-genital-mutilation-in-india,s0066,FGM,not_argument,none,model
female-genital-mutilation-in-india,s0067,FGM,not_argument,none,model
female-genital-mutilation-in-india,s0068,FGM,not_argument,none,model
female-genital-mutilation-in-india,s0069,FGM,not_argument,none,model
female-genital-mutilation-in-india,s0070,FGM,not_argument,none,model
female-genital-mutilation-in-india,s0071,FGM,not_argument,none,model
female-genital-mutilation-in-india,s0072,FGM,not_argument,none,model
female-genital-mutilation-in-india,s0073,FGM,not_argument,none,model
female-genital-mutilation-in-india,s0074,FGM,not_argument,none,model
female-genital-mutilation-in-india,s0075,FGM,not_argument,none,model
female-genital-mutilation-in-india,s0076,FGM,not_argument,none,model
female-genital-mutilation-in-india,s0077,FGM,not_argument,none,model
female-genital-mutilation-in-india,s0078,FGM,not_argument,none,model
female-genital-mutilation-in-india,s0079,FGM,anti,anti,model
female-genital-mutilation-in-india,s0080,FGM,anti,anti,model
female-genital-mutilation-in-india,s0081,FGM,not_argument,none,model
female-genital-mutilation-in-india,s0082,FGM,not_argument,mixed,model
female-genital-mutilation-in-india,s0083,FGM,pro,none,model
female-genital-mutilation-in-india,s0084,FGM,not_argument,none,model
female-genital-mutilation-in-india,s0085,FGM,not_argument,none,model
female-genital-mutilation-in-india,s0086,FGM,not_argument,none,model
female-genital-mutilation-in-india,s0087,FGM,not_argument,none,model
female-genital-mutilation-in-india,s0088,FGM,not_argument,none,model
female-genital-mutilation-in-india,s0089,FGM,not_argument,pro,model
female-genital-mutilation-in-india,s0090,FGM,not_argument,none,model
female-genital-mutilation-in-india,s0091,FGM,not_argument,none,model
female-genital-mutilation-in-india,s0092,FGM,not_argument,none,model
female-genital-mutilation-in-india,s0093,FGM,not_argument,none,model
female-genital-mutilation-in-india,s0094,FGM,not_argument,none,model
female-genital-mutilation-in-india,s0095,FGM,anti,anti,model
female-genital-mutilation-in-india,s0096,FGM,not_argument,none,model
female-genital-mutilation-in-india,s0097,FGM,anti,none,model
female-genital-mutilation-in-india,s0098,FGM,anti,none,model
female-genital-mutilation-in-india,s0099,FGM,not_argument,none,model
female-genital-mutilation-in-india,s0100,FGM,anti,anti,model
female-genital-mutilation-in-india,s0101,FGM,anti,mixed,model
female-genital-mutilation-in-india,s0102,FGM,not_argument,none,model
female-genital-mutilation-in-india,s0103,FGM,not_argument,none,model
female-genital-mutilation-in-india,s0104,FGM,anti,anti,model
female-genital-mutilation-in-india,s0105,FGM,anti,none,model
female-genital-mutilation-in-india,s0106,FGM,anti,anti,model
female-genital-mutilation-in-india,s0107,FGM,not_argument,none,model
female-genital-mutilation-in-india,s0108,FGM,anti,mixed,model
female-genital-mutilation-in-india,s0109,FGM,not_argument,mixed,model
female-genital-mutilation-in-india,s0110,FGM,not_argument,none,model
female-genital-mutilation-in-india,s0111,FGM,anti,anti,model
female-genital-mutilation-in-india,s0112,FGM,anti,anti,model
female-genital-mutilation-in-india,s0113,FGM,anti,mixed,model
female-genital-mutilation-in-india,s0114,FGM,anti,none,model
female-genital-mutilation-in-india,s0115,FGM,not_argument,none,model
female-genital-mutilation-in-india,s0116,FGM,pro,pro,model
female-genital-mutilation-in-india,s0117,FGM,not_argument,none,model
female-genital-mutilation-in-india,s0118,FGM,not_argument,none,model
female-genital-mutilation-in-india,s0119,FGM,pro,none,model
female-genital-mutilation-in-india,s0120,FGM,not_argument,none,model
female-genital-mutilation-in-india,s0121,FGM,pro,pro,model
female-genital-mutilation-in-india,s0122,FGM,not_argument,none,model
female-genital-mutilation-in-india,s0123,FGM,not_argument,none,model
female-genital-mutilation-in-india,s0124,FGM,pro,pro,model
female-genital-mutilation-in-india,s0125,FGM,pro,pro,model
female-genital-mutilation-in-india,s0126,FGM,pro,none,model
female-genital-mutilation-in-india,s0127,FGM,pro,pro,model
female-genital-mutilation-in-india,s0128,FGM,pro,pro,model
female-genital-mutilation-in-india,s0129,FGM,not_argument,pro,model
female-genital-mutilation-in-india,s0130,FGM,not_argument,none,model
female-genital-mutilation-in-india,s0131,FGM,pro,pro,model
female-genital-mutilation-in-india,s0132,FGM,pro,none,model
female-genital-mutilation-in-india,s0133,FGM,pro,anti,model
female-genital-mutilation-in-india,s0134,FGM,not_argument,none,model
female-genital-mutilation-in-india,s0135,FGM,not_argument,none,model
female-genital-mutilation-in-india,s0136,FGM,not_argument,none,model
female-genital-mutilation-in-india,s0137,FGM,not_argument,none,model
female-genital-mutilation-in-india,s0138,FGM,not_argument,pro,model
female-genital-mutilation-in-india,s0139,FGM,not_argument,none,model
female-genital-mutilation-in-india,s0140,FGM,not_argument,none,model
female-genital-mutilation-in-india,s0141,FGM,not_argument,anti,model
female-genital-mutilation-in-india,s0142,FGM,not_argument,none,model
female-genital-mutilation-in-india,s0143,FGM,not_argument,anti,model
female-genital-mutilation-in-india,s0144,FGM,not_argument,pro,model
female-genital-mutilation-in-india,s0145,FGM,not_argument,none,model
female-genital-mutilation-in-india,s0146,FGM,not_argument,anti,model
female-genital-mutilation-in-india,s0147,FGM,not_argument,none,model
female-genital-mutilation-in-india,s0148,FGM,not_argument,none,model
female-genital-mutilation-in-india,s0149,FGM,not_argument,none,model
female-genital-mutilation-in-india,s0150,FGM,not_argument,none,model
female-genital-mutilation-in-india,s0151,FGM,not_argument,anti,model
female-genital-mutilation-in-india,s0152,FGM,not_argument,none,model
female-genital-mutilation-in-india,s0153,FGM,not_argument,none,model
female-genital-mutilation-in-india,s0154,FGM,not_argument,none,model
female-genital-mutilation-in-india,s0155,FGM,not_argument,mixed,model
female-genital-mutilation-in-india,s0156,FGM,not_argument,none,model
female-genital-mutilation-in-india,s0157,FGM,not_argument,none,model
female-genital-mutilation-in-india,s0158,FGM,not_argument,none,model
female-genital-mutilation-in-india,s0159,FGM,not_argument,none,model
female-genital-mutilation-in-india,s0160,FGM,anti,anti,model
female-genital-mutilation-in-india,s0161,FGM,not_argument,none,model
female-genital-mutilation-in-india,s0162,FGM,not_argument,none,model
female-genital-mutilation-in-india,s0163,FGM,not_argument,none,model
female-genital-mutilation-in-india,s0164,FGM,anti,anti,model
female-genital-mutilation-in-india,s0165,FGM,pro,mixed,model
female-genital-mutilation-in-india,s0166,FGM,not_argument,none,model
female-genital-mutilation-in-india,s0167,FGM,not_argument,none,model
female-genital-mutilation-in-india,s0168,FGM,not_argument,none,model
female-genital-mutilation-in-india,s0169,FGM,anti,anti,model
female-genital-mutilation-in-india,s0170,FGM,not_argument,anti,model
female-genital-mutilation-in-india,s0171,FGM,not_argument,none,model
female-genital-mutilation-in-india,s0172,FGM,anti,anti,model
female-genital-mutilation-in-india,s0173,FGM,not_argument,anti,model
female-genital-mutilation-in-india,s0174,FGM,not_argument,none,model
female-genital-mutilation-in-india,s0175,FGM,not_argument,none,model
female-genital-mutilation-in-india,s0176,FGM,not_argument,none,model
female-genital-mutilation-in-india,s0177,FGM,not_argument,pro,model
female-genital-mutilation-in-india,s0178,FGM,not_argument,none,model
female-genital-mutilation-in-india,s0179,FGM,not_argument,none,model
female-genital-mutilation-in-india,s0180,FGM,not_argument,none,model
female-genital-mutilation-in-india,s0181,FGM,not_argument,anti,model
female-genital-mutilation-in-india,s0182,FGM,not_argument,none,model
female-genital-mutilation-in-india,s0183,FGM,anti,anti,model
female-genital-mutilation-in-india,s0184,FGM,not_argument,none,model
female-genital-mutilation-in-india,s0185,FGM,not_argument,anti,model
female-genital-mutilation-in-india,s0186,FGM,not_argument,none,model
female-genital-mutilation-in-india,s0187,FGM,anti,mixed,model
female-genital-mutilation-in-india,s0188,FGM,not_argument,none,model
female-genital-mutilation-in-india,s0189,FGM,not_argument,anti,model
female-genital-mutilation-in-india,s0190,FGM,not_argument,none,model
female-genital-mutilation-in-india,s0191,FGM,not_argument,none,model
female-genital-mutilation-in-india,s0192,FGM,not_argument,none,model
female-genital-mutilation-in-india,s0193,FGM,not_argument,none,model
female-genital-mutilation-in-india,s0194,FGM,not_argument,pro,model
female-genital-mutilation-in-india,s0195,FGM,not_argument,none,model
female-genital-mutilation-in-india,s0196,FGM,not_argument,none,model
female-genital-mutilation-in-india,s0197,FGM,not_argument,mixed,model
female-genital-mutilation-in-india,s0198,FGM,not_argument,none,model
female-genital-mutilation-in-india,s0199,FGM,pro,none,model
female-genital-mutilation-in-india,s0200,FGM,anti,mixed,model
female-genital-mutilation-in-india,s0201,FGM,not_argument,none,model
female-genital-mutilation-in-india,s0202,FGM,pro,none,model
female-genital-mutilation-in-india,s0203,FGM,pro,none,model
female-genital-mutilation-in-india,s0204,FGM,pro,anti,model
female-genital-mutilation-in-india,s0205,FGM,not_argument,none,model
female-genital-mutilation-in-india,s0206,FGM,pro,mixed,model
female-genital-mutilation-in-india,s0207,FGM,pro,none,model
female-genital-mutilation-in-india,s0208,FGM,pro,anti,model
female-genital-mutilation-in-india,s0209,FGM,not_argument,none,model
female-genital-mutilation-in-india,s0210,FGM,not_argument,none,model
female-genital-mutilation-in-india,s0211,FGM,not_argument,none,model
female-genital-mutilation-in-india,s0212,FGM,pro,anti,model
female-genital-mutilation-in-india,s0213,FGM,not_argument,none,model
female-genital-mutilation-in-india,s0214,FGM,pro,pro,model
female-genital-mutilation-in-india,s0215,FGM,pro,mixed,model
female-genital-mutilation-in-india,s0216,FGM,not_argument,none,model
female-genital-mutilation-in-india,s0217,FGM,pro,anti,model
female-genital-mutilation-in-india,s0218,FGM,pro,none,model
female-genital-mutilation-in-india,s0219,FGM,not_argument,none,model
female-genital-mutilation-in-india,s0220,FGM,pro,none,model
female-genital-mutilation-in-india,s0221,FGM,not_argument,none,model
female-genital-mutilation-in-india,s0222,FGM,anti,anti,model
female-genital-mutilation-in-india,s0223,FGM,anti,anti,model
female-genital-mutilation-in-india,s0224,FGM,not_argument,none,model
female-genital-mutilation-in-india,s0225,FGM,not_argument,none,model
female-genital-mutilation-in-india,s0226,FGM,not_argument,pro,model
female-genital-mutilation-in-india,s0227,FGM,not_argument,anti,model
female-genital-mutilation-in-india,s0228,FGM,pro,pro,model
female-genital-mutilation-in-india,s0229,FGM,not_argument,none,model
female-genital-mutilation-in-india,s0230,FGM,not_argument,anti,model
female-genital-mutilation-in-india,s0231,FGM,not_argument,anti,model
female-genital-mutilation-in-india,s0232,FGM,pro,mixed,model
female-genital-mutilation-in-india,s0233,FGM,not_argument,none,model
female-genital-mutilation-in-india,s0234,FGM,not_argument,none,model
female-genital-mutilation-in-india,s0235,FGM,not_argument,mixed,model
female-genital-mutilation-in-india,s0236,FGM,not_argument,none,model
female-genital-mutilation-in-india,s0237,FGM,not_argument,none,model
female-genital-mutilation-in-india,s0238,FGM,not_argument,pro,model
female-genital-mutilation-in-india,s0239,FGM,not_argument,mixed,model
female-genital-mutilation-in-india,s0240,FGM,anti,mixed,model
female-genital-mutilation-in-india,s0241,FGM,not_argument,none,model
female-genital-mutilation-in-india,s0242,FGM,anti,mixed,model
female-genital-mutilation-in-india,s0243,FGM,anti,mixed,model
female-genital-mutilation-in-india,s0244,FGM,anti,none,model
female-genital-mutilation-in-india,s0245,FGM,not_argument,none,model
female-genital-mutilation-in-india,s0246,FGM,not_argument,mixed,model
female-genital-mutilation-in-india,s0247,FGM,not_argument,pro,model
female-genital-mutilation-in-india,s0248,FGM,not_argument,none,model
female-genital-mutilation-in-india,s0249,FGM,not_argument,none,model
female-genital-mutilation-in-india,s0250,FGM,not_argument,anti,model
female-genital-mutilation-in-india,s0251,FGM,anti,mixed,model
female-genital-mutilation-in-india,s0252,FGM,not_argument,none,model
female-genital-mutilation-in-india,s0253,FGM,not_argument,none,model
female-genital-mutilation-in-india,s0254,FGM,anti,mixed,model
female-genital-mutilation-in-india,s0255,FGM,not_argument,none,model
female-genital-mutilation-in-india,s0256,FGM,not_argument,none,model
female-genital-mutilation-in-india,s0257,FGM,not_argument,anti,model
female-genital-mutilation-in-india,s0258,FGM,pro,anti,model
female-genital-mutilation-in-india,s0259,FGM,anti,mixed,model
female-genital-mutilation-in-india,s0260,FGM,not_argument,mixed,model
female-genital-mutilation-in-india,s0261,FGM,not_argument,none,model
female-genital-mutilation-in-india,s0262,FGM,not_argument,anti,model
female-genital-mutilation-in-india,s0263,FGM,not_argument,none,model
female-genital-mutilation-in-india,s0264,FGM,not_argument,mixed,model
female-genital-mutilation-in-india,s0265,FGM,not_argument,none,model
female-genital-mutilation-in-india,s0266,FGM,not_argument,none,model
female-genital-mutilation-in-india,s0267,FGM,not_argument,none,model
female-genital-mutilation-in-india,s0268,FGM,not_argument,mixed,model
female-genital-mutilation-in-india,s0269,FGM,not_argument,none,model
female-genital-mutilation-in-new-zealand,s0001,FGM,not_argument,anti,model
female-genital-mutilation-in-new-zealand,s0002,FGM,not_argument,none,model
female-genital-mutilation-in-new-zealand,s0003,FGM,not_argument,mixed,model
female-genital-mutilation-in-new-zealand,s0004,FGM,not_argument,none,model
female-genital-mutilation-in-new-zealand,s0005,FGM,not_argument,none,model
female-genital-mutilation-in-new-zealand,s0006,FGM,not_argument,none,model
female-genital-mutilation-in-new-zealand,s0007,FGM,not_argument,anti,model
female-genital-mutilation-in-new-zealand,s0008,FGM,not_argument,none,model
female-genital-mutilation-in-new-zealand,s0009,FGM,not_argument,none,model
female-genital-mutilation-in-new-zealand,s0010,FGM,not_argument,none,model
female-genital-mutilation-in-new-zealand,s0011,FGM,not_argument,anti,model
female-genital-mutilation-in-new-zealand,s0012,FGM,anti,anti,model
female-genital-mutilation-in-new-zealand,s0013,FGM,not_argument,none,model
female-genital-mutilation-in-new-zealand,s0014,FGM,not_argument,anti,model
female-genital-mutilation-in-new-zealand,s0015,FGM,not_argument,none,model
female-genital-mutilation-in-new-zealand,s0016,FGM,not_argument,none,model
female-genital-mutilation-in-new-zealand,s0017,FGM,not_argument,none,model
female-genital-mutilation-in-new-zealand,s0018,FGM,not_argument,none,model
female-genital-mutilation-in-new-zealand,s0019,FGM,not_argument,none,model
female-genital-mutilation-in-new-zealand,s0020,FGM,not_argument,none,model
female-genital-mutilation-in-new-zealand,s0021,FGM,not_argument,none,model
female-genital-mutilation-in-new-zealand,s0022,FGM,not_argument,anti,model
female-genital-mutilation-in-new-zealand,s0023,FGM,not_argument,none,model
female-genital-mutilation-in-new-zealand,s0024,FGM,anti,anti,model
female-genital-mutilation-in-new-zealand,s0025,FGM,anti,anti,model
female-genital-mutilation-in-new-zealand,s0026,FGM,anti,mixed,model
female-genital-mutilation-in-new-zealand,s0027,FGM,not_argument,none,model
female-genital-mutilation-in-new-zealand,s0028,FGM,anti,mixed,model
female-genital-mutilation-in-new-zealand,s0029,FGM,not_argument,none,model
female-genital-mutilation-in-new-zealand,s0030,FGM,anti,mixed,model
female-genital-mutilation-in-new-zealand,s0031,FGM,not_argument,none,model
female-genital-mutilation-in-new-zealand,s0032,FGM,not_argument,pro,model
female-genital-mutilation-in-new-zealand,s0033,FGM,not_argument,none,model
female-genital-mutilation-in-new-zealand,s0034,FGM,anti,none,model
female-genital-mutilation-in-new-zealand,s0035,FGM,anti,none,model
female-genital-mutilation-in-new-zealand,s0036,FGM,anti,mixed,model
female-genital-mutilation-in-new-zealand,s0037,FGM,anti,anti,model
female-genital-mutilation-in-new-zealand,s0038,FGM,anti,anti,model
female-genital-mutilation-in-new-zealand,s0039,FGM,not_argument,none,model
female-genital-mutilation-in-new-zealand,s0040,FGM,not_argument,none,model
female-genital-mutilation-in-new-zealand,s0041,FGM,not_argument,none,model
female-genital-mutilation-in-new-zealand,s0042,FGM,not_argument,none,model
female-genital-mutilation-in-new-zealand,s0043,FGM,not_argument,none,model
female-genital-mutilation-in-new-zealand,s0044,FGM,not_argument,none,model
female-genital-mutilation-in-new-zealand,s0045,FGM,not_argument,none,model
female-genital-mutilation-in-new-zealand,s0046,FGM,not_argument,none,model
female-genital-mutilation-in-new-zealand,s0047,FGM,not_argument,none,model
female-genital-mutilation-in-new-zealand,s0048,FGM,not_argument,anti,model
female-genital-mutilation-in-new-zealand,s0049,FGM,not_argument,none,model
female-genital-mutilation-in-new-zealand,s0050,FGM,not_argument,none,model
female-genital-mutilation-in-new-zealand,s0051,FGM,not_argument,none,model
female-genital-mutilation-in-new-zealand,s0052,FGM,not_argument,pro,model
female-genital-mutilation-in-new-zealand,s0053,FGM,not_argument,none,model
female-genital-mutilation-in-new-zealand,s0054,FGM,not_argument,none,model
female-genital-mutilation-in-new-zealand,s0055,FGM,not_argument,none,model
female-genital-mutilation-in-new-zealand,s0056,FGM,not_argument,none,model
female-genital-mutilation-in-new-zealand,s0057,FGM,not_argument,none,model
female-genital-mutilation-in-new-zealand,s0058,FGM,not_argument,none,model
female-genital-mutilation-in-new-zealand,s0059,FGM,not_argument,none,model
female-genital-mutilation-in-new-zealand,s0060,FGM,not_argument,none,model
female-genital-mutilation-in-new-zealand,s0061,FGM,not_argument,none,model
female-genital-mutilation-in-new-zealand,s0062,FGM,not_argument,none,model
female-genital-mutilation-in-new-zealand,s0063,FGM,not_argument,none,model
female-genital-mutilation-in-new-zealand,s0064,FGM,not_argument,none,model
female-genital-mutilation-in-new-zealand,s0065,FGM,not_argument,anti,model
female-genital-mutilation-in-new-zealand,s0066,FGM,not_argument,none,model
female-genital-mutilation-in-new-zealand,s0067,FGM,not_argument,none,model
female-genital-mutilation-in-new-zealand,s0068,FGM,not_argument,mixed,model
female-genital-mutilation-in-new-zealand,s0069,FGM,not_argument,none,model
female-genital-mutilation-in-new-zealand,s0070,FGM,not_argument,none,model
female-genital-mutilation-in-new-zealand,s0071,FGM,not_argument,none,model
female-genital-mutilation-in-new-zealand,s0072,FGM,not_argument,none,model
female-genital-mutilation-in-new-zealand,s0073,FGM,not_argument,none,model
female-genital-mutilation-in-new-zealand,s0074,FGM,not_argument,none,model
female-genital-mutilation-in-new-zealand,s0075,FGM,not_argument,none,model
female-genital-mutilation-in-new-zealand,s0076,FGM,not_argument,none,model
female-genital-mutilation-in-new-zealand,s0077,FGM,not_argument,none,model
female-genital-mutilation-in-new-zealand,s0078,FGM,not_argument,none,model
female-genital-mutilation-in-new-zealand,s0079,FGM,not_argument,none,model
female-genital-mutilation-in-new-zealand,s0080,FGM,not_argument,none,model
female-genital-mutilation-in-new-zealand,s0081,FGM,not_argument,none,model
female-genital-mutilation-in-new-zealand,s0082,FGM,not_argument,anti,model
female-genital-mutilation-in-new-zealand,s0083,FGM,not_argument,none,model
female-genital-mutilation-in-new-zealand,s0084,FGM,not_argument,none,model
female-genital-mutilation-in-new-zealand,s0085,FGM,not_argument,none,model
female-genital-mutilation-in-new-zealand,s0086,FGM,not_argument,pro,model
female-genital-mutilation-in-new-zealand,s0087,FGM,not_argument,mixed,model
female-genital-mutilation-in-new-zealand,s0088,FGM,not_argument,none,model
female-genital-mutilation-in-new-zealand,s0089,FGM,not_argument,pro,model
female-genital-mutilation-in-new-zealand,s0090,FGM,not_argument,anti,model
female-genital-mutilation-in-new-zealand,s0091,FGM,not_argument,none,model
female-genital-mutilation-in-new-zealand,s0092,FGM,not_argument,none,model
female-genital-mutilation-in-new-zealand,s0093,FGM,not_argument,none,model
female-genital-mutilation-in-new-zealand,s0094,FGM,not_argument,none,model
female-genital-mutilation-in-new-zealand,s0095,FGM,not_argument,none,model
female-genital-mutilation-in-new-zealand,s0096,FGM,not_argument,none,model
female-genital-mutilation-in-new-zealand,s0097,FGM,not_argument,none,model
female-genital-mutilation-in-new-zealand,s0098,FGM,not_argument,none,model
female-genital-mutilation-in-new-zealand,s0099,FGM,not_argument,anti,model
female-genital-mutilation-in-new-zealand,s0100,FGM,not_argument,none,model
female-genital-mutilation-in-new-zealand,s0101,FGM,not_argument,anti,model
female-genital-mutilation-in-new-zealand,s0102,FGM,not_argument,anti,model
female-genital-mutilation-in-new-zealand,s0103,FGM,not_argument,anti,model
female-genital-mutilation-in-new-zealand,s0104,FGM,not_argument,none,model
female-genital-mutilation-in-new-zealand,s0105,FGM,not_argument,anti,model
female-genital-mutilation-in-new-zealand,s0106,FGM,not_argument,pro,model
female-genital-mutilation-in-new-zealand,s0107,FGM,anti,anti,model
female-genital-mutilation-in-new-zealand,s0108,FGM,not_argument,pro,model
female-genital-mutilation-in-new-zealand,s0109,FGM,not_argument,none,model
female-genital-mutilation-in-new-zealand,s0110,FGM,not_argument,none,model
female-genital-mutilation-in-new-zealand,s0111,FGM,not_argument,none,model
female-genital-mutilation-in-new-zealand,s0112,FGM,not_argument,anti,model
female-genital-mutilation-in-new-zealand,s0113,FGM,not_argument,none,model
female-genital-mutilation-in-new-zealand,s0114,FGM,not_argument,none,model
female-genital-mutilation-in-new-zealand,s0115,FGM,not_argument,none,model
female-genital-mutilation-in-new-zealand,s0116,FGM,not_argument,none,model
female-genital-mutilation-in-new-zealand,s0117,FGM,not_argument,none,model
female-genital-mutilation-in-new-zealand,s0118,FGM,pro,pro,model
female-genital-mutilation-in-new-zealand,s0119,FGM,pro,anti,model
female-genital-mutilation-in-new-zealand,s0120,FGM,anti,anti,model
female-genital-mutilation-in-new-zealand,s0121,FGM,not_argument,none,model
female-genital-mutilation-in-new-zealand,s0122,FGM,anti,mixed,model
female-genital-mutilation-in-new-zealand,s0123,FGM,not_argument,anti,model
female-genital-mutilation-in-new-zealand,s0124,FGM,not_argument,anti,model
female-genital-mutilation-in-new-zealand,s0125,FGM,anti,anti,model
female-genital-mutilation-in-new-zealand,s0126,FGM,anti,mixed,model
female-genital-mutilation-in-new-zealand,s0127,FGM,not_argument,none,model
female-genital-mutilation-in-new-zealand,s0128,FGM,not_argument,none,model
female-genital-mutilation-in-new-zealand,s0129,FGM,not_argument,none,model
female-genital-mutilation-in-new-zealand,s0130,FGM,not_argument,none,model
female-genital-mutilation-in-new-zealand,s0131,FGM,not_argument,none,model
female-genital-mutilation-in-new-zealand,s0132,FGM,not_argument,none,model
female-genital-mutilation-in-new-zealand,s0133,FGM,not_argument,none,model
female-genital-mutilation-in-new-zealand,s0134,FGM,not_argument,anti,model
female-genital-mutilation-in-new-zealand,s0135,FGM,not_argument,none,model
female-genital-mutilation-in-new-zealand,s0136,FGM,not_argument,none,model
female-genital-mutilation-in-new-zealand,s0137,FGM,not_argument,none,model
female-genital-mutilation-in-new-zealand,s0138,FGM,not_argument,none,model
female-genital-mutilation-in-new-zealand,s0139,FGM,not_argument,none,model
female-genital-mutilation-in-new-zealand,s0140,FGM,not_argument,none,model
female-genital-mutilation-in-new-zealand,s0141,FGM,not_argument,none,model
female-genital-mutilation-in-new-zealand,s0142,FGM,not_argument,none,model
female-genital-mutilation-in-new-zealand,s0143,FGM,not_argument,none,model
female-genital-mutilation-in-new-zealand,s0144,FGM,not_argument,none,model
female-genital-mutilation-in-new-zealand,s0145,FGM,not_argument,anti,model
female-genital-mutilation-in-new-zealand,s0146,FGM,not_argument,none,model
female-genital-mutilation-in-new-zealand,s0147,FGM,not_argument,none,model
female-genital-mutilation-in-new-zealand,s0148,FGM,not_argument,none,model
female-genital-mutilation-in-new-zealand,s0149,FGM,not_argument,none,model
female-genital-mutilation-in-new-zealand,s0150,FGM,not_argument,none,model
female-genital-mutilation-in-new-zealand,s0151,FGM,not_argument,none,model
female-genital-mutilation-in-new-zealand,s0152,FGM,not_argument,none,model
female-genital-mutilation-in-new-zealand,s0153,FGM,not_argument,mixed,model
female-genital-mutilation-in-new-zealand,s0154,FGM,not_argument,anti,model
female-genital-mutilation-in-new-zealand,s0155,FGM,not_argument,none,model
female-genital-mutilation-in-new-zealand,s0156,FGM,not_argument,anti,model
female-genital-mutilation-in-new-zealand,s0157,FGM,not_argument,mixed,model
female-genital-mutilation-in-new-zealand,s0158,FGM,not_argument,none,model
female-genital-mutilation-in-new-zealand,s0159,FGM,not_argument,none,model
female-genital-mutilation-in-new-zealand,s0160,FGM,not_argument,anti,model
female-genital-mutilation-in-new-zealand,s0161,FGM,not_argument,none,model
female-genital-mutilation-in-nigeria,s0001,FGM,not_argument,anti,model
female-genital-mutilation-in-nigeria,s0002,FGM,not_argument,none,model
female-genital-mutilation-in-nigeria,s0003,FGM,not_argument,none,model
female-genital-mutilation-in-nigeria,s0004,FGM,anti,mixed,model
female-genital-mutilation-in-nigeria,s0005,FGM,anti,mixed,model
female-genital-mutilation-in-nigeria,s0006,FGM,not_argument,none,model
female-genital-mutilation-in-nigeria,s0007,FGM,not_argument,none,model
female-genital-mutilation-in-nigeria,s0008,FGM,not_argument,none,model
female-genital-mutilation-in-nigeria,s0009,FGM,not_argument,none,model
female-genital-mutilation-in-nigeria,s0010,FGM,not_argument,pro,model
female-genital-mutilation-in-nigeria,s0011,FGM,not_argument,none,model
female-genital-mutilation-in-nigeria,s0012,FGM,not_argument,none,model
female-genital-mutilation-in-nigeria,s0013,FGM,pro,pro,model
female-genital-mutilation-in-nigeria,s0014,FGM,not_argument,none,model
female-genital-mutilation-in-nigeria,s0015,FGM,anti,pro,model
female-genital-mutilation-in-nigeria,s0016,FGM,not_argument,none,model
female-genital-mutilation-in-nigeria,s0017,FGM,anti,none,model
female-genital-mutilation-in-nigeria,s0018,FGM,not_argument,none,model
female-genital-mutilation-in-nigeria,s0019,FGM,not_argument,none,model
female-genital-mutilation-in-nigeria,s0020,FGM,not_argument,none,model
female-genital-mutilation-in-nigeria,s0021,FGM,pro,pro,model
female-genital-mutilation-in-nigeria,s0022,FGM,not_argument,mixed,model
female-genital-mutilation-in-nigeria,s0023,FGM,not_argument,none,model
female-genital-mutilation-in-nigeria,s0024,FGM,not_argument,none,model
female-genital-mutilation-in-nigeria,s0025,FGM,not_argument,mixed,model
female-genital-mutilation-in-nigeria,s0026,FGM,not_argument,none,model
female-genital-mutilation-in-nigeria,s0027,FGM,not_argument,none,model
female-genital-mutilation-in-nigeria,s0028,FGM,not_argument,none,model
female-genital-mutilation-in-nigeria,s0029,FGM,not_argument,none,model
female-genital-mutilation-in-nigeria,s0030,FGM,not_argument,none,model
female-genital-mutilation-in-nigeria,s0031,FGM,not_argument,none,model
female-genital-mutilation-in-nigeria,s0032,FGM,not_argument,none,model
female-genital-mutilation-in-nigeria,s0033,FGM,not_argument,none,model
female-genital-mutilation-in-nigeria,s0034,FGM,not_argument,none,model
female-genital-mutilation-in-nigeria,s0035,FGM,not_argument,none,model
female-genital-mutilation-in-nigeria,s0036,FGM,not_argument,none,model
female-genital-mutilation-in-nigeria,s0037,FGM,not_argument,pro,model
female-genital-mutilation-in-nigeria,s0038,FGM,not_argument,none,model
female-genital-mutilation-in-nigeria,s0039,FGM,not_argument,none,model
female-genital-mutilation-in-nigeria,s0040,FGM,not_argument,none,model
female-genital-mutilation-in-nigeria,s0041,FGM,not_argument,pro,model
female-genital-mutilation-in-nigeria,s0042,FGM,not_argument,none,model
female-genital-mutilation-in-nigeria,s0043,FGM,not_argument,none,model
female-genital-mutilation-in-nigeria,s0044,FGM,not_argument,none,model
female-genital-mutilation-in-nigeria,s0045,FGM,not_argument,pro,model
female-genital-mutilation-in-nigeria,s0046,FGM,not_argument,none,model
female-genital-mutilation-in-nigeria,s0047,FGM,not_argument,none,model
female-genital-mutilation-in-nigeria,s0048,FGM,not_argument,none,model
female-genital-mutilation-in-nigeria,s0049,FGM,not_argument,none,model
female-genital-mutilation-in-nigeria,s0050,FGM,not_argument,none,model
female-genital-mutilation-in-nigeria,s0051,FGM,not_argument,none,model
female-genital-mutilation-in-nigeria,s0052,FGM,pro,none,model
female-genital-mutilation-in-nigeria,s0053,FGM,not_argument,none,model
female-genital-mutilation-in-nigeria,s0054,FGM,pro,pro,model
female-genital-mutilation-in-nigeria,s0055,FGM,not_argument,none,model
female-genital-mutilation-in-nigeria,s0056,FGM,anti,none,model
female-genital-mutilation-in-nigeria,s0057,FGM,not_argument,pro,model
female-genital-mutilation-in-nigeria,s0058,FGM,not_argument,none,model
female-genital-mutilation-in-nigeria,s0059,FGM,anti,none,model
female-genital-mutilation-in-nigeria,s0060,FGM,anti,mixed,model
female-genital-mutilation-in-nigeria,s0061,FGM,not_argument,none,model
female-genital-mutilation-in-nigeria,s0062,FGM,not_argument,none,model
female-genital-mutilation-in-nigeria,s0063,FGM,not_argument,none,model
female-genital-mutilation-in-nigeria,s0064,FGM,not_argument,pro,model
female-genital-mutilation-in-nigeria,s0065,FGM,not_argument,anti,model
female-genital-mutilation-in-nigeria,s0066,FGM,not_argument,none,model
female-genital-mutilation-in-nigeria,s0067,FGM,not_argument,none,model
female-genital-mutilation-in-nigeria,s0068,FGM,not_argument,none,model
female-genital-mutilation-in-nigeria,s0069,FGM,not_argument,none,model
female-genital-mutilation-in-nigeria,s0070,FGM,not_argument,none,model
female-genital-mutilation-in-nigeria,s0071,FGM,not_argument,pro,model
female-genital-mutilation-in-nigeria,s0072,FGM,not_argument,none,model
female-genital-mutilation-in-nigeria,s0073,FGM,not_argument,none,model
female-genital-mutilation-in-nigeria,s0074,FGM,not_argument,none,model
female-genital-mutilation-in-nigeria,s0075,FGM,not_argument,none,model
female-genital-mutilation-in-nigeria,s0076,FGM,not_argument,none,model
female-genital-mutilation-in-nigeria,s0077,FGM,not_argument,none,model
female-genital-mutilation-in-nigeria,s0078,FGM,not_argument,none,model
female-genital-mutilation-in-nigeria,s0079,FGM,not_argument,none,model
female-genital-mutilation-in-nigeria,s0080,FGM,not_argument,pro,model
female-genital-mutilation-in-nigeria,s0081,FGM,not_argument,none,model
female-genital-mutilation-in-nigeria,s0082,FGM,not_argument,anti,model
female-genital-mutilation-in-nigeria,s0083,FGM,not_argument,pro,model
female-genital-mutilation-in-nigeria,s0084,FGM,not_argument,none,model
female-genital-mutilation-in-nigeria,s0085,FGM,not_argument,none,model
female-genital-mutilation-in-nigeria,s0086,FGM,not_argument,none,model
female-genital-mutilation-in-nigeria,s0087,FGM,not_argument,none,model
female-genital-mutilation-in-nigeria,s0088,FGM,not_argument,none,model
female-genital-mutilation-in-nigeria,s0089,FGM,not_argument,none,model
female-genital-mutilation-in-nigeria,s0090,FGM,not_argument,none,model
female-genital-mutilation-in-nigeria,s0091,FGM,not_argument,pro,model
female-genital-mutilation-in-nigeria,s0092,FGM,not_argument,pro,model
female-genital-mutilation-in-nigeria,s0093,FGM,not_argument,none,model
female-genital-mutilation-in-nigeria,s0094,FGM,not_argument,none,model
female-genital-mutilation-in-nigeria,s0095,FGM,anti,anti,model
female-genital-mutilation-in-nigeria,s0096,FGM,anti,none,model
female-genital-mutilation-in-nigeria,s0097,FGM,anti,none,model
female-genital-mutilation-in-nigeria,s0098,FGM,anti,none,model
female-genital-mutilation-in-nigeria,s0099,FGM,not_argument,none,model
female-genital-mutilation-in-nigeria,s0100,FGM,anti,anti,model
female-genital-mutilation-in-nigeria,s0101,FGM,anti,anti,model
female-genital-mutilation-in-nigeria,s0102,FGM,anti,anti,model
female-genital-mutilation-in-nigeria,s0103,FGM,anti,anti,model
female-genital-mutilation-in-nigeria,s0104,FGM,not_argument,none,model
female-genital-mutilation-in-nigeria,s0105,FGM,anti,anti,model
female-genital-mutilation-in-nigeria,s0106,FGM,anti,none,model
female-genital-mutilation-in-nigeria,s0107,FGM,anti,none,model
female-genital-mutilation-in-nigeria,s0108,FGM,anti,none,model
female-genital-mutilation-in-nigeria,s0109,FGM,not_argument,none,model
female-genital-mutilation-in-nigeria,s0110,FGM,anti,mixed,model
female-genital-mutilation-in-nigeria,s0111,FGM,anti,anti,model
female-genital-mutilation-in-nigeria,s0112,FGM,anti,none,model
female-genital-mutilation-in-nigeria,s0113,FGM,anti,anti,model
female-genital-mutilation-in-nigeria,s0114,FGM,not_argument,none,model
female-genital-mutilation-in-nigeria,s0115,FGM,anti,none,model
female-genital-mutilation-in-nigeria,s0116,FGM,anti,none,model
female-genital-mutilation-in-nigeria,s0117,FGM,anti,none,model
female-genital-mutilation-in-nigeria,s0118,FGM,anti,anti,model
female-genital-mutilation-in-nigeria,s0119,FGM,anti,anti,model
female-genital-mutilation-in-nigeria,s0120,FGM,anti,anti,model
female-genital-mutilation-in-nigeria,s0121,FGM,not_argument,none,model
female-genital-mutilation-in-nigeria,s0122,FGM,anti,none,model
female-genital-mutilation-in-nigeria,s0123,FGM,anti,none,model
female-genital-mutilation-in-nigeria,s0124,FGM,anti,none,model
female-genital-mutilation-in-nigeria,s0125,FGM,not_argument,none,model
female-genital-mutilation-in-nigeria,s0126,FGM,anti,anti,model
female-genital-mutilation-in-nigeria,s0127,FGM,not_argument,anti,model
female-genital-mutilation-in-nigeria,s0128,FGM,anti,anti,model
female-genital-mutilation-in-nigeria,s0129,FGM,anti,pro,model
female-genital-mutilation-in-nigeria,s0130,FGM,not_argument,none,model
female-genital-mutilation-in-nigeria,s0131,FGM,not_argument,none,model
female-genital-mutilation-in-nigeria,s0132,FGM,not_argument,none,model
female-genital-mutilation-in-nigeria,s0133,FGM,not_argument,anti,model
female-genital-mutilation-in-nigeria,s0134,FGM,not_argument,none,model
female-genital-mutilation-in-nigeria,s0135,FGM,not_argument,none,model
female-genital-mutilation-in-nigeria,s0136,FGM,not_argument,pro,model
female-genital-mutilation-in-nigeria,s0137,FGM,not_argument,none,model
female-genital-mutilation-in-nigeria,s0138,FGM,not_argument,anti,model
female-genital-mutilation-in-nigeria,s0139,FGM,not_argument,none,model
female-genital-mutilation-in-nigeria,s0140,FGM,not_argument,none,model
female-genital-mutilation-in-nigeria,s0141,FGM,not_argument,none,model
female-genital-mutilation-in-nigeria,s0142,FGM,not_argument,none,model
female-genital-mutilation-in-nigeria,s0143,FGM,not_argument,none,model
female-genital-mutilation-in-nigeria,s0144,FGM,not_argument,none,model
female-genital-mutilation-in-nigeria,s0145,FGM,not_argument,none,model
female-genital-mutilation-in-nigeria,s0146,FGM,not_argument,none,model
female-genital-mutilation-in-nigeria,s0147,FGM,not_argument,none,model
female-genital-mutilation-in-nigeria,s0148,FGM,not_argument,none,model
female-genital-mutilation-in-nigeria,s0149,FGM,not_argument,none,model
female-genital-mutilation-in-nigeria,s0150,FGM,not_argument,none,model
female-genital-mutilation-in-nigeria,s0151,FGM,not_argument,none,model
female-genital-mutilation-in-nigeria,s0152,FGM,not_argument,none,model
female-genital-mutilation-in-nigeria,s0153,FGM,not_argument,none,model
female-genital-mutilation-in-nigeria,s0154,FGM,not_argument,none,model
female-genital-mutilation-in-nigeria,s0155,FGM,not_argument,none,model
female-genital-mutilation-in-nigeria,s0156,FGM,not_argument,none,model
female-genital-mutilation-in-nigeria,s0157,FGM,not_argument,none,model
female-genital-mutilation-in-nigeria,s0158,FGM,not_argument,none,model
female-genital-mutilation-in-nigeria,s0159,FGM,not_argument,none,model
female-genital-mutilation-in-nigeria,s0160,FGM,not_argument,none,model
female-genital-mutilation-in-nigeria,s0161,FGM,not_argument,none,model
female-genital-mutilation-in-nigeria,s0162,FGM,not_argument,none,model
female-genital-mutilation-in-nigeria,s0163,FGM,not_argument,anti,model
female-genital-mutilation-in-nigeria,s0164,FGM,not_argument,anti,model
female-genital-mutilation-in-nigeria,s0165,FGM,not_argument,none,model
female-genital-mutilation-in-nigeria,s0166,FGM,not_argument,none,model
female-genital-mutilation-in-nigeria,s0167,FGM,not_argument,none,model
female-genital-mutilation-in-nigeria,s0168,FGM,not_argument,pro,model
female-genital-mutilation-in-nigeria,s0169,FGM,not_argument,none,model
female-genital-mutilation-in-nigeria,s0170,FGM,not_argument,none,model
female-genital-mutilation-in-nigeria,s0171,FGM,not_argument,anti,model
female-genital-mutilation-in-nigeria,s0172,FGM,not_argument,none,model
female-genital-mutilation-in-nigeria,s0173,FGM,not_argument,none,model
female-genital-mutilation-in-nigeria,s0174,FGM,not_argument,none,model
female-genital-mutilation-in-nigeria,s0175,FGM,not_argument,none,model
female-genital-mutilation-in-nigeria,s0176,FGM,not_argument,none,model
female-genital-mutilation-in-nigeria,s0177,FGM,not_argument,none,model
female-genital-mutilation-in-nigeria,s0178,FGM,not_argument,none,model
female-genital-mutilation-in-nigeria,s0179,FGM,not_argument,pro,model
female-genital-mutilation-in-nigeria,s0180,FGM,not_argument,none,model
female-genital-mutilation-in-nigeria,s0181,FGM,not_argument,none,model
female-genital-mutilation-in-nigeria,s0182,FGM,not_argument,none,model
female-genital-mutilation-in-nigeria,s0183,FGM,not_argument,none,model
female-genital-mutilation-in-nigeria,s0184,FGM,not_argument,anti,model
female-genital-mutilation-in-nigeria,s0185,FGM,not_argument,none,model
female-genital-mutilation-in-nigeria,s0186,FGM,not_argument,mixed,model
female-genital-mutilation-in-nigeria,s0187,FGM,not_argument,none,model
female-genital-mutilation-in-nigeria,s0188,FGM,pro,pro,model
female-genital-mutilation-in-nigeria,s0189,FGM,pro,none,model
female-genital-mutilation-in-nigeria,s0190,FGM,anti,pro,model
female-genital-mutilation-in-nigeria,s0191,FGM,not_argument,none,model
female-genital-mutilation-in-nigeria,s0192,FGM,anti,mixed,model
female-genital-mutilation-in-nigeria,s0193,FGM,anti,mixed,model
female-genital-mutilation-in-nigeria,s0194,FGM,anti,anti,model
female-genital-mutilation-in-nigeria,s0195,FGM,not_argument,none,model
female-genital-mutilation-in-nigeria,s0196,FGM,anti,anti,model
female-genital-mutilation-in-nigeria,s0197,FGM,anti,anti,model
female-genital-mutilation-in-nigeria,s0198,FGM,not_argument,none,model
female-genital-mutilation-in-nigeria,s0199,FGM,not_argument,pro,model
female-genital-mutilation-in-nigeria,s0200,FGM,anti,anti,model
female-genital-mutilation-in-nigeria,s0201,FGM,anti,mixed,model
female-genital-mutilation-in-nigeria,s0202,FGM,not_argument,none,model
female-genital-mutilation-in-nigeria,s0203,FGM,not_argument,none,model
female-genital-mutilation-in-nigeria,s0204,FGM,not_argument,none,model
female-genital-mutilation-in-nigeria,s0205,FGM,not_argument,none,model
female-genital-mutilation-in-nigeria,s0206,FGM,not_argument,none,model
female-genital-mutilation-in-nigeria,s0207,FGM,not_argument,mixed,model
female-genital-mutilation-in-nigeria,s0208,FGM,anti,mixed,model
female-genital-mutilation-in-nigeria,s0209,FGM,not_argument,none,model
female-genital-mutilation-in-sudan,s0001,FGM,not_argument,anti,model
female-genital-mutilation-in-sudan,s0002,FGM,not_argument,pro,model
female-genital-mutilation-in-sudan,s0003,FGM,not_argument,none,model
female-genital-mutilation-in-sudan,s0004,FGM,not_argument,none,model
female-genital-mutilation-in-sudan,s0005,FGM,anti,pro,model
female-genital-mutilation-in-sudan,s0006,FGM,anti,anti,model
female-genital-mutilation-in-sudan,s0007,FGM,not_argument,none,model
female-genital-mutilation-in-sudan,s0008,FGM,not_argument,none,model
female-genital-mutilation-in-sudan,s0009,FGM,not_argument,anti,model
female-genital-mutilation-in-sudan,s0010,FGM,not_argument,none,model
female-genital-mutilation-in-sudan,s0011,FGM,not_argument,none,model
female-genital-mutilation-in-sudan,s0012,FGM,not_argument,none,model
female-genital-mutilation-in-sudan,s0013,FGM,not_argument,pro,model
female-genital-mutilation-in-sudan,s0014,FGM,not_argument,pro,model
female-genital-mutilation-in-sudan,s0015,FGM,not_argument,none,model
female-genital-mutilation-in-sudan,s0016,FGM,not_argument,none,model
female-genital-mutilation-in-sudan,s0017,FGM,not_argument,none,model
female-genital-mutilation-in-sudan,s0018,FGM,not_argument,pro,model
female-genital-mutilation-in-sudan,s0019,FGM,not_argument,none,model
female-genital-mutilation-in-sudan,s0020,FGM,not_argument,pro,model
female-genital-mutilation-in-sudan,s0021,FGM,not_argument,none,model
female-genital-mutilation-in-sudan,s0022,FGM,not_argument,none,model
female-genital-mutilation-in-sudan,s0023,FGM,not_argument,none,model
female-genital-mutilation-in-sudan,s0024,FGM,not_argument,none,model
female-genital-mutilation-in-sudan,s0025,FGM,not_argument,pro,model
female-genital-mutilation-in-sudan,s0026,FGM,not_argument,none,model
female-genital-mutilation-in-sudan,s0027,FGM,not_argument,none,model
female-genital-mutilation-in-sudan,s0028,FGM,not_argument,none,model
female-genital-mutilation-in-sudan,s0029,FGM,not_argument,mixed,model
female-genital-mutilation-in-sudan,s0030,FGM,anti,none,model
female-genital-mutilation-in-sudan,s0031,FGM,not_argument,mixed,model
female-genital-mutilation-in-sudan,s0032,FGM,not_argument,none,model
female-genital-mutilation-in-sudan,s0033,FGM,not_argument,none,model
female-genital-mutilation-in-sudan,s0034,FGM,not_argument,none,model
female-genital-mutilation-in-sudan,s0035,FGM,not_argument,none,model
female-genital-mutilation-in-sudan,s0036,FGM,not_argument,anti,model
female-genital-mutilation-in-sudan,s0037,FGM,not_argument,none,model
female-genital-mutilation-in-sudan,s0038,FGM,not_argument,none,model
female-genital-mutilation-in-sudan,s0039,FGM,not_argument,none,model
female-genital-mutilation-in-sudan,s0040,FGM,not_argument,none,model
female-genital-mutilation-in-sudan,s0041,FGM,not_argument,none,model
female-genital-mutilation-in-sudan,s0042,FGM,not_argument,none,model
female-genital-mutilation-in-sudan,s0043,FGM,not_argument,none,model
female-genital-mutilation-in-sudan,s0044,FGM,not_argument,pro,model
female-genital-mutilation-in-sudan,s0045,FGM,not_argument,none,model
female-genital-mutilation-in-sudan,s0046,FGM,not_argument,none,model
female-genital-mutilation-in-sudan,s0047,FGM,not_argument,mixed,model
female-genital-mutilation-in-sudan,s0048,FGM,anti,anti,model
female-genital-mutilation-in-sudan,s0049,FGM,not_argument,none,model
female-genital-mutilation-in-sudan,s0050,FGM,not_argument,mixed,model
female-genital-mutilation-in-sudan,s0051,FGM,not_argument,none,model
female-genital-mutilation-in-sudan,s0052,FGM,pro,mixed,model
female-genital-mutilation-in-sudan,s0053,FGM,pro,none,model
female-genital-mutilation-in-sudan,s0054,FGM,not_argument,none,model
female-genital-mutilation-in-sudan,s0055,FGM,pro,pro,model
female-genital-mutilation-in-sudan,s0056,FGM,pro,none,model
female-genital-mutilation-in-sudan,s0057,FGM,not_argument,none,model
female-genital-mutilation-in-sudan,s0058,FGM,pro,pro,model
female-genital-mutilation-in-sudan,s0059,FGM,not_argument,none,model
female-genital-mutilation-in-sudan,s0060,FGM,not_argument,none,model
female-genital-mutilation-in-sudan,s0061,FGM,not_argument,pro,model
female-genital-mutilation-in-sudan,s0062,FGM,not_argument,none,model
female-genital-mutilation-in-sudan,s0063,FGM,not_argument,none,model
female-genital-mutilation-in-sudan,s0064,FGM,not_argument,none,model
female-genital-mutilation-in-sudan,s0065,FGM,not_argument,none,model
female-genital-mutilation-in-sudan,s0066,FGM,not_argument,pro,model
female-genital-mutilation-in-sudan,s0067,FGM,not_argument,none,model
female-genital-mutilation-in-sudan,s0068,FGM,not_argument,none,model
female-genital-mutilation-in-sudan,s0069,FGM,not_argument,anti,model
female-genital-mutilation-in-sudan,s0070,FGM,not_argument,pro,model
female-genital-mutilation-in-sudan,s0071,FGM,not_argument,none,model
female-genital-mutilation-in-sudan,s0072,FGM,not_argument,mixed,model
female-genital-mutilation-in-sudan,s0073,FGM,not_argument,pro,model
female-genital-mutilation-in-sudan,s0074,FGM,not_argument,none,model
female-genital-mutilation-in-sudan,s0075,FGM,anti,pro,model
female-genital-mutilation-in-sudan,s0076,FGM,anti,pro,model
female-genital-mutilation-in-sudan,s0077,FGM,anti,mixed,model
female-genital-mutilation-in-sudan,s0078,FGM,not_argument,none,model
female-genital-mutilation-in-sudan,s0079,FGM,pro,pro,model
female-genital-mutilation-in-sudan,s0080,FGM,anti,pro,model
female-genital-mutilation-in-sudan,s0081,FGM,pro,none,model
female-genital-mutilation-in-sudan,s0082,FGM,not_argument,none,model
female-genital-mutilation-in-sudan,s0083,FGM,anti,none,model
female-genital-mutilation-in-sudan,s0084,FGM,anti,anti,model
female-genital-mutilation-in-sudan,s0085,FGM,not_argument,none,model
female-genital-mutilation-in-sudan,s0086,FGM,not_argument,none,model
female-genital-mutilation-in-sudan,s0087,FGM,not_argument,none,model
female-genital-mutilation-in-sudan,s0088,FGM,not_argument,none,model
female-genital-mutilation-in-sudan,s0089,FGM,not_argument,none,model
female-genital-mutilation-in-sudan,s0090,FGM,not_argument,pro,model
female-genital-mutilation-in-sudan,s0091,FGM,not_argument,none,model
female-genital-mutilation-in-sudan,s0092,FGM,not_argument,pro,model
female-genital-mutilation-in-sudan,s0093,FGM,not_argument,none,model
female-genital-mutilation-in-sudan,s0094,FGM,not_argument,pro,model
female-genital-mutilation-in-sudan,s0095,FGM,not_argument,pro,model
female-genital-mutilation-in-sudan,s0096,FGM,pro,mixed,model
female-genital-mutilation-in-sudan,s0097,FGM,not_argument,none,model
female-genital-mutilation-in-sudan,s0098,FGM,not_argument,pro,model
female-genital-mutilation-in-sudan,s0099,FGM,not_argument,none,model
female-genital-mutilation-in-sudan,s0100,FGM,not_argument,none,model
female-genital-mutilation-in-sudan,s0101,FGM,not_argument,none,model
female-genital-mutilation-in-sudan,s0102,FGM,not_argument,none,model
female-genital-mutilation-in-sudan,s0103,FGM,anti,anti,model
female-genital-mutilation-in-sudan,s0104,FGM,not_argument,pro,model
female-genital-mutilation-in-sudan,s0105,FGM,not_argument,none,model
female-genital-mutilation-in-sudan,s0106,FGM,not_argument,none,model
female-genital-mutilation-in-sudan,s0107,FGM,not_argument,pro,model
female-genital-mutilation-in-sudan,s0108,FGM,not_argument,pro,model
female-genital-mutilation-in-sudan,s0109,FGM,not_argument,none,model
female-genital-mutilation-in-sudan,s0110,FGM,not_argument,none,model
female-genital-mutilation-in-sudan,s0111,FGM,not_argument,pro,model
female-genital-mutilation-in-sudan,s0112,FGM,not_argument,none,model
female-genital-mutilation-in-sudan,s0113,FGM,not_argument,none,model
female-genital-mutilation-in-sudan,s0114,FGM,not_argument,none,model
female-genital-mutilation-in-sudan,s0115,FGM,not_argument,none,model
female-genital-mutilation-in-sudan,s0116,FGM,not_argument,none,model
female-genital-mutilation-in-sudan,s0117,FGM,not_argument,none,model
female-genital-mutilation-in-sudan,s0118,FGM,not_argument,none,model
female-genital-mutilation-in-sudan,s0119,FGM,not_argument,none,model
female-genital-mutilation-in-sudan,s0120,FGM,not_argument,none,model
female-genital-mutilation-in-sudan,s0121,FGM,not_argument,none,model
female-genital-mutilation-in-sudan,s0122,FGM,not_argument,none,model
female-genital-mutilation-in-sudan,s0123,FGM,not_argument,none,model
female-genital-mutilation-in-sudan,s0124,FGM,not_argument,none,model
female-genital-mutilation-in-sudan,s0125,FGM,not_argument,none,model
female-genital-mutilation-in-sudan,s0126,FGM,not_argument,none,model
female-genital-mutilation-in-sudan,s0127,FGM,not_argument,none,model
female-genital-mutilation-in-sudan,s0128,FGM,not_argument,none,model
female-genital-mutilation-in-sudan,s0129,FGM,not_argument,none,model
female-genital-mutilation-in-sudan,s0130,FGM,not_argument,none,model
female-genital-mutilation-in-sudan,s0131,FGM,not_argument,none,model
female-genital-mutilation-in-sudan,s0132,FGM,not_argument,pro,model
female-genital-mutilation-in-sudan,s0133,FGM,not_argument,pro,model
female-genital-mutilation-in-sudan,s0134,FGM,not_argument,none,model
female-genital-mutilation-in-sudan,s0135,FGM,not_argument,anti,model
female-genital-mutilation-in-sudan,s0136,FGM,not_argument,none,model
female-genital-mutilation-in-sudan,s0137,FGM,not_argument,none,model
female-genital-mutilation-in-sudan,s0138,FGM,not_argument,none,model
female-genital-mutilation-in-sudan,s0139,FGM,not_argument,pro,model
female-genital-mutilation-in-sudan,s0140,FGM,not_argument,pro,model
female-genital-mutilation-in-sudan,s0141,FGM,not_argument,none,model
female-genital-mutilation-in-sudan,s0142,FGM,not_argument,anti,model
female-genital-mutilation-in-sudan,s0143,FGM,not_argument,none,model
female-genital-mutilation-in-sudan,s0144,FGM,anti,anti,model
female-genital-mutilation-in-sudan,s0145,FGM,anti,anti,model
female-genital-mutilation-in-sudan,s0146,FGM,anti,none,model
female-genital-mutilation-in-sudan,s0147,FGM,not_argument,none,model
female-genital-mutilation-in-sudan,s0148,FGM,anti,anti,model
female-genital-mutilation-in-sudan,s0149,FGM,anti,none,model
female-genital-mutilation-in-sudan,s0150,FGM,anti,none,model
female-genital-mutilation-in-sudan,s0151,FGM,not_argument,none,model
female-genital-mutilation-in-sudan,s0152,FGM,anti,anti,model
female-genital-mutilation-in-sudan,s0153,FGM,anti,none,model
female-genital-mutilation-in-sudan,s0154,FGM,anti,anti,model
female-genital-mutilation-in-sudan,s0155,FGM,not_argument,none,model
female-genital-mutilation-in-sudan,s0156,FGM,anti,mixed,model
female-genital-mutilation-in-sudan,s0157,FGM,anti,anti,model
female-genital-mutilation-in-sudan,s0158,FGM,not_argument,none,model
female-genital-mutilation-in-sudan,s0159,FGM,pro,anti,model
female-genital-mutilation-in-sudan,s0160,FGM,anti,none,model
female-genital-mutilation-in-sudan,s0161,FGM,anti,anti,model
female-genital-mutilation-in-sudan,s0162,FGM,anti,anti,model
female-genital-mutilation-in-sudan,s0163,FGM,not_argument,anti,model
female-genital-mutilation-in-sudan,s0164,FGM,anti,anti,model
female-genital-mutilation-in-sudan,s0165,FGM,pro,mixed,model
female-genital-mutilation-in-sudan,s0166,FGM,anti,anti,model
female-genital-mutilation-in-sudan,s0167,FGM,not_argument,none,model
female-genital-mutilation-in-sudan,s0168,FGM,anti,pro,model
female-genital-mutilation-in-sudan,s0169,FGM,anti,mixed,model
female-genital-mutilation-in-sudan,s0170,FGM,not_argument,none,model
female-genital-mutilation-in-sudan,s0171,FGM,anti,mixed,model
female-genital-mutilation-in-sudan,s0172,FGM,anti,none,model
female-genital-mutilation-in-sudan,s0173,FGM,not_argument,none,model
female-genital-mutilation-in-sudan,s0174,FGM,not_argument,pro,model
female-genital-mutilation-in-sudan,s0175,FGM,not_argument,none,model
female-genital-mutilation-in-sudan,s0176,FGM,not_argument,pro,model
female-genital-mutilation-in-sudan,s0177,FGM,not_argument,none,model
female-genital-mutilation-in-sudan,s0178,FGM,not_argument,none,model
female-genital-mutilation-in-sudan,s0179,FGM,not_argument,anti,model
female-genital-mutilation-in-sudan,s0180,FGM,not_argument,none,model
female-genital-mutilation-in-sudan,s0181,FGM,not_argument,none,model
female-genital-mutilation-in-sudan,s0182,FGM,not_argument,none,model
female-genital-mutilation-in-sudan,s0183,FGM,not_argument,anti,model
female-genital-mutilation-in-sudan,s0184,FGM,not_argument,none,model
female-genital-mutilation-in-sudan,s0185,FGM,not_argument,none,model
female-genital-mutilation-in-sudan,s0186,FGM,not_argument,none,model
female-genital-mutilation-in-sudan,s0187,FGM,not_argument,none,model
female-genital-mutilation-in-sudan,s0188,FGM,not_argument,none,model
female-genital-mutilation-in-sudan,s0189,FGM,not_argument,none,model
female-genital-mutilation-in-sudan,s0190,FGM,not_argument,none,model
female-genital-mutilation-in-sudan,s0191,FGM,not_argument,anti,model
female-genital-mutilation-in-sudan,s0192,FGM,not_argument,none,model
female-genital-mutilation-in-sudan,s0193,FGM,not_argument,none,model
female-genital-mutilation-in-sudan,s0194,FGM,not_argument,none,model
female-genital-mutilation-in-sudan,s0195,FGM,not_argument,none,model
female-genital-mutilation-in-sudan,s0196,FGM,not_argument,none,model
female-genital-mutilation-in-sudan,s0197,FGM,not_argument,none,model
female-genital-mutilation-in-sudan,s0198,FGM,not_argument,pro,model
female-genital-mutilation-in-sudan,s0199,FGM,not_argument,none,model
female-genital-mutilation-in-sudan,s0200,FGM,not_argument,none,model
female-genital-mutilation-in-sudan,s0201,FGM,not_argument,none,model
female-genital-mutilation-in-sudan,s0202,FGM,not_argument,pro,model
female-genital-mutilation-in-sudan,s0203,FGM,not_argument,anti,model
female-genital-mutilation-in-sudan,s0204,FGM,not_argument,none,model
female-genital-mutilation-in-sudan,s0205,FGM,not_argument,anti,model
female-genital-mutilation-in-sudan,s0206,FGM,not_argument,none,model
female-genital-mutilation-in-sudan,s0207,FGM,not_argument,none,model
female-genital-mutilation-in-sudan,s0208,FGM,not_argument,anti,model
female-genital-mutilation-in-sudan,s0209,FGM,not_argument,none,model
female-genital-mutilation-in-sudan,s0210,FGM,not_argument,none,model
female-genital-mutilation-in-sudan,s0211,FGM,not_argument,none,model
female-genital-mutilation-in-sudan,s0212,FGM,not_argument,none,model
female-genital-mutilation-in-sudan,s0213,FGM,not_argument,none,model
female-genital-mutilation-in-sudan,s0214,FGM,not_argument,none,model
female-genital-mutilation-in-sudan,s0215,FGM,not_argument,none,model
female-genital-mutilation-in-sudan,s0216,FGM,not_argument,anti,model
female-genital-mutilation-in-sudan,s0217,FGM,not_argument,none,model
female-genital-mutilation-in-sudan,s0218,FGM,not_argument,none,model
female-genital-mutilation-in-sudan,s0219,FGM,not_argument,none,model
female-genital-mutilation-in-sudan,s0220,FGM,not_argument,anti,model
female-genital-mutilation-in-sudan,s0221,FGM,not_argument,none,model
female-genital-mutilation-in-sudan,s0222,FGM,not_argument,none,model
female-genital-mutilation-in-sudan,s0223,FGM,not_argument,none,model
female-genital-mutilation-in-sudan,s0224,FGM,not_argument,none,model
female-genital-mutilation-in-sudan,s0225,FGM,not_argument,none,model
female-genital-mutilation-in-sudan,s0226,FGM,not_argument,none,model
female-genital-mutilation-in-sudan,s0227,FGM,pro,mixed,model
female-genital-mutilation-in-sudan,s0228,FGM,not_argument,none,model
female-genital-mutilation-in-sudan,s0229,FGM,pro,mixed,model
female-genital-mutilation-in-sudan,s0230,FGM,not_argument,none,model
female-genital-mutilation-in-sudan,s0231,FGM,not_argument,none,model
female-genital-mutilation-in-sudan,s0232,FGM,not_argument,mixed,model
female-genital-mutilation-in-sudan,s0233,FGM,not_argument,anti,model
female-genital-mutilation-in-sudan,s0234,FGM,not_argument,pro,model
female-genital-mutilation-in-sudan,s0235,FGM,not_argument,anti,model
female-genital-mutilation-in-sudan,s0236,FGM,not_argument,none,model
female-genital-mutilation-in-sudan,s0237,FGM,not_argument,none,model
female-genital-mutilation-in-sudan,s0238,FGM,not_argument,none,model
female-genital-mutilation-in-sudan,s0239,FGM,not_argument,pro,model
female-genital-mutilation-in-sudan,s0240,FGM,not_argument,none,model
female-genital-mutilation-in-sudan,s0241,FGM,not_argument,none,model
female-genital-mutilation-in-sudan,s0242,FGM,pro,none,model
female-genital-mutilation-in-sudan,s0243,FGM,not_argument,none,model
female-genital-mutilation-in-sudan,s0244,FGM,not_argument,none,model
female-genital-mutilation-in-sudan,s0245,FGM,not_argument,none,model
female-genital-mutilation-in-sudan,s0246,FGM,not_argument,none,model
female-genital-mutilation-in-sudan,s0247,FGM,not_argument,anti,model
female-genital-mutilation-in-sudan,s0248,FGM,not_argument,mixed,model
female-genital-mutilation-in-sudan,s0249,FGM,not_argument,none,model
female-genital-mutilation-in-sudan,s0250,FGM,not_argument,none,model
female-genital-mutilation-in-sudan,s0251,FGM,not_argument,none,model
female-genital-mutilation-in-sudan,s0252,FGM,pro,pro,model
female-genital-mutilation-in-sudan,s0253,FGM,not_argument,none,model
female-genital-mutilation-in-sudan,s0254,FGM,not_argument,pro,model
female-genital-mutilation-in-sudan,s0255,FGM,pro,pro,model
female-genital-mutilation-in-sudan,s0256,FGM,not_argument,none,model
female-genital-mutilation-in-sudan,s0257,FGM,not_argument,none,model
female-genital-mutilation-in-sudan,s0258,FGM,not_argument,anti,model
female-genital-mutilation-in-sudan,s0259,FGM,anti,anti,model
female-genital-mutilation-in-sudan,s0260,FGM,not_argument,none,model
female-genital-mutilation-in-sudan,s0261,FGM,not_argument,none,model
female-genital-mutilation-in-sudan,s0262,FGM,pro,pro,model
female-genital-mutilation-in-sudan,s0263,FGM,pro,pro,model
female-genital-mutilation-in-sudan,s0264,FGM,pro,mixed,model
female-genital-mutilation-in-sudan,s0265,FGM,not_argument,none,model
female-genital-mutilation-in-sudan,s0266,FGM,anti,anti,model
female-genital-mutilation-in-sudan,s0267,FGM,anti,mixed,model
female-genital-mutilation-in-sudan,s0268,FGM,not_argument,none,model
female-genital-mutilation-in-sudan,s0269,FGM,not_argument,anti,model
female-genital-mutilation-in-sudan,s0270,FGM,not_argument,mixed,model
female-genital-mutilation-in-sudan,s0271,FGM,not_argument,none,model
female-genital-mutilation-in-sudan,s0272,FGM,not_argument,none,model
female-genital-mutilation-in-sudan,s0273,FGM,not_argument,none,model
female-genital-mutilation-in-sudan,s0274,FGM,not_argument,pro,model
female-genital-mutilation-in-sudan,s0275,FGM,not_argument,none,model
female-genital-mutilation-in-sudan,s0276,FGM,not_argument,anti,model
female-genital-mutilation-in-sudan,s0277,FGM,not_argument,none,model
female-genital-mutilation-in-sudan,s0278,FGM,not_argument,pro,model
female-genital-mutilation-in-sudan,s0279,FGM,not_argument,none,model
female-genital-mutilation-in-sudan,s0280,FGM,not_argument,anti,model
female-genital-mutilation-in-sudan,s0281,FGM,not_argument,anti,model
female-genital-mutilation-in-sudan,s0282,FGM,not_argument,none,model
female-genital-mutilation-in-sudan,s0283,FGM,not_argument,none,model
female-genital-mutilation-in-sudan,s0284,FGM,anti,mixed,model
female-genital-mutilation-in-sudan,s0285,FGM,anti,anti,model
female-genital-mutilation-in-sudan,s0286,FGM,not_argument,none,model
female-genital-mutilation-in-sudan,s0287,FGM,not_argument,pro,model
female-genital-mutilation-in-sudan,s0288,FGM,not_argument,anti,model
female-genital-mutilation-in-sudan,s0289,FGM,not_argument,none,model
female-genital-mutilation-in-sudan,s0290,FGM,not_argument,none,model
female-genital-mutilation-in-sudan,s0291,FGM,not_argument,anti,model
female-genital-mutilation-in-sudan,s0292,FGM,not_argument,none,model
female-genital-mutilation-in-the-gambia,s0001,FGM,not_argument,anti,model
female-genital-mutilation-in-the-gambia,s0002,FGM,not_argument,none,model
female-genital-mutilation-in-the-gambia,s0003,FGM,not_argument,none,model
female-genital-mutilation-in-the-gambia,s0004,FGM,not_argument,anti,model
female-genital-mutilation-in-the-gambia,s0005,FGM,not_argument,none,model
female-genital-mutilation-in-the-gambia,s0006,FGM,not_argument,none,model
female-genital-mutilation-in-the-gambia,s0007,FGM,not_argument,none,model
female-genital-mutilation-in-the-gambia,s0008,FGM,anti,anti,model
female-genital-mutilation-in-the-gambia,s0009,FGM,not_argument,none,model
female-genital-mutilation-in-the-gambia,s0010,FGM,not_argument,anti,model
female-genital-mutilation-in-the-gambia,s0011,FGM,not_argument,none,model
female-genital-mutilation-in-the-gambia,s0012,FGM,not_argument,pro,model
female-genital-mutilation-in-the-gambia,s0013,FGM,not_argument,none,model
female-genital-mutilation-in-the-gambia,s0014,FGM,not_argument,none,model
female-genital-mutilation-in-the-gambia,s0015,FGM,not_argument,none,model
female-genital-mutilation-in-the-gambia,s0016,FGM,not_argument,none,model
female-genital-mutilation-in-the-gambia,s0017,FGM,pro,mixed,model
female-genital-mutilation-in-the-gambia,s0018,FGM,pro,pro,model
female-genital-mutilation-in-the-gambia,s0019,FGM,not_argument,none,model
female-genital-mutilation-in-the-gambia,s0020,FGM,not_argument,none,model
female-genital-mutilation-in-the-gambia,s0021,FGM,pro,pro,model
female-genital-mutilation-in-the-gambia,s0022,FGM,not_argument,none,model
female-genital-mutilation-in-the-gambia,s0023,FGM,not_argument,none,model
female-genital-mutilation-in-the-gambia,s0024,FGM,not_argument,none,model
female-genital-mutilation-in-the-gambia,s0025,FGM,not_argument,none,model
female-genital-mutilation-in-the-gambia,s0026,FGM,not_argument,none,model
female-genital-mutilation-in-the-gambia,s0027,FGM,not_argument,none,model
female-genital-mutilation-in-the-gambia,s0028,FGM,not_argument,none,model
female-genital-mutilation-in-the-gambia,s0029,FGM,anti,none,model
female-genital-mutilation-in-the-gambia,s0030,FGM,not_argument,none,model
female-genital-mutilation-in-the-gambia,s0031,FGM,not_argument,none,model
female-genital-mutilation-in-the-gambia,s0032,FGM,not_argument,none,model
female-genital-mutilation-in-the-gambia,s0033,FGM,not_argument,none,model
female-genital-mutilation-in-the-gambia,s0034,FGM,not_argument,none,model
female-genital-mutilation-in-the-gambia,s0035,FGM,not_argument,none,model
female-genital-mutilation-in-the-gambia,s0036,FGM,not_argument,none,model
female-genital-mutilation-in-the-gambia,s0037,FGM,not_argument,none,model
female-genital-mutilation-in-the-gambia,s0038,FGM,not_argument,none,model
female-genital-mutilation-in-the-gambia,s0039,FGM,not_argument,none,model
female-genital-mutilation-in-the-gambia,s0040,FGM,not_argument,none,model
female-genital-mutilation-in-the-gambia,s0041,FGM,not_argument,none,model
female-genital-mutilation-in-the-gambia,s0042,FGM,not_argument,none,model
female-genital-mutilation-in-the-gambia,s0043,FGM,not_argument,none,model
female-genital-mutilation-in-the-gambia,s0044,FGM,not_argument,none,model
female-genital-mutilation-in-the-gambia,s0045,FGM,not_argument,none,model
female-genital-mutilation-in-the-gambia,s0046,FGM,not_argument,none,model
female-genital-mutilation-in-the-gambia,s0047,FGM,not_argument,none,model
female-genital-mutilation-in-the-gambia,s0048,FGM,not_argument,none,model
female-genital-mutilation-in-the-gambia,s0049,FGM,not_argument,pro,model
female-genital-mutilation-in-the-gambia,s0050,FGM,not_argument,none,model
female-genital-mutilation-in-the-gambia,s0051,FGM,not_argument,none,model
female-genital-mutilation-in-the-gambia,s0052,FGM,not_argument,none,model
female-genital-mutilation-in-the-gambia,s0053,FGM,not_argument,none,model
female-genital-mutilation-in-the-gambia,s0054,FGM,not_argument,none,model
female-genital-mutilation-in-the-gambia,s0055,FGM,not_argument,mixed,model
female-genital-mutilation-in-the-gambia,s0056,FGM,not_argument,none,model
female-genital-mutilation-in-the-gambia,s0057,FGM,not_argument,none,model
female-genital-mutilation-in-the-gambia,s0058,FGM,anti,anti,model
female-genital-mutilation-in-the-gambia,s0059,FGM,anti,anti,model
female-genital-mutilation-in-the-gambia,s0060,FGM,anti,none,model
female-genital-mutilation-in-the-gambia,s0061,FGM,not_argument,none,model
female-genital-mutilation-in-the-gambia,s0062,FGM,anti,anti,model
female-genital-mutilation-in-the-gambia,s0063,FGM,anti,anti,model
female-genital-mutilation-in-the-gambia,s0064,FGM,anti,none,model
female-genital-mutilation-in-the-gambia,s0065,FGM,not_argument,none,model
female-genital-mutilation-in-the-gambia,s0066,FGM,pro,anti,model
female-genital-mutilation-in-the-gambia,s0067,FGM,pro,mixed,model
female-genital-mutilation-in-the-gambia,s0068,FGM,pro,anti,model
female-genital-mutilation-in-the-gambia,s0069,FGM,not_argument,none,model
female-genital-mutilation-in-the-gambia,s0070,FGM,pro,none,model
female-genital-mutilation-in-the-gambia,s0071,FGM,pro,none,model
female-genital-mutilation-in-the-gambia,s0072,FGM,pro,none,model
female-genital-mutilation-in-the-gambia,s0073,FGM,not_argument,none,model
female-genital-mutilation-in-the-gambia,s0074,FGM,pro,pro,model
female-genital-mutilation-in-the-gambia,s0075,FGM,pro,none,model
female-genital-mutilation-in-the-gambia,s0076,FGM,pro,pro,model
female-genital-mutilation-in-the-gambia,s0077,FGM,not_argument,none,model
female-genital-mutilation-in-the-gambia,s0078,FGM,not_argument,none,model
female-genital-mutilation-in-the-gambia,s0079,FGM,pro,pro,model
female-genital-mutilation-in-the-gambia,s0080,FGM,pro,anti,model
female-genital-mutilation-in-the-gambia,s0081,FGM,not_argument,none,model
female-genital-mutilation-in-the-gambia,s0082,FGM,not_argument,none,model
female-genital-mutilation-in-the-gambia,s0083,FGM,not_argument,none,model
female-genital-mutilation-in-the-gambia,s0084,FGM,not_argument,none,model
female-genital-mutilation-in-the-gambia,s0085,FGM,not_argument,none,model
female-genital-mutilation-in-the-gambia,s0086,FGM,not_argument,none,model
female-genital-mutilation-in-the-gambia,s0087,FGM,not_argument,none,model
female-genital-mutilation-in-the-gambia,s0088,FGM,not_argument,anti,model
female-genital-mutilation-in-the-gambia,s0089,FGM,anti,none,model
female-genital-mutilation-in-the-gambia,s0090,FGM,not_argument,none,model
female-genital-mutilation-in-the-gambia,s0091,FGM,not_argument,none,model
female-genital-mutilation-in-the-gambia,s0092,FGM,not_argument,none,model
female-genital-mutilation-in-the-gambia,s0093,FGM,not_argument,none,model
female-genital-mutilation-in-the-gambia,s0094,FGM,not_argument,anti,model
female-genital-mutilation-in-the-gambia,s0095,FGM,not_argument,none,model
female-genital-mutilation-in-the-gambia,s0096,FGM,not_argument,anti,model
female-genital-mutilation-in-the-gambia,s0097,FGM,not_argument,none,model
female-genital-mutilation-in-the-gambia,s0098,FGM,not_argument,none,model
female-genital-mutilation-in-the-gambia,s0099,FGM,not_argument,none,model
female-genital-mutilation-in-the-gambia,s0100,FGM,not_argument,none,model
female-genital-mutilation-in-the-gambia,s0101,FGM,not_argument,none,model
female-genital-mutilation-in-the-gambia,s0102,FGM,not_argument,none,model
female-genital-mutilation-in-the-gambia,s0103,FGM,not_argument,none,model
female-genital-mutilation-in-the-gambia,s0104,FGM,not_argument,none,model
female-genital-mutilation-in-the-gambia,s0105,FGM,not_argument,none,model
female-genital-mutilation-in-the-gambia,s0106,FGM,not_argument,pro,model
female-genital-mutilation-in-the-gambia,s0107,FGM,not_argument,none,model
female-genital-mutilation-in-the-gambia,s0108,FGM,not_argument,none,model
female-genital-mutilation-in-the-gambia,s0109,FGM,not_argument,none,model
female-genital-mutilation-in-the-gambia,s0110,FGM,not_argument,none,model
female-genital-mutilation-in-the-gambia,s0111,FGM,not_argument,none,model
female-genital-mutilation-in-the-gambia,s0112,FGM,not_argument,none,model
female-genital-mutilation-in-the-gambia,s0113,FGM,not_argument,none,model
female-genital-mutilation-in-the-gambia,s0114,FGM,not_argument,none,model
female-genital-mutilation-in-the-gambia,s0115,FGM,not_argument,none,model
female-genital-mutilation-in-the-gambia,s0116,FGM,not_argument,anti,model
female-genital-mutilation-in-the-gambia,s0117,FGM,not_argument,none,model
female-genital-mutilation-in-the-gambia,s0118,FGM,not_argument,none,model
female-genital-mutilation-in-the-gambia,s0119,FGM,not_argument,anti,model
female-genital-mutilation-in-the-gambia,s0120,FGM,not_argument,none,model
female-genital-mutilation-in-the-gambia,s0121,FGM,not_argument,none,model
female-genital-mutilation-in-the-gambia,s0122,FGM,pro,none,model
female-genital-mutilation-in-the-gambia,s0123,FGM,pro,none,model
female-genital-mutilation-in-the-gambia,s0124,FGM,pro,anti,model
female-genital-mutilation-in-the-gambia,s0125,FGM,not_argument,none,model
female-genital-mutilation-in-the-gambia,s0126,FGM,pro,none,model
female-genital-mutilation-in-the-gambia,s0127,FGM,pro,none,model
female-genital-mutilation-in-the-gambia,s0128,FGM,pro,none,model
female-genital-mutilation-in-the-gambia,s0129,FGM,not_argument,none,model
female-genital-mutilation-in-the-gambia,s0130,FGM,not_argument,none,model
female-genital-mutilation-in-the-gambia,s0131,FGM,pro,none,model
female-genital-mutilation-in-the-gambia,s0132,FGM,not_argument,anti,model
female-genital-mutilation-in-the-gambia,s0133,FGM,not_argument,none,model
female-genital-mutilation-in-the-gambia,s0134,FGM,not_argument,none,model
female-genital-mutilation-in-the-gambia,s0135,FGM,not_argument,none,model
female-genital-mutilation-in-the-gambia,s0136,FGM,not_argument,none,model
female-genital-mutilation-in-the-gambia,s0137,FGM,not_argument,none,model
female-genital-mutilation-in-the-gambia,s0138,FGM,not_argument,none,model
female-genital-mutilation-in-the-gambia,s0139,FGM,not_argument,none,model
female-genital-mutilation-in-the-gambia,s0140,FGM,not_argument,none,model
female-genital-mutilation-in-the-gambia,s0141,FGM,not_argument,none,model
female-genital-mutilation-in-the-gambia,s0142,FGM,not_argument,none,model
female-genital-mutilation-in-the-gambia,s0143,FGM,not_argument,none,model
female-genital-mutilation-in-the-gambia,s0144,FGM,not_argument,none,model
female-genital-mutilation-in-the-gambia,s0145,FGM,pro,none,model
female-genital-mutilation-in-the-gambia,s0146,FGM,anti,anti,model
female-genital-mutilation-in-the-gambia,s0147,FGM,not_argument,none,model
female-genital-mutilation-in-the-gambia,s0148,FGM,not_argument,none,model
female-genital-mutilation-in-the-gambia,s0149,FGM,not_argument,anti,model
female-genital-mutilation-in-the-gambia,s0150,FGM,not_argument,none,model
female-genital-mutilation-in-the-gambia,s0151,FGM,not_argument,none,model
female-genital-mutilation-in-the-gambia,s0152,FGM,not_argument,none,model
female-genital-mutilation-in-the-gambia,s0153,FGM,not_argument,anti,model
female-genital-mutilation-in-the-gambia,s0154,FGM,not_argument,none,model
female-genital-mutilation-in-the-gambia,s0155,FGM,not_argument,none,model
female-genital-mutilation-in-the-gambia,s0156,FGM,not_argument,none,model
female-genital-mutilation-in-the-gambia,s0157,FGM,not_argument,none,model
female-genital-mutilation-in-the-gambia,s0158,FGM,not_argument,anti,model
female-genital-mutilation-in-the-gambia,s0159,FGM,not_argument,none,model
female-genital-mutilation-in-the-gambia,s0160,FGM,not_argument,mixed,model
female-genital-mutilation-in-the-gambia,s0161,FGM,not_argument,none,model
female-genital-mutilation-in-the-united-kingdom,s0001,FGM,not_argument,anti,model
female-genital-mutilation-in-the-united-kingdom,s0002,FGM,not_argument,none,model
female-genital-mutilation-in-the-united-kingdom,s0003,FGM,not_argument,none,model
female-genital-mutilation-in-the-united-kingdom,s0004,FGM,not_argument,none,model
female-genital-mutilation-in-the-united-kingdom,s0005,FGM,not_argument,none,model
female-genital-mutilation-in-the-united-kingdom,s0006,FGM,not_argument,none,model
female-genital-mutilation-in-the-united-kingdom,s0007,FGM,not_argument,none,model
female-genital-mutilation-in-the-united-kingdom,s0008,FGM,not_argument,anti,model
female-genital-mutilation-in-the-united-kingdom,s0009,FGM,not_argument,none,model
female-genital-mutilation-in-the-united-kingdom,s0010,FGM,not_argument,none,model
female-genital-mutilation-in-the-united-kingdom,s0011,FGM,not_argument,none,model
female-genital-mutilation-in-the-united-kingdom,s0012,FGM,not_argument,none,model
female-genital-mutilation-in-the-united-kingdom,s0013,FGM,not_argument,none,model
female-genital-mutilation-in-the-united-kingdom,s0014,FGM,not_argument,none,model
female-genital-mutilation-in-the-united-kingdom,s0015,FGM,not_argument,anti,model
female-genital-mutilation-in-the-united-kingdom,s0016,FGM,not_argument,none,model
female-genital-mutilation-in-the-united-kingdom,s0017,FGM,not_argument,none,model
female-genital-mutilation-in-the-united-kingdom,s0018,FGM,not_argument,none,model
female-genital-mutilation-in-the-united-kingdom,s0019,FGM,not_argument,none,model
female-genital-mutilation-in-the-united-kingdom,s0020,FGM,not_argument,none,model
female-genital-mutilation-in-the-united-kingdom,s0021,FGM,not_argument,none,model
female-genital-mutilation-in-the-united-kingdom,s0022,FGM,not_argument,none,model
female-genital-mutilation-in-the-united-kingdom,s0023,FGM,not_argument,none,model
female-genital-mutilation-in-the-united-kingdom,s0024,FGM,not_argument,anti,model
female-genital-mutilation-in-the-united-kingdom,s0025,FGM,not_argument,none,model
female-genital-mutilation-in-the-united-kingdom,s0026,FGM,not_argument,anti,model
female-genital-mutilation-in-the-united-kingdom,s0027,FGM,not_argument,none,model
female-genital-mutilation-in-the-united-kingdom,s0028,FGM,not_argument,none,model
female-genital-mutilation-in-the-united-kingdom,s0029,FGM,not_argument,none,model
female-genital-mutilation-in-the-united-kingdom,s0030,FGM,not_argument,none,model
female-genital-mutilation-in-the-united-kingdom,s0031,FGM,not_argument,none,model
female-genital-mutilation-in-the-united-kingdom,s0032,FGM,not_argument,none,model
female-genital-mutilation-in-the-united-kingdom,s0033,FGM,not_argument,none,model
female-genital-mutilation-in-the-united-kingdom,s0034,FGM,not_argument,none,model
female-genital-mutilation-in-the-united-kingdom,s0035,FGM,not_argument,none,model
female-genital-mutilation-in-the-united-kingdom,s0036,FGM,not_argument,none,model
female-genital-mutilation-in-the-united-kingdom,s0037,FGM,not_argument,anti,model
female-genital-mutilation-in-the-united-kingdom,s0038,FGM,not_argument,none,model
female-genital-mutilation-in-the-united-kingdom,s0039,FGM,not_argument,none,model
female-genital-mutilation-in-the-united-kingdom,s0040,FGM,not_argument,none,model
female-genital-mutilation-in-the-united-kingdom,s0041,FGM,not_argument,none,model
female-genital-mutilation-in-the-united-kingdom,s0042,FGM,not_argument,none,model
female-genital-mutilation-in-the-united-kingdom,s0043,FGM,not_argument,none,model
female-genital-mutilation-in-the-united-kingdom,s0044,FGM,not_argument,none,model
female-genital-mutilation-in-the-united-kingdom,s0045,FGM,not_argument,none,model
female-genital-mutilation-in-the-united-kingdom,s0046,FGM,not_argument,none,model
female-genital-mutilation-in-the-united-kingdom,s0047,FGM,not_argument,none,model
female-genital-mutilation-in-the-united-kingdom,s0048,FGM,not_argument,none,model
female-genital-mutilation-in-the-united-kingdom,s0049,FGM,not_argument,none,model
female-genital-mutilation-in-the-united-kingdom,s0050,FGM,not_argument,none,model
female-genital-mutilation-in-the-united-kingdom,s0051,FGM,not_argument,none,model
female-genital-mutilation-in-the-united-kingdom,s0052,FGM,not_argument,pro,model
female-genital-mutilation-in-the-united-kingdom,s0053,FGM,not_argument,none,model
female-genital-mutilation-in-the-united-kingdom,s0054,FGM,not_argument,anti,model
female-genital-mutilation-in-the-united-kingdom,s0055,FGM,not_argument,none,model
female-genital-mutilation-in-the-united-kingdom,s0056,FGM,not_argument,none,model
female-genital-mutilation-in-the-united-kingdom,s0057,FGM,not_argument,none,model
female-genital-mutilation-in-the-united-kingdom,s0058,FGM,not_argument,none,model
female-genital-mutilation-in-the-united-kingdom,s0059,FGM,not_argument,none,model
female-genital-mutilation-in-the-united-kingdom,s0060,FGM,not_argument,none,model
female-genital-mutilation-in-the-united-kingdom,s0061,FGM,not_argument,none,model
female-genital-mutilation-in-the-united-kingdom,s0062,FGM,not_argument,none,model
female-genital-mutilation-in-the-united-kingdom,s0063,FGM,not_argument,none,model
female-genital-mutilation-in-the-united-kingdom,s0064,FGM,not_argument,none,model
female-genital-mutilation-in-the-united-kingdom,s0065,FGM,not_argument,none,model
female-genital-mutilation-in-the-united-kingdom,s0066,FGM,not_argument,none,model
female-genital-mutilation-in-the-united-kingdom,s0067,FGM,not_argument,none,model
female-genital-mutilation-in-the-united-kingdom,s0068,FGM,not_argument,none,model
female-genital-mutilation-in-the-united-kingdom,s0069,FGM,not_argument,none,model
female-genital-mutilation-in-the-united-kingdom,s0070,FGM,not_argument,none,model
female-genital-mutilation-in-the-united-kingdom,s0071,FGM,not_argument,none,model
female-genital-mutilation-in-the-united-kingdom,s0072,FGM,not_argument,none,model
female-genital-mutilation-in-the-united-kingdom,s0073,FGM,not_argument,none,model
female-genital-mutilation-in-the-united-kingdom,s0074,FGM,not_argument,none,model
female-genital-mutilation-in-the-united-kingdom,s0075,FGM,not_argument,anti,model
female-genital-mutilation-in-the-united-kingdom,s0076,FGM,not_argument,none,model
female-genital-mutilation-in-the-united-kingdom,s0077,FGM,not_argument,none,model
female-genital-mutilation-in-the-united-kingdom,s0078,FGM,not_argument,none,model
female-genital-mutilation-in-the-united-kingdom,s0079,FGM,not_argument,none,model
female-genital-mutilation-in-the-united-kingdom,s0080,FGM,not_argument,none,model
female-genital-mutilation-in-the-united-kingdom,s0081,FGM,not_argument,none,model
female-genital-mutilation-in-the-united-kingdom,s0082,FGM,not_argument,none,model
female-genital-mutilation-in-the-united-kingdom,s0083,FGM,not_argument,none,model
female-genital-mutilation-in-the-united-kingdom,s0084,FGM,not_argument,anti,model
female-genital-mutilation-in-the-united-kingdom,s0085,FGM,anti,anti,model
female-genital-mutilation-in-the-united-kingdom,s0086,FGM,not_argument,none,model
female-genital-mutilation-in-the-united-kingdom,s0087,FGM,not_argument,none,model
female-genital-mutilation-in-the-united-kingdom,s0088,FGM,anti,anti,model
female-genital-mutilation-in-the-united-kingdom,s0089,FGM,not_argument,none,model
female-genital-mutilation-in-the-united-kingdom,s0090,FGM,not_argument,none,model
female-genital-mutilation-in-the-united-kingdom,s0091,FGM,not_argument,none,model
female-genital-mutilation-in-the-united-kingdom,s0092,FGM,not_argument,none,model
female-genital-mutilation-in-the-united-kingdom,s0093,FGM,not_argument,none,model
female-genital-mutilation-in-the-united-kingdom,s0094,FGM,not_argument,none,model
female-genital-mutilation-in-the-united-kingdom,s0095,FGM,not_argument,none,model
female-genital-mutilation-in-the-united-kingdom,s0096,FGM,not_argument,none,model
female-genital-mutilation-in-the-united-kingdom,s0097,FGM,not_argument,anti,model
female-genital-mutilation-in-the-united-kingdom,s0098,FGM,not_argument,none,model
female-genital-mutilation-in-the-united-kingdom,s0099,FGM,not_argument,none,model
female-genital-mutilation-in-the-united-kingdom,s0100,FGM,not_argument,none,model
female-genital-mutilation-in-the-united-kingdom,s0101,FGM,not_argument,none,model
female-genital-mutilation-in-the-united-kingdom,s0102,FGM,not_argument,none,model
female-genital-mutilation-in-the-united-kingdom,s0103,FGM,not_argument,none,model
female-genital-mutilation-in-the-united-kingdom,s0104,FGM,not_argument,anti,model
female-genital-mutilation-in-the-united-kingdom,s0105,FGM,not_argument,none,model
female-genital-mutilation-in-the-united-kingdom,s0106,FGM,not_argument,none,model
female-genital-mutilation-in-the-united-kingdom,s0107,FGM,not_argument,anti,model
female-genital-mutilation-in-the-united-kingdom,s0108,FGM,not_argument,none,model
female-genital-mutilation-in-the-united-kingdom,s0109,FGM,not_argument,none,model
female-genital-mutilation-in-the-united-kingdom,s0110,FGM,not_argument,none,model
female-genital-mutilation-in-the-united-kingdom,s0111,FGM,not_argument,none,model
female-genital-mutilation-in-the-united-kingdom,s0112,FGM,not_argument,none,model
female-genital-mutilation-in-the-united-kingdom,s0113,FGM,not_argument,pro,model
female-genital-mutilation-in-the-united-kingdom,s0114,FGM,not_argument,none,model
female-genital-mutilation-in-the-united-kingdom,s0115,FGM,not_argument,none,model
female-genital-mutilation-in-the-united-kingdom,s0116,FGM,not_argument,none,model
female-genital-mutilation-in-the-united-kingdom,s0117,FGM,not_argument,none,model
female-genital-mutilation-in-the-united-kingdom,s0118,FGM,not_argument,none,model
female-genital-mutilation-in-the-united-kingdom,s0119,FGM,not_argument,none,model
female-genital-mutilation-in-the-united-kingdom,s0120,FGM,not_argument,none,model
female-genital-mutilation-in-the-united-kingdom,s0121,FGM,not_argument,none,model
female-genital-mutilation-in-the-united-kingdom,s0122,FGM,not_argument,none,model
female-genital-mutilation-in-the-united-kingdom,s0123,FGM,not_argument,none,model
female-genital-mutilation-in-the-united-kingdom,s0124,FGM,not_argument,none,model
female-genital-mutilation-in-the-united-kingdom,s0125,FGM,not_argument,none,model
female-genital-mutilation-in-the-united-kingdom,s0126,FGM,not_argument,anti,model
female-genital-mutilation-in-the-united-kingdom,s0127,FGM,not_argument,none,model
female-genital-mutilation-in-the-united-kingdom,s0128,FGM,not_argument,none,model
female-genital-mutilation-in-the-united-kingdom,s0129,FGM,not_argument,none,model
female-genital-mutilation-in-the-united-kingdom,s0130,FGM,not_argument,none,model
female-genital-mutilation-in-the-united-kingdom,s0131,FGM,not_argument,none,model
female-genital-mutilation-in-the-united-kingdom,s0132,FGM,not_argument,none,model
female-genital-mutilation-in-the-united-kingdom,s0133,FGM,not_argument,none,model
female-genital-mutilation-in-the-united-kingdom,s0134,FGM,not_argument,none,model
female-genital-mutilation-in-the-united-kingdom,s0135,FGM,not_argument,none,model
female-genital-mutilation-in-the-united-kingdom,s0136,FGM,not_argument,none,model
female-genital-mutilation-in-the-united-kingdom,s0137,FGM,not_argument,none,model
female-genital-mutilation-in-the-united-kingdom,s0138,FGM,not_argument,none,model
female-genital-mutilation-in-the-united-kingdom,s0139,FGM,not_argument,none,model
female-genital-mutilation-in-the-united-kingdom,s0140,FGM,not_argument,pro,model
female-genital-mutilation-in-the-united-kingdom,s0141,FGM,not_argument,anti,model
female-genital-mutilation-in-the-united-kingdom,s0142,FGM,not_argument,none,model
female-genital-mutilation-in-the-united-kingdom,s0143,FGM,not_argument,none,model
female-genital-mutilation-in-the-united-kingdom,s0144,FGM,not_argument,anti,model
female-genital-mutilation-in-the-united-kingdom,s0145,FGM,not_argument,none,model
female-genital-mutilation-in-the-united-kingdom,s0146,FGM,not_argument,none,model
female-genital-mutilation-in-the-united-kingdom,s0147,FGM,not_argument,anti,model
female-genital-mutilation-in-the-united-kingdom,s0148,FGM,not_argument,none,model
female-genital-mutilation-in-the-united-kingdom,s0149,FGM,not_argument,none,model
female-genital-mutilation-in-the-united-kingdom,s0150,FGM,not_argument,none,model
female-genital-mutilation-in-the-united-kingdom,s0151,FGM,not_argument,none,model
female-genital-mutilation-in-the-united-kingdom,s0152,FGM,not_argument,none,model
female-genital-mutilation-in-the-united-kingdom,s0153,FGM,not_argument,none,model
female-genital-mutilation-in-the-united-kingdom,s0154,FGM,not_argument,none,model
female-genital-mutilation-in-the-united-kingdom,s0155,FGM,not_argument,none,model
female-genital-mutilation-in-the-united-kingdom,s0156,FGM,not_argument,none,model
female-genital-mutilation-in-the-united-kingdom,s0157,FGM,not_argument,none,model
female-genital-mutilation-in-the-united-kingdom,s0158,FGM,not_argument,none,model
female-genital-mutilation-in-the-united-kingdom,s0159,FGM,not_argument,none,model
female-genital-mutilation-in-the-united-kingdom,s0160,FGM,not_argument,none,model
female-genital-mutilation-in-the-united-kingdom,s0161,FGM,not_argument,none,model
female-genital-mutilation-in-the-united-kingdom,s0162,FGM,not_argument,none,model
female-genital-mutilation-in-the-united-kingdom,s0163,FGM,not_argument,none,model
female-genital-mutilation-in-the-united-kingdom,s0164,FGM,not_argument,anti,model
female-genital-mutilation-in-the-united-kingdom,s0165,FGM,not_argument,none,model
female-genital-mutilation-in-the-united-kingdom,s0166,FGM,not_argument,none,model
female-genital-mutilation-in-the-united-kingdom,s0167,FGM,not_argument,none,model
female-genital-mutilation-in-the-united-kingdom,s0168,FGM,not_argument,none,model
female-genital-mutilation-in-the-united-kingdom,s0169,FGM,not_argument,none,model
female-genital-mutilation-in-the-united-kingdom,s0170,FGM,not_argument,none,model
female-genital-mutilation-in-the-united-kingdom,s0171,FGM,not_argument,none,model
female-genital-mutilation-in-the-united-kingdom,s0172,FGM,not_argument,none,model
female-genital-mutilation-in-the-united-kingdom,s0173,FGM,not_argument,none,model
female-genital-mutilation-in-the-united-kingdom,s0174,FGM,not_argument,none,model
female-genital-mutilation-in-the-united-kingdom,s0175,FGM,not_argument,none,model
female-genital-mutilation-in-the-united-kingdom,s0176,FGM,not_argument,none,model
female-genital-mutilation-in-the-united-kingdom,s0177,FGM,not_argument,none,model
female-genital-mutilation-in-the-united-kingdom,s0178,FGM,not_argument,none,model
female-genital-mutilation-in-the-united-kingdom,s0179,FGM,not_argument,none,model
female-genital-mutilation-in-the-united-kingdom,s0180,FGM,not_argument,anti,model
female-genital-mutilation-in-the-united-kingdom,s0181,FGM,not_argument,anti,model
female-genital-mutilation-in-the-united-kingdom,s0182,FGM,not_argument,none,model
female-genital-mutilation-in-the-united-kingdom,s0183,FGM,not_argument,none,model
female-genital-mutilation-in-the-united-kingdom,s0184,FGM,anti,anti,model
female-genital-mutilation-in-the-united-kingdom,s0185,FGM,anti,anti,model
female-genital-mutilation-in-the-united-kingdom,s0186,FGM,not_argument,none,model
female-genital-mutilation-in-the-united-kingdom,s0187,FGM,anti,anti,model
female-genital-mutilation-in-the-united-kingdom,s0188,FGM,anti,anti,model
female-genital-mutilation-in-the-united-kingdom,s0189,FGM,anti,anti,model
female-genital-mutilation-in-the-united-kingdom,s0190,FGM,not_argument,none,model
female-genital-mutilation-in-the-united-kingdom,s0191,FGM,anti,anti,model
female-genital-mutilation-in-the-united-kingdom,s0192,FGM,anti,none,model
female-genital-mutilation-in-the-united-kingdom,s0193,FGM,anti,anti,model
female-genital-mutilation-in-the-united-kingdom,s0194,FGM,not_argument,none,model
female-genital-mutilation-in-the-united-kingdom,s0195,FGM,anti,anti,model
female-genital-mutilation-in-the-united-kingdom,s0196,FGM,not_argument,anti,model
female-genital-mutilation-in-the-united-kingdom,s0197,FGM,not_argument,anti,model
female-genital-mutilation-in-the-united-kingdom,s0198,FGM,not_argument,none,model
female-genital-mutilation-in-the-united-kingdom,s0199,FGM,anti,none,model
female-genital-mutilation-in-the-united-kingdom,s0200,FGM,anti,anti,model
female-genital-mutilation-in-the-united-kingdom,s0201,FGM,anti,none,model
female-genital-mutilation-in-the-united-kingdom,s0202,FGM,not_argument,none,model
female-genital-mutilation-in-the-united-kingdom,s0203,FGM,not_argument,none,model
female-genital-mutilation-in-the-united-kingdom,s0204,FGM,anti,anti,model
female-genital-mutilation-in-the-united-kingdom,s0205,FGM,not_argument,none,model
female-genital-mutilation-in-the-united-kingdom,s0206,FGM,not_argument,none,model
female-genital-mutilation-in-the-united-kingdom,s0207,FGM,not_argument,none,model
female-genital-mutilation-in-the-united-kingdom,s0208,FGM,not_argument,none,model
female-genital-mutilation-in-the-united-kingdom,s0209,FGM,not_argument,none,model
female-genital-mutilation-in-the-united-kingdom,s0210,FGM,not_argument,none,model
female-genital-mutilation-in-the-united-kingdom,s0211,FGM,not_argument,none,model
female-genital-mutilation-in-the-united-kingdom,s0212,FGM,not_argument,none,model
female-genital-mutilation-in-the-united-kingdom,s0213,FGM,not_argument,none,model
female-genital-mutilation-in-the-united-kingdom,s0214,FGM,not_argument,mixed,model
female-genital-mutilation-in-the-united-kingdom,s0215,FGM,not_argument,none,model
female-genital-mutilation-in-the-united-kingdom,s0216,FGM,not_argument,none,model
female-genital-mutilation-in-the-united-kingdom,s0217,FGM,not_argument,none,model
female-genital-mutilation-in-the-united-kingdom,s0218,FGM,not_argument,none,model
female-genital-mutilation-in-the-united-kingdom,s0219,FGM,not_argument,none,model
female-genital-mutilation-in-the-united-kingdom,s0220,FGM,not_argument,anti,model
female-genital-mutilation-in-the-united-kingdom,s0221,FGM,not_argument,none,model
female-genital-mutilation-in-the-united-kingdom,s0222,FGM,not_argument,none,model
female-genital-mutilation-in-the-united-kingdom,s0223,FGM,not_argument,anti,model
female-genital-mutilation-in-the-united-kingdom,s0224,FGM,not_argument,none,model
female-genital-mutilation-in-the-united-kingdom,s0225,FGM,not_argument,none,model
female-genital-mutilation-in-the-united-states,s0001,FGM,not_argument,none,model
female-genital-mutilation-in-the-united-states,s0002,FGM,not_argument,none,model
female-genital-mutilation-in-the-united-states,s0003,FGM,anti,mixed,model
female-genital-mutilation-in-the-united-states,s0004,FGM,not_argument,none,model
female-genital-mutilation-in-the-united-states,s0005,FGM,not_argument,none,model
female-genital-mutilation-in-the-united-states,s0006,FGM,anti,anti,model
female-genital-mutilation-in-the-united-states,s0007,FGM,not_argument,none,model
female-genital-mutilation-in-the-united-states,s0008,FGM,not_argument,none,model
female-genital-mutilation-in-the-united-states,s0009,FGM,not_argument,anti,model
female-genital-mutilation-in-the-united-states,s0010,FGM,not_argument,anti,model
female-genital-mutilation-in-the-united-states,s0011,FGM,not_argument,none,model
female-genital-mutilation-in-the-united-states,s0012,FGM,not_argument,none,model
female-genital-mutilation-in-the-united-states,s0013,FGM,not_argument,none,model
female-genital-mutilation-in-the-united-states,s0014,FGM,not_argument,none,model
female-genital-mutilation-in-the-united-states,s0015,FGM,not_argument,none,model
female-genital-mutilation-in-the-united-states,s0016,FGM,not_argument,none,model
female-genital-mutilation-in-the-united-states,s0017,FGM,not_argument,none,model
female-genital-mutilation-in-the-united-states,s0018,FGM,not_argument,none,model
female-genital-mutilation-in-the-united-states,s0019,FGM,not_argument,none,model
female-genital-mutilation-in-the-united-states,s0020,FGM,not_argument,none,model
female-genital-mutilation-in-the-united-states,s0021,FGM,not_argument,mixed,model
female-genital-mutilation-in-the-united-states,s0022,FGM,not_argument,none,model
female-genital-mutilation-in-the-united-states,s0023,FGM,not_argument,none,model
female-genital-mutilation-in-the-united-states,s0024,FGM,not_argument,none,model
female-genital-mutilation-in-the-united-states,s0025,FGM,not_argument,none,model
female-genital-mutilation-in-the-united-states,s0026,FGM,not_argument,none,model
female-genital-mutilation-in-the-united-states,s0027,FGM,not_argument,none,model
female-genital-mutilation-in-the-united-states,s0028,FGM,not_argument,none,model
female-genital-mutilation-in-the-united-states,s0029,FGM,not_argument,none,model
female-genital-mutilation-in-the-united-states,s0030,FGM,not_argument,none,model
female-genital-mutilation-in-the-united-states,s0031,FGM,anti,anti,model
female-genital-mutilation-in-the-united-states,s0032,FGM,anti,anti,model
female-genital-mutilation-in-the-united-states,s0033,FGM,not_argument,none,model
female-genital-mutilation-in-the-united-states,s0034,FGM,not_argument,none,model
female-genital-mutilation-in-the-united-states,s0035,FGM,not_argument,none,model
female-genital-mutilation-in-the-united-states,s0036,FGM,not_argument,none,model
female-genital-mutilation-in-the-united-states,s0037,FGM,not_argument,none,model
female-genital-mutilation-in-the-united-states,s0038,FGM,not_argument,none,model
female-genital-mutilation-in-the-united-states,s0039,FGM,not_argument,none,model
female-genital-mutilation-in-the-united-states,s0040,FGM,not_argument,none,model
female-genital-mutilation-in-the-united-states,s0041,FGM,not_argument,none,model
female-genital-mutilation-in-the-united-states,s0042,FGM,not_argument,none,model
female-genital-mutilation-in-the-united-states,s0043,FGM,not_argument,none,model
female-genital-mutilation-in-the-united-states,s0044,FGM,not_argument,none,model
female-genital-mutilation-in-the-united-states,s0045,FGM,not_argument,none,model
female-genital-mutilation-in-the-united-states,s0046,FGM,not_argument,none,model
female-genital-mutilation-in-the-united-states,s0047,FGM,not_argument,none,model
female-genital-mutilation-in-the-united-states,s0048,FGM,not_argument,none,model
female-genital-mutilation-in-the-united-states,s0049,FGM,not_argument,anti,model
female-genital-mutilation-in-the-united-states,s0050,FGM,not_argument,none,model
female-genital-mutilation-in-the-united-states,s0051,FGM,not_argument,none,model
female-genital-mutilation-in-the-united-states,s0052,FGM,not_argument,none,model
female-genital-mutilation-in-the-united-states,s0053,FGM,not_argument,none,model
female-genital-mutilation-in-the-united-states,s0054,FGM,not_argument,anti,model
female-genital-mutilation-in-the-united-states,s0055,FGM,not_argument,none,model
female-genital-mutilation-in-the-united-states,s0056,FGM,not_argument,anti,model
female-genital-mutilation-in-the-united-states,s0057,FGM,not_argument,anti,model
female-genital-mutilation-in-the-united-states,s0058,FGM,not_argument,none,model
female-genital-mutilation-in-the-united-states,s0059,FGM,not_argument,none,model
female-genital-mutilation-in-the-united-states,s0060,FGM,not_argument,none,model
female-genital-mutilation-in-the-united-states,s0061,FGM,not_argument,none,model
female-genital-mutilation-in-the-united-states,s0062,FGM,not_argument,none,model
female-genital-mutilation-in-the-united-states,s0063,FGM,not_argument,none,model
female-genital-mutilation-in-the-united-states,s0064,FGM,not_argument,none,model
female-genital-mutilation-in-the-united-states,s0065,FGM,not_argument,none,model
female-genital-mutilation-in-the-united-states,s0066,FGM,not_argument,none,model
female-genital-mutilation-in-the-united-states,s0067,FGM,not_argument,none,model
female-genital-mutilation-in-the-united-states,s0068,FGM,not_argument,none,model
female-genital-mutilation-in-the-united-states,s0069,FGM,not_argument,none,model
female-genital-mutilation-in-the-united-states,s0070,FGM,not_argument,none,model
female-genital-mutilation-in-the-united-states,s0071,FGM,not_argument,none,model
female-genital-mutilation-in-the-united-states,s0072,FGM,not_argument,none,model
female-genital-mutilation-in-the-united-states,s0073,FGM,not_argument,anti,model
female-genital-mutilation-in-the-united-states,s0074,FGM,not_argument,none,model
female-genital-mutilation-in-the-united-states,s0075,FGM,not_argument,none,model
female-genital-mutilation-in-the-united-states,s0076,FGM,not_argument,none,model
female-genital-mutilation-in-the-united-states,s0077,FGM,not_argument,none,model
female-genital-mutilation-in-the-united-states,s0078,FGM,not_argument,none,model
female-genital-mutilation-in-the-united-states,s0079,FGM,not_argument,anti,model
female-genital-mutilation-in-the-united-states,s0080,FGM,not_argument,none,model
female-genital-mutilation-in-the-united-states,s0081,FGM,not_argument,none,model
female-genital-mutilation-in-the-united-states,s0082,FGM,not_argument,anti,model
female-genital-mutilation-in-the-united-states,s0083,FGM,not_argument,none,model
female-genital-mutilation-in-the-united-states,s0084,FGM,not_argument,none,model
female-genital-mutilation-in-the-united-states,s0085,FGM,not_argument,none,model
female-genital-mutilation-in-the-united-states,s0086,FGM,not_argument,none,model
female-genital-mutilation-in-the-united-states,s0087,FGM,not_argument,none,model
female-genital-mutilation-in-the-united-states,s0088,FGM,not_argument,anti,model
female-genital-mutilation-in-the-united-states,s0089,FGM,not_argument,none,model
female-genital-mutilation-in-the-united-states,s0090,FGM,not_argument,none,model
female-genital-mutilation-in-the-united-states,s0091,FGM,not_argument,anti,model
female-genital-mutilation-in-the-united-states,s0092,FGM,not_argument,none,model
female-genital-mutilation-in-the-united-states,s0093,FGM,not_argument,none,model
female-genital-mutilation-in-the-united-states,s0094,FGM,not_argument,none,model
female-genital-mutilation-in-the-united-states,s0095,FGM,not_argument,anti,model
female-genital-mutilation-in-the-united-states,s0096,FGM,not_argument,anti,model
female-genital-mutilation-in-the-united-states,s0097,FGM,not_argument,none,model
female-genital-mutilation-in-the-united-states,s0098,FGM,not_argument,anti,model
female-genital-mutilation-in-the-united-states,s0099,FGM,not_argument,none,model
female-genital-mutilation-in-the-united-states,s0100,FGM,not_argument,anti,model
female-genital-mutilation-in-the-united-states,s0101,FGM,not_argument,none,model
female-genital-mutilation-in-the-united-states,s0102,FGM,not_argument,none,model
female-genital-mutilation-in-the-united-states,s0103,FGM,not_argument,none,model
female-genital-mutilation-in-the-united-states,s0104,FGM,not_argument,none,model
female-genital-mutilation-in-the-united-states,s0105,FGM,not_argument,none,model
female-genital-mutilation-in-the-united-states,s0106,FGM,not_argument,none,model
female-genital-mutilation-in-the-united-states,s0107,FGM,not_argument,none,model
female-genital-mutilation-in-the-united-states,s0108,FGM,not_argument,anti,model
female-genital-mutilation-in-the-united-states,s0109,FGM,not_argument,none,model
female-genital-mutilation-in-the-united-states,s0110,FGM,not_argument,anti,model
female-genital-mutilation-in-the-united-states,s0111,FGM,not_argument,anti,model
female-genital-mutilation-in-the-united-states,s0112,FGM,not_argument,none,model
female-genital-mutilation-in-the-united-states,s0113,FGM,not_argument,none,model
female-genital-mutilation-in-the-united-states,s0114,FGM,not_argument,none,model
female-genital-mutilation-in-the-united-states,s0115,FGM,not_argument,none,model
female-genital-mutilation-in-the-united-states,s0116,FGM,not_argument,anti,model
female-genital-mutilation-in-the-united-states,s0117,FGM,not_argument,none,model
female-genital-mutilation-in-the-united-states,s0118,FGM,not_argument,none,model
female-genital-mutilation-in-the-united-states,s0119,FGM,not_argument,none,model
female-genital-mutilation-in-the-united-states,s0120,FGM,not_argument,none,model
female-genital-mutilation-in-the-united-states,s0121,FGM,not_argument,mixed,model
female-genital-mutilation-in-the-united-states,s0122,FGM,not_argument,anti,model
female-genital-mutilation-in-the-united-states,s0123,FGM,not_argument,none,model
female-genital-mutilation-in-the-united-states,s0124,FGM,not_argument,none,model
female-genital-mutilation-in-the-united-states,s0125,FGM,not_argument,none,model
female-genital-mutilation-in-the-united-states,s0126,FGM,not_argument,none,model
female-genital-mutilation-in-the-united-states,s0127,FGM,not_argument,none,model
female-genital-mutilation-in-the-united-states,s0128,FGM,not_argument,none,model
female-genital-mutilation-in-the-united-states,s0129,FGM,not_argument,none,model
female-genital-mutilation-in-the-united-states,s0130,FGM,not_argument,anti,model
female-genital-mutilation-in-the-united-states,s0131,FGM,not_argument,none,model
female-genital-mutilation-in-the-united-states,s0132,FGM,not_argument,none,model
female-genital-mutilation-in-the-united-states,s0133,FGM,not_argument,none,model
female-genital-mutilation-in-the-united-states,s0134,FGM,not_argument,none,model
female-genital-mutilation-in-the-united-states,s0135,FGM,not_argument,none,model
female-genital-mutilation-in-the-united-states,s0136,FGM,not_argument,none,model
female-genital-mutilation-in-the-united-states,s0137,FGM,not_argument,anti,model
female-genital-mutilation-in-the-united-states,s0138,FGM,not_argument,none,model
female-genital-mutilation-in-the-united-states,s0139,FGM,not_argument,anti,model
female-genital-mutilation-in-the-united-states,s0140,FGM,not_argument,none,model
female-genital-mutilation-in-the-united-states,s0141,FGM,anti,anti,model
female-genital-mutilation-in-the-united-states,s0142,FGM,anti,anti,model
female-genital-mutilation-in-the-united-states,s0143,FGM,anti,none,model
female-genital-mutilation-in-the-united-states,s0144,FGM,anti,anti,model
female-genital-mutilation-in-the-united-states,s0145,FGM,not_argument,none,model
female-genital-mutilation-in-the-united-states,s0146,FGM,anti,none,model
female-genital-mutilation-in-the-united-states,s0147,FGM,anti,anti,model
female-genital-mutilation-in-the-united-states,s0148,FGM,anti,mixed,model
female-genital-mutilation-in-the-united-states,s0149,FGM,not_argument,none,model
female-genital-mutilation-in-the-united-states,s0150,FGM,anti,mixed,model
female-genital-mutilation-in-the-united-states,s0151,FGM,anti,mixed,model
female-genital-mutilation-in-the-united-states,s0152,FGM,anti,none,model
female-genital-mutilation-in-the-united-states,s0153,FGM,not_argument,none,model
female-genital-mutilation-in-the-united-states,s0154,FGM,anti,none,model
female-genital-mutilation-in-the-united-states,s0155,FGM,anti,none,model
female-genital-mutilation-in-the-united-states,s0156,FGM,anti,none,model
female-genital-mutilation-in-the-united-states,s0157,FGM,anti,anti,model
female-genital-mutilation-in-the-united-states,s0158,FGM,not_argument,none,model
female-genital-mutilation-in-the-united-states,s0159,FGM,anti,anti,model
female-genital-mutilation-in-the-united-states,s0160,FGM,anti,anti,model
female-genital-mutilation-in-the-united-states,s0161,FGM,anti,anti,model
female-genital-mutilation-in-the-united-states,s0162,FGM,not_argument,none,model
female-genital-mutilation-in-the-united-states,s0163,FGM,anti,anti,model
female-genital-mutilation-in-the-united-states,s0164,FGM,anti,none,model
female-genital-mutilation-in-the-united-states,s0165,FGM,anti,anti,model
female-genital-mutilation-in-the-united-states,s0166,FGM,anti,none,model
female-genital-mutilation-in-the-united-states,s0167,FGM,not_argument,none,model
female-genital-mutilation-in-the-united-states,s0168,FGM,pro,none,model
female-genital-mutilation-in-the-united-states,s0169,FGM,pro,none,model
female-genital-mutilation-in-the-united-states,s0170,FGM,not_argument,none,model
female-genital-mutilation-in-the-united-states,s0171,FGM,pro,none,model
female-genital-mutilation-in-the-united-states,s0172,FGM,pro,none,model
female-genital-mutilation-in-the-united-states,s0173,FGM,not_argument,none,model
female-genital-mutilation-in-the-united-states,s0174,FGM,not_argument,none,model
female-genital-mutilation-in-the-united-states,s0175,FGM,pro,mixed,model
female-genital-mutilation-in-the-united-states,s0176,FGM,not_argument,none,model
female-genital-mutilation-in-the-united-states,s0177,FGM,not_argument,none,model
female-genital-mutilation-in-the-united-states,s0178,FGM,not_argument,none,model
female-genital-mutilation-in-the-united-states,s0179,FGM,not_argument,none,model
female-genital-mutilation-in-the-united-states,s0180,FGM,pro,pro,model
female-genital-mutilation-in-the-united-states,s0181,FGM,anti,pro,model
female-genital-mutilation-in-the-united-states,s0182,FGM,not_argument,none,model
female-genital-mutilation-in-the-united-states,s0183,FGM,not_argument,mixed,model
female-genital-mutilation-in-the-united-states,s0184,FGM,anti,pro,model
female-genital-mutilation-in-the-united-states,s0185,FGM,pro,none,model
female-genital-mutilation-in-the-united-states,s0186,FGM,not_argument,none,model
female-genital-mutilation-in-the-united-states,s0187,FGM,not_argument,none,model
female-genital-mutilation-in-the-united-states,s0188,FGM,pro,anti,model
female-genital-mutilation-in-the-united-states,s0189,FGM,anti,anti,model
female-genital-mutilation-in-the-united-states,s0190,FGM,anti,none,model
female-genital-mutilation-in-the-united-states,s0191,FGM,not_argument,none,model
female-genital-mutilation-in-the-united-states,s0192,FGM,anti,anti,model
female-genital-mutilation-in-the-united-states,s0193,FGM,anti,mixed,model
female-genital-mutilation-in-the-united-states,s0194,FGM,anti,pro,model
female-genital-mutilation-in-the-united-states,s0195,FGM,not_argument,none,model
female-genital-mutilation-in-the-united-states,s0196,FGM,anti,anti,model
female-genital-mutilation-in-the-united-states,s0197,FGM,anti,anti,model
female-genital-mutilation-in-the-united-states,s0198,FGM,anti,mixed,model
female-genital-mutilation-in-the-united-states,s0199,FGM,not_argument,none,model
female-genital-mutilation-in-the-united-states,s0200,FGM,anti,mixed,model
female-genital-mutilation-in-the-united-states,s0201,FGM,pro,pro,model
female-genital-mutilation-in-the-united-states,s0202,FGM,anti,anti,model
female-genital-mutilation-in-the-united-states,s0203,FGM,not_argument,none,model
female-genital-mutilation-in-the-united-states,s0204,FGM,not_argument,pro,model
female-genital-mutilation-in-the-united-states,s0205,FGM,not_argument,pro,model
female-genital-mutilation-in-the-united-states,s0206,FGM,not_argument,none,model
female-genital-mutilation-in-the-united-states,s0207,FGM,not_argument,anti,model
female-genital-mutilation-in-the-united-states,s0208,FGM,not_argument,none,model
female-genital-mutilation-in-the-united-states,s0209,FGM,anti,pro,model
female-genital-mutilation-in-the-united-states,s0210,FGM,anti,mixed,model
female-genital-mutilation-in-the-united-states,s0211,FGM,not_argument,mixed,model
female-genital-mutilation-in-the-united-states,s0212,FGM,not_argument,none,model
female-genital-mutilation-in-the-united-states,s0213,FGM,not_argument,none,model
female-genital-mutilation-in-the-united-states,s0214,FGM,not_argument,none,model
female-genital-mutilation-in-the-united-states,s0215,FGM,not_argument,none,model
female-genital-mutilation-in-the-united-states,s0216,FGM,not_argument,anti,model
female-genital-mutilation-in-the-united-states,s0217,FGM,not_argument,none,model
female-genital-mutilation-in-the-united-states,s0218,FGM,not_argument,pro,model
female-genital-mutilation-in-the-united-states,s0219,FGM,not_argument,anti,model
female-genital-mutilation-in-the-united-states,s0220,FGM,anti,mixed,model
female-genital-mutilation-in-the-united-states,s0221,FGM,not_argument,none,model
female-genital-mutilation-in-the-united-states,s0222,FGM,not_argument,none,model
female-genital-mutilation-in-the-united-states,s0223,FGM,not_argument,none,model
female-genital-mutilation-in-the-united-states,s0224,FGM,not_argument,none,model
female-genital-mutilation-in-the-united-states,s0225,FGM,not_argument,none,model
female-genital-mutilation-in-the-united-states,s0226,FGM,not_argument,none,model
female-genital-mutilation-in-the-united-states,s0227,FGM,not_argument,none,model
female-genital-mutilation-in-the-united-states,s0228,FGM,not_argument,anti,model
female-genital-mutilation-in-the-united-states,s0229,FGM,not_argument,anti,model
female-genital-mutilation-in-the-united-states,s0230,FGM,not_argument,none,model
female-genital-mutilation-in-the-united-states,s0231,FGM,not_argument,none,model
female-genital-mutilation-in-the-united-states,s0232,FGM,not_argument,none,model
female-genital-mutilation-in-the-united-states,s0233,FGM,not_argument,none,model
female-genital-mutilation-in-the-united-states,s0234,FGM,not_argument,none,model
female-genital-mutilation-in-the-united-states,s0235,FGM,not_argument,none,model
female-genital-mutilation-in-the-united-states,s0236,FGM,not_argument,none,model
female-genital-mutilation-in-the-united-states,s0237,FGM,not_argument,none,model
female-genital-mutilation-in-the-united-states,s0238,FGM,not_argument,none,model
female-genital-mutilation-in-the-united-states,s0239,FGM,not_argument,none,model
female-genital-mutilation-in-the-united-states,s0240,FGM,not_argument,none,model
female-genital-mutilation-in-the-united-states,s0241,FGM,not_argument,none,model
female-genital-mutilation-in-the-united-states,s0242,FGM,not_argument,none,model
female-genital-mutilation-in-the-united-states,s0243,FGM,not_argument,anti,model
female-genital-mutilation-in-the-united-states,s0244,FGM,not_argument,none,model
female-genital-mutilation-in-the-united-states,s0245,FGM,not_argument,none,model
female-genital-mutilation-in-the-united-states,s0246,FGM,not_argument,none,model
female-genital-mutilation-in-the-united-states,s0247,FGM,not_argument,none,model
female-genital-mutilation-in-the-united-states,s0248,FGM,not_argument,anti,model
female-genital-mutilation-in-the-united-states,s0249,FGM,not_argument,none,model
female-genital-mutilation-in-the-united-states,s0250,FGM,not_argument,none,model
female-genital-mutilation-laws-by-country,s0001,FGM,not_argument,anti,model
female-genital-mutilation-laws-by-country,s0002,FGM,not_argument,none,model
female-genital-mutilation-laws-by-country,s0003,FGM,not_argument,anti,model
female-genital-mutilation-laws-by-country,s0004,FGM,not_argument,mixed,model
female-genital-mutilation-laws-by-country,s0005,FGM,not_argument,anti,model
female-genital-mutilation-laws-by-country,s0006,FGM,not_argument,none,model
female-genital-mutilation-laws-by-country,s0007,FGM,not_argument,anti,model
female-genital-mutilation-laws-by-country,s0008,FGM,not_argument,none,model
female-genital-mutilation-laws-by-country,s0009,FGM,not_argument,none,model
female-genital-mutilation-laws-by-country,s0010,FGM,not_argument,none,model
female-genital-mutilation-laws-by-country,s0011,FGM,not_argument,none,model
female-genital-mutilation-laws-by-country,s0012,FGM,not_argument,none,model
female-genital-mutilation-laws-by-country,s0013,FGM,anti,anti,model
female-genital-mutilation-laws-by-country,s0014,FGM,not_argument,none,model
female-genital-mutilation-laws-by-country,s0015,FGM,not_argument,none,model
female-genital-mutilation-laws-by-country,s0016,FGM,not_argument,none,model
female-genital-mutilation-laws-by-country,s0017,FGM,anti,anti,model
female-genital-mutilation-laws-by-country,s0018,FGM,not_argument,none,model
female-genital-mutilation-laws-by-country,s0019,FGM,not_argument,none,model
female-genital-mutilation-laws-by-country,s0020,FGM,not_argument,none,model
female-genital-mutilation-laws-by-country,s0021,FGM,anti,none,model
female-genital-mutilation-laws-by-country,s0022,FGM,not_argument,none,model
female-genital-mutilation-laws-by-country,s0023,FGM,not_argument,mixed,model
female-genital-mutilation-laws-by-country,s0024,FGM,anti,mixed,model
female-genital-mutilation-laws-by-country,s0025,FGM,not_argument,none,model
female-genital-mutilation-laws-by-country,s0026,FGM,not_argument,none,model
female-genital-mutilation-laws-by-country,s0027,FGM,not_argument,none,model
female-genital-mutilation-laws-by-country,s0028,FGM,not_argument,none,model
female-genital-mutilation-laws-by-country,s0029,FGM,not_argument,anti,model
female-genital-mutilation-laws-by-country,s0030,FGM,anti,anti,model
female-genital-mutilation-laws-by-country,s0031,FGM,not_argument,none,model
female-genital-mutilation-laws-by-country,s0032,FGM,not_argument,none,model
female-genital-mutilation-laws-by-country,s0033,FGM,anti,anti,model
female-genital-mutilation-laws-by-country,s0034,FGM,anti,mixed,model
female-genital-mutilation-laws-by-country,s0035,FGM,not_argument,none,model
female-genital-mutilation-laws-by-country,s0036,FGM,not_argument,pro,model
female-genital-mutilation-laws-by-country,s0037,FGM,pro,mixed,model
female-genital-mutilation-laws-by-country,s0038,FGM,anti,anti,model
female-genital-mutilation-laws-by-country,s0039,FGM,not_argument,none,model
female-genital-mutilation-laws-by-country,s0040,FGM,not_argument,mixed,model
female-genital-mutilation-laws-by-country,s0041,FGM,anti,anti,model
female-genital-mutilation-laws-by-country,s0042,FGM,anti,pro,model
female-genital-mutilation-laws-by-country,s0043,FGM,anti,mixed,model
female-genital-mutilation-laws-by-country,s0044,FGM,not_argument,none,model
female-genital-mutilation-laws-by-country,s0045,FGM,not_argument,anti,model
female-genital-mutilation-laws-by-country,s0046,FGM,not_argument,anti,model
female-genital-mutilation-laws-by-country,s0047,FGM,not_argument,none,model
female-genital-mutilation-laws-by-country,s0048,FGM,anti,mixed,model
female-genital-mutilation-laws-by-country,s0049,FGM,not_argument,mixed,model
female-genital-mutilation-laws-by-country,s0050,FGM,not_argument,none,model
female-genital-mutilation-laws-by-country,s0051,FGM,not_argument,none,model
female-genital-mutilation-laws-by-country,s0052,FGM,not_argument,anti,model
female-genital-mutilation-laws-by-country,s0053,FGM,not_argument,anti,model
female-genital-mutilation-laws-by-country,s0054,FGM,not_argument,none,model
female-genital-mutilation-laws-by-country,s0055,FGM,not_argument,none,model
female-genital-mutilation-laws-by-country,s0056,FGM,not_argument,none,model
female-genital-mutilation-laws-by-country,s0057,FGM,not_argument,anti,model
female-genital-mutilation-laws-by-country,s0058,FGM,not_argument,pro,model
female-genital-mutilation-laws-by-country,s0059,FGM,not_argument,anti,model
female-genital-mutilation-laws-by-country,s0060,FGM,not_argument,none,model
female-genital-mutilation-laws-by-country,s0061,FGM,not_argument,none,model
female-genital-mutilation-laws-by-country,s0062,FGM,not_argument,anti,model
female-genital-mutilation-laws-by-country,s0063,FGM,not_argument,none,model
female-genital-mutilation-laws-by-country,s0064,FGM,anti,anti,model
female-genital-mutilation-laws-by-country,s0065,FGM,not_argument,none,model
female-genital-mutilation-laws-by-country,s0066,FGM,not_argument,anti,model
female-genital-mutilation-laws-by-country,s0067,FGM,not_argument,none,model
female-genital-mutilation-laws-by-country,s0068,FGM,not_argument,none,model
female-genital-mutilation-laws-by-country,s0069,FGM,not_argument,none,model
female-genital-mutilation-laws-by-country,s0070,FGM,not_argument,anti,model
female-genital-mutilation-laws-by-country,s0071,FGM,not_argument,none,model
female-genital-mutilation-laws-by-country,s0072,FGM,not_argument,none,model
female-genital-mutilation-laws-by-country,s0073,FGM,not_argument,none,model
female-genital-mutilation-laws-by-country,s0074,FGM,not_argument,anti,model
female-genital-mutilation-laws-by-country,s0075,FGM,not_argument,none,model
female-genital-mutilation-laws-by-country,s0076,FGM,not_argument,none,model
female-genital-mutilation-laws-by-country,s0077,FGM,not_argument,none,model
female-genital-mutilation-laws-by-country,s0078,FGM,not_argument,none,model
female-genital-mutilation-laws-by-country,s0079,FGM,not_argument,none,model
female-genital-mutilation-laws-by-country,s0080,FGM,not_argument,none,model
female-genital-mutilation-laws-by-country,s0081,FGM,not_argument,anti,model
female-genital-mutilation-laws-by-country,s0082,FGM,not_argument,none,model
female-genital-mutilation-laws-by-country,s0083,FGM,not_argument,none,model
female-genital-mutilation-laws-by-country,s0084,FGM,not_argument,none,model
female-genital-mutilation-laws-by-country,s0085,FGM,not_argument,none,model
female-genital-mutilation-laws-by-country,s0086,FGM,not_argument,none,model
female-genital-mutilation-laws-by-country,s0087,FGM,anti,mixed,model
female-genital-mutilation-laws-by-country,s0088,FGM,not_argument,anti,model
female-genital-mutilation-laws-by-country,s0089,FGM,not_argument,none,model
female-genital-mutilation-laws-by-country,s0090,FGM,not_argument,none,model
female-genital-mutilation-laws-by-country,s0091,FGM,not_argument,none,model
female-genital-mutilation-laws-by-country,s0092,FGM,not_argument,none,model
female-genital-mutilation-laws-by-country,s0093,FGM,not_argument,anti,model
female-genital-mutilation-laws-by-country,s0094,FGM,not_argument,none,model
female-genital-mutilation-laws-by-country,s0095,FGM,not_argument,none,model
female-genital-mutilation-laws-by-country,s0096,FGM,not_argument,none,model
female-genital-mutilation-laws-by-country,s0097,FGM,not_argument,none,model
female-genital-mutilation-laws-by-country,s0098,FGM,anti,pro,model
female-genital-mutilation-laws-by-country,s0099,FGM,not_argument,none,model
female-genital-mutilation-laws-by-country,s0100,FGM,not_argument,anti,model
female-genital-mutilation-laws-by-country,s0101,FGM,not_argument,none,model
female-genital-mutilation-laws-by-country,s0102,FGM,not_argument,none,model
female-genital-mutilation-laws-by-country,s0103,FGM,not_argument,none,model
female-genital-mutilation-laws-by-country,s0104,FGM,not_argument,none,model
female-genital-mutilation-laws-by-country,s0105,FGM,not_argument,none,model
female-genital-mutilation-laws-by-country,s0106,FGM,not_argument,pro,model
female-genital-mutilation-laws-by-country,s0107,FGM,not_argument,mixed,model
female-genital-mutilation-laws-by-country,s0108,FGM,not_argument,none,model
female-genital-mutilation-laws-by-country,s0109,FGM,not_argument,none,model
female-genital-mutilation-laws-by-country,s0110,FGM,not_argument,none,model
female-genital-mutilation-laws-by-country,s0111,FGM,not_argument,none,model
female-genital-mutilation-laws-by-country,s0112,FGM,not_argument,none,model
female-genital-mutilation-laws-by-country,s0113,FGM,not_argument,none,model
female-genital-mutilation-laws-by-country,s0114,FGM,not_argument,none,model
female-genital-mutilation-laws-by-country,s0115,FGM,not_argument,none,model
female-genital-mutilation-laws-by-country,s0116,FGM,not_argument,none,model
female-genital-mutilation-laws-by-country,s0117,FGM,not_argument,none,model
female-genital-mutilation-laws-by-country,s0118,FGM,not_argument,none,model
female-genital-mutilation-laws-by-country,s0119,FGM,not_argument,none,model
female-genital-mutilation-laws-by-country,s0120,FGM,not_argument,none,model
female-genital-mutilation-laws-by-country,s0121,FGM,not_argument,none,model
female-genital-mutilation-laws-by-country,s0122,FGM,not_argument,none,model
female-genital-mutilation-laws-by-country,s0123,FGM,not_argument,anti,model
female-genital-mutilation-laws-by-country,s0124,FGM,not_argument,none,model
female-genital-mutilation-laws-by-country,s0125,FGM,not_argument,none,model
female-genital-mutilation-laws-by-country,s0126,FGM,not_argument,none,model
female-genital-mutilation-laws-by-country,s0127,FGM,not_argument,none,model
female-genital-mutilation-laws-by-country,s0128,FGM,not_argument,anti,model
female-genital-mutilation-laws-by-country,s0129,FGM,not_argument,anti,model
female-genital-mutilation-laws-by-country,s0130,FGM,not_argument,none,model
female-genital-mutilation-laws-by-country,s0131,FGM,not_argument,none,model
female-genital-mutilation-laws-by-country,s0132,FGM,not_argument,pro,model
female-genital-mutilation-laws-by-country,s0133,FGM,not_argument,none,model
female-genital-mutilation-laws-by-country,s0134,FGM,not_argument,none,model
female-genital-mutilation-laws-by-country,s0135,FGM,not_argument,none,model
female-genital-mutilation-laws-by-country,s0136,FGM,not_argument,none,model
female-genital-mutilation-laws-by-country,s0137,FGM,not_argument,none,model
female-genital-mutilation-laws-by-country,s0138,FGM,not_argument,none,model
female-genital-mutilation-laws-by-country,s0139,FGM,not_argument,none,model
female-genital-mutilation-laws-by-country,s0140,FGM,not_argument,none,model
female-genital-mutilation-laws-by-country,s0141,FGM,not_argument,none,model
female-genital-mutilation-laws-by-country,s0142,FGM,not_argument,none,model
female-genital-mutilation-laws-by-country,s0143,FGM,not_argument,none,model
female-genital-mutilation-laws-by-country,s0144,FGM,not_argument,none,model
female-genital-mutilation-laws-by-country,s0145,FGM,not_argument,none,model
female-genital-mutilation-laws-by-country,s0146,FGM,not_argument,none,model
female-genital-mutilation-laws-by-country,s0147,FGM,not_argument,none,model
female-genital-mutilation-laws-by-country,s0148,FGM,not_argument,none,model
female-genital-mutilation-laws-by-country,s0149,FGM,not_argument,none,model
female-genital-mutilation-laws-by-country,s0150,FGM,not_argument,anti,model
female-genital-mutilation-laws-by-country,s0151,FGM,not_argument,none,model
female-genital-mutilation-laws-by-country,s0152,FGM,not_argument,none,model
female-genital-mutilation-laws-by-country,s0153,FGM,not_argument,none,model
female-genital-mutilation-laws-by-country,s0154,FGM,not_argument,none,model
female-genital-mutilation-laws-by-country,s0155,FGM,not_argument,none,model
female-genital-mutilation-laws-by-country,s0156,FGM,not_argument,none,model
female-genital-mutilation-laws-by-country,s0157,FGM,not_argument,none,model
female-genital-mutilation-laws-by-country,s0158,FGM,not_argument,none,model
female-genital-mutilation-laws-by-country,s0159,FGM,not_argument,none,model
female-genital-mutilation-laws-by-country,s0160,FGM,not_argument,none,model
female-genital-mutilation-laws-by-country,s0161,FGM,not_argument,none,model
female-genital-mutilation-laws-by-country,s0162,FGM,not_argument,none,model
female-genital-mutilation-laws-by-country,s0163,FGM,not_argument,anti,model
female-genital-mutilation-laws-by-country,s0164,FGM,not_argument,none,model
female-genital-mutilation-laws-by-country,s0165,FGM,not_argument,none,model
female-genital-mutilation-laws-by-country,s0166,FGM,not_argument,none,model
female-genital-mutilation-laws-by-country,s0167,FGM,not_argument,none,model
female-genital-mutilation-laws-by-country,s0168,FGM,not_argument,none,model
female-genital-mutilation-laws-by-country,s0169,FGM,not_argument,none,model
female-genital-mutilation-laws-by-country,s0170,FGM,not_argument,none,model
female-genital-mutilation-laws-by-country,s0171,FGM,not_argument,none,model
female-genital-mutilation-laws-by-country,s0172,FGM,not_argument,none,model
female-genital-mutilation-laws-by-country,s0173,FGM,not_argument,none,model
female-genital-mutilation-laws-by-country,s0174,FGM,not_argument,none,model
female-genital-mutilation-laws-by-country,s0175,FGM,not_argument,none,model
female-genital-mutilation-laws-by-country,s0176,FGM,not_argument,none,model
female-genital-mutilation-laws-by-country,s0177,FGM,not_argument,none,model
female-genital-mutilation-laws-by-country,s0178,FGM,not_argument,none,model
female-genital-mutilation-laws-by-country,s0179,FGM,not_argument,none,model
female-genital-mutilation-laws-by-country,s0180,FGM,not_argument,none,model
female-genital-mutilation-laws-by-country,s0181,FGM,not_argument,none,model
female-genital-mutilation-laws-by-country,s0182,FGM,not_argument,none,model
female-genital-mutilation-laws-by-country,s0183,FGM,not_argument,none,model
female-genital-mutilation-laws-by-country,s0184,FGM,not_argument,anti,model
female-genital-mutilation-laws-by-country,s0185,FGM,not_argument,none,model
female-genital-mutilation-laws-by-country,s0186,FGM,not_argument,pro,model
female-genital-mutilation-laws-by-country,s0187,FGM,not_argument,anti,model
female-genital-mutilation-laws-by-country,s0188,FGM,not_argument,none,model
female-genital-mutilation-laws-by-country,s0189,FGM,not_argument,pro,model
female-genital-mutilation-laws-by-country,s0190,FGM,not_argument,none,model
female-genital-mutilation-laws-by-country,s0191,FGM,not_argument,none,model
female-genital-mutilation-laws-by-country,s0192,FGM,not_argument,none,model
female-genital-mutilation-laws-by-country,s0193,FGM,not_argument,none,model
female-genital-mutilation-laws-by-country,s0194,FGM,not_argument,anti,model
female-genital-mutilation-laws-by-country,s0195,FGM,not_argument,none,model
female-genital-mutilation-laws-by-country,s0196,FGM,not_argument,none,model
female-genital-mutilation-laws-by-country,s0197,FGM,not_argument,anti,model
female-genital-mutilation-laws-by-country,s0198,FGM,not_argument,none,model
female-genital-mutilation-laws-by-country,s0199,FGM,not_argument,none,model
female-genital-mutilation-laws-by-country,s0200,FGM,not_argument,none,model
female-genital-mutilation-laws-by-country,s0201,FGM,not_argument,anti,model
female-genital-mutilation-laws-by-country,s0202,FGM,not_argument,none,model
female-genital-mutilation-laws-by-country,s0203,FGM,not_argument,none,model
female-genital-mutilation-laws-by-country,s0204,FGM,not_argument,none,model
female-genital-mutilation-laws-by-country,s0205,FGM,not_argument,none,model
female-genital-mutilation-laws-by-country,s0206,FGM,not_argument,none,model
female-genital-mutilation-laws-by-country,s0207,FGM,not_argument,anti,model
female-genital-mutilation-laws-by-country,s0208,FGM,not_argument,none,model
female-genital-mutilation-laws-by-country,s0209,FGM,not_argument,anti,model
female-genital-mutilation-laws-by-country,s0210,FGM,not_argument,none,model
female-genital-mutilation-laws-by-country,s0211,FGM,not_argument,anti,model
female-genital-mutilation-laws-by-country,s0212,FGM,not_argument,none,model
female-genital-mutilation-laws-by-country,s0213,FGM,not_argument,none,model
female-genital-mutilation-laws-by-country,s0214,FGM,not_argument,none,model
female-genital-mutilation-laws-by-country,s0215,FGM,not_argument,pro,model
female-genital-mutilation-laws-by-country,s0216,FGM,not_argument,none,model
female-genital-mutilation-laws-by-country,s0217,FGM,not_argument,none,model
female-genital-mutilation-laws-by-country,s0218,FGM,not_argument,none,model
female-genital-mutilation-laws-by-country,s0219,FGM,not_argument,none,model
female-genital-mutilation-laws-by-country,s0220,FGM,not_argument,none,model
female-genital-mutilation-laws-by-country,s0221,FGM,not_argument,pro,model
female-genital-mutilation-laws-by-country,s0222,FGM,not_argument,none,model
female-genital-mutilation-laws-by-country,s0223,FGM,not_argument,none,model
female-genital-mutilation-laws-by-country,s0224,FGM,not_argument,pro,model
female-genital-mutilation-laws-by-country,s0225,FGM,not_argument,pro,model
female-genital-mutilation-laws-by-country,s0226,FGM,not_argument,none,model
female-genital-mutilation-laws-by-country,s0227,FGM,not_argument,none,model
female-genital-mutilation-laws-by-country,s0228,FGM,not_argument,pro,model
female-genital-mutilation-laws-by-country,s0229,FGM,not_argument,none,model
female-genital-mutilation-laws-by-country,s0230,FGM,not_argument,none,model
female-genital-mutilation-laws-by-country,s0231,FGM,not_argument,none,model
female-genital-mutilation-laws-by-country,s0232,FGM,not_argument,none,model
female-genital-mutilation-laws-by-country,s0233,FGM,not_argument,none,model
female-genital-mutilation-laws-by-country,s0234,FGM,not_argument,none,model
female-genital-mutilation-laws-by-country,s0235,FGM,not_argument,none,model
female-genital-mutilation-laws-by-country,s0236,FGM,not_argument,none,model
female-genital-mutilation-laws-by-country,s0237,FGM,not_argument,none,model
female-genital-mutilation-laws-by-country,s0238,FGM,not_argument,none,model
female-genital-mutilation-laws-by-country,s0239,FGM,pro,pro,model
female-genital-mutilation-laws-by-country,s0240,FGM,pro,none,model
female-genital-mutilation-laws-by-country,s0241,FGM,pro,none,model
female-genital-mutilation-laws-by-country,s0242,FGM,not_argument,none,model
female-genital-mutilation-laws-by-country,s0243,FGM,not_argument,none,model
female-genital-mutilation-laws-by-country,s0244,FGM,not_argument,none,model
female-genital-mutilation-laws-by-country,s0245,FGM,not_argument,none,model
female-genital-mutilation-laws-by-country,s0246,FGM,not_argument,none,model
female-genital-mutilation-laws-by-country,s0247,FGM,not_argument,none,model
female-genital-mutilation-laws-by-country,s0248,FGM,not_argument,none,model
female-genital-mutilation-laws-by-country,s0249,FGM,not_argument,none,model
female-genital-mutilation-laws-by-country,s0250,FGM,not_argument,mixed,model
female-genital-mutilation-laws-by-country,s0251,FGM,not_argument,none,model
female-genital-mutilation-laws-by-country,s0252,FGM,not_argument,none,model
female-genital-mutilation-laws-by-country,s0253,FGM,anti,anti,model
female-genital-mutilation-laws-by-country,s0254,FGM,anti,anti,model
female-genital-mutilation-laws-by-country,s0255,FGM,anti,mixed,model
female-genital-mutilation-laws-by-country,s0256,FGM,not_argument,none,model
female-genital-mutilation-laws-by-country,s0257,FGM,pro,pro,model
female-genital-mutilation-laws-by-country,s0258,FGM,pro,mixed,model
female-genital-mutilation-laws-by-country,s0259,FGM,not_argument,mixed,model
female-genital-mutilation-laws-by-country,s0260,FGM,anti,mixed,model
female-genital-mutilation-laws-by-country,s0261,FGM,anti,mixed,model
female-genital-mutilation-laws-by-country,s0262,FGM,not_argument,none,model
female-genital-mutilation-laws-by-country,s0263,FGM,not_argument,none,model
female-genital-mutilation-laws-by-country,s0264,FGM,not_argument,pro,model
female-genital-mutilation-laws-by-country,s0265,FGM,not_argument,pro,model
female-genital-mutilation-laws-by-country,s0266,FGM,anti,mixed,model
female-genital-mutilation-laws-by-country,s0267,FGM,pro,pro,model
female-genital-mutilation-laws-by-country,s0268,FGM,not_argument,pro,model
female-genital-mutilation-laws-by-country,s0269,FGM,anti,pro,model
female-genital-mutilation-laws-by-country,s0270,FGM,not_argument,none,model
female-genital-mutilation-laws-by-country,s0271,FGM,anti,pro,model
female-genital-mutilation-laws-by-country,s0272,FGM,anti,mixed,model
female-genital-mutilation-laws-by-country,s0273,FGM,anti,anti,model
female-genital-mutilation-laws-by-country,s0274,FGM,not_argument,none,model
female-genital-mutilation-laws-by-country,s0275,FGM,anti,mixed,model
female-genital-mutilation-laws-by-country,s0276,FGM,anti,anti,model
female-genital-mutilation-laws-by-country,s0277,FGM,anti,anti,model
female-genital-mutilation-laws-by-country,s0278,FGM,not_argument,none,model
female-genital-mutilation-laws-by-country,s0279,FGM,anti,anti,model
female-genital-mutilation-laws-by-country,s0280,FGM,anti,none,model
female-genital-mutilation-laws-by-country,s0281,FGM,anti,anti,model
female-genital-mutilation-laws-by-country,s0282,FGM,anti,none,model
female-genital-mutilation-laws-by-country,s0283,FGM,not_argument,none,model
female-genital-mutilation-laws-by-country,s0284,FGM,not_argument,anti,model
female-genital-mutilation-laws-by-country,s0285,FGM,not_argument,none,model
female-genital-mutilation-laws-by-country,s0286,FGM,not_argument,anti,model
female-genital-mutilation-laws-by-country,s0287,FGM,not_argument,none,model
female-genital-mutilation-laws-by-country,s0288,FGM,not_argument,none,model
female-genital-mutilation-laws-by-country,s0289,FGM,not_argument,none,model
female-genital-mutilation-laws-by-country,s0290,FGM,not_argument,none,model
female-genital-mutilation-laws-by-country,s0291,FGM,not_argument,none,model
female-genital-mutilation-laws-by-country,s0292,FGM,not_argument,none,model
female-genital-mutilation-laws-by-country,s0293,FGM,not_argument,anti,model
female-genital-mutilation-laws-by-country,s0294,FGM,not_argument,mixed,model
female-genital-mutilation-laws-by-country,s0295,FGM,not_argument,none,model
female-genital-mutilation-laws-by-country,s0296,FGM,not_argument,none,model
female-genital-mutilation-laws-by-country,s0297,FGM,pro,none,model
female-genital-mutilation-laws-by-country,s0298,FGM,anti,anti,model
female-genital-mutilation-laws-by-country,s0299,FGM,not_argument,none,model
female-genital-mutilation-laws-by-country,s0300,FGM,not_argument,none,model
female-genital-mutilation-laws-by-country,s0301,FGM,not_argument,none,model
female-genital-mutilation-laws-by-country,s0302,FGM,not_argument,none,model
female-genital-mutilation-laws-by-country,s0303,FGM,not_argument,none,model
female-genital-mutilation-laws-by-country,s0304,FGM,not_argument,none,model
female-genital-mutilation-laws-by-country,s0305,FGM,not_argument,none,model
female-genital-mutilation-laws-by-country,s0306,FGM,not_argument,pro,model
female-genital-mutilation-laws-by-country,s0307,FGM,not_argument,none,model
female-genital-mutilation-laws-by-country,s0308,FGM,not_argument,pro,model
female-genital-mutilation-laws-by-country,s0309,FGM,anti,mixed,model
female-genital-mutilation-laws-by-country,s0310,FGM,not_argument,pro,model
female-genital-mutilation-laws-by-country,s0311,FGM,not_argument,mixed,model
female-genital-mutilation-laws-by-country,s0312,FGM,anti,pro,model
female-genital-mutilation-laws-by-country,s0313,FGM,not_argument,none,model
female-genital-mutilation-laws-by-country,s0314,FGM,not_argument,none,model
female-genital-mutilation-laws-by-country,s0315,FGM,not_argument,none,model
female-genital-mutilation-laws-by-country,s0316,FGM,not_argument,none,model
female-genital-mutilation-laws-by-country,s0317,FGM,not_argument,none,model
female-genital-mutilation-laws-by-country,s0318,FGM,not_argument,none,model
female-genital-mutilation-laws-by-country,s0319,FGM,not_argument,none,model
forced-circumcision,s0001,male,not_argument,anti,model
forced-circumcision,s0002,male,anti,anti,model
forced-circumcision,s0003,male,not_argument,none,model
forced-circumcision,s0004,male,not_argument,none,model
forced-circumcision,s0005,male,anti,anti,model
forced-circumcision,s0006,male,anti,none,model
forced-circumcision,s0007,male,not_argument,none,model
forced-circumcision,s0008,male,anti,anti,model
forced-circumcision,s0009,male,anti,mixed,model
forced-circumcision,s0010,male,anti,mixed,model
forced-circumcision,s0011,male,not_argument,none,model
forced-circumcision,s0012,male,not_argument,none,model
forced-circumcision,s0013,male,not_argument,anti,model
forced-circumcision,s0014,male,anti,anti,model
forced-circumcision,s0015,male,anti,anti,model
forced-circumcision,s0016,male,anti,anti,model
forced-circumcision,s0017,male,not_argument,none,model
forced-circumcision,s0018,male,anti,anti,model
forced-circumcision,s0019,male,not_argument,none,model
forced-circumcision,s0020,male,anti,anti,model
forced-circumcision,s0021,male,not_argument,pro,model
forced-circumcision,s0022,male,anti,none,model
forced-circumcision,s0023,male,not_argument,none,model
forced-circumcision,s0024,male,not_argument,anti,model
forced-circumcision,s0025,male,anti,anti,model
forced-circumcision,s0026,male,anti,none,model
forced-circumcision,s0027,male,not_argument,none,model
forced-circumcision,s0028,male,not_argument,mixed,model
forced-circumcision,s0029,male,anti,anti,model
forced-circumcision,s0030,male,anti,anti,model
forced-circumcision,s0031,male,not_argument,none,model
forced-circumcision,s0032,male,not_argument,none,model
forced-circumcision,s0033,male,anti,anti,model
forced-circumcision,s0034,male,not_argument,none,model
forced-circumcision,s0035,male,not_argument,none,model
forced-circumcision,s0036,male,not_argument,none,model
forced-circumcision,s0037,male,not_argument,none,model
forced-circumcision,s0038,male,not_argument,pro,model
forced-circumcision,s0039,male,not_argument,none,model
forced-circumcision,s0040,male,not_argument,none,model
forced-circumcision,s0041,male,anti,none,model
forced-circumcision,s0042,male,not_argument,none,model
forced-circumcision,s0043,male,not_argument,anti,model
forced-circumcision,s0044,male,not_argument,none,model
forced-circumcision,s0045,male,not_argument,none,model
forced-circumcision,s0046,male,not_argument,none,model
forced-circumcision,s0047,male,anti,anti,model
forced-circumcision,s0048,male,anti,none,model
forced-circumcision,s0049,male,anti,anti,model
forced-circumcision,s0050,male,not_argument,none,model
forced-circumcision,s0051,male,not_argument,none,model
forced-circumcision,s0052,male,anti,none,model
forced-circumcision,s0053,male,anti,mixed,model
forced-circumcision,s0054,male,not_argument,none,model
forced-circumcision,s0055,male,not_argument,none,model
forced-circumcision,s0056,male,anti,none,model
forced-circumcision,s0057,male,anti,none,model
forced-circumcision,s0058,male,not_argument,none,model
forced-circumcision,s0059,male,anti,none,model
forced-circumcision,s0060,male,anti,anti,model
forced-circumcision,s0061,male,anti,anti,model
forced-circumcision,s0062,male,not_argument,none,model
forced-circumcision,s0063,male,not_argument,none,model
forced-circumcision,s0064,male,anti,pro,model
forced-circumcision,s0065,male,anti,anti,model
forced-circumcision,s0066,male,not_argument,none,model
forced-circumcision,s0067,male,anti,none,model
forced-circumcision,s0068,male,anti,anti,model
forced-circumcision,s0069,male,anti,none,model
forced-circumcision,s0070,male,not_argument,none,model
forced-circumcision,s0071,male,not_argument,none,model
forced-circumcision,s0072,male,not_argument,none,model
forced-circumcision,s0073,male,anti,anti,model
forced-circumcision,s0074,male,not_argument,none,model
forced-circumcision,s0075,male,not_argument,none,model
forced-circumcision,s0076,male,anti,anti,model
forced-circumcision,s0077,male,not_argument,none,model
forced-circumcision,s0078,male,not_argument,none,model
forced-circumcision,s0079,male,not_argument,none,model
forced-circumcision,s0080,male,not_argument,pro,model
forced-circumcision,s0081,male,not_argument,none,model
forced-circumcision,s0082,male,not_argument,anti,model
forced-circumcision,s0083,male,not_argument,none,model
forced-circumcision,s0084,male,not_argument,none,model
forced-circumcision,s0085,male,not_argument,none,model
forced-circumcision,s0086,male,not_argument,none,model
forced-circumcision,s0087,male,not_argument,none,model
forced-circumcision,s0088,male,not_argument,none,model
forced-circumcision,s0089,male,not_argument,none,model
forced-circumcision,s0090,male,not_argument,none,model
forced-circumcision,s0091,male,not_argument,anti,model
forced-circumcision,s0092,male,not_argument,none,model
forced-circumcision,s0093,male,not_argument,none,model
forced-circumcision,s0094,male,not_argument,none,model
forced-circumcision,s0095,male,not_argument,anti,model
forced-circumcision,s0096,male,not_argument,none,model
forced-circumcision,s0097,male,not_argument,none,model
forced-circumcision,s0098,male,not_argument,none,model
forced-circumcision,s0099,male,anti,anti,model
forced-circumcision,s0100,male,not_argument,none,model
forced-circumcision,s0101,male,not_argument,none,model
forced-circumcision,s0102,male,not_argument,none,model
forced-circumcision,s0103,male,not_argument,none,model
forced-circumcision,s0104,male,not_argument,none,model
forced-circumcision,s0105,male,not_argument,none,model
forced-circumcision,s0106,male,not_argument,none,model
forced-circumcision,s0107,male,not_argument,none,model
forced-circumcision,s0108,male,not_argument,none,model
forced-circumcision,s0109,male,not_argument,none,model
forced-circumcision,s0110,male,anti,anti,model
forced-circumcision,s0111,male,not_argument,anti,model
forced-circumcision,s0112,male,not_argument,none,model
forced-circumcision,s0113,male,not_argument,none,model
forced-circumcision,s0114,male,not_argument,none,model
forced-circumcision,s0115,male,not_argument,none,model
forced-circumcision,s0116,male,not_argument,none,model
forced-circumcision,s0117,male,not_argument,none,model
forced-circumcision,s0118,male,not_argument,none,model
forced-circumcision,s0119,male,not_argument,none,model
forced-circumcision,s0120,male,not_argument,none,model
forced-circumcision,s0121,male,not_argument,anti,model
forced-circumcision,s0122,male,not_argument,none,model
forced-circumcision,s0123,male,anti,none,model
forced-circumcision,s0124,male,not_argument,none,model
forced-circumcision,s0125,male,not_argument,anti,model
forced-circumcision,s0126,male,not_argument,anti,model
forced-circumcision,s0127,male,anti,anti,model
forced-circumcision,s0128,male,anti,anti,model
forced-circumcision,s0129,male,anti,none,model
forced-circumcision,s0130,male,anti,none,model
forced-circumcision,s0131,male,anti,none,model
forced-circumcision,s0132,male,not_argument,none,model
forced-circumcision,s0133,male,anti,anti,model
forced-circumcision,s0134,male,anti,anti,model
forced-circumcision,s0135,male,anti,anti,model
forced-circumcision,s0136,male,anti,none,model
forced-circumcision,s0137,male,not_argument,none,model
forced-circumcision,s0138,male,not_argument,anti,model
forced-circumcision,s0139,male,not_argument,none,model
forced-circumcision,s0140,male,not_argument,anti,model
forced-circumcision,s0141,male,anti,anti,model
forced-circumcision,s0142,male,not_argument,none,model
forced-circumcision,s0143,male,not_argument,none,model
forced-circumcision,s0144,male,anti,none,model
forced-circumcision,s0145,male,anti,anti,model
forced-circumcision,s0146,male,not_argument,none,model
forced-circumcision,s0147,male,anti,anti,model
forced-circumcision,s0148,male,anti,anti,model
forced-circumcision,s0149,male,anti,pro,model
forced-circumcision,s0150,male,not_argument,none,model
forced-circumcision,s0151,male,not_argument,none,model
forced-circumcision,s0152,male,not_argument,none,model
forced-circumcision,s0153,male,not_argument,none,model
forced-circumcision,s0154,male,not_argument,none,model
forced-circumcision,s0155,male,not_argument,none,model
forced-circumcision,s0156,male,not_argument,anti,model
forced-circumcision,s0157,male,not_argument,none,model
forced-circumcision,s0158,male,not_argument,none,model
forced-circumcision,s0159,male,not_argument,anti,model
forced-circumcision,s0160,male,not_argument,mixed,model
forced-circumcision,s0161,male,not_argument,mixed,model
forced-circumcision,s0162,male,not_argument,mixed,model
forced-circumcision,s0163,male,not_argument,none,model
forced-circumcision,s0164,male,not_argument,anti,model
forced-circumcision,s0165,male,not_argument,anti,model
forced-circumcision,s0166,male,not_argument,none,model
forced-circumcision,s0167,male,not_argument,none,model
forced-circumcision,s0168,male,not_argument,none,model
forced-circumcision,s0169,male,anti,mixed,model
forced-circumcision,s0170,male,not_argument,none,model
forced-circumcision,s0171,male,not_argument,none,model
forced-circumcision,s0172,male,not_argument,anti,model
forced-circumcision,s0173,male,pro,pro,model
forced-circumcision,s0174,male,anti,pro,model
forced-circumcision,s0175,male,pro,pro,model
forced-circumcision,s0176,male,not_argument,none,model
forced-circumcision,s0177,male,pro,pro,model
forced-circumcision,s0178,male,anti,pro,model
forced-circumcision,s0179,male,pro,pro,model
forced-circumcision,s0180,male,not_argument,none,model
forced-circumcision,s0181,male,not_argument,anti,model
forced-circumcision,s0182,male,not_argument,anti,model
forced-circumcision,s0183,male,anti,none,model
forced-circumcision,s0184,male,not_argument,none,model
forced-circumcision,s0185,male,pro,mixed,model
forced-circumcision,s0186,male,not_argument,none,model
forced-circumcision,s0187,male,anti,none,model
forced-circumcision,s0188,male,anti,mixed,model
forced-circumcision,s0189,male,not_argument,none,model
forced-circumcision,s0190,male,anti,none,model
forced-circumcision,s0191,male,pro,none,model
forced-circumcision,s0192,male,not_argument,none,model
forced-circumcision,s0193,male,anti,mixed,model
forced-circumcision,s0194,male,anti,anti,model
forced-circumcision,s0195,male,not_argument,none,model
forced-circumcision,s0196,male,not_argument,none,model
forced-circumcision,s0197,male,anti,anti,model
forced-circumcision,s0198,male,not_argument,none,model
forced-circumcision,s0199,male,pro,anti,model
forced-circumcision,s0200,male,pro,none,model
forced-circumcision,s0201,male,pro,none,model
forced-circumcision,s0202,male,not_argument,none,model
forced-circumcision,s0203,male,not_argument,anti,model
forced-circumcision,s0204,male,anti,anti,model
forced-circumcision,s0205,male,pro,pro,model
forced-circumcision,s0206,male,not_argument,none,model
forced-circumcision,s0207,male,not_argument,anti,model
forced-circumcision,s0208,male,anti,anti,model
forced-circumcision,s0209,male,pro,anti,model
forced-circumcision,s0210,male,not_argument,none,model
forced-circumcision,s0211,male,anti,anti,model
forced-circumcision,s0212,male,not_argument,none,model
forced-circumcision,s0213,male,pro,anti,model
forced-circumcision,s0214,male,not_argument,anti,model
forced-circumcision,s0215,male,not_argument,anti,model
forced-circumcision,s0216,male,not_argument,anti,model
forced-circumcision,s0217,male,not_argument,none,model
forced-circumcision,s0218,male,not_argument,anti,model
forced-circumcision,s0219,male,not_argument,none,model
forced-circumcision,s0220,male,not_argument,mixed,model
forced-circumcision,s0221,male,not_argument,mixed,model
forced-circumcision,s0222,male,not_argument,none,model
forced-circumcision,s0223,male,not_argument,none,model
forced-circumcision,s0224,male,not_argument,none,model
forced-circumcision,s0225,male,not_argument,none,model
forced-circumcision,s0226,male,not_argument,anti,model
forced-circumcision,s0227,male,not_argument,none,model
forced-circumcision,s0228,male,not_argument,anti,model
forced-circumcision,s0229,male,not_argument,none,model
forced-circumcision,s0230,male,not_argument,anti,model
forced-circumcision,s0231,male,anti,mixed,model
forced-circumcision,s0232,male,anti,anti,model
forced-circumcision,s0233,male,anti,anti,model
forced-circumcision,s0234,male,not_argument,none,model
forced-circumcision,s0235,male,pro,anti,model
forced-circumcision,s0236,male,not_argument,anti,model
forced-circumcision,s0237,male,pro,none,model
forced-circumcision,s0238,male,pro,mixed,model
forced-circumcision,s0239,male,not_argument,none,model
forced-circumcision,s0240,male,not_argument,none,model
forced-circumcision,s0241,male,not_argument,mixed,model
forced-circumcision,s0242,male,not_argument,anti,model
forced-circumcision,s0243,male,anti,mixed,model
forced-circumcision,s0244,male,anti,pro,model
forced-circumcision,s0245,male,not_argument,none,model
forced-circumcision,s0246,male,anti,anti,model
forced-circumcision,s0247,male,not_argument,mixed,model
forced-circumcision,s0248,male,not_argument,anti,model
forced-circumcision,s0249,male,not_argument,none,model
forced-circumcision,s0250,male,anti,mixed,model
forced-circumcision,s0251,male,not_argument,none,model
forced-circumcision,s0252,male,not_argument,none,model
forced-circumcision,s0253,male,not_argument,none,model
forced-circumcision,s0254,male,anti,anti,model
forced-circumcision,s0255,male,anti,anti,model
forced-circumcision,s0256,male,anti,none,model
forced-circumcision,s0257,male,not_argument,none,model
forced-circumcision,s0258,male,not_argument,none,model
forced-circumcision,s0259,male,pro,pro,model
forced-circumcision,s0260,male,pro,pro,model
forced-circumcision,s0261,male,pro,none,model
forced-circumcision,s0262,male,not_argument,none,model
forced-circumcision,s0263,male,pro,pro,model
forced-circumcision,s0264,male,pro,pro,model
forced-circumcision,s0265,male,pro,mixed,model
forced-circumcision,s0266,male,pro,none,model
forced-circumcision,s0267,male,pro,anti,model
forced-circumcision,s0268,male,pro,none,model
forced-circumcision,s0269,male,pro,pro,model
forced-circumcision,s0270,male,pro,pro,model
forced-circumcision,s0271,male,pro,pro,model
forced-circumcision,s0272,male,not_argument,none,model
forced-circumcision,s0273,male,not_argument,anti,model
forced-circumcision,s0274,male,pro,anti,model
forced-circumcision,s0275,male,pro,anti,model
forced-circumcision,s0276,male,not_argument,none,model
forced-circumcision,s0277,male,anti,anti,model
forced-circumcision,s0278,male,pro,mixed,model
forced-circumcision,s0279,male,anti,anti,model
forced-circumcision,s0280,male,not_argument,none,model
forced-circumcision,s0281,male,not_argument,anti,model
forced-circumcision,s0282,male,not_argument,mixed,model
forced-circumcision,s0283,male,anti,anti,model
forced-circumcision,s0284,male,not_argument,none,model
forced-circumcision,s0285,male,not_argument,none,model
forced-circumcision,s0286,male,anti,anti,model
forced-circumcision,s0287,male,anti,anti,model
forced-circumcision,s0288,male,not_argument,none,model
forced-circumcision-of-minors-in-south-korea,s0001,male,not_argument,anti,model
forced-circumcision-of-minors-in-south-korea,s0002,male,not_argument,none,model
forced-circumcision-of-minors-in-south-korea,s0003,male,not_argument,pro,model
forced-circumcision-of-minors-in-south-korea,s0004,male,anti,pro,model
forced-circumcision-of-minors-in-south-korea,s0005,male,not_argument,none,model
forced-circumcision-of-minors-in-south-korea,s0006,male,not_argument,none,model
forced-circumcision-of-minors-in-south-korea,s0007,male,not_argument,none,model
forced-circumcision-of-minors-in-south-korea,s0008,male,not_argument,none,model
forced-circumcision-of-minors-in-south-korea,s0009,male,not_argument,anti,model
forced-circumcision-of-minors-in-south-korea,s0010,male,not_argument,none,model
forced-circumcision-of-minors-in-south-korea,s0011,male,not_argument,none,model
forced-circumcision-of-minors-in-south-korea,s0012,male,not_argument,mixed,model
forced-circumcision-of-minors-in-south-korea,s0013,male,not_argument,none,model
forced-circumcision-of-minors-in-south-korea,s0014,male,not_argument,none,model
forced-circumcision-of-minors-in-south-korea,s0015,male,not_argument,anti,model
forced-circumcision-of-minors-in-south-korea,s0016,male,not_argument,none,model
forced-circumcision-of-minors-in-south-korea,s0017,male,not_argument,none,model
forced-circumcision-of-minors-in-south-korea,s0018,male,not_argument,mixed,model
forced-circumcision-of-minors-in-south-korea,s0019,male,not_argument,none,model
forced-circumcision-of-minors-in-south-korea,s0020,male,anti,anti,model
forced-circumcision-of-minors-in-south-korea,s0021,male,anti,mixed,model
forced-circumcision-of-minors-in-south-korea,s0022,male,not_argument,none,model
forced-circumcision-of-minors-in-south-korea,s0023,male,not_argument,anti,model
forced-circumcision-of-minors-in-south-korea,s0024,male,not_argument,none,model
forced-circumcision-of-minors-in-south-korea,s0025,male,not_argument,none,model
forced-circumcision-of-minors-in-south-korea,s0026,male,not_argument,anti,model
forced-circumcision-of-minors-in-south-korea,s0027,male,not_argument,none,model
forced-circumcision-of-minors-in-south-korea,s0028,male,not_argument,none,model
forced-circumcision-of-minors-in-south-korea,s0029,male,not_argument,none,model
forced-circumcision-of-minors-in-south-korea,s0030,male,not_argument,none,model
forced-circumcision-of-minors-in-south-korea,s0031,male,not_argument,none,model
forced-circumcision-of-minors-in-south-korea,s0032,male,not_argument,anti,model
forced-circumcision-of-minors-in-south-korea,s0033,male,not_argument,anti,model
forced-circumcision-of-minors-in-south-korea,s0034,male,not_argument,none,model
forced-circumcision-of-minors-in-south-korea,s0035,male,not_argument,none,model
forced-circumcision-of-minors-in-south-korea,s0036,male,not_argument,anti,model
forced-circumcision-of-minors-in-south-korea,s0037,male,not_argument,none,model
forced-circumcision-of-minors-in-south-korea,s0038,male,not_argument,anti,model
forced-circumcision-of-minors-in-south-korea,s0039,male,not_argument,none,model
forced-circumcision-of-minors-in-south-korea,s0040,male,not_argument,anti,model
forced-circumcision-of-minors-in-south-korea,s0041,male,not_argument,none,model
forced-circumcision-of-minors-in-south-korea,s0042,male,not_argument,none,model
forced-circumcision-of-minors-in-south-korea,s0043,male,not_argument,anti,model
forced-circumcision-of-minors-in-south-korea,s0044,male,not_argument,none,model
forced-circumcision-of-minors-in-south-korea,s0045,male,not_argument,none,model
forced-circumcision-of-minors-in-south-korea,s0046,male,not_argument,none,model
forced-circumcision-of-minors-in-south-korea,s0047,male,not_argument,none,model
forced-circumcision-of-minors-in-south-korea,s0048,male,not_argument,pro,model
forced-circumcision-of-minors-in-south-korea,s0049,male,not_argument,pro,model
forced-circumcision-of-minors-in-south-korea,s0050,male,not_argument,none,model
forced-circumcision-of-minors-in-south-korea,s0051,male,not_argument,none,model
forced-circumcision-of-minors-in-south-korea,s0052,male,not_argument,none,model
forced-circumcision-of-minors-in-south-korea,s0053,male,not_argument,none,model
forced-circumcision-of-minors-in-south-korea,s0054,male,not_argument,none,model
forced-circumcision-of-minors-in-south-korea,s0055,male,not_argument,none,model
forced-circumcision-of-minors-in-south-korea,s0056,male,not_argument,none,model
forced-circumcision-of-minors-in-south-korea,s0057,male,not_argument,pro,model
forced-circumcision-of-minors-in-south-korea,s0058,male,not_argument,none,model
forced-circumcision-of-minors-in-south-korea,s0059,male,anti,pro,model
forced-circumcision-of-minors-in-south-korea,s0060,male,not_argument,none,model
forced-circumcision-of-minors-in-south-korea,s0061,male,not_argument,none,model
forced-circumcision-of-minors-in-south-korea,s0062,male,not_argument,none,model
foreskin,s0001,male,not_argument,none,model
foreskin,s0002,male,not_argument,none,model
foreskin,s0003,male,not_argument,none,model
foreskin,s0004,male,not_argument,none,model
foreskin,s0005,male,not_argument,none,model
foreskin,s0006,male,not_argument,none,model
foreskin,s0007,male,not_argument,none,model
foreskin,s0008,male,not_argument,none,model
foreskin,s0009,male,pro,none,model
foreskin,s0010,male,anti,mixed,model
foreskin,s0011,male,not_argument,none,model
foreskin,s0012,male,not_argument,none,model
foreskin,s0013,male,not_argument,none,model
foreskin,s0014,male,not_argument,none,model
foreskin,s0015,male,not_argument,none,model
foreskin,s0016,male,not_argument,none,model
foreskin,s0017,male,not_argument,none,model
foreskin,s0018,male,not_argument,none,model
foreskin,s0019,male,not_argument,none,model
foreskin,s0020,male,not_argument,none,model
foreskin,s0021,male,not_argument,none,model
foreskin,s0022,male,not_argument,none,model
foreskin,s0023,male,not_argument,none,model
foreskin,s0024,male,not_argument,none,model
foreskin,s0025,male,not_argument,none,model
foreskin,s0026,male,not_argument,none,model
foreskin,s0027,male,not_argument,none,model
foreskin,s0028,male,not_argument,none,model
foreskin,s0029,male,not_argument,none,model
foreskin,s0030,male,not_argument,none,model
foreskin,s0031,male,not_argument,none,model
foreskin,s0032,male,not_argument,none,model
foreskin,s0033,male,not_argument,pro,model
foreskin,s0034,male,not_argument,none,model
foreskin,s0035,male,not_argument,none,model
foreskin,s0036,male,not_argument,none,model
foreskin,s0037,male,not_argument,none,model
foreskin,s0038,male,not_argument,none,model
foreskin,s0039,male,not_argument,none,model
foreskin,s0040,male,not_argument,none,model
foreskin,s0041,male,not_argument,none,model
foreskin,s0042,male,not_argument,none,model
foreskin,s0043,male,not_argument,none,model
foreskin,s0044,male,not_argument,none,model
foreskin,s0045,male,not_argument,none,model
foreskin,s0046,male,not_argument,none,model
foreskin,s0047,male,not_argument,none,model
foreskin,s0048,male,not_argument,none,model
foreskin,s0049,male,not_argument,pro,model
foreskin,s0050,male,not_argument,none,model
foreskin,s0051,male,not_argument,none,model
foreskin,s0052,male,not_argument,none,model
foreskin,s0053,male,not_argument,pro,model
foreskin,s0054,male,not_argument,none,model
foreskin,s0055,male,not_argument,none,model
foreskin,s0056,male,not_argument,none,model
foreskin,s0057,male,not_argument,none,model
foreskin,s0058,male,not_argument,none,model
foreskin,s0059,male,not_argument,none,model
foreskin,s0060,male,not_argument,none,model
foreskin,s0061,male,not_argument,none,model
foreskin,s0062,male,not_argument,none,model
foreskin,s0063,male,not_argument,none,model
foreskin,s0064,male,not_argument,none,model
foreskin,s0065,male,not_argument,none,model
foreskin,s0066,male,not_argument,none,model
foreskin,s0067,male,not_argument,none,model
foreskin,s0068,male,anti,none,model
foreskin,s0069,male,not_argument,pro,model
foreskin,s0070,male,not_argument,none,model
foreskin,s0071,male,not_argument,pro,model
foreskin,s0072,male,not_argument,none,model
foreskin,s0073,male,not_argument,none,model
foreskin,s0074,male,not_argument,none,model
foreskin,s0075,male,not_argument,none,model
foreskin,s0076,male,not_argument,none,model
foreskin,s0077,male,pro,none,model
foreskin,s0078,male,not_argument,none,model
foreskin,s0079,male,pro,none,model
foreskin,s0080,male,pro,none,model
foreskin,s0081,male,not_argument,none,model
foreskin,s0082,male,not_argument,none,model
foreskin,s0083,male,not_argument,pro,model
foreskin,s0084,male,not_argument,none,model
foreskin,s0085,male,not_argument,none,model
foreskin,s0086,male,not_argument,none,model
foreskin,s0087,male,not_argument,none,model
foreskin,s0088,male,not_argument,none,model
foreskin,s0089,male,not_argument,none,model
foreskin,s0090,male,not_argument,none,model
foreskin,s0091,male,not_argument,none,model
foreskin,s0092,male,not_argument,none,model
foreskin,s0093,male,not_argument,none,model
foreskin,s0094,male,not_argument,none,model
foreskin,s0095,male,not_argument,none,model
foreskin,s0096,male,not_argument,none,model
foreskin,s0097,male,not_argument,none,model
foreskin,s0098,male,not_argument,pro,model
foreskin,s0099,male,not_argument,none,model
foreskin,s0100,male,not_argument,none,model
foreskin,s0101,male,not_argument,none,model
foreskin,s0102,male,not_argument,none,model
foreskin,s0103,male,not_argument,none,model
foreskin,s0104,male,not_argument,none,model
foreskin,s0105,male,not_argument,none,model
foreskin,s0106,male,not_argument,none,model
foreskin,s0107,male,not_argument,none,model
foreskin,s0108,male,not_argument,none,model
foreskin,s0109,male,not_argument,none,model
foreskin,s0110,male,not_argument,none,model
foreskin,s0111,male,not_argument,none,model
foreskin,s0112,male,not_argument,none,model
foreskin,s0113,male,not_argument,none,model
foreskin,s0114,male,not_argument,none,model
foreskin,s0115,male,not_argument,none,model
foreskin,s0116,male,not_argument,none,model
foreskin,s0117,male,not_argument,none,model
foreskin,s0118,male,not_argument,none,model
foreskin,s0119,male,not_argument,none,model
foreskin,s0120,male,not_argument,none,model
foreskin,s0121,male,not_argument,none,model
foreskin,s0122,male,not_argument,none,model
foreskin,s0123,male,not_argument,none,model
foreskin,s0124,male,not_argument,none,model
foreskin,s0125,male,not_argument,none,model
foreskin,s0126,male,not_argument,none,model
foreskin,s0127,male,not_argument,anti,model
foreskin,s0128,male,not_argument,none,model
foreskin,s0129,male,not_argument,none,model
foreskin,s0130,male,not_argument,pro,model
foreskin,s0131,male,not_argument,none,model
foreskin,s0132,male,not_argument,anti,model
foreskin,s0133,male,not_argument,none,model
foreskin,s0134,male,not_argument,none,model
foreskin,s0135,male,not_argument,mixed,model
foreskin,s0136,male,not_argument,pro,model
foreskin,s0137,male,not_argument,pro,model
foreskin,s0138,male,not_argument,none,model
foreskin,s0139,male,not_argument,pro,model
foreskin,s0140,male,not_argument,none,model
foreskin,s0141,male,not_argument,pro,model
foreskin,s0142,male,not_argument,none,model
foreskin,s0143,male,not_argument,none,model
foreskin,s0144,male,not_argument,pro,model
foreskin,s0145,male,not_argument,none,model
foreskin,s0146,male,not_argument,none,model
foreskin,s0147,male,not_argument,none,model
foreskin,s0148,male,not_argument,anti,model
foreskin,s0149,male,not_argument,none,model
foreskin,s0150,male,not_argument,anti,model
foreskin,s0151,male,not_argument,pro,model
foreskin,s0152,male,not_argument,none,model
foreskin,s0153,male,not_argument,none,model
foreskin,s0154,male,not_argument,anti,model
foreskin,s0155,male,not_argument,none,model
foreskin,s0156,male,not_argument,pro,model
foreskin,s0157,male,pro,none,model
foreskin,s0158,male,not_argument,pro,model
foreskin,s0159,male,not_argument,none,model
foreskin,s0160,male,pro,none,model
foreskin,s0161,male,pro,none,model
foreskin,s0162,male,not_argument,none,model
foreskin,s0163,male,pro,pro,model
foreskin,s0164,male,pro,none,model
foreskin,s0165,male,not_argument,none,model
foreskin,s0166,male,pro,pro,model
foreskin,s0167,male,pro,none,model
foreskin,s0168,male,not_argument,pro,model
foreskin,s0169,male,not_argument,none,model
foreskin,s0170,male,not_argument,none,model
foreskin,s0171,male,not_argument,anti,model
foreskin,s0172,male,not_argument,none,model
foreskin,s0173,male,not_argument,none,model
foreskin,s0174,male,not_argument,anti,model
foreskin,s0175,male,not_argument,none,model
foreskin,s0176,male,pro,anti,model
foreskin,s0177,male,not_argument,none,model
foreskin,s0178,male,not_argument,none,model
foreskin,s0179,male,not_argument,none,model
foreskin,s0180,male,not_argument,none,model
foreskin,s0181,male,not_argument,none,model
foreskin,s0182,male,not_argument,none,model
foreskin,s0183,male,pro,pro,model
foreskin,s0184,male,not_argument,pro,model
foreskin,s0185,male,pro,pro,model
foreskin,s0186,male,not_argument,none,model
foreskin,s0187,male,pro,pro,model
foreskin,s0188,male,pro,pro,model
foreskin,s0189,male,pro,none,model
foreskin,s0190,male,not_argument,none,model
foreskin,s0191,male,pro,none,model
foreskin,s0192,male,pro,none,model
foreskin,s0193,male,pro,pro,model
foreskin,s0194,male,not_argument,none,model
foreskin,s0195,male,pro,none,model
foreskin,s0196,male,pro,none,model
foreskin,s0197,male,pro,mixed,model
foreskin,s0198,male,not_argument,none,model
foreskin,s0199,male,not_argument,anti,model
foreskin,s0200,male,not_argument,anti,model
foreskin,s0201,male,not_argument,anti,model
foreskin,s0202,male,not_argument,none,model
foreskin,s0203,male,pro,anti,model
foreskin,s0204,male,pro,anti,model
foreskin,s0205,male,not_argument,none,model
foreskin,s0206,male,not_argument,none,model
foreskin,s0207,male,not_argument,mixed,model
foreskin,s0208,male,not_argument,anti,model
foreskin,s0209,male,pro,pro,model
foreskin,s0210,male,not_argument,none,model
foreskin,s0211,male,not_argument,none,model
foreskin,s0212,male,not_argument,none,model
foreskin,s0213,male,not_argument,none,model
foreskin,s0214,male,not_argument,none,model
foreskin,s0215,male,not_argument,none,model
foreskin,s0216,male,not_argument,none,model
foreskin,s0217,male,not_argument,none,model
foreskin,s0218,male,not_argument,pro,model
foreskin,s0219,male,not_argument,pro,model
foreskin,s0220,male,not_argument,none,model
foreskin,s0221,male,not_argument,none,model
foreskin,s0222,male,not_argument,anti,model
foreskin,s0223,male,not_argument,none,model
foreskin,s0224,male,not_argument,none,model
foreskin,s0225,male,not_argument,none,model
foreskin,s0226,male,not_argument,none,model
foreskin,s0227,male,not_argument,none,model
foreskin,s0228,male,not_argument,none,model
foreskin,s0229,male,not_argument,none,model
foreskin,s0230,male,not_argument,none,model
foreskin,s0231,male,not_argument,none,model
foreskin,s0232,male,not_argument,none,model
foreskin,s0233,male,not_argument,pro,model
foreskin,s0234,male,not_argument,none,model
foreskin,s0235,male,not_argument,none,model
foreskin,s0236,male,not_argument,none,model
foreskin,s0237,male,not_argument,none,model
foreskin,s0238,male,not_argument,none,model
foreskin,s0239,male,not_argument,none,model
foreskin,s0240,male,not_argument,none,model
foreskin,s0241,male,not_argument,none,model
foreskin,s0242,male,not_argument,none,model
foreskin,s0243,male,not_argument,none,model
foreskin,s0244,male,not_argument,none,model
foreskin,s0245,male,not_argument,none,model
foreskin,s0246,male,not_argument,none,model
foreskin,s0247,male,not_argument,none,model
foreskin,s0248,male,not_argument,none,model
foreskin,s0249,male,not_argument,none,model
foreskin,s0250,male,not_argument,none,model
foreskin,s0251,male,not_argument,none,model
foreskin,s0252,male,not_argument,none,model
foreskin,s0253,male,not_argument,none,model
foreskin,s0254,male,not_argument,anti,model
foreskin,s0255,male,not_argument,none,model
foreskin,s0256,male,anti,anti,model
foreskin,s0257,male,anti,none,model
foreskin,s0258,male,anti,anti,model
foreskin,s0259,male,not_argument,none,model
foreskin,s0260,male,anti,anti,model
foreskin,s0261,male,anti,mixed,model
foreskin,s0262,male,anti,anti,model
foreskin,s0263,male,not_argument,none,model
foreskin,s0264,male,anti,none,model
foreskin,s0265,male,anti,pro,model
foreskin,s0266,male,anti,pro,model
foreskin,s0267,male,not_argument,none,model
foreskin,s0268,male,pro,mixed,model
foreskin,s0269,male,pro,anti,model
foreskin,s0270,male,pro,mixed,model
foreskin,s0271,male,pro,anti,model
foreskin,s0272,male,not_argument,none,model
foreskin,s0273,male,pro,none,model
foreskin,s0274,male,pro,pro,model
foreskin,s0275,male,pro,anti,model
foreskin,s0276,male,not_argument,none,model
foreskin,s0277,male,pro,mixed,model
foreskin,s0278,male,pro,mixed,model
foreskin,s0279,male,pro,mixed,model
foreskin,s0280,male,pro,none,model
foreskin,s0281,male,not_argument,none,model
foreskin,s0282,male,pro,pro,model
foreskin,s0283,male,pro,pro,model
foreskin,s0284,male,anti,none,model
foreskin,s0285,male,anti,mixed,model
foreskin,s0286,male,not_argument,none,model
foreskin,s0287,male,anti,mixed,model
foreskin,s0288,male,not_argument,pro,model
foreskin,s0289,male,pro,none,model
foreskin,s0290,male,anti,mixed,model
foreskin,s0291,male,not_argument,none,model
foreskin,s0292,male,anti,mixed,model
foreskin,s0293,male,not_argument,pro,model
foreskin,s0294,male,anti,mixed,model
foreskin,s0295,male,anti,none,model
foreskin-man,s0001,male,not_argument,none,model
foreskin-man,s0002,male,not_argument,anti,model
foreskin-man,s0003,male,not_argument,none,model
foreskin-man,s0004,male,not_argument,none,model
foreskin-man,s0005,male,not_argument,anti,model
foreskin-man,s0006,male,not_argument,none,model
foreskin-man,s0007,male,not_argument,none,model
foreskin-man,s0008,male,not_argument,anti,model
foreskin-man,s0009,male,not_argument,none,model
foreskin-man,s0010,male,anti,anti,model
foreskin-man,s0011,male,anti,mixed,model
foreskin-man,s0012,male,anti,anti,model
foreskin-man,s0013,male,not_argument,none,model
foreskin-man,s0014,male,not_argument,none,model
foreskin-man,s0015,male,not_argument,anti,model
foreskin-man,s0016,male,not_argument,none,model
foreskin-man,s0017,male,not_argument,none,model
foreskin-man,s0018,male,not_argument,none,model
foreskin-man,s0019,male,not_argument,none,model
foreskin-man,s0020,male,not_argument,anti,model
foreskin-man,s0021,male,not_argument,none,model
foreskin-man,s0022,male,not_argument,none,model
foreskin-man,s0023,male,not_argument,anti,model
foreskin-man,s0024,male,not_argument,anti,model
foreskin-man,s0025,male,not_argument,anti,model
foreskin-man,s0026,male,not_argument,none,model
foreskin-man,s0027,male,not_argument,none,model
foreskin-man,s0028,male,not_argument,pro,model
foreskin-man,s0029,male,not_argument,none,model
foreskin-man,s0030,male,not_argument,none,model
foreskin-man,s0031,male,not_argument,anti,model
foreskin-man,s0032,male,not_argument,none,model
foreskin-man,s0033,male,not_argument,mixed,model
foreskin-man,s0034,male,not_argument,none,model
foreskin-man,s0035,male,not_argument,anti,model
foreskin-man,s0036,male,not_argument,anti,model
foreskin-man,s0037,male,not_argument,none,model
foreskin-man,s0038,male,not_argument,none,model
foreskin-man,s0039,male,not_argument,none,model
foreskin-man,s0040,male,not_argument,none,model
foreskin-man,s0041,male,not_argument,none,model
foreskin-man,s0042,male,not_argument,none,model
foreskin-man,s0043,male,not_argument,none,model
foreskin-man,s0044,male,not_argument,none,model
foreskin-man,s0045,male,not_argument,mixed,model
foreskin-man,s0046,male,not_argument,none,model
foreskin-man,s0047,male,not_argument,anti,model
foreskin-man,s0048,male,not_argument,none,model
foreskin-man,s0049,male,not_argument,anti,model
foreskin-man,s0050,male,not_argument,none,model
foreskin-man,s0051,male,not_argument,anti,model
foreskin-man,s0052,male,not_argument,anti,model
foreskin-man,s0053,male,anti,none,model
foreskin-man,s0054,male,not_argument,none,model
foreskin-man,s0055,male,anti,anti,model
foreskin-man,s0056,male,anti,mixed,model
foreskin-man,s0057,male,not_argument,anti,model
foreskin-man,s0058,male,not_argument,none,model
foreskin-man,s0059,male,not_argument,none,model
foreskin-man,s0060,male,anti,anti,model
foreskin-man,s0061,male,not_argument,none,model
foreskin-man,s0062,male,anti,anti,model
foreskin-man,s0063,male,not_argument,none,model
foreskin-man,s0064,male,not_argument,none,model
foreskin-man,s0065,male,not_argument,none,model
foreskin-man,s0066,male,not_argument,none,model
foreskin-man,s0067,male,not_argument,anti,model
foreskin-man,s0068,male,not_argument,none,model
foreskin-man,s0069,male,anti,anti,model
foreskin-man,s0070,male,anti,anti,model
foreskin-man,s0071,male,anti,none,model
foreskin-man,s0072,male,not_argument,none,model
foreskin-man,s0073,male,anti,none,model
foreskin-man,s0074,male,not_argument,anti,model
foreskin-man,s0075,male,pro,none,model
foreskin-man,s0076,male,not_argument,none,model
foreskin-man,s0077,male,anti,mixed,model
foreskin-man,s0078,male,anti,pro,model
foreskin-man,s0079,male,anti,none,model
foreskin-man,s0080,male,not_argument,none,model
foreskin-man,s0081,male,anti,none,model
foreskin-man,s0082,male,pro,anti,model
foreskin-man,s0083,male,not_argument,none,model
foreskin-man,s0084,male,pro,pro,model
foreskin-man,s0085,male,pro,none,model
foreskin-man,s0086,male,anti,pro,model
foreskin-man,s0087,male,not_argument,none,model
foreskin-man,s0088,male,pro,pro,model
foreskin-man,s0089,male,not_argument,none,model
foreskin-man,s0090,male,not_argument,pro,model
foreskin-man,s0091,male,not_argument,none,model
foreskin-man,s0092,male,pro,anti,model
foreskin-man,s0093,male,not_argument,anti,model
foreskin-man,s0094,male,not_argument,none,model
foreskin-man,s0095,male,not_argument,anti,model
foreskin-man,s0096,male,pro,none,model
foreskin-man,s0097,male,not_argument,none,model
foreskin-man,s0098,male,not_argument,mixed,model
foreskin-man,s0099,male,not_argument,none,model
foreskin-man,s0100,male,not_argument,mixed,model
foreskin-man,s0101,male,not_argument,none,model
foreskin-man,s0102,male,not_argument,anti,model
foreskin-man,s0103,male,not_argument,anti,model
foreskin-man,s0104,male,not_argument,pro,model
foreskin-man,s0105,male,not_argument,none,model
foreskin-man,s0106,male,pro,anti,model
foreskin-man,s0107,male,not_argument,anti,model
foreskin-man,s0108,male,not_argument,none,model
foreskin-man,s0109,male,not_argument,none,model
foreskin-man,s0110,male,not_argument,none,model
foreskin-man,s0111,male,not_argument,none,model
foreskin-man,s0112,male,not_argument,none,model
foreskin-man,s0113,male,anti,none,model
foreskin-man,s0114,male,not_argument,none,model
foreskin-man,s0115,male,anti,anti,model
foreskin-man,s0116,male,not_argument,none,model
foreskin-man,s0117,male,anti,anti,model
foreskin-man,s0118,male,not_argument,none,model
foreskin-man,s0119,male,pro,mixed,model
foreskin-man,s0120,male,pro,pro,model
foreskin-man,s0121,male,not_argument,none,model
foreskin-man,s0122,male,not_argument,none,model
foreskin-man,s0123,male,not_argument,anti,model
foreskin-man,s0124,male,not_argument,none,model
foreskin-man,s0125,male,pro,anti,model
foreskin-man,s0126,male,not_argument,anti,model
foreskin-man,s0127,male,not_argument,none,model
foreskin-man,s0128,male,not_argument,none,model
foreskin-man,s0129,male,not_argument,none,model
foreskin-man,s0130,male,not_argument,none,model
foreskin-man,s0131,male,not_argument,none,model
foreskin-man,s0132,male,not_argument,none,model
foreskin-man,s0133,male,not_argument,none,model
foreskin-man,s0134,male,not_argument,none,model
foreskin-man,s0135,male,not_argument,none,model
foreskin-man,s0136,male,not_argument,anti,model
foreskin-man,s0137,male,not_argument,none,model
foreskin-man,s0138,male,not_argument,none,model
foreskin-man,s0139,male,not_argument,anti,model
foreskin-man,s0140,male,not_argument,mixed,model
foreskin-man,s0141,male,not_argument,none,model
foreskin-man,s0142,male,not_argument,mixed,model
foreskin-man,s0143,male,not_argument,anti,model
foreskin-man,s0144,male,not_argument,none,model
foreskin-man,s0145,male,not_argument,anti,model
foreskin-man,s0146,male,not_argument,anti,model
foreskin-man,s0147,male,not_argument,none,model
foreskin-man,s0148,male,not_argument,anti,model
foreskin-man,s0149,male,not_argument,anti,model
foreskin-man,s0150,male,not_argument,anti,model
foreskin-man,s0151,male,not_argument,none,model
foreskin-man,s0152,male,not_argument,none,model
foreskin-man,s0153,male,not_argument,anti,model
foreskin-man,s0154,male,not_argument,none,model
foreskin-man,s0155,male,not_argument,none,model
foreskin-man,s0156,male,not_argument,none,model
foreskin-man,s0157,male,not_argument,none,model
foreskin-man,s0158,male,not_argument,mixed,model
foreskin-man,s0159,male,not_argument,none,model
foreskin-restoration,s0001,male,not_argument,none,model
foreskin-restoration,s0002,male,not_argument,none,model
foreskin-restoration,s0003,male,not_argument,none,model
foreskin-restoration,s0004,male,not_argument,none,model
foreskin-restoration,s0005,male,not_argument,none,model
foreskin-restoration,s0006,male,not_argument,none,model
foreskin-restoration,s0007,male,not_argument,anti,model
foreskin-restoration,s0008,male,not_argument,none,model
foreskin-restoration,s0009,male,not_argument,anti,model
foreskin-restoration,s0010,male,not_argument,none,model
foreskin-restoration,s0011,male,pro,pro,model
foreskin-restoration,s0012,male,not_argument,none,model
foreskin-restoration,s0013,male,not_argument,pro,model
foreskin-restoration,s0014,male,not_argument,none,model
foreskin-restoration,s0015,male,not_argument,pro,model
foreskin-restoration,s0016,male,not_argument,none,model
foreskin-restoration,s0017,male,not_argument,none,model
foreskin-restoration,s0018,male,not_argument,none,model
foreskin-restoration,s0019,male,not_argument,none,model
foreskin-restoration,s0020,male,not_argument,none,model
foreskin-restoration,s0021,male,not_argument,none,model
foreskin-restoration,s0022,male,not_argument,none,model
foreskin-restoration,s0023,male,not_argument,none,model
foreskin-restoration,s0024,male,not_argument,none,model
foreskin-restoration,s0025,male,not_argument,none,model
foreskin-restoration,s0026,male,not_argument,none,model
foreskin-restoration,s0027,male,not_argument,none,model
foreskin-restoration,s0028,male,not_argument,none,model
foreskin-restoration,s0029,male,not_argument,none,model
foreskin-restoration,s0030,male,not_argument,none,model
foreskin-restoration,s0031,male,not_argument,anti,model
foreskin-restoration,s0032,male,not_argument,none,model
foreskin-restoration,s0033,male,not_argument,none,model
foreskin-restoration,s0034,male,not_argument,none,model
foreskin-restoration,s0035,male,not_argument,none,model
foreskin-restoration,s0036,male,not_argument,none,model
foreskin-restoration,s0037,male,not_argument,pro,model
foreskin-restoration,s0038,male,not_argument,none,model
foreskin-restoration,s0039,male,not_argument,none,model
foreskin-restoration,s0040,male,not_argument,none,model
foreskin-restoration,s0041,male,not_argument,none,model
foreskin-restoration,s0042,male,not_argument,none,model
foreskin-restoration,s0043,male,not_argument,none,model
foreskin-restoration,s0044,male,not_argument,none,model
foreskin-restoration,s0045,male,not_argument,none,model
foreskin-restoration,s0046,male,not_argument,mixed,model
foreskin-restoration,s0047,male,not_argument,none,model
foreskin-restoration,s0048,male,not_argument,none,model
foreskin-restoration,s0049,male,not_argument,none,model
foreskin-restoration,s0050,male,not_argument,none,model
foreskin-restoration,s0051,male,not_argument,none,model
foreskin-restoration,s0052,male,not_argument,none,model
foreskin-restoration,s0053,male,not_argument,none,model
foreskin-restoration,s0054,male,not_argument,none,model
foreskin-restoration,s0055,male,not_argument,none,model
foreskin-restoration,s0056,male,not_argument,none,model
foreskin-restoration,s0057,male,not_argument,none,model
foreskin-restoration,s0058,male,not_argument,none,model
foreskin-restoration,s0059,male,anti,anti,model
foreskin-restoration,s0060,male,anti,none,model
foreskin-restoration,s0061,male,anti,anti,model
foreskin-restoration,s0062,male,not_argument,none,model
foreskin-restoration,s0063,male,not_argument,none,model
foreskin-restoration,s0064,male,not_argument,anti,model
foreskin-restoration,s0065,male,not_argument,none,model
foreskin-restoration,s0066,male,not_argument,none,model
foreskin-restoration,s0067,male,not_argument,none,model
foreskin-restoration,s0068,male,not_argument,none,model
foreskin-restoration,s0069,male,not_argument,none,model
foreskin-restoration,s0070,male,not_argument,none,model
foreskin-restoration,s0071,male,not_argument,none,model
foreskin-restoration,s0072,male,not_argument,none,model
foreskin-restoration,s0073,male,not_argument,none,model
foreskin-restoration,s0074,male,not_argument,none,model
foreskin-restoration,s0075,male,not_argument,none,model
foreskin-restoration,s0076,male,not_argument,none,model
foreskin-restoration,s0077,male,not_argument,none,model
foreskin-restoration,s0078,male,not_argument,none,model
foreskin-restoration,s0079,male,not_argument,none,model
foreskin-restoration,s0080,male,not_argument,none,model
foreskin-restoration,s0081,male,not_argument,none,model
foreskin-restoration,s0082,male,not_argument,none,model
foreskin-restoration,s0083,male,not_argument,none,model
foreskin-restoration,s0084,male,not_argument,none,model
foreskin-restoration,s0085,male,not_argument,none,model
foreskin-restoration,s0086,male,not_argument,none,model
foreskin-restoration,s0087,male,not_argument,none,model
foreskin-restoration,s0088,male,not_argument,none,model
foreskin-restoration,s0089,male,not_argument,none,model
foreskin-restoration,s0090,male,not_argument,none,model
foreskin-restoration,s0091,male,not_argument,none,model
foreskin-restoration,s0092,male,not_argument,none,model
foreskin-restoration,s0093,male,not_argument,none,model
foreskin-restoration,s0094,male,not_argument,none,model
foreskin-restoration,s0095,male,not_argument,none,model
foreskin-restoration,s0096,male,not_argument,none,model
foreskin-restoration,s0097,male,not_argument,none,model
foreskin-restoration,s0098,male,not_argument,none,model
foreskin-restoration,s0099,male,not_argument,none,model
foreskin-restoration,s0100,male,not_argument,none,model
foreskin-restoration,s0101,male,not_argument,none,model
foreskin-restoration,s0102,male,not_argument,none,model
foreskin-restoration,s0103,male,not_argument,none,model
foreskin-restoration,s0104,male,not_argument,mixed,model
foreskin-restoration,s0105,male,not_argument,none,model
foreskin-restoration,s0106,male,not_argument,none,model
foreskin-restoration,s0107,male,not_argument,none,model
foreskin-restoration,s0108,male,not_argument,none,model
foreskin-restoration,s0109,male,not_argument,none,model
foreskin-restoration,s0110,male,not_argument,none,model
foreskin-restoration,s0111,male,not_argument,none,model
foreskin-restoration,s0112,male,not_argument,none,model
foreskin-restoration,s0113,male,not_argument,anti,model
foreskin-restoration,s0114,male,not_argument,none,model
foreskin-restoration,s0115,male,not_argument,none,model
foreskin-restoration,s0116,male,not_argument,none,model
foreskin-restoration,s0117,male,not_argument,none,model
foreskin-restoration,s0118,male,not_argument,none,model
foreskin-restoration,s0119,male,not_argument,none,model
foreskin-restoration,s0120,male,not_argument,none,model
foreskin-restoration,s0121,male,not_argument,none,model
foreskin-restoration,s0122,male,not_argument,none,model
foreskin-restoration,s0123,male,not_argument,none,model
foreskin-restoration,s0124,male,not_argument,none,model
foreskin-restoration,s0125,male,not_argument,none,model
foreskin-restoration,s0126,male,not_argument,none,model
foreskin-restoration,s0127,male,not_argument,none,model
foreskin-restoration,s0128,male,not_argument,none,model
foreskin-restoration,s0129,male,not_argument,none,model
foreskin-restoration,s0130,male,not_argument,none,model
foreskin-restoration,s0131,male,not_argument,none,model
foreskin-restoration,s0132,male,not_argument,none,model
foreskin-restoration,s0133,male,not_argument,none,model
foreskin-restoration,s0134,male,not_argument,none,model
foreskin-restoration,s0135,male,not_argument,none,model
foreskin-restoration,s0136,male,not_argument,none,model
foreskin-restoration,s0137,male,not_argument,none,model
foreskin-restoration,s0138,male,not_argument,none,model
foreskin-restoration,s0139,male,not_argument,none,model
foreskin-restoration,s0140,male,not_argument,none,model
foreskin-restoration,s0141,male,not_argument,none,model
foreskin-restoration,s0142,male,not_argument,none,model
foreskin-restoration,s0143,male,not_argument,none,model
foreskin-restoration,s0144,male,not_argument,none,model
foreskin-restoration,s0145,male,not_argument,none,model
foreskin-restoration,s0146,male,not_argument,none,model
foreskin-restoration,s0147,male,not_argument,none,model
foreskin-restoration,s0148,male,not_argument,none,model
foreskin-restoration,s0149,male,not_argument,none,model
foreskin-restoration,s0150,male,not_argument,none,model
foreskin-restoration,s0151,male,not_argument,none,model
foreskin-restoration,s0152,male,not_argument,anti,model
foreskin-restoration,s0153,male,not_argument,none,model
foreskin-restoration,s0154,male,not_argument,none,model
foreskin-restoration,s0155,male,not_argument,none,model
foreskin-restoration,s0156,male,not_argument,none,model
foreskin-restoration,s0157,male,not_argument,pro,model
foreskin-restoration,s0158,male,not_argument,anti,model
foreskin-restoration,s0159,male,not_argument,none,model
foreskin-restoration,s0160,male,not_argument,none,model
foreskin-restoration,s0161,male,not_argument,none,model
foreskin-restoration,s0162,male,not_argument,none,model
foreskin-restoration,s0163,male,not_argument,none,model
foreskin-restoration,s0164,male,not_argument,none,model
foreskin-restoration,s0165,male,not_argument,none,model
foreskin-restoration,s0166,male,not_argument,none,model
foreskin-restoration,s0167,male,not_argument,none,model
foreskin-restoration,s0168,male,not_argument,none,model
foreskin-restoration,s0169,male,not_argument,none,model
foreskin-restoration,s0170,male,not_argument,none,model
foreskin-restoration,s0171,male,not_argument,none,model
foreskin-restoration,s0172,male,anti,anti,model
foreskin-restoration,s0173,male,not_argument,none,model
foreskin-restoration,s0174,male,not_argument,none,model
foreskin-restoration,s0175,male,not_argument,none,model
foreskin-restoration,s0176,male,not_argument,none,model
foreskin-restoration,s0177,male,not_argument,none,model
foreskin-restoration,s0178,male,not_argument,none,model
foreskin-restoration,s0179,male,not_argument,none,model
foreskin-restoration,s0180,male,not_argument,none,model
foreskin-restoration,s0181,male,not_argument,pro,model
foreskin-restoration,s0182,male,not_argument,none,model
foreskin-restoration,s0183,male,not_argument,none,model
foreskin-restoration,s0184,male,anti,anti,model
foreskin-restoration,s0185,male,anti,anti,model
foreskin-restoration,s0186,male,not_argument,none,model
foreskin-restoration,s0187,male,anti,none,model
foreskin-restoration,s0188,male,not_argument,none,model
foreskin-restoration,s0189,male,not_argument,none,model
foreskin-restoration,s0190,male,not_argument,pro,model
foreskin-restoration,s0191,male,not_argument,none,model
foreskin-restoration,s0192,male,not_argument,none,model
foreskin-restoration,s0193,male,not_argument,none,model
foreskin-restoration,s0194,male,not_argument,pro,model
foreskin-restoration,s0195,male,not_argument,none,model
foreskin-restoration,s0196,male,not_argument,none,model
foreskin-restoration,s0197,male,not_argument,none,model
foreskin-restoration,s0198,male,not_argument,none,model
foreskin-restoration,s0199,male,not_argument,none,model
foreskin-restoration,s0200,male,not_argument,none,model
foreskin-restoration,s0201,male,not_argument,none,model
foreskin-restoration,s0202,male,not_argument,mixed,model
foreskin-restoration,s0203,male,not_argument,none,model
foreskin-restoration,s0204,male,not_argument,pro,model
foreskin-restoration,s0205,male,not_argument,none,model
foreskin-restoration,s0206,male,not_argument,none,model
foreskin-restoration,s0207,male,not_argument,anti,model
foreskin-restoration,s0208,male,not_argument,pro,model
foreskin-restoration,s0209,male,not_argument,mixed,model
foreskin-restoration,s0210,male,not_argument,none,model
foreskin-restoration,s0211,male,not_argument,none,model
foreskin-restoration,s0212,male,not_argument,none,model
foreskin-restoration,s0213,male,not_argument,anti,model
foreskin-restoration,s0214,male,not_argument,none,model
foreskin-restoration,s0215,male,not_argument,none,model
foreskin-restoration,s0216,male,not_argument,anti,model
foreskin-restoration,s0217,male,not_argument,mixed,model
foreskin-restoration,s0218,male,not_argument,none,model
foreskin-restoration,s0219,male,not_argument,none,model
foreskin-restoration,s0220,male,not_argument,none,model
foreskin-restoration,s0221,male,not_argument,none,model
foreskin-restoration,s0222,male,not_argument,none,model
foreskin-restoration,s0223,male,not_argument,none,model
foreskin-restoration,s0224,male,not_argument,none,model
foreskin-restoration,s0225,male,not_argument,none,model
foreskin-restoration,s0226,male,not_argument,none,model
foreskin-restoration,s0227,male,not_argument,none,model
foreskin-restoration,s0228,male,not_argument,none,model
foreskin-restoration,s0229,male,not_argument,none,model
foreskin-restoration,s0230,male,not_argument,none,model
foreskin-restoration,s0231,male,not_argument,none,model
foreskin-restoration,s0232,male,not_argument,pro,model
foreskin-restoration,s0233,male,not_argument,none,model
foreskin-restoration,s0234,male,not_argument,none,model
foreskin-restoration,s0235,male,not_argument,none,model
foreskin-restoration,s0236,male,not_argument,none,model
foreskin-restoration,s0237,male,not_argument,none,model
foreskin-restoration,s0238,male,not_argument,none,model
foreskin-restoration,s0239,male,not_argument,anti,model
foreskin-restoration,s0240,male,not_argument,none,model
foreskin-restoration,s0241,male,not_argument,anti,model
foreskin-restoration,s0242,male,not_argument,none,model
foreskin-restoration,s0243,male,not_argument,none,model
foreskin-restoration,s0244,male,not_argument,none,model
foreskin-restoration,s0245,male,not_argument,pro,model
foreskin-restoration,s0246,male,not_argument,none,model
foreskin-restoration,s0247,male,not_argument,none,model
foreskin-restoration,s0248,male,not_argument,none,model
foreskin-restoration,s0249,male,not_argument,none,model
foreskin-restoration,s0250,male,not_argument,none,model
foreskin-restoration,s0251,male,not_argument,none,model
foreskin-restoration,s0252,male,not_argument,none,model
foreskin-restoration,s0253,male,not_argument,none,model
foreskin-restoration,s0254,male,not_argument,none,model
foreskin-restoration,s0255,male,not_argument,none,model
foreskin-restoration,s0256,male,anti,anti,model
foreskin-restoration,s0257,male,anti,none,model
foreskin-restoration,s0258,male,anti,anti,model
foreskin-restoration,s0259,male,anti,anti,model
foreskin-restoration,s0260,male,not_argument,none,model
foreskin-restoration,s0261,male,anti,anti,model
foreskin-restoration,s0262,male,not_argument,none,model
foreskin-restoration,s0263,male,anti,none,model
foreskin-restoration,s0264,male,not_argument,none,model
foreskin-restoration,s0265,male,anti,mixed,model
foreskin-restoration,s0266,male,not_argument,none,model
foreskin-restoration,s0267,male,pro,mixed,model
foreskin-restoration,s0268,male,pro,anti,model
foreskin-restoration,s0269,male,anti,mixed,model
foreskin-restoration,s0270,male,anti,anti,model
foreskin-restoration,s0271,male,not_argument,none,model
foreskin-restoration,s0272,male,anti,anti,model
foreskin-restoration,s0273,male,anti,none,model
foreskin-restoration,s0274,male,anti,anti,model
foreskin-restoration,s0275,male,not_argument,none,model
foreskin-restoration,s0276,male,not_argument,none,model
foreskin-restoration,s0277,male,not_argument,none,model
foreskin-restoration,s0278,male,not_argument,none,model
foreskin-restoration,s0279,male,not_argument,none,model
foreskin-restoration,s0280,male,not_argument,anti,model
foreskin-restoration,s0281,male,not_argument,anti,model
foreskin-restoration,s0282,male,not_argument,none,model
foreskin-restoration,s0283,male,not_argument,none,model
foreskin-restoration,s0284,male,not_argument,none,model
foreskin-restoration,s0285,male,not_argument,none,model
foreskin-restoration,s0286,male,not_argument,pro,model
foreskin-restoration,s0287,male,not_argument,none,model
foreskin-restoration,s0288,male,not_argument,mixed,model
foreskin-restoration,s0289,male,not_argument,none,model
foreskin-restoration,s0290,male,anti,none,model
foreskin-restoration,s0291,male,anti,anti,model
foreskin-restoration,s0292,male,not_argument,none,model
foreskin-restoration,s0293,male,not_argument,none,model
gishiri-cutting,s0001,FGM,not_argument,anti,model
gishiri-cutting,s0002,FGM,not_argument,none,model
gishiri-cutting,s0003,FGM,not_argument,none,model
gishiri-cutting,s0004,FGM,not_argument,none,model
gishiri-cutting,s0005,FGM,anti,anti,model
gishiri-cutting,s0006,FGM,anti,anti,model
gishiri-cutting,s0007,FGM,not_argument,none,model
gishiri-cutting,s0008,FGM,anti,anti,model
gishiri-cutting,s0009,FGM,anti,anti,model
gishiri-cutting,s0010,FGM,not_argument,none,model
gishiri-cutting,s0011,FGM,not_argument,none,model
gishiri-cutting,s0012,FGM,not_argument,none,model
gishiri-cutting,s0013,FGM,not_argument,anti,model
gishiri-cutting,s0014,FGM,not_argument,none,model
gishiri-cutting,s0015,FGM,not_argument,none,model
gishiri-cutting,s0016,FGM,not_argument,pro,model
gishiri-cutting,s0017,FGM,anti,anti,model
gishiri-cutting,s0018,FGM,anti,anti,model
gishiri-cutting,s0019,FGM,not_argument,none,model
gishiri-cutting,s0020,FGM,not_argument,none,model
gishiri-cutting,s0021,FGM,not_argument,none,model
gishiri-cutting,s0022,FGM,not_argument,none,model
gishiri-cutting,s0023,FGM,not_argument,none,model
gishiri-cutting,s0024,FGM,not_argument,none,model
gishiri-cutting,s0025,FGM,not_argument,none,model
gishiri-cutting,s0026,FGM,not_argument,none,model
gishiri-cutting,s0027,FGM,not_argument,none,model
gishiri-cutting,s0028,FGM,not_argument,none,model
gishiri-cutting,s0029,FGM,not_argument,none,model
gishiri-cutting,s0030,FGM,not_argument,none,model
gishiri-cutting,s0031,FGM,not_argument,none,model
gishiri-cutting,s0032,FGM,anti,anti,model
gishiri-cutting,s0033,FGM,anti,anti,model
gishiri-cutting,s0034,FGM,not_argument,none,model
gishiri-cutting,s0035,FGM,not_argument,none,model
gishiri-cutting,s0036,FGM,not_argument,anti,model
gishiri-cutting,s0037,FGM,not_argument,none,model
gishiri-cutting,s0038,FGM,not_argument,none,model
gishiri-cutting,s0039,FGM,not_argument,none,model
gishiri-cutting,s0040,FGM,not_argument,none,model
gishiri-cutting,s0041,FGM,not_argument,none,model
gishiri-cutting,s0042,FGM,pro,anti,model
gishiri-cutting,s0043,FGM,pro,none,model
gishiri-cutting,s0044,FGM,not_argument,none,model
gishiri-cutting,s0045,FGM,not_argument,none,model
gishiri-cutting,s0046,FGM,not_argument,none,model
gishiri-cutting,s0047,FGM,not_argument,none,model
gishiri-cutting,s0048,FGM,not_argument,anti,model
gishiri-cutting,s0049,FGM,not_argument,none,model
gishiri-cutting,s0050,FGM,not_argument,none,model
gishiri-cutting,s0051,FGM,not_argument,none,model
gishiri-cutting,s0052,FGM,not_argument,none,model
gishiri-cutting,s0053,FGM,not_argument,none,model
gishiri-cutting,s0054,FGM,not_argument,none,model
gishiri-cutting,s0055,FGM,not_argument,none,model
gishiri-cutting,s0056,FGM,not_argument,none,model
gishiri-cutting,s0057,FGM,anti,none,model
gishiri-cutting,s0058,FGM,not_argument,none,model
gishiri-cutting,s0059,FGM,not_argument,none,model
gishiri-cutting,s0060,FGM,anti,none,model
gishiri-cutting,s0061,FGM,not_argument,none,model
gishiri-cutting,s0062,FGM,not_argument,none,model
gishiri-cutting,s0063,FGM,not_argument,none,model
gishiri-cutting,s0064,FGM,not_argument,none,model
gishiri-cutting,s0065,FGM,not_argument,none,model
gishiri-cutting,s0066,FGM,not_argument,none,model
gishiri-cutting,s0067,FGM,anti,mixed,model
gishiri-cutting,s0068,FGM,not_argument,none,model
gishiri-cutting,s0069,FGM,not_argument,none,model
gishiri-cutting,s0070,FGM,anti,none,model
gishiri-cutting,s0071,FGM,anti,anti,model
gishiri-cutting,s0072,FGM,not_argument,none,model
gishiri-cutting,s0073,FGM,not_argument,none,model
gishiri-cutting,s0074,FGM,not_argument,anti,model
gishiri-cutting,s0075,FGM,pro,none,model
gishiri-cutting,s0076,FGM,not_argument,none,model
gishiri-cutting,s0077,FGM,pro,none,model
gishiri-cutting,s0078,FGM,pro,none,model
gishiri-cutting,s0079,FGM,pro,none,model
gishiri-cutting,s0080,FGM,not_argument,none,model
gishiri-cutting,s0081,FGM,anti,none,model
gishiri-cutting,s0082,FGM,not_argument,anti,model
gishiri-cutting,s0083,FGM,not_argument,none,model
gishiri-cutting,s0084,FGM,pro,anti,model
gishiri-cutting,s0085,FGM,pro,none,model
gishiri-cutting,s0086,FGM,not_argument,none,model
gishiri-cutting,s0087,FGM,pro,none,model
gishiri-cutting,s0088,FGM,pro,anti,model
gishiri-cutting,s0089,FGM,anti,none,model
gishiri-cutting,s0090,FGM,pro,none,model
gishiri-cutting,s0091,FGM,anti,none,model
gishiri-cutting,s0092,FGM,anti,none,model
gishiri-cutting,s0093,FGM,anti,anti,model
gishiri-cutting,s0094,FGM,anti,anti,model
gishiri-cutting,s0095,FGM,not_argument,none,model
gishiri-cutting,s0096,FGM,anti,none,model
gishiri-cutting,s0097,FGM,anti,none,model
gishiri-cutting,s0098,FGM,not_argument,none,model
gishiri-cutting,s0099,FGM,anti,anti,model
gishiri-cutting,s0100,FGM,anti,anti,model
gishiri-cutting,s0101,FGM,anti,anti,model
gishiri-cutting,s0102,FGM,not_argument,none,model
gishiri-cutting,s0103,FGM,anti,anti,model
gishiri-cutting,s0104,FGM,anti,none,model
gishiri-cutting,s0105,FGM,anti,anti,model
gishiri-cutting,s0106,FGM,not_argument,none,model
gishiri-cutting,s0107,FGM,anti,anti,model
gishiri-cutting,s0108,FGM,anti,anti,model
gishiri-cutting,s0109,FGM,anti,none,model
gishiri-cutting,s0110,FGM,not_argument,none,model
gishiri-cutting,s0111,FGM,anti,none,model
gishiri-cutting,s0112,FGM,anti,none,model
gishiri-cutting,s0113,FGM,not_argument,none,model
gishiri-cutting,s0114,FGM,anti,pro,model
gishiri-cutting,s0115,FGM,anti,none,model
gishiri-cutting,s0116,FGM,not_argument,none,model
gishiri-cutting,s0117,FGM,anti,anti,model
gishiri-cutting,s0118,FGM,anti,anti,model
gishiri-cutting,s0119,FGM,anti,anti,model
gishiri-cutting,s0120,FGM,not_argument,none,model
gishiri-cutting,s0121,FGM,anti,mixed,model
gishiri-cutting,s0122,FGM,anti,anti,model
gishiri-cutting,s0123,FGM,anti,anti,model
gishiri-cutting,s0124,FGM,not_argument,none,model
gishiri-cutting,s0125,FGM,anti,anti,model
gishiri-cutting,s0126,FGM,anti,anti,model
gishiri-cutting,s0127,FGM,not_argument,none,model
gishiri-cutting,s0128,FGM,anti,anti,model
gishiri-cutting,s0129,FGM,anti,anti,model
gishiri-cutting,s0130,FGM,anti,anti,model
gishiri-cutting,s0131,FGM,not_argument,none,model
gishiri-cutting,s0132,FGM,anti,anti,model
gishiri-cutting,s0133,FGM,anti,mixed,model
gishiri-cutting,s0134,FGM,not_argument,none,model
gishiri-cutting,s0135,FGM,not_argument,none,model
gishiri-cutting,s0136,FGM,not_argument,anti,model
gishiri-cutting,s0137,FGM,anti,mixed,model
gishiri-cutting,s0138,FGM,not_argument,none,model
gishiri-cutting,s0139,FGM,anti,anti,model
gishiri-cutting,s0140,FGM,anti,anti,model
gishiri-cutting,s0141,FGM,anti,mixed,model
gishiri-cutting,s0142,FGM,not_argument,none,model
gishiri-cutting,s0143,FGM,anti,anti,model
gishiri-cutting,s0144,FGM,not_argument,anti,model
gishiri-cutting,s0145,FGM,not_argument,none,model
gishiri-cutting,s0146,FGM,not_argument,none,model
gishiri-cutting,s0147,FGM,pro,none,model
gishiri-cutting,s0148,FGM,pro,none,model
gishiri-cutting,s0149,FGM,not_argument,none,model
gishiri-cutting,s0150,FGM,not_argument,none,model
gishiri-cutting,s0151,FGM,anti,mixed,model
gishiri-cutting,s0152,FGM,anti,anti,model
gishiri-cutting,s0153,FGM,anti,anti,model
gishiri-cutting,s0154,FGM,anti,anti,model
gishiri-cutting,s0155,FGM,not_argument,none,model
gishiri-cutting,s0156,FGM,not_argument,anti,model
gishiri-cutting,s0157,FGM,not_argument,none,model
gishiri-cutting,s0158,FGM,not_argument,none,model
gishiri-cutting,s0159,FGM,not_argument,none,model
gishiri-cutting,s0160,FGM,not_argument,none,model
gishiri-cutting,s0161,FGM,not_argument,none,model
gishiri-cutting,s0162,FGM,not_argument,none,model
gishiri-cutting,s0163,FGM,not_argument,none,model
gishiri-cutting,s0164,FGM,not_argument,anti,model
gishiri-cutting,s0165,FGM,not_argument,none,model
gishiri-cutting,s0166,FGM,not_argument,none,model
gishiri-cutting,s0167,FGM,not_argument,none,model
gishiri-cutting,s0168,FGM,not_argument,none,model
gishiri-cutting,s0169,FGM,not_argument,anti,model
gishiri-cutting,s0170,FGM,not_argument,none,model
gishiri-cutting,s0171,FGM,not_argument,none,model
gishiri-cutting,s0172,FGM,anti,anti,model
gishiri-cutting,s0173,FGM,not_argument,none,model
gishiri-cutting,s0174,FGM,pro,pro,model
gishiri-cutting,s0175,FGM,not_argument,pro,model
gishiri-cutting,s0176,FGM,not_argument,pro,model
gishiri-cutting,s0177,FGM,not_argument,none,model
gishiri-cutting,s0178,FGM,not_argument,none,model
gishiri-cutting,s0179,FGM,not_argument,none,model
gishiri-cutting,s0180,FGM,not_argument,none,model
gishiri-cutting,s0181,FGM,not_argument,none,model
gishiri-cutting,s0182,FGM,not_argument,none,model
gishiri-cutting,s0183,FGM,not_argument,none,model
gishiri-cutting,s0184,FGM,not_argument,none,model
gishiri-cutting,s0185,FGM,not_argument,none,model
gishiri-cutting,s0186,FGM,not_argument,anti,model
gishiri-cutting,s0187,FGM,not_argument,anti,model
gishiri-cutting,s0188,FGM,not_argument,none,model
gishiri-cutting,s0189,FGM,not_argument,none,model
gishiri-cutting,s0190,FGM,pro,none,model
gishiri-cutting,s0191,FGM,not_argument,none,model
gishiri-cutting,s0192,FGM,anti,none,model
gishiri-cutting,s0193,FGM,not_argument,none,model
gishiri-cutting,s0194,FGM,anti,anti,model
gishiri-cutting,s0195,FGM,not_argument,none,model
gishiri-cutting,s0196,FGM,not_argument,none,model
gishiri-cutting,s0197,FGM,anti,anti,model
gishiri-cutting,s0198,FGM,not_argument,none,model
gishiri-cutting,s0199,FGM,not_argument,none,model
history-of-circumcision,s0001,male,not_argument,pro,model
history-of-circumcision,s0002,male,not_argument,none,model
history-of-circumcision,s0003,male,not_argument,none,model
history-of-circumcision,s0004,male,not_argument,none,model
history-of-circumcision,s0005,male,not_argument,none,model
history-of-circumcision,s0006,male,not_argument,anti,model
history-of-circumcision,s0007,male,not_argument,none,model
history-of-circumcision,s0008,male,not_argument,none,model
history-of-circumcision,s0009,male,not_argument,none,model
history-of-circumcision,s0010,male,not_argument,none,model
history-of-circumcision,s0011,male,not_argument,none,model
history-of-circumcision,s0012,male,not_argument,none,model
history-of-circumcision,s0013,male,not_argument,none,model
history-of-circumcision,s0014,male,not_argument,none,model
history-of-circumcision,s0015,male,not_argument,pro,model
history-of-circumcision,s0016,male,not_argument,none,model
history-of-circumcision,s0017,male,not_argument,none,model
history-of-circumcision,s0018,male,not_argument,none,model
history-of-circumcision,s0019,male,not_argument,none,model
history-of-circumcision,s0020,male,not_argument,none,model
history-of-circumcision,s0021,male,not_argument,none,model
history-of-circumcision,s0022,male,not_argument,none,model
history-of-circumcision,s0023,male,not_argument,pro,model
history-of-circumcision,s0024,male,not_argument,none,model
history-of-circumcision,s0025,male,not_argument,none,model
history-of-circumcision,s0026,male,not_argument,none,model
history-of-circumcision,s0027,male,not_argument,none,model
history-of-circumcision,s0028,male,not_argument,none,model
history-of-circumcision,s0029,male,not_argument,none,model
history-of-circumcision,s0030,male,not_argument,none,model
history-of-circumcision,s0031,male,not_argument,none,model
history-of-circumcision,s0032,male,not_argument,none,model
history-of-circumcision,s0033,male,not_argument,none,model
history-of-circumcision,s0034,male,not_argument,none,model
history-of-circumcision,s0035,male,not_argument,none,model
history-of-circumcision,s0036,male,not_argument,none,model
history-of-circumcision,s0037,male,not_argument,none,model
history-of-circumcision,s0038,male,not_argument,none,model
history-of-circumcision,s0039,male,not_argument,none,model
history-of-circumcision,s0040,male,not_argument,none,model
history-of-circumcision,s0041,male,not_argument,none,model
history-of-circumcision,s0042,male,not_argument,pro,model
history-of-circumcision,s0043,male,not_argument,none,model
history-of-circumcision,s0044,male,not_argument,none,model
history-of-circumcision,s0045,male,not_argument,none,model
history-of-circumcision,s0046,male,not_argument,none,model
history-of-circumcision,s0047,male,not_argument,none,model
history-of-circumcision,s0048,male,not_argument,none,model
history-of-circumcision,s0049,male,not_argument,none,model
history-of-circumcision,s0050,male,not_argument,none,model
history-of-circumcision,s0051,male,not_argument,none,model
history-of-circumcision,s0052,male,not_argument,none,model
history-of-circumcision,s0053,male,not_argument,none,model
history-of-circumcision,s0054,male,not_argument,none,model
history-of-circumcision,s0055,male,not_argument,none,model
history-of-circumcision,s0056,male,not_argument,none,model
history-of-circumcision,s0057,male,not_argument,none,model
history-of-circumcision,s0058,male,not_argument,none,model
history-of-circumcision,s0059,male,not_argument,pro,model
history-of-circumcision,s0060,male,not_argument,none,model
history-of-circumcision,s0061,male,not_argument,anti,model
history-of-circumcision,s0062,male,not_argument,none,model
history-of-circumcision,s0063,male,not_argument,none,model
history-of-circumcision,s0064,male,not_argument,none,model
history-of-circumcision,s0065,male,not_argument,none,model
history-of-circumcision,s0066,male,not_argument,none,model
history-of-circumcision,s0067,male,not_argument,none,model
history-of-circumcision,s0068,male,not_argument,none,model
history-of-circumcision,s0069,male,not_argument,none,model
history-of-circumcision,s0070,male,not_argument,none,model
history-of-circumcision,s0071,male,pro,none,model
history-of-circumcision,s0072,male,not_argument,none,model
history-of-circumcision,s0073,male,not_argument,none,model
history-of-circumcision,s0074,male,not_argument,none,model
history-of-circumcision,s0075,male,not_argument,none,model
history-of-circumcision,s0076,male,not_argument,none,model
history-of-circumcision,s0077,male,not_argument,none,model
history-of-circumcision,s0078,male,not_argument,none,model
history-of-circumcision,s0079,male,not_argument,none,model
history-of-circumcision,s0080,male,not_argument,none,model
history-of-circumcision,s0081,male,not_argument,none,model
history-of-circumcision,s0082,male,not_argument,none,model
history-of-circumcision,s0083,male,not_argument,none,model
history-of-circumcision,s0084,male,not_argument,none,model
history-of-circumcision,s0085,male,not_argument,none,model
history-of-circumcision,s0086,male,not_argument,none,model
history-of-circumcision,s0087,male,not_argument,none,model
history-of-circumcision,s0088,male,not_argument,none,model
history-of-circumcision,s0089,male,not_argument,none,model
history-of-circumcision,s0090,male,not_argument,none,model
history-of-circumcision,s0091,male,not_argument,none,model
history-of-circumcision,s0092,male,not_argument,none,model
history-of-circumcision,s0093,male,not_argument,none,model
history-of-circumcision,s0094,male,not_argument,none,model
history-of-circumcision,s0095,male,not_argument,anti,model
history-of-circumcision,s0096,male,not_argument,none,model
history-of-circumcision,s0097,male,not_argument,none,model
history-of-circumcision,s0098,male,not_argument,none,model
history-of-circumcision,s0099,male,not_argument,none,model
history-of-circumcision,s0100,male,not_argument,none,model
history-of-circumcision,s0101,male,not_argument,none,model
history-of-circumcision,s0102,male,not_argument,none,model
history-of-circumcision,s0103,male,not_argument,none,model
history-of-circumcision,s0104,male,not_argument,none,model
history-of-circumcision,s0105,male,not_argument,none,model
history-of-circumcision,s0106,male,not_argument,none,model
history-of-circumcision,s0107,male,not_argument,none,model
history-of-circumcision,s0108,male,not_argument,none,model
history-of-circumcision,s0109,male,not_argument,none,model
history-of-circumcision,s0110,male,pro,pro,model
history-of-circumcision,s0111,male,not_argument,none,model
history-of-circumcision,s0112,male,not_argument,none,model
history-of-circumcision,s0113,male,not_argument,none,model
history-of-circumcision,s0114,male,not_argument,none,model
history-of-circumcision,s0115,male,not_argument,anti,model
history-of-circumcision,s0116,male,not_argument,none,model
history-of-circumcision,s0117,male,not_argument,none,model
history-of-circumcision,s0118,male,not_argument,none,model
history-of-circumcision,s0119,male,not_argument,none,model
history-of-circumcision,s0120,male,not_argument,none,model
history-of-circumcision,s0121,male,not_argument,none,model
history-of-circumcision,s0122,male,not_argument,none,model
history-of-circumcision,s0123,male,not_argument,none,model
history-of-circumcision,s0124,male,not_argument,none,model
history-of-circumcision,s0125,male,not_argument,none,model
history-of-circumcision,s0126,male,not_argument,none,model
history-of-circumcision,s0127,male,not_argument,none,model
history-of-circumcision,s0128,male,not_argument,mixed,model
history-of-circumcision,s0129,male,not_argument,anti,model
history-of-circumcision,s0130,male,not_argument,none,model
history-of-circumcision,s0131,male,not_argument,none,model
history-of-circumcision,s0132,male,not_argument,none,model
history-of-circumcision,s0133,male,not_argument,none,model
history-of-circumcision,s0134,male,not_argument,none,model
history-of-circumcision,s0135,male,not_argument,none,model
history-of-circumcision,s0136,male,not_argument,none,model
history-of-circumcision,s0137,male,not_argument,none,model
history-of-circumcision,s0138,male,anti,anti,model
history-of-circumcision,s0139,male,not_argument,none,model
history-of-circumcision,s0140,male,not_argument,pro,model
history-of-circumcision,s0141,male,not_argument,none,model
history-of-circumcision,s0142,male,not_argument,pro,model
history-of-circumcision,s0143,male,not_argument,none,model
history-of-circumcision,s0144,male,not_argument,none,model
history-of-circumcision,s0145,male,not_argument,none,model
history-of-circumcision,s0146,male,not_argument,none,model
history-of-circumcision,s0147,male,not_argument,none,model
history-of-circumcision,s0148,male,not_argument,none,model
history-of-circumcision,s0149,male,not_argument,none,model
history-of-circumcision,s0150,male,not_argument,pro,model
history-of-circumcision,s0151,male,not_argument,none,model
history-of-circumcision,s0152,male,not_argument,pro,model
history-of-circumcision,s0153,male,not_argument,none,model
history-of-circumcision,s0154,male,not_argument,none,model
history-of-circumcision,s0155,male,not_argument,pro,model
history-of-circumcision,s0156,male,not_argument,none,model
history-of-circumcision,s0157,male,not_argument,none,model
history-of-circumcision,s0158,male,not_argument,none,model
history-of-circumcision,s0159,male,not_argument,none,model
history-of-circumcision,s0160,male,not_argument,none,model
history-of-circumcision,s0161,male,not_argument,none,model
history-of-circumcision,s0162,male,not_argument,pro,model
history-of-circumcision,s0163,male,not_argument,none,model
history-of-circumcision,s0164,male,not_argument,pro,model
history-of-circumcision,s0165,male,not_argument,pro,model
history-of-circumcision,s0166,male,not_argument,none,model
history-of-circumcision,s0167,male,not_argument,none,model
history-of-circumcision,s0168,male,not_argument,none,model
history-of-circumcision,s0169,male,not_argument,none,model
history-of-circumcision,s0170,male,not_argument,none,model
history-of-circumcision,s0171,male,not_argument,pro,model
history-of-circumcision,s0172,male,not_argument,none,model
history-of-circumcision,s0173,male,not_argument,pro,model
history-of-circumcision,s0174,male,not_argument,none,model
history-of-circumcision,s0175,male,not_argument,none,model
history-of-circumcision,s0176,male,not_argument,none,model
history-of-circumcision,s0177,male,pro,pro,model
history-of-circumcision,s0178,male,pro,pro,model
history-of-circumcision,s0179,male,pro,none,model
history-of-circumcision,s0180,male,not_argument,none,model
history-of-circumcision,s0181,male,not_argument,pro,model
history-of-circumcision,s0182,male,pro,pro,model
history-of-circumcision,s0183,male,not_argument,none,model
history-of-circumcision,s0184,male,not_argument,none,model
history-of-circumcision,s0185,male,not_argument,none,model
history-of-circumcision,s0186,male,not_argument,pro,model
history-of-circumcision,s0187,male,not_argument,pro,model
history-of-circumcision,s0188,male,not_argument,none,model
history-of-circumcision,s0189,male,not_argument,none,model
history-of-circumcision,s0190,male,pro,pro,model
history-of-circumcision,s0191,male,pro,pro,model
history-of-circumcision,s0192,male,pro,pro,model
history-of-circumcision,s0193,male,pro,none,model
history-of-circumcision,s0194,male,not_argument,none,model
history-of-circumcision,s0195,male,pro,pro,model
history-of-circumcision,s0196,male,not_argument,none,model
history-of-circumcision,s0197,male,pro,none,model
history-of-circumcision,s0198,male,not_argument,none,model
history-of-circumcision,s0199,male,pro,pro,model
history-of-circumcision,s0200,male,pro,mixed,model
history-of-circumcision,s0201,male,pro,pro,model
history-of-circumcision,s0202,male,not_argument,none,model
history-of-circumcision,s0203,male,not_argument,pro,model
history-of-circumcision,s0204,male,pro,none,model
history-of-circumcision,s0205,male,not_argument,none,model
history-of-circumcision,s0206,male,anti,anti,model
history-of-circumcision,s0207,male,anti,mixed,model
history-of-circumcision,s0208,male,anti,pro,model
history-of-circumcision,s0209,male,not_argument,none,model
history-of-circumcision,s0210,male,not_argument,anti,model
history-of-circumcision,s0211,male,not_argument,anti,model
history-of-circumcision,s0212,male,not_argument,anti,model
history-of-circumcision,s0213,male,not_argument,none,model
history-of-circumcision,s0214,male,not_argument,anti,model
history-of-circumcision,s0215,male,not_argument,mixed,model
history-of-circumcision,s0216,male,not_argument,mixed,model
history-of-circumcision,s0217,male,not_argument,none,model
history-of-circumcision,s0218,male,not_argument,none,model
history-of-circumcision,s0219,male,not_argument,none,model
history-of-circumcision,s0220,male,not_argument,none,model
history-of-circumcision,s0221,male,not_argument,none,model
history-of-circumcision,s0222,male,not_argument,pro,model
history-of-circumcision,s0223,male,not_argument,anti,model
history-of-circumcision,s0224,male,not_argument,none,model
history-of-circumcision,s0225,male,not_argument,none,model
history-of-circumcision,s0226,male,not_argument,none,model
history-of-circumcision,s0227,male,not_argument,none,model
history-of-circumcision,s0228,male,not_argument,none,model
history-of-circumcision,s0229,male,not_argument,none,model
history-of-circumcision,s0230,male,not_argument,none,model
history-of-circumcision,s0231,male,not_argument,none,model
history-of-circumcision,s0232,male,not_argument,none,model
history-of-circumcision,s0233,male,not_argument,none,model
history-of-circumcision,s0234,male,not_argument,none,model
history-of-circumcision,s0235,male,not_argument,none,model
holy-prepuce,s0001,male,not_argument,none,model
holy-prepuce,s0002,male,not_argument,none,model
holy-prepuce,s0003,male,not_argument,none,model
holy-prepuce,s0004,male,not_argument,none,model
holy-prepuce,s0005,male,not_argument,none,model
holy-prepuce,s0006,male,not_argument,none,model
holy-prepuce,s0007,male,not_argument,none,model
holy-prepuce,s0008,male,not_argument,anti,model
holy-prepuce,s0009,male,not_argument,none,model
holy-prepuce,s0010,male,not_argument,none,model
holy-prepuce,s0011,male,not_argument,none,model
holy-prepuce,s0012,male,not_argument,none,model
holy-prepuce,s0013,male,not_argument,none,model
holy-prepuce,s0014,male,not_argument,none,model
holy-prepuce,s0015,male,not_argument,none,model
holy-prepuce,s0016,male,not_argument,none,model
holy-prepuce,s0017,male,not_argument,none,model
holy-prepuce,s0018,male,not_argument,none,model
holy-prepuce,s0019,male,not_argument,none,model
holy-prepuce,s0020,male,not_argument,none,model
holy-prepuce,s0021,male,not_argument,none,model
holy-prepuce,s0022,male,not_argument,none,model
holy-prepuce,s0023,male,not_argument,none,model
holy-prepuce,s0024,male,not_argument,none,model
holy-prepuce,s0025,male,not_argument,none,model
holy-prepuce,s0026,male,not_argument,none,model
holy-prepuce,s0027,male,not_argument,none,model
holy-prepuce,s0028,male,not_argument,none,model
holy-prepuce,s0029,male,not_argument,none,model
holy-prepuce,s0030,male,not_argument,none,model
holy-prepuce,s0031,male,not_argument,none,model
holy-prepuce,s0032,male,not_argument,none,model
holy-prepuce,s0033,male,not_argument,none,model
holy-prepuce,s0034,male,not_argument,none,model
holy-prepuce,s0035,male,not_argument,none,model
holy-prepuce,s0036,male,not_argument,none,model
holy-prepuce,s0037,male,not_argument,none,model
holy-prepuce,s0038,male,not_argument,none,model
holy-prepuce,s0039,male,not_argument,none,model
holy-prepuce,s0040,male,not_argument,none,model
holy-prepuce,s0041,male,not_argument,none,model
holy-prepuce,s0042,male,not_argument,none,model
holy-prepuce,s0043,male,not_argument,none,model
holy-prepuce,s0044,male,not_argument,none,model
holy-prepuce,s0045,male,not_argument,none,model
holy-prepuce,s0046,male,not_argument,pro,model
holy-prepuce,s0047,male,not_argument,none,model
holy-prepuce,s0048,male,not_argument,none,model
holy-prepuce,s0049,male,not_argument,none,model
holy-prepuce,s0050,male,not_argument,none,model
holy-prepuce,s0051,male,not_argument,none,model
holy-prepuce,s0052,male,not_argument,none,model
holy-prepuce,s0053,male,not_argument,none,model
holy-prepuce,s0054,male,not_argument,none,model
holy-prepuce,s0055,male,not_argument,none,model
holy-prepuce,s0056,male,not_argument,none,model
holy-prepuce,s0057,male,not_argument,none,model
holy-prepuce,s0058,male,not_argument,none,model
holy-prepuce,s0059,male,not_argument,none,model
holy-prepuce,s0060,male,not_argument,none,model
holy-prepuce,s0061,male,not_argument,none,model
holy-prepuce,s0062,male,not_argument,none,model
holy-prepuce,s0063,male,not_argument,none,model
holy-prepuce,s0064,male,not_argument,none,model
holy-prepuce,s0065,male,not_argument,none,model
holy-prepuce,s0066,male,not_argument,none,model
holy-prepuce,s0067,male,not_argument,none,model
holy-prepuce,s0068,male,not_argument,none,model
holy-prepuce,s0069,male,not_argument,none,model
holy-prepuce,s0070,male,not_argument,none,model
holy-prepuce,s0071,male,not_argument,none,model
holy-prepuce,s0072,male,not_argument,none,model
holy-prepuce,s0073,male,not_argument,none,model
holy-prepuce,s0074,male,not_argument,none,model
holy-prepuce,s0075,male,not_argument,none,model
holy-prepuce,s0076,male,not_argument,none,model
holy-prepuce,s0077,male,not_argument,none,model
holy-prepuce,s0078,male,not_argument,none,model
holy-prepuce,s0079,male,not_argument,none,model
holy-prepuce,s0080,male,not_argument,none,model
holy-prepuce,s0081,male,not_argument,none,model
holy-prepuce,s0082,male,not_argument,none,model
holy-prepuce,s0083,male,not_argument,none,model
holy-prepuce,s0084,male,not_argument,none,model
holy-prepuce,s0085,male,not_argument,none,model
holy-prepuce,s0086,male,not_argument,none,model
holy-prepuce,s0087,male,not_argument,none,model
holy-prepuce,s0088,male,not_argument,anti,model
holy-prepuce,s0089,male,not_argument,none,model
holy-prepuce,s0090,male,not_argument,anti,model
holy-prepuce,s0091,male,not_argument,none,model
holy-prepuce,s0092,male,not_argument,none,model
holy-prepuce,s0093,male,not_argument,none,model
holy-prepuce,s0094,male,not_argument,none,model
holy-prepuce,s0095,male,not_argument,none,model
holy-prepuce,s0096,male,not_argument,none,model
holy-prepuce,s0097,male,not_argument,none,model
holy-prepuce,s0098,male,not_argument,anti,model
holy-prepuce,s0099,male,not_argument,none,model
holy-prepuce,s0100,male,not_argument,none,model
holy-prepuce,s0101,male,not_argument,none,model
holy-prepuce,s0102,male,not_argument,none,model
holy-prepuce,s0103,male,not_argument,none,model
holy-prepuce,s0104,male,not_argument,none,model
holy-prepuce,s0105,male,not_argument,none,model
holy-prepuce,s0106,male,not_argument,none,model
holy-prepuce,s0107,male,not_argument,none,model
holy-prepuce,s0108,male,not_argument,none,model
holy-prepuce,s0109,male,not_argument,none,model
holy-prepuce,s0110,male,not_argument,none,model
holy-prepuce,s0111,male,not_argument,none,model
holy-prepuce,s0112,male,not_argument,none,model
holy-prepuce,s0113,male,not_argument,none,model
holy-prepuce,s0114,male,not_argument,none,model
holy-prepuce,s0115,male,not_argument,none,model
holy-prepuce,s0116,male,not_argument,none,model
holy-prepuce,s0117,male,not_argument,none,model
holy-prepuce,s0118,male,not_argument,none,model
holy-prepuce,s0119,male,not_argument,none,model
holy-prepuce,s0120,male,not_argument,none,model
holy-prepuce,s0121,male,not_argument,none,model
holy-prepuce,s0122,male,not_argument,none,model
holy-prepuce,s0123,male,not_argument,none,model
holy-prepuce,s0124,male,not_argument,none,model
holy-prepuce,s0125,male,not_argument,none,model
holy-prepuce,s0126,male,not_argument,none,model
holy-prepuce,s0127,male,not_argument,none,model
holy-prepuce,s0128,male,not_argument,none,model
holy-prepuce,s0129,male,not_argument,none,model
holy-prepuce,s0130,male,not_argument,none,model
holy-prepuce,s0131,male,not_argument,none,model
holy-prepuce,s0132,male,not_argument,none,model
holy-prepuce,s0133,male,not_argument,none,model
holy-prepuce,s0134,male,not_argument,none,model
holy-prepuce,s0135,male,not_argument,none,model
holy-prepuce,s0136,male,not_argument,none,model
holy-prepuce,s0137,male,not_argument,none,model
holy-prepuce,s0138,male,not_argument,none,model
holy-prepuce,s0139,male,not_argument,none,model
holy-prepuce,s0140,male,not_argument,none,model
holy-prepuce,s0141,male,not_argument,none,model
holy-prepuce,s0142,male,not_argument,none,model
holy-prepuce,s0143,male,not_argument,none,model
holy-prepuce,s0144,male,not_argument,none,model
holy-prepuce,s0145,male,not_argument,none,model
holy-prepuce,s0146,male,not_argument,none,model
holy-prepuce,s0147,male,not_argument,none,model
holy-prepuce,s0148,male,not_argument,none,model
holy-prepuce,s0149,male,not_argument,none,model
holy-prepuce,s0150,male,not_argument,none,model
holy-prepuce,s0151,male,not_argument,none,model
holy-prepuce,s0152,male,not_argument,none,model
holy-prepuce,s0153,male,not_argument,none,model
holy-prepuce,s0154,male,not_argument,none,model
holy-prepuce,s0155,male,not_argument,anti,model
holy-prepuce,s0156,male,not_argument,none,model
holy-prepuce,s0157,male,not_argument,none,model
holy-prepuce,s0158,male,not_argument,none,model
holy-prepuce,s0159,male,not_argument,none,model
holy-prepuce,s0160,male,not_argument,none,model
holy-prepuce,s0161,male,not_argument,none,model
infibulation,s0001,FGM,not_argument,none,model
infibulation,s0002,FGM,not_argument,none,model
infibulation,s0003,FGM,anti,mixed,model
infibulation,s0004,FGM,anti,anti,model
infibulation,s0005,FGM,not_argument,anti,model
infibulation,s0006,FGM,not_argument,none,model
infibulation,s0007,FGM,not_argument,none,model
infibulation,s0008,FGM,not_argument,none,model
infibulation,s0009,FGM,not_argument,none,model
infibulation,s0010,FGM,not_argument,none,model
infibulation,s0011,FGM,not_argument,none,model
infibulation,s0012,FGM,not_argument,none,model
infibulation,s0013,FGM,not_argument,pro,model
infibulation,s0014,FGM,not_argument,none,model
infibulation,s0015,FGM,not_argument,anti,model
infibulation,s0016,FGM,not_argument,none,model
infibulation,s0017,FGM,not_argument,none,model
infibulation,s0018,FGM,not_argument,none,model
infibulation,s0019,FGM,not_argument,none,model
infibulation,s0020,FGM,anti,anti,model
infibulation,s0021,FGM,not_argument,none,model
infibulation,s0022,FGM,not_argument,none,model
infibulation,s0023,FGM,not_argument,none,model
infibulation,s0024,FGM,not_argument,none,model
infibulation,s0025,FGM,not_argument,none,model
infibulation,s0026,FGM,not_argument,none,model
infibulation,s0027,FGM,not_argument,none,model
infibulation,s0028,FGM,not_argument,anti,model
infibulation,s0029,FGM,not_argument,none,model
infibulation,s0030,FGM,not_argument,none,model
infibulation,s0031,FGM,not_argument,none,model
infibulation,s0032,FGM,not_argument,pro,model
infibulation,s0033,FGM,not_argument,none,model
infibulation,s0034,FGM,not_argument,none,model
infibulation,s0035,FGM,not_argument,pro,model
infibulation,s0036,FGM,not_argument,none,model
infibulation,s0037,FGM,not_argument,none,model
infibulation,s0038,FGM,not_argument,anti,model
infibulation,s0039,FGM,not_argument,none,model
infibulation,s0040,FGM,not_argument,anti,model
infibulation,s0041,FGM,not_argument,none,model
infibulation,s0042,FGM,not_argument,anti,model
infibulation,s0043,FGM,not_argument,none,model
infibulation,s0044,FGM,not_argument,none,model
infibulation,s0045,FGM,not_argument,none,model
infibulation,s0046,FGM,not_argument,none,model
infibulation,s0047,FGM,not_argument,none,model
infibulation,s0048,FGM,not_argument,none,model
infibulation,s0049,FGM,not_argument,none,model
infibulation,s0050,FGM,not_argument,none,model
infibulation,s0051,FGM,not_argument,anti,model
infibulation,s0052,FGM,not_argument,none,model
infibulation,s0053,FGM,not_argument,none,model
infibulation,s0054,FGM,not_argument,none,model
infibulation,s0055,FGM,not_argument,none,model
infibulation,s0056,FGM,not_argument,none,model
infibulation,s0057,FGM,not_argument,none,model
infibulation,s0058,FGM,not_argument,none,model
infibulation,s0059,FGM,not_argument,none,model
infibulation,s0060,FGM,not_argument,none,model
infibulation,s0061,FGM,not_argument,none,model
infibulation,s0062,FGM,not_argument,none,model
infibulation,s0063,FGM,not_argument,none,model
infibulation,s0064,FGM,not_argument,none,model
infibulation,s0065,FGM,not_argument,none,model
infibulation,s0066,FGM,not_argument,none,model
infibulation,s0067,FGM,not_argument,none,model
infibulation,s0068,FGM,not_argument,none,model
infibulation,s0069,FGM,not_argument,none,model
infibulation,s0070,FGM,not_argument,none,model
infibulation,s0071,FGM,not_argument,none,model
infibulation,s0072,FGM,not_argument,none,model
infibulation,s0073,FGM,anti,anti,model
infibulation,s0074,FGM,anti,none,model
infibulation,s0075,FGM,not_argument,none,model
infibulation,s0076,FGM,not_argument,pro,model
infibulation,s0077,FGM,not_argument,pro,model
infibulation,s0078,FGM,not_argument,none,model
infibulation,s0079,FGM,not_argument,none,model
infibulation,s0080,FGM,not_argument,none,model
infibulation,s0081,FGM,not_argument,none,model
infibulation,s0082,FGM,not_argument,none,model
infibulation,s0083,FGM,not_argument,none,model
infibulation,s0084,FGM,not_argument,none,model
infibulation,s0085,FGM,not_argument,none,model
infibulation,s0086,FGM,not_argument,none,model
infibulation,s0087,FGM,not_argument,none,model
infibulation,s0088,FGM,not_argument,pro,model
infibulation,s0089,FGM,not_argument,none,model
infibulation,s0090,FGM,not_argument,none,model
infibulation,s0091,FGM,not_argument,none,model
infibulation,s0092,FGM,not_argument,pro,model
infibulation,s0093,FGM,not_argument,none,model
infibulation,s0094,FGM,not_argument,none,model
infibulation,s0095,FGM,not_argument,none,model
infibulation,s0096,FGM,not_argument,none,model
infibulation,s0097,FGM,not_argument,none,model
infibulation,s0098,FGM,not_argument,pro,model
infibulation,s0099,FGM,not_argument,none,model
infibulation,s0100,FGM,not_argument,none,model
infibulation,s0101,FGM,not_argument,none,model
infibulation,s0102,FGM,not_argument,none,model
infibulation,s0103,FGM,not_argument,none,model
infibulation,s0104,FGM,not_argument,none,model
infibulation,s0105,FGM,not_argument,none,model
infibulation,s0106,FGM,not_argument,none,model
infibulation,s0107,FGM,not_argument,none,model
infibulation,s0108,FGM,not_argument,none,model
infibulation,s0109,FGM,not_argument,none,model
infibulation,s0110,FGM,not_argument,none,model
infibulation,s0111,FGM,not_argument,none,model
infibulation,s0112,FGM,pro,none,model
infibulation,s0113,FGM,pro,pro,model
infibulation,s0114,FGM,pro,none,model
infibulation,s0115,FGM,not_argument,none,model
infibulation,s0116,FGM,pro,mixed,model
infibulation,s0117,FGM,pro,none,model
infibulation,s0118,FGM,not_argument,none,model
infibulation,s0119,FGM,pro,none,model
infibulation,s0120,FGM,pro,pro,model
infibulation,s0121,FGM,pro,none,model
infibulation,s0122,FGM,not_argument,none,model
infibulation,s0123,FGM,pro,pro,model
infibulation,s0124,FGM,pro,none,model
infibulation,s0125,FGM,pro,pro,model
infibulation,s0126,FGM,not_argument,none,model
infibulation,s0127,FGM,pro,none,model
infibulation,s0128,FGM,not_argument,none,model
infibulation,s0129,FGM,not_argument,none,model
infibulation,s0130,FGM,not_argument,none,model
infibulation,s0131,FGM,not_argument,anti,model
infibulation,s0132,FGM,not_argument,none,model
infibulation,s0133,FGM,not_argument,none,model
infibulation,s0134,FGM,not_argument,none,model
infibulation,s0135,FGM,pro,pro,model
infibulation,s0136,FGM,anti,none,model
infibulation,s0137,FGM,not_argument,none,model
infibulation,s0138,FGM,pro,anti,model
infibulation,s0139,FGM,pro,none,model
infibulation,s0140,FGM,pro,none,model
infibulation,s0141,FGM,not_argument,none,model
infibulation,s0142,FGM,anti,none,model
infibulation,s0143,FGM,not_argument,none,model
infibulation,s0144,FGM,anti,mixed,model
infibulation,s0145,FGM,anti,none,model
infibulation,s0146,FGM,not_argument,none,model
infibulation,s0147,FGM,anti,anti,model
infibulation,s0148,FGM,anti,anti,model
infibulation,s0149,FGM,anti,anti,model
infibulation,s0150,FGM,not_argument,none,model
infibulation,s0151,FGM,anti,anti,model
infibulation,s0152,FGM,anti,anti,model
infibulation,s0153,FGM,anti,anti,model
infibulation,s0154,FGM,not_argument,none,model
infibulation,s0155,FGM,anti,anti,model
infibulation,s0156,FGM,anti,none,model
infibulation,s0157,FGM,not_argument,none,model
infibulation,s0158,FGM,anti,mixed,model
infibulation,s0159,FGM,not_argument,none,model
infibulation,s0160,FGM,not_argument,none,model
infibulation,s0161,FGM,pro,none,model
infibulation,s0162,FGM,pro,none,model
infibulation,s0163,FGM,pro,pro,model
infibulation,s0164,FGM,pro,anti,model
infibulation,s0165,FGM,pro,none,model
infibulation,s0166,FGM,pro,mixed,model
infibulation,s0167,FGM,not_argument,none,model
infibulation,s0168,FGM,pro,none,model
infibulation,s0169,FGM,pro,none,model
infibulation,s0170,FGM,pro,none,model
infibulation,s0171,FGM,not_argument,none,model
infibulation,s0172,FGM,anti,anti,model
infibulation,s0173,FGM,anti,anti,model
infibulation,s0174,FGM,anti,anti,model
infibulation,s0175,FGM,not_argument,none,model
infibulation,s0176,FGM,anti,mixed,model
infibulation,s0177,FGM,anti,anti,model
infibulation,s0178,FGM,anti,mixed,model
infibulation,s0179,FGM,anti,anti,model
infibulation,s0180,FGM,not_argument,none,model
infibulation,s0181,FGM,anti,mixed,model
infibulation,s0182,FGM,anti,anti,model
infibulation,s0183,FGM,anti,anti,model
infibulation,s0184,FGM,not_argument,none,model
infibulation,s0185,FGM,not_argument,none,model
infibulation,s0186,FGM,anti,pro,model
infibulation,s0187,FGM,anti,mixed,model
infibulation,s0188,FGM,not_argument,none,model
infibulation,s0189,FGM,anti,mixed,model
infibulation,s0190,FGM,anti,none,model
infibulation,s0191,FGM,not_argument,none,model
infibulation,s0192,FGM,anti,mixed,model
infibulation,s0193,FGM,anti,mixed,model
infibulation,s0194,FGM,not_argument,none,model
infibulation,s0195,FGM,not_argument,none,model
infibulation,s0196,FGM,not_argument,anti,model
infibulation,s0197,FGM,not_argument,none,model
infibulation,s0198,FGM,not_argument,none,model
infibulation,s0199,FGM,not_argument,none,model
infibulation,s0200,FGM,not_argument,none,model
infibulation,s0201,FGM,not_argument,none,model
infibulation,s0202,FGM,not_argument,none,model
infibulation,s0203,FGM,not_argument,none,model
infibulation,s0204,FGM,not_argument,none,model
infibulation,s0205,FGM,not_argument,none,model
infibulation,s0206,FGM,not_argument,none,model
infibulation,s0207,FGM,not_argument,none,model
infibulation,s0208,FGM,not_argument,anti,model
infibulation,s0209,FGM,not_argument,none,model
infibulation,s0210,FGM,not_argument,anti,model
infibulation,s0211,FGM,anti,mixed,model
infibulation,s0212,FGM,not_argument,anti,model
infibulation,s0213,FGM,not_argument,none,model
infibulation,s0214,FGM,not_argument,none,model
infibulation,s0215,FGM,not_argument,none,model
infibulation,s0216,FGM,not_argument,none,model
infibulation,s0217,FGM,not_argument,none,model
infibulation,s0218,FGM,not_argument,none,model
infibulation,s0219,FGM,not_argument,none,model
infibulation,s0220,FGM,not_argument,anti,model
infibulation,s0221,FGM,not_argument,none,model
infibulation,s0222,FGM,not_argument,anti,model
infibulation,s0223,FGM,not_argument,none,model
infibulation,s0224,FGM,not_argument,none,model
infibulation,s0225,FGM,not_argument,none,model
infibulation,s0226,FGM,not_argument,none,model
infibulation,s0227,FGM,not_argument,none,model
infibulation,s0228,FGM,not_argument,none,model
infibulation,s0229,FGM,not_argument,none,model
infibulation,s0230,FGM,not_argument,none,model
infibulation,s0231,FGM,not_argument,none,model
infibulation,s0232,FGM,not_argument,none,model
infibulation,s0233,FGM,not_argument,pro,model
infibulation,s0234,FGM,not_argument,pro,model
infibulation,s0235,FGM,not_argument,none,model
infibulation,s0236,FGM,not_argument,none,model
infibulation,s0237,FGM,not_argument,mixed,model
infibulation,s0238,FGM,not_argument,pro,model
infibulation,s0239,FGM,anti,mixed,model
infibulation,s0240,FGM,anti,mixed,model
infibulation,s0241,FGM,not_argument,none,model
infibulation,s0242,FGM,not_argument,none,model
infibulation,s0243,FGM,not_argument,none,model
infibulation,s0244,FGM,pro,anti,model
infibulation,s0245,FGM,pro,pro,model
infibulation,s0246,FGM,not_argument,none,model
infibulation,s0247,FGM,not_argument,pro,model
infibulation,s0248,FGM,anti,mixed,model
infibulation,s0249,FGM,not_argument,none,model
international-day-of-zero-tolerance-for-female-genital-mutilation,s0001,FGM,not_argument,anti,model
international-day-of-zero-tolerance-for-female-genital-mutilation,s0002,FGM,anti,mixed,model
international-day-of-zero-tolerance-for-female-genital-mutilation,s0003,FGM,not_argument,none,model
international-day-of-zero-tolerance-for-female-genital-mutilation,s0004,FGM,not_argument,anti,model
international-day-of-zero-tolerance-for-female-genital-mutilation,s0005,FGM,not_argument,pro,model
international-day-of-zero-tolerance-for-female-genital-mutilation,s0006,FGM,not_argument,none,model
international-day-of-zero-tolerance-for-female-genital-mutilation,s0007,FGM,anti,none,model
international-day-of-zero-tolerance-for-female-genital-mutilation,s0008,FGM,not_argument,none,model
international-day-of-zero-tolerance-for-female-genital-mutilation,s0009,FGM,not_argument,none,model
international-day-of-zero-tolerance-for-female-genital-mutilation,s0010,FGM,anti,anti,model
international-day-of-zero-tolerance-for-female-genital-mutilation,s0011,FGM,not_argument,none,model
international-day-of-zero-tolerance-for-female-genital-mutilation,s0012,FGM,not_argument,none,model
international-day-of-zero-tolerance-for-female-genital-mutilation,s0013,FGM,not_argument,none,model
international-day-of-zero-tolerance-for-female-genital-mutilation,s0014,FGM,anti,mixed,model
international-day-of-zero-tolerance-for-female-genital-mutilation,s0015,FGM,anti,anti,model
international-day-of-zero-tolerance-for-female-genital-mutilation,s0016,FGM,not_argument,none,model
international-day-of-zero-tolerance-for-female-genital-mutilation,s0017,FGM,not_argument,anti,model
international-day-of-zero-tolerance-for-female-genital-mutilation,s0018,FGM,not_argument,none,model
international-day-of-zero-tolerance-for-female-genital-mutilation,s0019,FGM,not_argument,none,model
international-day-of-zero-tolerance-for-female-genital-mutilation,s0020,FGM,anti,mixed,model
international-day-of-zero-tolerance-for-female-genital-mutilation,s0021,FGM,not_argument,anti,model
international-day-of-zero-tolerance-for-female-genital-mutilation,s0022,FGM,not_argument,none,model
international-day-of-zero-tolerance-for-female-genital-mutilation,s0023,FGM,not_argument,none,model
international-day-of-zero-tolerance-for-female-genital-mutilation,s0024,FGM,not_argument,none,model
international-day-of-zero-tolerance-for-female-genital-mutilation,s0025,FGM,anti,anti,model
international-day-of-zero-tolerance-for-female-genital-mutilation,s0026,FGM,not_argument,none,model
international-day-of-zero-tolerance-for-female-genital-mutilation,s0027,FGM,not_argument,none,model
international-day-of-zero-tolerance-for-female-genital-mutilation,s0028,FGM,not_argument,none,model
international-day-of-zero-tolerance-for-female-genital-mutilation,s0029,FGM,anti,anti,model
international-day-of-zero-tolerance-for-female-genital-mutilation,s0030,FGM,not_argument,none,model
international-day-of-zero-tolerance-for-female-genital-mutilation,s0031,FGM,not_argument,none,model
international-day-of-zero-tolerance-for-female-genital-mutilation,s0032,FGM,not_argument,none,model
international-day-of-zero-tolerance-for-female-genital-mutilation,s0033,FGM,not_argument,none,model
international-day-of-zero-tolerance-for-female-genital-mutilation,s0034,FGM,not_argument,none,model
international-day-of-zero-tolerance-for-female-genital-mutilation,s0035,FGM,anti,anti,model
international-day-of-zero-tolerance-for-female-genital-mutilation,s0036,FGM,anti,anti,model
international-day-of-zero-tolerance-for-female-genital-mutilation,s0037,FGM,not_argument,none,model
international-day-of-zero-tolerance-for-female-genital-mutilation,s0038,FGM,anti,anti,model
international-day-of-zero-tolerance-for-female-genital-mutilation,s0039,FGM,not_argument,none,model
international-day-of-zero-tolerance-for-female-genital-mutilation,s0040,FGM,anti,anti,model
international-day-of-zero-tolerance-for-female-genital-mutilation,s0041,FGM,not_argument,none,model
international-day-of-zero-tolerance-for-female-genital-mutilation,s0042,FGM,anti,anti,model
international-day-of-zero-tolerance-for-female-genital-mutilation,s0043,FGM,not_argument,none,model
international-day-of-zero-tolerance-for-female-genital-mutilation,s0044,FGM,not_argument,none,model
international-day-of-zero-tolerance-for-female-genital-mutilation,s0045,FGM,not_argument,pro,model
international-day-of-zero-tolerance-for-female-genital-mutilation,s0046,FGM,not_argument,none,model
international-day-of-zero-tolerance-for-female-genital-mutilation,s0047,FGM,not_argument,anti,model
international-day-of-zero-tolerance-for-female-genital-mutilation,s0048,FGM,anti,anti,model
international-day-of-zero-tolerance-for-female-genital-mutilation,s0049,FGM,not_argument,none,model
international-day-of-zero-tolerance-for-female-genital-mutilation,s0050,FGM,not_argument,none,model
international-day-of-zero-tolerance-for-female-genital-mutilation,s0051,FGM,not_argument,none,model
international-day-of-zero-tolerance-for-female-genital-mutilation,s0052,FGM,not_argument,none,model
international-day-of-zero-tolerance-for-female-genital-mutilation,s0053,FGM,not_argument,anti,model
international-day-of-zero-tolerance-for-female-genital-mutilation,s0054,FGM,anti,anti,model
international-day-of-zero-tolerance-for-female-genital-mutilation,s0055,FGM,not_argument,none,model
international-day-of-zero-tolerance-for-female-genital-mutilation,s0056,FGM,not_argument,none,model
international-day-of-zero-tolerance-for-female-genital-mutilation,s0057,FGM,not_argument,anti,model
international-day-of-zero-tolerance-for-female-genital-mutilation,s0058,FGM,not_argument,anti,model
international-day-of-zero-tolerance-for-female-genital-mutilation,s0059,FGM,not_argument,none,model
international-day-of-zero-tolerance-for-female-genital-mutilation,s0060,FGM,not_argument,none,model
international-day-of-zero-tolerance-for-female-genital-mutilation,s0061,FGM,not_argument,none,model
international-day-of-zero-tolerance-for-female-genital-mutilation,s0062,FGM,not_argument,none,model
international-day-of-zero-tolerance-for-female-genital-mutilation,s0063,FGM,not_argument,none,model
international-day-of-zero-tolerance-for-female-genital-mutilation,s0064,FGM,not_argument,none,model
international-day-of-zero-tolerance-for-female-genital-mutilation,s0065,FGM,not_argument,none,model
international-day-of-zero-tolerance-for-female-genital-mutilation,s0066,FGM,not_argument,none,model
international-day-of-zero-tolerance-for-female-genital-mutilation,s0067,FGM,not_argument,none,model
international-day-of-zero-tolerance-for-female-genital-mutilation,s0068,FGM,not_argument,none,model
international-day-of-zero-tolerance-for-female-genital-mutilation,s0069,FGM,not_argument,none,model
international-day-of-zero-tolerance-for-female-genital-mutilation,s0070,FGM,not_argument,none,model
international-day-of-zero-tolerance-for-female-genital-mutilation,s0071,FGM,not_argument,pro,model
international-day-of-zero-tolerance-for-female-genital-mutilation,s0072,FGM,not_argument,none,model
international-day-of-zero-tolerance-for-female-genital-mutilation,s0073,FGM,not_argument,anti,model
international-day-of-zero-tolerance-for-female-genital-mutilation,s0074,FGM,not_argument,none,model
international-day-of-zero-tolerance-for-female-genital-mutilation,s0075,FGM,not_argument,none,model
international-day-of-zero-tolerance-for-female-genital-mutilation,s0076,FGM,not_argument,none,model
international-day-of-zero-tolerance-for-female-genital-mutilation,s0077,FGM,not_argument,none,model
international-day-of-zero-tolerance-for-female-genital-mutilation,s0078,FGM,not_argument,none,model
international-day-of-zero-tolerance-for-female-genital-mutilation,s0079,FGM,not_argument,none,model
international-day-of-zero-tolerance-for-female-genital-mutilation,s0080,FGM,not_argument,none,model
international-day-of-zero-tolerance-for-female-genital-mutilation,s0081,FGM,not_argument,none,model
international-day-of-zero-tolerance-for-female-genital-mutilation,s0082,FGM,not_argument,none,model
international-day-of-zero-tolerance-for-female-genital-mutilation,s0083,FGM,not_argument,none,model
international-day-of-zero-tolerance-for-female-genital-mutilation,s0084,FGM,not_argument,none,model
international-day-of-zero-tolerance-for-female-genital-mutilation,s0085,FGM,not_argument,pro,model
international-day-of-zero-tolerance-for-female-genital-mutilation,s0086,FGM,not_argument,pro,model
international-day-of-zero-tolerance-for-female-genital-mutilation,s0087,FGM,not_argument,none,model
international-day-of-zero-tolerance-for-female-genital-mutilation,s0088,FGM,anti,none,model
international-day-of-zero-tolerance-for-female-genital-mutilation,s0089,FGM,not_argument,none,model
international-day-of-zero-tolerance-for-female-genital-mutilation,s0090,FGM,pro,pro,model
international-day-of-zero-tolerance-for-female-genital-mutilation,s0091,FGM,pro,none,model
international-day-of-zero-tolerance-for-female-genital-mutilation,s0092,FGM,anti,pro,model
international-day-of-zero-tolerance-for-female-genital-mutilation,s0093,FGM,anti,pro,model
international-day-of-zero-tolerance-for-female-genital-mutilation,s0094,FGM,not_argument,none,model
international-day-of-zero-tolerance-for-female-genital-mutilation,s0095,FGM,not_argument,none,model
international-day-of-zero-tolerance-for-female-genital-mutilation,s0096,FGM,not_argument,pro,model
international-day-of-zero-tolerance-for-female-genital-mutilation,s0097,FGM,not_argument,mixed,model
international-day-of-zero-tolerance-for-female-genital-mutilation,s0098,FGM,not_argument,anti,model
international-day-of-zero-tolerance-for-female-genital-mutilation,s0099,FGM,not_argument,none,model
international-day-of-zero-tolerance-for-female-genital-mutilation,s0100,FGM,pro,pro,model
international-day-of-zero-tolerance-for-female-genital-mutilation,s0101,FGM,pro,none,model
international-day-of-zero-tolerance-for-female-genital-mutilation,s0102,FGM,pro,none,model
international-day-of-zero-tolerance-for-female-genital-mutilation,s0103,FGM,not_argument,none,model
international-day-of-zero-tolerance-for-female-genital-mutilation,s0104,FGM,pro,mixed,model
international-day-of-zero-tolerance-for-female-genital-mutilation,s0105,FGM,pro,none,model
international-day-of-zero-tolerance-for-female-genital-mutilation,s0106,FGM,anti,pro,model
international-day-of-zero-tolerance-for-female-genital-mutilation,s0107,FGM,not_argument,none,model
international-day-of-zero-tolerance-for-female-genital-mutilation,s0108,FGM,pro,mixed,model
international-day-of-zero-tolerance-for-female-genital-mutilation,s0109,FGM,not_argument,anti,model
international-day-of-zero-tolerance-for-female-genital-mutilation,s0110,FGM,anti,anti,model
international-day-of-zero-tolerance-for-female-genital-mutilation,s0111,FGM,not_argument,none,model
international-day-of-zero-tolerance-for-female-genital-mutilation,s0112,FGM,anti,anti,model
international-day-of-zero-tolerance-for-female-genital-mutilation,s0113,FGM,anti,anti,model
international-day-of-zero-tolerance-for-female-genital-mutilation,s0114,FGM,not_argument,none,model
international-day-of-zero-tolerance-for-female-genital-mutilation,s0115,FGM,anti,anti,model
international-day-of-zero-tolerance-for-female-genital-mutilation,s0116,FGM,anti,mixed,model
international-day-of-zero-tolerance-for-female-genital-mutilation,s0117,FGM,anti,none,model
international-day-of-zero-tolerance-for-female-genital-mutilation,s0118,FGM,not_argument,none,model
international-day-of-zero-tolerance-for-female-genital-mutilation,s0119,FGM,anti,none,model
international-day-of-zero-tolerance-for-female-genital-mutilation,s0120,FGM,anti,none,model
international-day-of-zero-tolerance-for-female-genital-mutilation,s0121,FGM,anti,anti,model
international-day-of-zero-tolerance-for-female-genital-mutilation,s0122,FGM,not_argument,none,model
international-day-of-zero-tolerance-for-female-genital-mutilation,s0123,FGM,anti,none,model
international-day-of-zero-tolerance-for-female-genital-mutilation,s0124,FGM,anti,mixed,model
international-day-of-zero-tolerance-for-female-genital-mutilation,s0125,FGM,anti,none,model
international-day-of-zero-tolerance-for-female-genital-mutilation,s0126,FGM,anti,none,model
international-day-of-zero-tolerance-for-female-genital-mutilation,s0127,FGM,not_argument,none,model
international-day-of-zero-tolerance-for-female-genital-mutilation,s0128,FGM,anti,anti,model
international-day-of-zero-tolerance-for-female-genital-mutilation,s0129,FGM,anti,anti,model
international-day-of-zero-tolerance-for-female-genital-mutilation,s0130,FGM,anti,none,model
international-day-of-zero-tolerance-for-female-genital-mutilation,s0131,FGM,anti,anti,model
international-day-of-zero-tolerance-for-female-genital-mutilation,s0132,FGM,anti,anti,model
international-day-of-zero-tolerance-for-female-genital-mutilation,s0133,FGM,anti,anti,model
international-day-of-zero-tolerance-for-female-genital-mutilation,s0134,FGM,anti,anti,model
international-day-of-zero-tolerance-for-female-genital-mutilation,s0135,FGM,anti,none,model
international-day-of-zero-tolerance-for-female-genital-mutilation,s0136,FGM,not_argument,none,model
international-day-of-zero-tolerance-for-female-genital-mutilation,s0137,FGM,not_argument,none,model
international-day-of-zero-tolerance-for-female-genital-mutilation,s0138,FGM,not_argument,none,model
international-day-of-zero-tolerance-for-female-genital-mutilation,s0139,FGM,not_argument,anti,model
international-day-of-zero-tolerance-for-female-genital-mutilation,s0140,FGM,not_argument,none,model
international-day-of-zero-tolerance-for-female-genital-mutilation,s0141,FGM,not_argument,none,model
international-day-of-zero-tolerance-for-female-genital-mutilation,s0142,FGM,not_argument,anti,model
international-day-of-zero-tolerance-for-female-genital-mutilation,s0143,FGM,not_argument,none,model
international-day-of-zero-tolerance-for-female-genital-mutilation,s0144,FGM,not_argument,none,model
international-day-of-zero-tolerance-for-female-genital-mutilation,s0145,FGM,not_argument,none,model
international-day-of-zero-tolerance-for-female-genital-mutilation,s0146,FGM,not_argument,anti,model
international-day-of-zero-tolerance-for-female-genital-mutilation,s0147,FGM,not_argument,anti,model
international-day-of-zero-tolerance-for-female-genital-mutilation,s0148,FGM,not_argument,none,model
international-day-of-zero-tolerance-for-female-genital-mutilation,s0149,FGM,not_argument,none,model
international-day-of-zero-tolerance-for-female-genital-mutilation,s0150,FGM,not_argument,none,model
international-day-of-zero-tolerance-for-female-genital-mutilation,s0151,FGM,not_argument,none,model
international-day-of-zero-tolerance-for-female-genital-mutilation,s0152,FGM,not_argument,none,model
international-day-of-zero-tolerance-for-female-genital-mutilation,s0153,FGM,not_argument,none,model
international-day-of-zero-tolerance-for-female-genital-mutilation,s0154,FGM,not_argument,none,model
international-day-of-zero-tolerance-for-female-genital-mutilation,s0155,FGM,not_argument,none,model
international-day-of-zero-tolerance-for-female-genital-mutilation,s0156,FGM,not_argument,none,model
international-day-of-zero-tolerance-for-female-genital-mutilation,s0157,FGM,not_argument,none,model
international-day-of-zero-tolerance-for-female-genital-mutilation,s0158,FGM,not_argument,none,model
international-day-of-zero-tolerance-for-female-genital-mutilation,s0159,FGM,not_argument,anti,model
international-day-of-zero-tolerance-for-female-genital-mutilation,s0160,FGM,not_argument,none,model
international-day-of-zero-tolerance-for-female-genital-mutilation,s0161,FGM,not_argument,pro,model
international-day-of-zero-tolerance-for-female-genital-mutilation,s0162,FGM,not_argument,none,model
international-day-of-zero-tolerance-for-female-genital-mutilation,s0163,FGM,not_argument,none,model
international-day-of-zero-tolerance-for-female-genital-mutilation,s0164,FGM,not_argument,mixed,model
international-day-of-zero-tolerance-for-female-genital-mutilation,s0165,FGM,not_argument,anti,model
international-day-of-zero-tolerance-for-female-genital-mutilation,s0166,FGM,not_argument,none,model
international-day-of-zero-tolerance-for-female-genital-mutilation,s0167,FGM,not_argument,none,model
international-day-of-zero-tolerance-for-female-genital-mutilation,s0168,FGM,not_argument,anti,model
international-day-of-zero-tolerance-for-female-genital-mutilation,s0169,FGM,not_argument,none,model
international-day-of-zero-tolerance-for-female-genital-mutilation,s0170,FGM,not_argument,anti,model
international-day-of-zero-tolerance-for-female-genital-mutilation,s0171,FGM,not_argument,anti,model
international-day-of-zero-tolerance-for-female-genital-mutilation,s0172,FGM,not_argument,none,model
international-day-of-zero-tolerance-for-female-genital-mutilation,s0173,FGM,not_argument,anti,model
international-day-of-zero-tolerance-for-female-genital-mutilation,s0174,FGM,not_argument,none,model
international-day-of-zero-tolerance-for-female-genital-mutilation,s0175,FGM,not_argument,anti,model
international-day-of-zero-tolerance-for-female-genital-mutilation,s0176,FGM,not_argument,none,model
international-day-of-zero-tolerance-for-female-genital-mutilation,s0177,FGM,not_argument,none,model
international-day-of-zero-tolerance-for-female-genital-mutilation,s0178,FGM,not_argument,pro,model
international-day-of-zero-tolerance-for-female-genital-mutilation,s0179,FGM,not_argument,none,model
international-day-of-zero-tolerance-for-female-genital-mutilation,s0180,FGM,not_argument,none,model
international-day-of-zero-tolerance-for-female-genital-mutilation,s0181,FGM,not_argument,none,model
international-day-of-zero-tolerance-for-female-genital-mutilation,s0182,FGM,not_argument,mixed,model
international-day-of-zero-tolerance-for-female-genital-mutilation,s0183,FGM,not_argument,none,model
international-day-of-zero-tolerance-for-female-genital-mutilation,s0184,FGM,not_argument,none,model
international-day-of-zero-tolerance-for-female-genital-mutilation,s0185,FGM,not_argument,none,model
international-day-of-zero-tolerance-for-female-genital-mutilation,s0186,FGM,not_argument,none,model
international-day-of-zero-tolerance-for-female-genital-mutilation,s0187,FGM,not_argument,none,model
international-day-of-zero-tolerance-for-female-genital-mutilation,s0188,FGM,not_argument,none,model
international-day-of-zero-tolerance-for-female-genital-mutilation,s0189,FGM,not_argument,none,model
international-day-of-zero-tolerance-for-female-genital-mutilation,s0190,FGM,not_argument,none,model
international-day-of-zero-tolerance-for-female-genital-mutilation,s0191,FGM,not_argument,none,model
international-day-of-zero-tolerance-for-female-genital-mutilation,s0192,FGM,not_argument,none,model
international-day-of-zero-tolerance-for-female-genital-mutilation,s0193,FGM,not_argument,none,model
international-day-of-zero-tolerance-for-female-genital-mutilation,s0194,FGM,not_argument,none,model
international-day-of-zero-tolerance-for-female-genital-mutilation,s0195,FGM,not_argument,none,model
international-day-of-zero-tolerance-for-female-genital-mutilation,s0196,FGM,not_argument,anti,model
international-day-of-zero-tolerance-for-female-genital-mutilation,s0197,FGM,not_argument,none,model
international-day-of-zero-tolerance-for-female-genital-mutilation,s0198,FGM,not_argument,none,model
international-day-of-zero-tolerance-for-female-genital-mutilation,s0199,FGM,not_argument,none,model
international-day-of-zero-tolerance-for-female-genital-mutilation,s0200,FGM,not_argument,none,model
international-day-of-zero-tolerance-for-female-genital-mutilation,s0201,FGM,not_argument,none,model
international-day-of-zero-tolerance-for-female-genital-mutilation,s0202,FGM,not_argument,none,model
international-day-of-zero-tolerance-for-female-genital-mutilation,s0203,FGM,not_argument,none,model
international-day-of-zero-tolerance-for-female-genital-mutilation,s0204,FGM,not_argument,none,model
international-day-of-zero-tolerance-for-female-genital-mutilation,s0205,FGM,not_argument,none,model
international-day-of-zero-tolerance-for-female-genital-mutilation,s0206,FGM,not_argument,none,model
international-day-of-zero-tolerance-for-female-genital-mutilation,s0207,FGM,not_argument,none,model
international-day-of-zero-tolerance-for-female-genital-mutilation,s0208,FGM,not_argument,none,model
international-day-of-zero-tolerance-for-female-genital-mutilation,s0209,FGM,anti,anti,model
international-day-of-zero-tolerance-for-female-genital-mutilation,s0210,FGM,not_argument,none,model
international-day-of-zero-tolerance-for-female-genital-mutilation,s0211,FGM,not_argument,none,model
international-day-of-zero-tolerance-for-female-genital-mutilation,s0212,FGM,not_argument,none,model
international-day-of-zero-tolerance-for-female-genital-mutilation,s0213,FGM,not_argument,none,model
international-day-of-zero-tolerance-for-female-genital-mutilation,s0214,FGM,not_argument,none,model
international-day-of-zero-tolerance-for-female-genital-mutilation,s0215,FGM,not_argument,none,model
international-day-of-zero-tolerance-for-female-genital-mutilation,s0216,FGM,anti,none,model
international-day-of-zero-tolerance-for-female-genital-mutilation,s0217,FGM,not_argument,pro,model
international-day-of-zero-tolerance-for-female-genital-mutilation,s0218,FGM,not_argument,none,model
international-day-of-zero-tolerance-for-female-genital-mutilation,s0219,FGM,not_argument,pro,model
international-day-of-zero-tolerance-for-female-genital-mutilation,s0220,FGM,not_argument,none,model
international-day-of-zero-tolerance-for-female-genital-mutilation,s0221,FGM,not_argument,none,model
international-day-of-zero-tolerance-for-female-genital-mutilation,s0222,FGM,not_argument,none,model
international-day-of-zero-tolerance-for-female-genital-mutilation,s0223,FGM,not_argument,mixed,model
international-day-of-zero-tolerance-for-female-genital-mutilation,s0224,FGM,not_argument,none,model
international-day-of-zero-tolerance-for-female-genital-mutilation,s0225,FGM,not_argument,none,model
international-day-of-zero-tolerance-for-female-genital-mutilation,s0226,FGM,not_argument,none,model
international-day-of-zero-tolerance-for-female-genital-mutilation,s0227,FGM,not_argument,none,model
international-day-of-zero-tolerance-for-female-genital-mutilation,s0228,FGM,not_argument,none,model
international-day-of-zero-tolerance-for-female-genital-mutilation,s0229,FGM,not_argument,anti,model
international-day-of-zero-tolerance-for-female-genital-mutilation,s0230,FGM,not_argument,none,model
international-day-of-zero-tolerance-for-female-genital-mutilation,s0231,FGM,not_argument,none,model
international-day-of-zero-tolerance-for-female-genital-mutilation,s0232,FGM,not_argument,anti,model
international-day-of-zero-tolerance-for-female-genital-mutilation,s0233,FGM,not_argument,mixed,model
international-day-of-zero-tolerance-for-female-genital-mutilation,s0234,FGM,not_argument,none,model
international-day-of-zero-tolerance-for-female-genital-mutilation,s0235,FGM,not_argument,anti,model
international-day-of-zero-tolerance-for-female-genital-mutilation,s0236,FGM,not_argument,mixed,model
international-day-of-zero-tolerance-for-female-genital-mutilation,s0237,FGM,not_argument,none,model
international-day-of-zero-tolerance-for-female-genital-mutilation,s0238,FGM,not_argument,mixed,model
international-day-of-zero-tolerance-for-female-genital-mutilation,s0239,FGM,not_argument,anti,model
international-day-of-zero-tolerance-for-female-genital-mutilation,s0240,FGM,pro,anti,model
international-day-of-zero-tolerance-for-female-genital-mutilation,s0241,FGM,not_argument,none,model
international-day-of-zero-tolerance-for-female-genital-mutilation,s0242,FGM,not_argument,anti,model
international-day-of-zero-tolerance-for-female-genital-mutilation,s0243,FGM,not_argument,pro,model
international-day-of-zero-tolerance-for-female-genital-mutilation,s0244,FGM,not_argument,anti,model
international-day-of-zero-tolerance-for-female-genital-mutilation,s0245,FGM,not_argument,none,model
international-day-of-zero-tolerance-for-female-genital-mutilation,s0246,FGM,not_argument,none,model
international-day-of-zero-tolerance-for-female-genital-mutilation,s0247,FGM,not_argument,pro,model
international-day-of-zero-tolerance-for-female-genital-mutilation,s0248,FGM,not_argument,none,model
international-day-of-zero-tolerance-for-female-genital-mutilation,s0249,FGM,not_argument,anti,model
international-day-of-zero-tolerance-for-female-genital-mutilation,s0250,FGM,not_argument,none,model
international-day-of-zero-tolerance-for-female-genital-mutilation,s0251,FGM,anti,mixed,model
international-day-of-zero-tolerance-for-female-genital-mutilation,s0252,FGM,anti,mixed,model
international-day-of-zero-tolerance-for-female-genital-mutilation,s0253,FGM,not_argument,none,model
international-day-of-zero-tolerance-for-female-genital-mutilation,s0254,FGM,not_argument,none,model
khitan-circumcision,s0001,male,not_argument,none,model
khitan-circumcision,s0002,male,not_argument,pro,model
khitan-circumcision,s0003,male,not_argument,none,model
khitan-circumcision,s0004,male,not_argument,none,model
khitan-circumcision,s0005,male,not_argument,pro,model
khitan-circumcision,s0006,male,pro,mixed,model
khitan-circumcision,s0007,male,pro,anti,model
khitan-circumcision,s0008,male,not_argument,none,model
khitan-circumcision,s0009,male,not_argument,none,model
khitan-circumcision,s0010,male,not_argument,none,model
khitan-circumcision,s0011,male,not_argument,none,model
khitan-circumcision,s0012,male,not_argument,none,model
khitan-circumcision,s0013,male,not_argument,none,model
khitan-circumcision,s0014,male,not_argument,none,model
khitan-circumcision,s0015,male,not_argument,pro,model
khitan-circumcision,s0016,male,not_argument,none,model
khitan-circumcision,s0017,male,not_argument,none,model
khitan-circumcision,s0018,male,not_argument,none,model
khitan-circumcision,s0019,male,not_argument,none,model
khitan-circumcision,s0020,male,not_argument,none,model
khitan-circumcision,s0021,male,not_argument,none,model
khitan-circumcision,s0022,male,not_argument,pro,model
khitan-circumcision,s0023,male,not_argument,none,model
khitan-circumcision,s0024,male,not_argument,none,model
khitan-circumcision,s0025,male,not_argument,none,model
khitan-circumcision,s0026,male,not_argument,none,model
khitan-circumcision,s0027,male,not_argument,none,model
khitan-circumcision,s0028,male,not_argument,none,model
khitan-circumcision,s0029,male,not_argument,none,model
khitan-circumcision,s0030,male,not_argument,none,model
khitan-circumcision,s0031,male,not_argument,none,model
khitan-circumcision,s0032,male,not_argument,none,model
khitan-circumcision,s0033,male,not_argument,none,model
khitan-circumcision,s0034,male,not_argument,pro,model
khitan-circumcision,s0035,male,not_argument,none,model
khitan-circumcision,s0036,male,not_argument,none,model
khitan-circumcision,s0037,male,not_argument,none,model
khitan-circumcision,s0038,male,not_argument,none,model
khitan-circumcision,s0039,male,not_argument,none,model
khitan-circumcision,s0040,male,not_argument,none,model
khitan-circumcision,s0041,male,not_argument,none,model
khitan-circumcision,s0042,male,not_argument,none,model
khitan-circumcision,s0043,male,not_argument,none,model
khitan-circumcision,s0044,male,not_argument,pro,model
khitan-circumcision,s0045,male,not_argument,none,model
khitan-circumcision,s0046,male,not_argument,none,model
khitan-circumcision,s0047,male,not_argument,none,model
khitan-circumcision,s0048,male,not_argument,pro,model
khitan-circumcision,s0049,male,not_argument,none,model
khitan-circumcision,s0050,male,not_argument,none,model
khitan-circumcision,s0051,male,not_argument,none,model
khitan-circumcision,s0052,male,not_argument,none,model
khitan-circumcision,s0053,male,not_argument,none,model
khitan-circumcision,s0054,male,not_argument,none,model
khitan-circumcision,s0055,male,not_argument,none,model
khitan-circumcision,s0056,male,not_argument,none,model
khitan-circumcision,s0057,male,not_argument,none,model
khitan-circumcision,s0058,male,not_argument,none,model
khitan-circumcision,s0059,male,not_argument,none,model
khitan-circumcision,s0060,male,not_argument,none,model
khitan-circumcision,s0061,male,not_argument,pro,model
khitan-circumcision,s0062,male,not_argument,none,model
khitan-circumcision,s0063,male,not_argument,anti,model
khitan-circumcision,s0064,male,not_argument,none,model
khitan-circumcision,s0065,male,not_argument,none,model
khitan-circumcision,s0066,male,not_argument,mixed,model
khitan-circumcision,s0067,male,not_argument,none,model
khitan-circumcision,s0068,male,not_argument,none,model
khitan-circumcision,s0069,male,not_argument,none,model
khitan-circumcision,s0070,male,not_argument,none,model
khitan-circumcision,s0071,male,not_argument,none,model
khitan-circumcision,s0072,male,not_argument,none,model
khitan-circumcision,s0073,male,not_argument,none,model
khitan-circumcision,s0074,male,not_argument,none,model
khitan-circumcision,s0075,male,not_argument,pro,model
khitan-circumcision,s0076,male,not_argument,none,model
khitan-circumcision,s0077,male,not_argument,none,model
khitan-circumcision,s0078,male,not_argument,none,model
khitan-circumcision,s0079,male,not_argument,mixed,model
khitan-circumcision,s0080,male,not_argument,none,model
khitan-circumcision,s0081,male,pro,pro,model
khitan-circumcision,s0082,male,not_argument,none,model
khitan-circumcision,s0083,male,not_argument,none,model
khitan-circumcision,s0084,male,not_argument,none,model
khitan-circumcision,s0085,male,not_argument,none,model
khitan-circumcision,s0086,male,not_argument,none,model
khitan-circumcision,s0087,male,not_argument,none,model
khitan-circumcision,s0088,male,not_argument,anti,model
khitan-circumcision,s0089,male,not_argument,none,model
khitan-circumcision,s0090,male,not_argument,none,model
khitan-circumcision,s0091,male,not_argument,none,model
khitan-circumcision,s0092,male,not_argument,anti,model
khitan-circumcision,s0093,male,not_argument,mixed,model
khitan-circumcision,s0094,male,not_argument,none,model
khitan-circumcision,s0095,male,not_argument,none,model
khitan-circumcision,s0096,male,not_argument,none,model
khitan-circumcision,s0097,male,not_argument,none,model
khitan-circumcision,s0098,male,not_argument,none,model
khitan-circumcision,s0099,male,not_argument,none,model
khitan-circumcision,s0100,male,not_argument,none,model
khitan-circumcision,s0101,male,not_argument,none,model
khitan-circumcision,s0102,male,not_argument,none,model
khitan-circumcision,s0103,male,not_argument,none,model
khitan-circumcision,s0104,male,not_argument,none,model
khitan-circumcision,s0105,male,not_argument,none,model
khitan-circumcision,s0106,male,anti,none,model
khitan-circumcision,s0107,male,not_argument,none,model
khitan-circumcision,s0108,male,not_argument,none,model
khitan-circumcision,s0109,male,not_argument,anti,model
khitan-circumcision,s0110,male,not_argument,none,model
khitan-circumcision,s0111,male,anti,none,model
khitan-circumcision,s0112,male,not_argument,none,model
khitan-circumcision,s0113,male,not_argument,none,model
khitan-circumcision,s0114,male,not_argument,none,model
khitan-circumcision,s0115,male,not_argument,none,model
khitan-circumcision,s0116,male,not_argument,none,model
khitan-circumcision,s0117,male,not_argument,none,model
khitan-circumcision,s0118,male,not_argument,none,model
khitan-circumcision,s0119,male,not_argument,anti,model
khitan-circumcision,s0120,male,not_argument,none,model
khitan-circumcision,s0121,male,not_argument,none,model
khitan-circumcision,s0122,male,not_argument,mixed,model
khitan-circumcision,s0123,male,not_argument,none,model
khitan-circumcision,s0124,male,not_argument,none,model
khitan-circumcision,s0125,male,not_argument,none,model
khitan-circumcision,s0126,male,pro,pro,model
khitan-circumcision,s0127,male,not_argument,none,model
khitan-circumcision,s0128,male,not_argument,none,model
khitan-circumcision,s0129,male,not_argument,none,model
khitan-circumcision,s0130,male,not_argument,none,model
khitan-circumcision,s0131,male,not_argument,none,model
khitan-circumcision,s0132,male,not_argument,none,model
khitan-circumcision,s0133,male,not_argument,none,model
khitan-circumcision,s0134,male,not_argument,none,model
khitan-circumcision,s0135,male,not_argument,none,model
khitan-circumcision,s0136,male,not_argument,none,model
khitan-circumcision,s0137,male,not_argument,none,model
khitan-circumcision,s0138,male,not_argument,none,model
khitan-circumcision,s0139,male,not_argument,none,model
khitan-circumcision,s0140,male,not_argument,none,model
khitan-circumcision,s0141,male,not_argument,none,model
khitan-circumcision,s0142,male,not_argument,none,model
khitan-circumcision,s0143,male,not_argument,none,model
khitan-circumcision,s0144,male,not_argument,none,model
khitan-circumcision,s0145,male,not_argument,none,model
khitan-circumcision,s0146,male,pro,pro,model
khitan-circumcision,s0147,male,pro,pro,model
khitan-circumcision,s0148,male,pro,none,model
khitan-circumcision,s0149,male,not_argument,none,model
khitan-circumcision,s0150,male,pro,pro,model
khitan-circumcision,s0151,male,pro,pro,model
khitan-circumcision,s0152,male,not_argument,none,model
khitan-circumcision,s0153,male,pro,pro,model
khitan-circumcision,s0154,male,pro,none,model
khitan-circumcision,s0155,male,not_argument,none,model
khitan-circumcision,s0156,male,pro,pro,model
khitan-circumcision,s0157,male,pro,none,model
khitan-circumcision,s0158,male,not_argument,none,model
khitan-circumcision,s0159,male,not_argument,anti,model
khitan-circumcision,s0160,male,not_argument,anti,model
khitan-circumcision,s0161,male,not_argument,none,model
khitan-circumcision,s0162,male,not_argument,anti,model
khitan-circumcision,s0163,male,not_argument,none,model
khitan-circumcision,s0164,male,not_argument,none,model
khitan-circumcision,s0165,male,not_argument,none,model
khitan-circumcision,s0166,male,not_argument,none,model
khitan-circumcision,s0167,male,anti,anti,model
khitan-circumcision,s0168,male,not_argument,none,model
khitan-circumcision,s0169,male,anti,anti,model
khitan-circumcision,s0170,male,anti,none,model
khitan-circumcision,s0171,male,not_argument,none,model
khitan-circumcision,s0172,male,not_argument,none,model
khitan-circumcision,s0173,male,anti,none,model
khitan-circumcision,s0174,male,not_argument,mixed,model
khitan-circumcision,s0175,male,not_argument,none,model
khitan-circumcision,s0176,male,anti,anti,model
khitan-circumcision,s0177,male,anti,anti,model
khitan-circumcision,s0178,male,anti,anti,model
khitan-circumcision,s0179,male,not_argument,none,model
khitan-circumcision,s0180,male,pro,pro,model
khitan-circumcision,s0181,male,pro,anti,model
khitan-circumcision,s0182,male,pro,none,model
khitan-circumcision,s0183,male,not_argument,none,model
khitan-circumcision,s0184,male,anti,none,model
khitan-circumcision,s0185,male,pro,mixed,model
khitan-circumcision,s0186,male,not_argument,none,model
khitan-circumcision,s0187,male,not_argument,mixed,model
khitan-circumcision,s0188,male,not_argument,anti,model
khitan-circumcision,s0189,male,not_argument,mixed,model
khitan-circumcision,s0190,male,not_argument,pro,model
khitan-circumcision,s0191,male,not_argument,none,model
khitan-circumcision,s0192,male,not_argument,mixed,model
khitan-circumcision,s0193,male,not_argument,pro,model
khitan-circumcision,s0194,male,not_argument,anti,model
khitan-circumcision,s0195,male,not_argument,none,model
khitan-circumcision,s0196,male,anti,anti,model
khitan-circumcision,s0197,male,anti,anti,model
khitan-circumcision,s0198,male,pro,pro,model
khitan-circumcision,s0199,male,pro,mixed,model
khitan-circumcision,s0200,male,not_argument,none,model
khitan-circumcision,s0201,male,pro,none,model
khitan-circumcision,s0202,male,pro,anti,model
khitan-circumcision,s0203,male,pro,none,model
khitan-circumcision,s0204,male,not_argument,none,model
khitan-circumcision,s0205,male,pro,pro,model
khitan-circumcision,s0206,male,pro,mixed,model
khitan-circumcision,s0207,male,pro,anti,model
khitan-circumcision,s0208,male,not_argument,none,model
khitan-circumcision,s0209,male,pro,mixed,model
khitan-circumcision,s0210,male,pro,mixed,model
khitan-circumcision,s0211,male,not_argument,none,model
khitan-circumcision,s0212,male,not_argument,pro,model
khitan-circumcision,s0213,male,not_argument,none,model
khitan-circumcision,s0214,male,not_argument,none,model
khitan-circumcision,s0215,male,not_argument,none,model
khitan-circumcision,s0216,male,not_argument,none,model
khitan-circumcision,s0217,male,not_argument,none,model
khitan-circumcision,s0218,male,not_argument,none,model
khitan-circumcision,s0219,male,not_argument,none,model
khitan-circumcision,s0220,male,not_argument,none,model
khitan-circumcision,s0221,male,not_argument,none,model
khitan-circumcision,s0222,male,not_argument,none,model
khitan-circumcision,s0223,male,not_argument,none,model
khitan-circumcision,s0224,male,not_argument,pro,model
khitan-circumcision,s0225,male,not_argument,none,model
khitan-circumcision,s0226,male,not_argument,none,model
khitan-circumcision,s0227,male,not_argument,none,model
khitan-circumcision,s0228,male,not_argument,none,model
khitan-circumcision,s0229,male,pro,pro,model
khitan-circumcision,s0230,male,pro,none,model
khitan-circumcision,s0231,male,not_argument,none,model
khitan-circumcision,s0232,male,not_argument,none,model
khitan-circumcision,s0233,male,not_argument,none,model
khitan-circumcision,s0234,male,not_argument,pro,model
khitan-circumcision,s0235,male,not_argument,none,model
khitan-circumcision,s0236,male,anti,anti,model
khitan-circumcision,s0237,male,anti,none,model
khitan-circumcision,s0238,male,anti,anti,model
khitan-circumcision,s0239,male,not_argument,anti,model
khitan-circumcision,s0240,male,not_argument,anti,model
khitan-circumcision,s0241,male,not_argument,none,model
lipodermos,s0001,male,not_argument,none,model
lipodermos,s0002,male,not_argument,none,model
lipodermos,s0003,male,not_argument,anti,model
lipodermos,s0004,male,not_argument,none,model
lipodermos,s0005,male,not_argument,anti,model
lipodermos,s0006,male,not_argument,none,model
lipodermos,s0007,male,not_argument,none,model
lipodermos,s0008,male,not_argument,none,model
lipodermos,s0009,male,not_argument,none,model
lipodermos,s0010,male,not_argument,none,model
lipodermos,s0011,male,not_argument,none,model
lipodermos,s0012,male,not_argument,none,model
lipodermos,s0013,male,not_argument,none,model
lipodermos,s0014,male,not_argument,none,model
lipodermos,s0015,male,not_argument,none,model
lipodermos,s0016,male,not_argument,none,model
lipodermos,s0017,male,not_argument,none,model
lipodermos,s0018,male,not_argument,none,model
lipodermos,s0019,male,not_argument,none,model
lipodermos,s0020,male,not_argument,none,model
lipodermos,s0021,male,not_argument,none,model
lipodermos,s0022,male,not_argument,none,model
lipodermos,s0023,male,not_argument,none,model
lipodermos,s0024,male,not_argument,none,model
lipodermos,s0025,male,not_argument,none,model
lipodermos,s0026,male,not_argument,none,model
lipodermos,s0027,male,not_argument,none,model
lipodermos,s0028,male,not_argument,none,model
lipodermos,s0029,male,not_argument,none,model
lipodermos,s0030,male,not_argument,none,model
lipodermos,s0031,male,not_argument,none,model
lipodermos,s0032,male,not_argument,none,model
lipodermos,s0033,male,not_argument,none,model
lipodermos,s0034,male,not_argument,none,model
lipodermos,s0035,male,not_argument,none,model
lipodermos,s0036,male,not_argument,none,model
lipodermos,s0037,male,not_argument,none,model
lipodermos,s0038,male,not_argument,none,model
lipodermos,s0039,male,not_argument,none,model
lipodermos,s0040,male,not_argument,none,model
lipodermos,s0041,male,not_argument,none,model
lipodermos,s0042,male,not_argument,none,model
lipodermos,s0043,male,not_argument,none,model
lipodermos,s0044,male,not_argument,none,model
lipodermos,s0045,male,not_argument,none,model
lipodermos,s0046,male,not_argument,none,model
lipodermos,s0047,male,not_argument,none,model
lipodermos,s0048,male,not_argument,none,model
lipodermos,s0049,male,not_argument,none,model
lipodermos,s0050,male,not_argument,none,model
lipodermos,s0051,male,not_argument,none,model
lipodermos,s0052,male,not_argument,none,model
lipodermos,s0053,male,not_argument,none,model
lipodermos,s0054,male,not_argument,none,model
lipodermos,s0055,male,not_argument,none,model
lipodermos,s0056,male,not_argument,none,model
lipodermos,s0057,male,not_argument,none,model
lipodermos,s0058,male,not_argument,none,model
lipodermos,s0059,male,not_argument,none,model
lipodermos,s0060,male,not_argument,none,model
lipodermos,s0061,male,not_argument,none,model
lipodermos,s0062,male,not_argument,none,model
lipodermos,s0063,male,not_argument,none,model
lipodermos,s0064,male,not_argument,none,model
lipodermos,s0065,male,not_argument,none,model
lipodermos,s0066,male,not_argument,none,model
lipodermos,s0067,male,not_argument,none,model
lipodermos,s0068,male,not_argument,none,model
lipodermos,s0069,male,not_argument,none,model
lipodermos,s0070,male,not_argument,none,model
lipodermos,s0071,male,not_argument,anti,model
lipodermos,s0072,male,not_argument,none,model
lipodermos,s0073,male,not_argument,none,model
lipodermos,s0074,male,not_argument,none,model
lipodermos,s0075,male,not_argument,none,model
lipodermos,s0076,male,not_argument,none,model
lipodermos,s0077,male,not_argument,none,model
lipodermos,s0078,male,not_argument,none,model
lipodermos,s0079,male,not_argument,none,model
lipodermos,s0080,male,not_argument,none,model
lipodermos,s0081,male,not_argument,none,model
lipodermos,s0082,male,not_argument,none,model
lipodermos,s0083,male,not_argument,none,model
lipodermos,s0084,male,not_argument,none,model
lipodermos,s0085,male,not_argument,none,model
lipodermos,s0086,male,not_argument,none,model
lipodermos,s0087,male,not_argument,none,model
lipodermos,s0088,male,not_argument,none,model
lipodermos,s0089,male,not_argument,none,model
lipodermos,s0090,male,not_argument,none,model
lipodermos,s0091,male,not_argument,anti,model
lipodermos,s0092,male,not_argument,none,model
lipodermos,s0093,male,not_argument,none,model
lipodermos,s0094,male,not_argument,none,model
lipodermos,s0095,male,not_argument,none,model
lipodermos,s0096,male,not_argument,none,model
lipodermos,s0097,male,not_argument,none,model
lipodermos,s0098,male,not_argument,none,model
lipodermos,s0099,male,not_argument,none,model
lipodermos,s0100,male,not_argument,none,model
lipodermos,s0101,male,not_argument,none,model
lipodermos,s0102,male,not_argument,none,model
lipodermos,s0103,male,not_argument,none,model
lipodermos,s0104,male,not_argument,none,model
lipodermos,s0105,male,not_argument,none,model
lipodermos,s0106,male,not_argument,none,model
lipodermos,s0107,male,not_argument,pro,model
lipodermos,s0108,male,not_argument,none,model
lipodermos,s0109,male,not_argument,none,model
lipodermos,s0110,male,not_argument,none,model
lipodermos,s0111,male,not_argument,none,model
lipodermos,s0112,male,not_argument,anti,model
lipodermos,s0113,male,not_argument,none,model
lipodermos,s0114,male,not_argument,none,model
lipodermos,s0115,male,not_argument,none,model
lipodermos,s0116,male,not_argument,none,model
lipodermos,s0117,male,not_argument,none,model
lipodermos,s0118,male,not_argument,none,model
lipodermos,s0119,male,not_argument,none,model
lipodermos,s0120,male,not_argument,none,model
lipodermos,s0121,male,not_argument,none,model
lipodermos,s0122,male,not_argument,none,model
lipodermos,s0123,male,not_argument,none,model
lipodermos,s0124,male,not_argument,none,model
lipodermos,s0125,male,not_argument,none,model
lipodermos,s0126,male,not_argument,none,model
lipodermos,s0127,male,not_argument,none,model
lipodermos,s0128,male,not_argument,none,model
lipodermos,s0129,male,not_argument,none,model
lipodermos,s0130,male,not_argument,none,model
lipodermos,s0131,male,not_argument,none,model
lipodermos,s0132,male,not_argument,none,model
lipodermos,s0133,male,not_argument,anti,model
lipodermos,s0134,male,not_argument,none,model
lipodermos,s0135,male,not_argument,none,model
lipodermos,s0136,male,not_argument,none,model
lipodermos,s0137,male,not_argument,none,model
lipodermos,s0138,male,not_argument,none,model
lipodermos,s0139,male,not_argument,none,model
meatal-stenosis,s0001,male,not_argument,none,model
meatal-stenosis,s0002,male,not_argument,none,model
meatal-stenosis,s0003,male,not_argument,anti,model
meatal-stenosis,s0004,male,pro,none,model
meatal-stenosis,s0005,male,not_argument,none,model
meatal-stenosis,s0006,male,not_argument,anti,model
meatal-stenosis,s0007,male,not_argument,none,model
meatal-stenosis,s0008,male,not_argument,none,model
meatal-stenosis,s0009,male,not_argument,none,model
meatal-stenosis,s0010,male,not_argument,none,model
meatal-stenosis,s0011,male,not_argument,none,model
meatal-stenosis,s0012,male,not_argument,none,model
meatal-stenosis,s0013,male,not_argument,none,model
meatal-stenosis,s0014,male,not_argument,none,model
meatal-stenosis,s0015,male,not_argument,none,model
meatal-stenosis,s0016,male,not_argument,none,model
meatal-stenosis,s0017,male,not_argument,none,model
meatal-stenosis,s0018,male,not_argument,none,model
meatal-stenosis,s0019,male,not_argument,none,model
meatal-stenosis,s0020,male,not_argument,none,model
meatal-stenosis,s0021,male,not_argument,none,model
meatal-stenosis,s0022,male,not_argument,none,model
meatal-stenosis,s0023,male,not_argument,none,model
meatal-stenosis,s0024,male,not_argument,none,model
meatal-stenosis,s0025,male,not_argument,none,model
meatal-stenosis,s0026,male,not_argument,none,model
meatal-stenosis,s0027,male,not_argument,none,model
meatal-stenosis,s0028,male,not_argument,none,model
meatal-stenosis,s0029,male,not_argument,none,model
meatal-stenosis,s0030,male,not_argument,none,model
meatal-stenosis,s0031,male,not_argument,anti,model
meatal-stenosis,s0032,male,not_argument,none,model
meatal-stenosis,s0033,male,not_argument,none,model
meatal-stenosis,s0034,male,not_argument,none,model
meatal-stenosis,s0035,male,not_argument,none,model
meatal-stenosis,s0036,male,not_argument,none,model
meatal-stenosis,s0037,male,not_argument,none,model
meatal-stenosis,s0038,male,not_argument,anti,model
meatal-stenosis,s0039,male,not_argument,anti,model
meatal-stenosis,s0040,male,not_argument,none,model
meatal-stenosis,s0041,male,not_argument,none,model
meatal-stenosis,s0042,male,not_argument,none,model
meatal-stenosis,s0043,male,not_argument,none,model
meatal-stenosis,s0044,male,not_argument,none,model
meatal-stenosis,s0045,male,not_argument,anti,model
meatal-stenosis,s0046,male,not_argument,none,model
meatal-stenosis,s0047,male,not_argument,none,model
meatal-stenosis,s0048,male,not_argument,none,model
meatal-stenosis,s0049,male,not_argument,none,model
meatal-stenosis,s0050,male,not_argument,none,model
meatal-stenosis,s0051,male,not_argument,none,model
meatal-stenosis,s0052,male,not_argument,none,model
meatal-stenosis,s0053,male,not_argument,none,model
meatal-stenosis,s0054,male,not_argument,none,model
meatal-stenosis,s0055,male,not_argument,none,model
meatal-stenosis,s0056,male,not_argument,none,model
meatal-stenosis,s0057,male,not_argument,none,model
meatal-stenosis,s0058,male,not_argument,none,model
meatal-stenosis,s0059,male,not_argument,none,model
meatal-stenosis,s0060,male,not_argument,none,model
meatal-stenosis,s0061,male,not_argument,none,model
meatal-stenosis,s0062,male,not_argument,none,model
meatal-stenosis,s0063,male,not_argument,none,model
meatal-stenosis,s0064,male,not_argument,none,model
meatal-stenosis,s0065,male,not_argument,none,model
meatal-stenosis,s0066,male,not_argument,none,model
meatal-stenosis,s0067,male,not_argument,none,model
meatal-stenosis,s0068,male,not_argument,none,model
meatal-stenosis,s0069,male,not_argument,none,model
meatal-stenosis,s0070,male,not_argument,none,model
meatal-stenosis,s0071,male,not_argument,none,model
meatal-stenosis,s0072,male,not_argument,none,model
meatal-stenosis,s0073,male,not_argument,none,model
meatal-stenosis,s0074,male,not_argument,none,model
meatal-stenosis,s0075,male,not_argument,none,model
meatal-stenosis,s0076,male,not_argument,none,model
meatal-stenosis,s0077,male,not_argument,pro,model
meatal-stenosis,s0078,male,not_argument,none,model
meatal-stenosis,s0079,male,not_argument,none,model
meatal-stenosis,s0080,male,not_argument,none,model
meatal-stenosis,s0081,male,not_argument,none,model
meatal-stenosis,s0082,male,not_argument,anti,model
meatal-stenosis,s0083,male,not_argument,none,model
meatal-stenosis,s0084,male,not_argument,anti,model
meatal-stenosis,s0085,male,anti,pro,model
meatal-stenosis,s0086,male,not_argument,none,model
meatal-stenosis,s0087,male,not_argument,pro,model
meatal-stenosis,s0088,male,not_argument,mixed,model
meatal-stenosis,s0089,male,not_argument,none,model
meatal-stenosis,s0090,male,not_argument,none,model
meatal-stenosis,s0091,male,not_argument,pro,model
meatal-stenosis,s0092,male,not_argument,mixed,model
meatal-stenosis,s0093,male,not_argument,none,model
meatal-stenosis,s0094,male,not_argument,none,model
meatal-stenosis,s0095,male,not_argument,none,model
meatal-stenosis,s0096,male,not_argument,none,model
meatal-stenosis,s0097,male,not_argument,none,model
meatal-stenosis,s0098,male,not_argument,none,model
meatal-stenosis,s0099,male,not_argument,none,model
meatal-stenosis,s0100,male,not_argument,none,model
meatal-stenosis,s0101,male,not_argument,none,model
meatal-stenosis,s0102,male,not_argument,none,model
meatal-stenosis,s0103,male,not_argument,none,model
meatal-stenosis,s0104,male,not_argument,none,model
meatal-stenosis,s0105,male,not_argument,none,model
meatal-stenosis,s0106,male,not_argument,none,model
meatal-stenosis,s0107,male,not_argument,none,model
meatal-stenosis,s0108,male,not_argument,none,model
meatal-stenosis,s0109,male,not_argument,none,model
meatal-stenosis,s0110,male,not_argument,none,model
meatal-stenosis,s0111,male,not_argument,none,model
meatal-stenosis,s0112,male,not_argument,none,model
meatal-stenosis,s0113,male,not_argument,none,model
meatal-stenosis,s0114,male,not_argument,none,model
meatal-stenosis,s0115,male,not_argument,none,model
meatal-stenosis,s0116,male,not_argument,anti,model
meatal-stenosis,s0117,male,not_argument,none,model
meatal-stenosis,s0118,male,not_argument,anti,model
meatal-stenosis,s0119,male,not_argument,none,model
meatal-stenosis,s0120,male,not_argument,none,model
meatal-stenosis,s0121,male,not_argument,none,model
meatal-stenosis,s0122,male,not_argument,none,model
meatal-stenosis,s0123,male,not_argument,none,model
meatal-stenosis,s0124,male,not_argument,none,model
meatal-stenosis,s0125,male,not_argument,none,model
meatal-stenosis,s0126,male,not_argument,none,model
meatal-stenosis,s0127,male,not_argument,anti,model
meatal-stenosis,s0128,male,not_argument,none,model
meatal-stenosis,s0129,male,not_argument,none,model
meatal-stenosis,s0130,male,not_argument,none,model
meatal-stenosis,s0131,male,not_argument,none,model
meatal-stenosis,s0132,male,not_argument,none,model
meatal-stenosis,s0133,male,not_argument,none,model
meatal-stenosis,s0134,male,not_argument,none,model
meatal-stenosis,s0135,male,not_argument,none,model
meatal-stenosis,s0136,male,not_argument,none,model
meatal-stenosis,s0137,male,not_argument,anti,model
meatal-stenosis,s0138,male,not_argument,none,model
meatal-stenosis,s0139,male,not_argument,none,model
meatal-stenosis,s0140,male,not_argument,none,model
meatal-stenosis,s0141,male,not_argument,none,model
meatal-stenosis,s0142,male,not_argument,none,model
meatal-stenosis,s0143,male,not_argument,none,model
meatal-stenosis,s0144,male,not_argument,none,model
meatal-stenosis,s0145,male,not_argument,none,model
meatal-stenosis,s0146,male,not_argument,anti,model
meatal-stenosis,s0147,male,not_argument,none,model
meatal-stenosis,s0148,male,not_argument,anti,model
meatal-stenosis,s0149,male,not_argument,none,model
meatal-stenosis,s0150,male,not_argument,none,model
meatal-stenosis,s0151,male,pro,none,model
meatal-stenosis,s0152,male,not_argument,anti,model
meatal-stenosis,s0153,male,not_argument,none,model
meatal-stenosis,s0154,male,not_argument,none,model
meatal-stenosis,s0155,male,not_argument,anti,model
meatal-stenosis,s0156,male,not_argument,none,model
meatal-stenosis,s0157,male,not_argument,none,model
meatal-stenosis,s0158,male,pro,anti,model
meatal-stenosis,s0159,male,not_argument,none,model
meatal-stenosis,s0160,male,not_argument,none,model
meatal-stenosis,s0161,male,not_argument,anti,model
meatal-stenosis,s0162,male,not_argument,pro,model
meatal-stenosis,s0163,male,not_argument,none,model
meatal-stenosis,s0164,male,not_argument,none,model
meatal-stenosis,s0165,male,pro,none,model
meatal-stenosis,s0166,male,pro,none,model
meatal-stenosis,s0167,male,pro,mixed,model
meatal-stenosis,s0168,male,anti,none,model
meatal-stenosis,s0169,male,anti,none,model
meatal-stenosis,s0170,male,anti,mixed,model
meatal-stenosis,s0171,male,not_argument,none,model
meatal-stenosis,s0172,male,not_argument,none,model
mohel,s0001,male,not_argument,none,model
mohel,s0002,male,not_argument,none,model
mohel,s0003,male,not_argument,none,model
mohel,s0004,male,pro,none,model
mohel,s0005,male,not_argument,none,model
mohel,s0006,male,anti,none,model
mohel,s0007,male,not_argument,none,model
mohel,s0008,male,not_argument,none,model
mohel,s0009,male,not_argument,none,model
mohel,s0010,male,not_argument,none,model
mohel,s0011,male,not_argument,none,model
mohel,s0012,male,not_argument,none,model
mohel,s0013,male,not_argument,none,model
mohel,s0014,male,not_argument,none,model
mohel,s0015,male,not_argument,none,model
mohel,s0016,male,pro,anti,model
mohel,s0017,male,not_argument,none,model
mohel,s0018,male,not_argument,none,model
mohel,s0019,male,not_argument,none,model
mohel,s0020,male,not_argument,none,model
mohel,s0021,male,not_argument,none,model
mohel,s0022,male,not_argument,none,model
mohel,s0023,male,not_argument,none,model
mohel,s0024,male,not_argument,none,model
mohel,s0025,male,not_argument,none,model
mohel,s0026,male,not_argument,none,model
mohel,s0027,male,not_argument,none,model
mohel,s0028,male,not_argument,none,model
mohel,s0029,male,not_argument,none,model
mohel,s0030,male,not_argument,none,model
mohel,s0031,male,not_argument,none,model
mohel,s0032,male,not_argument,none,model
mohel,s0033,male,not_argument,none,model
mohel,s0034,male,not_argument,none,model
mohel,s0035,male,not_argument,none,model
mohel,s0036,male,not_argument,mixed,model
mohel,s0037,male,not_argument,none,model
mohel,s0038,male,not_argument,none,model
mohel,s0039,male,not_argument,none,model
mohel,s0040,male,not_argument,none,model
mohel,s0041,male,not_argument,none,model
mohel,s0042,male,not_argument,none,model
mohel,s0043,male,not_argument,anti,model
mohel,s0044,male,not_argument,none,model
mohel,s0045,male,not_argument,none,model
mohel,s0046,male,not_argument,none,model
mohel,s0047,male,not_argument,none,model
mohel,s0048,male,not_argument,none,model
mohel,s0049,male,not_argument,none,model
mohel,s0050,male,not_argument,none,model
mohel,s0051,male,not_argument,none,model
mohel,s0052,male,not_argument,none,model
mohel,s0053,male,not_argument,none,model
mohel,s0054,male,not_argument,none,model
mohel,s0055,male,not_argument,none,model
mohel,s0056,male,not_argument,none,model
mohel,s0057,male,not_argument,none,model
mohel,s0058,male,not_argument,none,model
mohel,s0059,male,not_argument,none,model
mohel,s0060,male,not_argument,anti,model
mohel,s0061,male,not_argument,none,model
mohel,s0062,male,not_argument,mixed,model
mohel,s0063,male,not_argument,none,model
mohel,s0064,male,not_argument,none,model
mohel,s0065,male,not_argument,none,model
mohel,s0066,male,not_argument,none,model
mohel,s0067,male,not_argument,none,model
mohel,s0068,male,pro,none,model
mohel,s0069,male,not_argument,none,model
mohel,s0070,male,not_argument,none,model
mohel,s0071,male,not_argument,none,model
mohel,s0072,male,not_argument,none,model
mohel,s0073,male,not_argument,none,model
mohel,s0074,male,not_argument,none,model
mohel,s0075,male,not_argument,none,model
mohel,s0076,male,not_argument,none,model
mohel,s0077,male,not_argument,none,model
mohel,s0078,male,not_argument,pro,model
mohel,s0079,male,not_argument,none,model
mohel,s0080,male,not_argument,none,model
mohel,s0081,male,not_argument,none,model
mohel,s0082,male,not_argument,none,model
mohel,s0083,male,not_argument,none,model
mohel,s0084,male,pro,none,model
mohel,s0085,male,not_argument,none,model
mohel,s0086,male,not_argument,none,model
mohel,s0087,male,not_argument,none,model
mohel,s0088,male,not_argument,none,model
mohel,s0089,male,not_argument,none,model
mohel,s0090,male,not_argument,none,model
mohel,s0091,male,not_argument,none,model
mohel,s0092,male,not_argument,none,model
mohel,s0093,male,not_argument,none,model
mohel,s0094,male,not_argument,none,model
mohel,s0095,male,not_argument,none,model
mohel,s0096,male,not_argument,none,model
mohel,s0097,male,not_argument,none,model
mohel,s0098,male,not_argument,none,model
mohel,s0099,male,not_argument,none,model
mohel,s0100,male,pro,none,model
mohel,s0101,male,not_argument,none,model
mohel,s0102,male,not_argument,none,model
mohel,s0103,male,not_argument,none,model
mohel,s0104,male,not_argument,none,model
mohel,s0105,male,not_argument,none,model
mohel,s0106,male,not_argument,none,model
mohel,s0107,male,not_argument,none,model
mohel,s0108,male,not_argument,none,model
mohel,s0109,male,not_argument,none,model
mohel,s0110,male,not_argument,none,model
mohel,s0111,male,not_argument,none,model
mohel,s0112,male,not_argument,none,model
mohel,s0113,male,not_argument,none,model
mohel,s0114,male,not_argument,anti,model
mohel,s0115,male,not_argument,none,model
mohel,s0116,male,pro,mixed,model
mohel,s0117,male,not_argument,none,model
mohel,s0118,male,pro,pro,model
mohel,s0119,male,pro,pro,model
mohel,s0120,male,not_argument,none,model
mohel,s0121,male,pro,pro,model
mohel,s0122,male,pro,pro,model
mohel,s0123,male,not_argument,none,model
mohel,s0124,male,pro,none,model
mohel,s0125,male,pro,none,model
mohel,s0126,male,not_argument,none,model
mohel,s0127,male,pro,pro,model
mohel,s0128,male,pro,mixed,model
mohel,s0129,male,not_argument,none,model
mohel,s0130,male,pro,mixed,model
mohel,s0131,male,pro,anti,model
mohel,s0132,male,not_argument,anti,model
mohel,s0133,male,not_argument,none,model
mohel,s0134,male,pro,mixed,model
mohel,s0135,male,not_argument,anti,model
mohel,s0136,male,pro,mixed,model
mohel,s0137,male,not_argument,none,model
mohel,s0138,male,pro,anti,model
mohel,s0139,male,pro,pro,model
mohel,s0140,male,pro,mixed,model
mohel,s0141,male,not_argument,none,model
mohel,s0142,male,anti,anti,model
mohel,s0143,male,anti,anti,model
mohel,s0144,male,anti,mixed,model
mohel,s0145,male,not_argument,none,model
mohel,s0146,male,anti,anti,model
mohel,s0147,male,anti,mixed,model
mohel,s0148,male,anti,anti,model
mohel,s0149,male,not_argument,none,model
mohel,s0150,male,anti,anti,model
mohel,s0151,male,anti,anti,model
mohel,s0152,male,anti,mixed,model
mohel,s0153,male,not_argument,none,model
mohel,s0154,male,anti,pro,model
mohel,s0155,male,anti,none,model
mohel,s0156,male,not_argument,none,model
mohel,s0157,male,not_argument,none,model
mohel,s0158,male,pro,none,model
mohel,s0159,male,pro,none,model
mohel,s0160,male,not_argument,none,model
mohel,s0161,male,anti,anti,model
mohel,s0162,male,anti,none,model
mohel,s0163,male,anti,mixed,model
mohel,s0164,male,not_argument,none,model
mohel,s0165,male,not_argument,none,model
mohel,s0166,male,not_argument,anti,model
mohel,s0167,male,anti,mixed,model
mohel,s0168,male,not_argument,none,model
mohel,s0169,male,not_argument,none,model
mohel,s0170,male,not_argument,none,model
mohel,s0171,male,not_argument,mixed,model
mohel,s0172,male,pro,none,model
mohel,s0173,male,not_argument,none,model
mohel,s0174,male,not_argument,none,model
mohel,s0175,male,not_argument,pro,model
mohel,s0176,male,not_argument,anti,model
mohel,s0177,male,not_argument,none,model
mohel,s0178,male,not_argument,pro,model
mohel,s0179,male,not_argument,none,model
mohel,s0180,male,not_argument,none,model
mohel,s0181,male,not_argument,anti,model
mohel,s0182,male,pro,anti,model
mohel,s0183,male,not_argument,none,model
mohel,s0184,male,not_argument,anti,model
mohel,s0185,male,not_argument,none,model
mohel,s0186,male,not_argument,none,model
mohel,s0187,male,not_argument,none,model
mohel,s0188,male,not_argument,none,model
mohel,s0189,male,not_argument,none,model
mohel,s0190,male,not_argument,none,model
mohel,s0191,male,not_argument,none,model
mohel,s0192,male,not_argument,none,model
mohel,s0193,male,not_argument,none,model
mohel,s0194,male,not_argument,none,model
mohel,s0195,male,not_argument,none,model
mohel,s0196,male,not_argument,none,model
mohel,s0197,male,not_argument,none,model
mohel,s0198,male,not_argument,none,model
mohel,s0199,male,not_argument,none,model
mohel,s0200,male,not_argument,none,model
mohel,s0201,male,not_argument,none,model
mohel,s0202,male,not_argument,none,model
mohel,s0203,male,not_argument,none,model
mohel,s0204,male,not_argument,pro,model
mohel,s0205,male,not_argument,none,model
mohel,s0206,male,not_argument,none,model
mohel,s0207,male,not_argument,none,model
mohel,s0208,male,not_argument,none,model
mohel,s0209,male,not_argument,none,model
mohel,s0210,male,not_argument,none,model
mohel,s0211,male,not_argument,none,model
mohel,s0212,male,not_argument,none,model
mohel,s0213,male,not_argument,none,model
mohel,s0214,male,not_argument,none,model
mohel,s0215,male,not_argument,none,model
mohel,s0216,male,not_argument,none,model
mohel,s0217,male,not_argument,none,model
mohel,s0218,male,not_argument,none,model
mohel,s0219,male,not_argument,none,model
mohel,s0220,male,not_argument,none,model
mohel,s0221,male,not_argument,none,model
mohel,s0222,male,not_argument,none,model
mohel,s0223,male,not_argument,none,model
mohel,s0224,male,pro,none,model
mohel,s0225,male,pro,none,model
mohel,s0226,male,pro,anti,model
mohel,s0227,male,not_argument,pro,model
mohel,s0228,male,not_argument,none,model
mohel,s0229,male,pro,none,model
mohel,s0230,male,pro,anti,model
mohel,s0231,male,pro,anti,model
mohel,s0232,male,not_argument,none,model
mohel,s0233,male,not_argument,none,model
paraphimosis,s0001,male,not_argument,none,model
paraphimosis,s0002,male,not_argument,none,model
paraphimosis,s0003,male,not_argument,mixed,model
paraphimosis,s0004,male,not_argument,none,model
paraphimosis,s0005,male,not_argument,pro,model
paraphimosis,s0006,male,not_argument,none,model
paraphimosis,s0007,male,not_argument,none,model
paraphimosis,s0008,male,not_argument,none,model
paraphimosis,s0009,male,not_argument,none,model
paraphimosis,s0010,male,not_argument,none,model
paraphimosis,s0011,male,not_argument,none,model
paraphimosis,s0012,male,not_argument,anti,model
paraphimosis,s0013,male,not_argument,none,model
paraphimosis,s0014,male,not_argument,none,model
paraphimosis,s0015,male,not_argument,none,model
paraphimosis,s0016,male,not_argument,anti,model
paraphimosis,s0017,male,not_argument,none,model
paraphimosis,s0018,male,not_argument,pro,model
paraphimosis,s0019,male,not_argument,none,model
paraphimosis,s0020,male,not_argument,none,model
paraphimosis,s0021,male,not_argument,none,model
paraphimosis,s0022,male,not_argument,none,model
paraphimosis,s0023,male,not_argument,none,model
paraphimosis,s0024,male,not_argument,none,model
paraphimosis,s0025,male,not_argument,none,model
paraphimosis,s0026,male,not_argument,none,model
paraphimosis,s0027,male,not_argument,none,model
paraphimosis,s0028,male,not_argument,none,model
paraphimosis,s0029,male,not_argument,pro,model
paraphimosis,s0030,male,not_argument,pro,model
paraphimosis,s0031,male,not_argument,none,model
paraphimosis,s0032,male,not_argument,none,model
paraphimosis,s0033,male,not_argument,none,model
paraphimosis,s0034,male,not_argument,none,model
paraphimosis,s0035,male,not_argument,none,model
paraphimosis,s0036,male,not_argument,none,model
paraphimosis,s0037,male,not_argument,none,model
paraphimosis,s0038,male,not_argument,none,model
paraphimosis,s0039,male,not_argument,none,model
paraphimosis,s0040,male,not_argument,none,model
paraphimosis,s0041,male,not_argument,none,model
paraphimosis,s0042,male,not_argument,none,model
paraphimosis,s0043,male,anti,none,model
paraphimosis,s0044,male,not_argument,none,model
paraphimosis,s0045,male,not_argument,none,model
paraphimosis,s0046,male,not_argument,none,model
paraphimosis,s0047,male,not_argument,none,model
paraphimosis,s0048,male,not_argument,none,model
paraphimosis,s0049,male,not_argument,none,model
paraphimosis,s0050,male,not_argument,none,model
paraphimosis,s0051,male,not_argument,none,model
paraphimosis,s0052,male,not_argument,none,model
paraphimosis,s0053,male,not_argument,none,model
paraphimosis,s0054,male,not_argument,none,model
paraphimosis,s0055,male,not_argument,none,model
paraphimosis,s0056,male,not_argument,none,model
paraphimosis,s0057,male,not_argument,none,model
paraphimosis,s0058,male,not_argument,none,model
paraphimosis,s0059,male,not_argument,none,model
paraphimosis,s0060,male,not_argument,none,model
paraphimosis,s0061,male,not_argument,none,model
paraphimosis,s0062,male,not_argument,none,model
paraphimosis,s0063,male,not_argument,none,model
paraphimosis,s0064,male,not_argument,none,model
paraphimosis,s0065,male,not_argument,none,model
paraphimosis,s0066,male,not_argument,none,model
paraphimosis,s0067,male,not_argument,none,model
paraphimosis,s0068,male,not_argument,none,model
paraphimosis,s0069,male,not_argument,none,model
paraphimosis,s0070,male,not_argument,anti,model
paraphimosis,s0071,male,not_argument,none,model
paraphimosis,s0072,male,not_argument,anti,model
paraphimosis,s0073,male,not_argument,none,model
paraphimosis,s0074,male,not_argument,none,model
paraphimosis,s0075,male,not_argument,none,model
paraphimosis,s0076,male,not_argument,none,model
paraphimosis,s0077,male,not_argument,none,model
paraphimosis,s0078,male,not_argument,none,model
paraphimosis,s0079,male,not_argument,none,model
paraphimosis,s0080,male,not_argument,none,model
paraphimosis,s0081,male,not_argument,pro,model
paraphimosis,s0082,male,not_argument,none,model
paraphimosis,s0083,male,not_argument,none,model
paraphimosis,s0084,male,not_argument,anti,model
paraphimosis,s0085,male,not_argument,none,model
paraphimosis,s0086,male,not_argument,anti,model
paraphimosis,s0087,male,not_argument,none,model
paraphimosis,s0088,male,not_argument,none,model
paraphimosis,s0089,male,not_argument,none,model
paraphimosis,s0090,male,not_argument,pro,model
paraphimosis,s0091,male,not_argument,none,model
paraphimosis,s0092,male,not_argument,none,model
paraphimosis,s0093,male,not_argument,none,model
paraphimosis,s0094,male,not_argument,none,model
paraphimosis,s0095,male,not_argument,none,model
paraphimosis,s0096,male,not_argument,none,model
paraphimosis,s0097,male,not_argument,none,model
paraphimosis,s0098,male,not_argument,none,model
paraphimosis,s0099,male,not_argument,none,model
paraphimosis,s0100,male,not_argument,none,model
paraphimosis,s0101,male,not_argument,none,model
paraphimosis,s0102,male,not_argument,none,model
paraphimosis,s0103,male,not_argument,none,model
paraphimosis,s0104,male,not_argument,none,model
paraphimosis,s0105,male,not_argument,none,model
paraphimosis,s0106,male,not_argument,none,model
paraphimosis,s0107,male,not_argument,none,model
paraphimosis,s0108,male,not_argument,pro,model
paraphimosis,s0109,male,not_argument,none,model
paraphimosis,s0110,male,not_argument,none,model
paraphimosis,s0111,male,not_argument,none,model
paraphimosis,s0112,male,pro,pro,model
paraphimosis,s0113,male,not_argument,none,model
paraphimosis,s0114,male,not_argument,none,model
paraphimosis,s0115,male,not_argument,none,model
paraphimosis,s0116,male,not_argument,pro,model
paraphimosis,s0117,male,not_argument,none,model
paraphimosis,s0118,male,not_argument,none,model
paraphimosis,s0119,male,not_argument,none,model
paraphimosis,s0120,male,not_argument,none,model
paraphimosis,s0121,male,not_argument,none,model
paraphimosis,s0122,male,not_argument,none,model
paraphimosis,s0123,male,not_argument,none,model
paraphimosis,s0124,male,not_argument,none,model
paraphimosis,s0125,male,not_argument,none,model
paraphimosis,s0126,male,not_argument,none,model
paraphimosis,s0127,male,not_argument,none,model
paraphimosis,s0128,male,not_argument,none,model
paraphimosis,s0129,male,not_argument,none,model
paraphimosis,s0130,male,not_argument,none,model
paraphimosis,s0131,male,not_argument,none,model
paraphimosis,s0132,male,not_argument,none,model
paraphimosis,s0133,male,not_argument,none,model
paraphimosis,s0134,male,not_argument,none,model
paraphimosis,s0135,male,not_argument,anti,model
paraphimosis,s0136,male,not_argument,none,model
paraphimosis,s0137,male,not_argument,none,model
paraphimosis,s0138,male,not_argument,anti,model
paraphimosis,s0139,male,not_argument,none,model
paraphimosis,s0140,male,not_argument,none,model
paraphimosis,s0141,male,not_argument,none,model
paraphimosis,s0142,male,not_argument,none,model
paraphimosis,s0143,male,not_argument,none,model
paraphimosis,s0144,male,not_argument,none,model
paraphimosis,s0145,male,not_argument,none,model
paraphimosis,s0146,male,not_argument,none,model
paraphimosis,s0147,male,not_argument,anti,model
paraphimosis,s0148,male,not_argument,none,model
paraphimosis,s0149,male,not_argument,none,model
paraphimosis,s0150,male,not_argument,none,model
paraphimosis,s0151,male,not_argument,none,model
paraphimosis,s0152,male,not_argument,none,model
paraphimosis,s0153,male,not_argument,none,model
paraphimosis,s0154,male,not_argument,none,model
paraphimosis,s0155,male,not_argument,none,model
paraphimosis,s0156,male,not_argument,none,model
paraphimosis,s0157,male,not_argument,none,model
paraphimosis,s0158,male,not_argument,none,model
paraphimosis,s0159,male,not_argument,none,model
paraphimosis,s0160,male,not_argument,none,model
paraphimosis,s0161,male,not_argument,none,model
paraphimosis,s0162,male,not_argument,none,model
paraphimosis,s0163,male,not_argument,none,model
paraphimosis,s0164,male,not_argument,none,model
paraphimosis,s0165,male,not_argument,none,model
paraphimosis,s0166,male,not_argument,none,model
paraphimosis,s0167,male,not_argument,none,model
paraphimosis,s0168,male,not_argument,none,model
paraphimosis,s0169,male,not_argument,none,model
paraphimosis,s0170,male,not_argument,none,model
paraphimosis,s0171,male,not_argument,none,model
paraphimosis,s0172,male,not_argument,none,model
paraphimosis,s0173,male,pro,none,model
paraphimosis,s0174,male,pro,none,model
paraphimosis,s0175,male,not_argument,none,model
paraphimosis,s0176,male,not_argument,mixed,model
paraphimosis,s0177,male,not_argument,none,model
paraphimosis,s0178,male,not_argument,none,model
paraphimosis,s0179,male,not_argument,none,model
paraphimosis,s0180,male,not_argument,pro,model
paraphimosis,s0181,male,pro,none,model
paraphimosis,s0182,male,not_argument,none,model
paraphimosis,s0183,male,not_argument,pro,model
paraphimosis,s0184,male,not_argument,none,model
paraphimosis,s0185,male,not_argument,none,model
paraphimosis,s0186,male,not_argument,none,model
paraphimosis,s0187,male,not_argument,none,model
paraphimosis,s0188,male,not_argument,none,model
paraphimosis,s0189,male,not_argument,none,model
paraphimosis,s0190,male,not_argument,none,model
paraphimosis,s0191,male,not_argument,none,model
paraphimosis,s0192,male,not_argument,none,model
paraphimosis,s0193,male,not_argument,none,model
paraphimosis,s0194,male,not_argument,none,model
paraphimosis,s0195,male,not_argument,mixed,model
paraphimosis,s0196,male,not_argument,none,model
paraphimosis,s0197,male,not_argument,none,model
paraphimosis,s0198,male,not_argument,none,model
paraphimosis,s0199,male,not_argument,none,model
paraphimosis,s0200,male,not_argument,pro,model
paraphimosis,s0201,male,not_argument,none,model
paraphimosis,s0202,male,not_argument,none,model
paraphimosis,s0203,male,pro,none,model
paraphimosis,s0204,male,pro,pro,model
paraphimosis,s0205,male,not_argument,none,model
paraphimosis,s0206,male,not_argument,none,model
paraphimosis,s0207,male,not_argument,none,model
paraphimosis,s0208,male,not_argument,none,model
paraphimosis,s0209,male,not_argument,none,model
paraphimosis,s0210,male,not_argument,none,model
paraphimosis,s0211,male,not_argument,none,model
paraphimosis,s0212,male,not_argument,none,model
penile-subincision,s0001,male,not_argument,none,model
penile-subincision,s0002,male,not_argument,none,model
penile-subincision,s0003,male,not_argument,none,model
penile-subincision,s0004,male,not_argument,none,model
penile-subincision,s0005,male,not_argument,none,model
penile-subincision,s0006,male,not_argument,none,model
penile-subincision,s0007,male,not_argument,none,model
penile-subincision,s0008,male,anti,none,model
penile-subincision,s0009,male,anti,anti,model
penile-subincision,s0010,male,not_argument,none,model
penile-subincision,s0011,male,not_argument,none,model
penile-subincision,s0012,male,not_argument,none,model
penile-subincision,s0013,male,not_argument,none,model
penile-subincision,s0014,male,not_argument,none,model
penile-subincision,s0015,male,not_argument,none,model
penile-subincision,s0016,male,not_argument,none,model
penile-subincision,s0017,male,not_argument,none,model
penile-subincision,s0018,male,not_argument,none,model
penile-subincision,s0019,male,not_argument,none,model
penile-subincision,s0020,male,not_argument,none,model
penile-subincision,s0021,male,not_argument,none,model
penile-subincision,s0022,male,not_argument,none,model
penile-subincision,s0023,male,not_argument,none,model
penile-subincision,s0024,male,not_argument,anti,model
penile-subincision,s0025,male,not_argument,none,model
penile-subincision,s0026,male,not_argument,anti,model
penile-subincision,s0027,male,not_argument,none,model
penile-subincision,s0028,male,anti,pro,model
penile-subincision,s0029,male,not_argument,none,model
penile-subincision,s0030,male,not_argument,anti,model
penile-subincision,s0031,male,not_argument,none,model
penile-subincision,s0032,male,not_argument,none,model
penile-subincision,s0033,male,not_argument,none,model
penile-subincision,s0034,male,not_argument,none,model
penile-subincision,s0035,male,not_argument,none,model
penile-subincision,s0036,male,not_argument,anti,model
penile-subincision,s0037,male,not_argument,none,model
penile-subincision,s0038,male,not_argument,none,model
penile-subincision,s0039,male,not_argument,none,model
penile-subincision,s0040,male,not_argument,none,model
penile-subincision,s0041,male,not_argument,none,model
penile-subincision,s0042,male,not_argument,none,model
penile-subincision,s0043,male,not_argument,none,model
penile-subincision,s0044,male,not_argument,none,model
penile-subincision,s0045,male,not_argument,none,model
penile-subincision,s0046,male,not_argument,none,model
penile-subincision,s0047,male,not_argument,none,model
penile-subincision,s0048,male,not_argument,none,model
penile-subincision,s0049,male,not_argument,none,model
penile-subincision,s0050,male,not_argument,none,model
penile-subincision,s0051,male,not_argument,none,model
penile-subincision,s0052,male,not_argument,none,model
penile-subincision,s0053,male,not_argument,none,model
penile-subincision,s0054,male,not_argument,none,model
penile-subincision,s0055,male,not_argument,none,model
penile-subincision,s0056,male,not_argument,none,model
penile-subincision,s0057,male,not_argument,none,model
penile-subincision,s0058,male,not_argument,none,model
penile-subincision,s0059,male,not_argument,none,model
penile-subincision,s0060,male,not_argument,none,model
penile-subincision,s0061,male,not_argument,none,model
penile-subincision,s0062,male,not_argument,none,model
penile-subincision,s0063,male,not_argument,none,model
penile-subincision,s0064,male,not_argument,none,model
penile-subincision,s0065,male,not_argument,none,model
penile-subincision,s0066,male,not_argument,pro,model
penile-subincision,s0067,male,not_argument,none,model
penile-subincision,s0068,male,not_argument,none,model
penile-subincision,s0069,male,not_argument,none,model
penile-subincision,s0070,male,not_argument,none,model
penile-subincision,s0071,male,not_argument,none,model
penile-subincision,s0072,male,not_argument,none,model
penile-subincision,s0073,male,not_argument,none,model
penile-subincision,s0074,male,not_argument,none,model
penile-subincision,s0075,male,not_argument,none,model
penile-subincision,s0076,male,not_argument,none,model
penile-subincision,s0077,male,not_argument,none,model
penile-subincision,s0078,male,not_argument,none,model
penile-subincision,s0079,male,anti,anti,model
penile-subincision,s0080,male,anti,none,model
penile-subincision,s0081,male,not_argument,none,model
penile-subincision,s0082,male,anti,none,model
penile-subincision,s0083,male,anti,pro,model
penile-subincision,s0084,male,not_argument,none,model
penile-subincision,s0085,male,anti,none,model
penile-subincision,s0086,male,anti,none,model
penile-subincision,s0087,male,not_argument,none,model
penile-subincision,s0088,male,anti,none,model
penile-subincision,s0089,male,anti,none,model
penile-subincision,s0090,male,anti,anti,model
penile-subincision,s0091,male,not_argument,none,model
penile-subincision,s0092,male,pro,none,model
penile-subincision,s0093,male,not_argument,none,model
penile-subincision,s0094,male,pro,none,model
penile-subincision,s0095,male,not_argument,none,model
penile-subincision,s0096,male,pro,none,model
penile-subincision,s0097,male,anti,mixed,model
penile-subincision,s0098,male,not_argument,none,model
penile-subincision,s0099,male,not_argument,none,model
penile-subincision,s0100,male,not_argument,none,model
penile-subincision,s0101,male,not_argument,none,model
penile-subincision,s0102,male,not_argument,none,model
penile-subincision,s0103,male,not_argument,none,model
penile-subincision,s0104,male,not_argument,none,model
penile-subincision,s0105,male,not_argument,none,model
penile-subincision,s0106,male,not_argument,none,model
penile-subincision,s0107,male,not_argument,none,model
penile-subincision,s0108,male,not_argument,none,model
penile-subincision,s0109,male,not_argument,none,model
penile-subincision,s0110,male,anti,none,model
penile-subincision,s0111,male,not_argument,none,model
penile-subincision,s0112,male,anti,anti,model
penile-subincision,s0113,male,anti,anti,model
penile-subincision,s0114,male,not_argument,none,model
penile-subincision,s0115,male,not_argument,none,model
penile-subincision,s0116,male,pro,none,model
penile-subincision,s0117,male,anti,anti,model
penile-subincision,s0118,male,anti,anti,model
penile-subincision,s0119,male,anti,none,model
penile-subincision,s0120,male,not_argument,none,model
penile-subincision,s0121,male,not_argument,none,model
penile-subincision,s0122,male,not_argument,none,model
penile-subincision,s0123,male,pro,none,model
penile-subincision,s0124,male,not_argument,none,model
penile-subincision,s0125,male,anti,anti,model
penile-subincision,s0126,male,anti,mixed,model
penile-subincision,s0127,male,anti,none,model
penile-subincision,s0128,male,not_argument,none,model
penile-subincision,s0129,male,pro,mixed,model
penile-subincision,s0130,male,anti,anti,model
penile-subincision,s0131,male,anti,mixed,model
penile-subincision,s0132,male,anti,mixed,model
penile-subincision,s0133,male,not_argument,none,model
penile-subincision,s0134,male,not_argument,anti,model
penile-subincision,s0135,male,not_argument,pro,model
penile-subincision,s0136,male,not_argument,none,model
penile-subincision,s0137,male,not_argument,none,model
penile-subincision,s0138,male,not_argument,none,model
penile-subincision,s0139,male,pro,none,model
penile-subincision,s0140,male,anti,anti,model
penile-subincision,s0141,male,anti,mixed,model
penile-subincision,s0142,male,not_argument,none,model
penile-subincision,s0143,male,not_argument,anti,model
penile-subincision,s0144,male,not_argument,anti,model
penile-subincision,s0145,male,not_argument,none,model
penile-subincision,s0146,male,not_argument,none,model
penile-subincision,s0147,male,not_argument,mixed,model
penile-subincision,s0148,male,not_argument,anti,model
penile-subincision,s0149,male,not_argument,none,model
penile-subincision,s0150,male,anti,mixed,model
penile-subincision,s0151,male,anti,none,model
penile-subincision,s0152,male,anti,anti,model
penile-subincision,s0153,male,anti,anti,model
penile-subincision,s0154,male,not_argument,none,model
phimosis,s0001,male,not_argument,none,model
phimosis,s0002,male,not_argument,none,model
phimosis,s0003,male,not_argument,none,model
phimosis,s0004,male,not_argument,none,model
phimosis,s0005,male,not_argument,anti,model
phimosis,s0006,male,not_argument,none,model
phimosis,s0007,male,not_argument,none,model
phimosis,s0008,male,not_argument,none,model
phimosis,s0009,male,not_argument,none,model
phimosis,s0010,male,not_argument,none,model
phimosis,s0011,male,not_argument,none,model
phimosis,s0012,male,not_argument,anti,model
phimosis,s0013,male,not_argument,none,model
phimosis,s0014,male,not_argument,none,model
phimosis,s0015,male,not_argument,none,model
phimosis,s0016,male,not_argument,none,model
phimosis,s0017,male,not_argument,none,model
phimosis,s0018,male,not_argument,none,model
phimosis,s0019,male,not_argument,none,model
phimosis,s0020,male,not_argument,none,model
phimosis,s0021,male,not_argument,none,model
phimosis,s0022,male,not_argument,none,model
phimosis,s0023,male,not_argument,none,model
phimosis,s0024,male,not_argument,none,model
phimosis,s0025,male,not_argument,none,model
phimosis,s0026,male,not_argument,none,model
phimosis,s0027,male,not_argument,none,model
phimosis,s0028,male,not_argument,none,model
phimosis,s0029,male,not_argument,none,model
phimosis,s0030,male,not_argument,none,model
phimosis,s0031,male,not_argument,none,model
phimosis,s0032,male,not_argument,pro,model
phimosis,s0033,male,not_argument,none,model
phimosis,s0034,male,not_argument,none,model
phimosis,s0035,male,not_argument,none,model
phimosis,s0036,male,not_argument,none,model
phimosis,s0037,male,not_argument,none,model
phimosis,s0038,male,not_argument,none,model
phimosis,s0039,male,not_argument,none,model
phimosis,s0040,male,not_argument,none,model
phimosis,s0041,male,not_argument,none,model
phimosis,s0042,male,not_argument,none,model
phimosis,s0043,male,not_argument,anti,model
phimosis,s0044,male,not_argument,none,model
phimosis,s0045,male,not_argument,none,model
phimosis,s0046,male,not_argument,none,model
phimosis,s0047,male,not_argument,none,model
phimosis,s0048,male,not_argument,none,model
phimosis,s0049,male,not_argument,none,model
phimosis,s0050,male,not_argument,none,model
phimosis,s0051,male,anti,pro,model
phimosis,s0052,male,not_argument,none,model
phimosis,s0053,male,not_argument,none,model
phimosis,s0054,male,not_argument,none,model
phimosis,s0055,male,not_argument,none,model
phimosis,s0056,male,not_argument,none,model
phimosis,s0057,male,not_argument,none,model
phimosis,s0058,male,not_argument,none,model
phimosis,s0059,male,not_argument,none,model
phimosis,s0060,male,not_argument,pro,model
phimosis,s0061,male,not_argument,none,model
phimosis,s0062,male,not_argument,none,model
phimosis,s0063,male,not_argument,none,model
phimosis,s0064,male,not_argument,none,model
phimosis,s0065,male,not_argument,none,model
phimosis,s0066,male,not_argument,none,model
phimosis,s0067,male,not_argument,pro,model
phimosis,s0068,male,not_argument,none,model
phimosis,s0069,male,not_argument,pro,model
phimosis,s0070,male,not_argument,none,model
phimosis,s0071,male,not_argument,pro,model
phimosis,s0072,male,not_argument,none,model
phimosis,s0073,male,not_argument,none,model
phimosis,s0074,male,not_argument,none,model
phimosis,s0075,male,pro,pro,model
phimosis,s0076,male,not_argument,none,model
phimosis,s0077,male,not_argument,none,model
phimosis,s0078,male,not_argument,none,model
phimosis,s0079,male,not_argument,none,model
phimosis,s0080,male,not_argument,none,model
phimosis,s0081,male,not_argument,none,model
phimosis,s0082,male,not_argument,none,model
phimosis,s0083,male,not_argument,none,model
phimosis,s0084,male,not_argument,none,model
phimosis,s0085,male,not_argument,none,model
phimosis,s0086,male,not_argument,none,model
phimosis,s0087,male,not_argument,none,model
phimosis,s0088,male,not_argument,none,model
phimosis,s0089,male,not_argument,none,model
phimosis,s0090,male,not_argument,none,model
phimosis,s0091,male,not_argument,none,model
phimosis,s0092,male,not_argument,none,model
phimosis,s0093,male,not_argument,pro,model
phimosis,s0094,male,not_argument,none,model
phimosis,s0095,male,not_argument,none,model
phimosis,s0096,male,not_argument,none,model
phimosis,s0097,male,not_argument,none,model
phimosis,s0098,male,not_argument,none,model
phimosis,s0099,male,not_argument,none,model
phimosis,s0100,male,not_argument,none,model
phimosis,s0101,male,not_argument,none,model
phimosis,s0102,male,not_argument,none,model
phimosis,s0103,male,not_argument,none,model
phimosis,s0104,male,not_argument,pro,model
phimosis,s0105,male,not_argument,none,model
phimosis,s0106,male,not_argument,none,model
phimosis,s0107,male,not_argument,none,model
phimosis,s0108,male,not_argument,none,model
phimosis,s0109,male,not_argument,none,model
phimosis,s0110,male,not_argument,none,model
phimosis,s0111,male,not_argument,none,model
phimosis,s0112,male,anti,anti,model
phimosis,s0113,male,not_argument,none,model
phimosis,s0114,male,not_argument,none,model
phimosis,s0115,male,anti,none,model
phimosis,s0116,male,not_argument,none,model
phimosis,s0117,male,not_argument,none,model
phimosis,s0118,male,not_argument,none,model
phimosis,s0119,male,not_argument,pro,model
phimosis,s0120,male,not_argument,none,model
phimosis,s0121,male,not_argument,none,model
phimosis,s0122,male,not_argument,none,model
phimosis,s0123,male,not_argument,none,model
phimosis,s0124,male,not_argument,none,model
phimosis,s0125,male,not_argument,pro,model
phimosis,s0126,male,not_argument,none,model
phimosis,s0127,male,not_argument,none,model
phimosis,s0128,male,not_argument,anti,model
phimosis,s0129,male,not_argument,pro,model
phimosis,s0130,male,not_argument,pro,model
phimosis,s0131,male,not_argument,none,model
phimosis,s0132,male,not_argument,none,model
phimosis,s0133,male,not_argument,none,model
phimosis,s0134,male,not_argument,none,model
phimosis,s0135,male,not_argument,none,model
phimosis,s0136,male,not_argument,none,model
phimosis,s0137,male,not_argument,anti,model
phimosis,s0138,male,not_argument,none,model
phimosis,s0139,male,not_argument,none,model
phimosis,s0140,male,not_argument,none,model
phimosis,s0141,male,not_argument,none,model
phimosis,s0142,male,pro,pro,model
phimosis,s0143,male,not_argument,anti,model
phimosis,s0144,male,not_argument,none,model
phimosis,s0145,male,not_argument,anti,model
phimosis,s0146,male,not_argument,none,model
phimosis,s0147,male,not_argument,none,model
phimosis,s0148,male,not_argument,none,model
phimosis,s0149,male,not_argument,none,model
phimosis,s0150,male,not_argument,mixed,model
phimosis,s0151,male,not_argument,none,model
phimosis,s0152,male,not_argument,none,model
phimosis,s0153,male,not_argument,anti,model
phimosis,s0154,male,not_argument,none,model
phimosis,s0155,male,pro,none,model
phimosis,s0156,male,pro,mixed,model
phimosis,s0157,male,not_argument,pro,model
phimosis,s0158,male,not_argument,none,model
phimosis,s0159,male,not_argument,none,model
phimosis,s0160,male,not_argument,none,model
phimosis,s0161,male,not_argument,anti,model
phimosis,s0162,male,not_argument,none,model
phimosis,s0163,male,not_argument,none,model
phimosis,s0164,male,not_argument,none,model
phimosis,s0165,male,not_argument,anti,model
phimosis,s0166,male,not_argument,none,model
phimosis,s0167,male,not_argument,none,model
phimosis,s0168,male,not_argument,none,model
phimosis,s0169,male,not_argument,none,model
phimosis,s0170,male,not_argument,none,model
phimosis,s0171,male,not_argument,none,model
phimosis,s0172,male,not_argument,none,model
phimosis,s0173,male,not_argument,none,model
phimosis,s0174,male,not_argument,none,model
phimosis,s0175,male,not_argument,none,model
phimosis,s0176,male,not_argument,pro,model
phimosis,s0177,male,not_argument,none,model
phimosis,s0178,male,not_argument,none,model
phimosis,s0179,male,not_argument,none,model
phimosis,s0180,male,not_argument,anti,model
phimosis,s0181,male,not_argument,none,model
phimosis,s0182,male,not_argument,none,model
phimosis,s0183,male,not_argument,none,model
phimosis,s0184,male,not_argument,none,model
phimosis,s0185,male,not_argument,none,model
phimosis,s0186,male,not_argument,none,model
phimosis,s0187,male,not_argument,none,model
phimosis,s0188,male,not_argument,none,model
phimosis,s0189,male,not_argument,none,model
phimosis,s0190,male,not_argument,anti,model
phimosis,s0191,male,not_argument,none,model
phimosis,s0192,male,not_argument,none,model
phimosis,s0193,male,not_argument,none,model
phimosis,s0194,male,not_argument,none,model
phimosis,s0195,male,not_argument,none,model
phimosis,s0196,male,not_argument,pro,model
phimosis,s0197,male,not_argument,anti,model
phimosis,s0198,male,not_argument,none,model
phimosis,s0199,male,not_argument,none,model
phimosis,s0200,male,not_argument,anti,model
phimosis,s0201,male,not_argument,none,model
phimosis,s0202,male,not_argument,none,model
phimosis,s0203,male,not_argument,none,model
phimosis,s0204,male,not_argument,none,model
phimosis,s0205,male,not_argument,mixed,model
phimosis,s0206,male,pro,none,model
phimosis,s0207,male,not_argument,none,model
phimosis,s0208,male,not_argument,anti,model
phimosis,s0209,male,pro,none,model
phimosis,s0210,male,not_argument,anti,model
phimosis,s0211,male,not_argument,anti,model
phimosis,s0212,male,not_argument,none,model
phimosis,s0213,male,not_argument,none,model
phimosis,s0214,male,anti,mixed,model
phimosis,s0215,male,anti,none,model
phimosis,s0216,male,not_argument,none,model
phimosis,s0217,male,not_argument,none,model
phimosis,s0218,male,not_argument,none,model
phimosis,s0219,male,not_argument,none,model
phimosis,s0220,male,not_argument,pro,model
phimosis,s0221,male,not_argument,none,model
phimosis,s0222,male,anti,none,model
phimosis,s0223,male,not_argument,none,model
phimosis,s0224,male,not_argument,none,model
phimosis,s0225,male,not_argument,none,model
phimosis,s0226,male,not_argument,none,model
phimosis,s0227,male,not_argument,none,model
phimosis,s0228,male,not_argument,pro,model
phimosis,s0229,male,not_argument,none,model
phimosis,s0230,male,not_argument,none,model
phimosis,s0231,male,not_argument,anti,model
phimosis,s0232,male,not_argument,mixed,model
phimosis,s0233,male,not_argument,none,model
phimosis,s0234,male,not_argument,none,model
phimosis,s0235,male,not_argument,none,model
phimosis,s0236,male,not_argument,none,model
phimosis,s0237,male,not_argument,none,model
phimosis,s0238,male,not_argument,none,model
phimosis,s0239,male,not_argument,pro,model
phimosis,s0240,male,not_argument,none,model
phimosis,s0241,male,not_argument,none,model
phimosis,s0242,male,not_argument,none,model
phimosis,s0243,male,not_argument,none,model
phimosis,s0244,male,not_argument,anti,model
phimosis,s0245,male,not_argument,none,model
phimosis,s0246,male,pro,pro,model
phimosis,s0247,male,anti,none,model
phimosis,s0248,male,anti,anti,model
phimosis,s0249,male,not_argument,none,model
phimosis,s0250,male,not_argument,none,model
phimosis,s0251,male,not_argument,none,model
phimosis,s0252,male,not_argument,none,model
phimosis,s0253,male,not_argument,none,model
phimosis,s0254,male,not_argument,none,model
phimosis,s0255,male,not_argument,none,model
phimosis,s0256,male,not_argument,none,model
phimosis,s0257,male,not_argument,none,model
phimosis,s0258,male,not_argument,pro,model
phimosis,s0259,male,not_argument,none,model
phimosis,s0260,male,not_argument,none,model
phimosis,s0261,male,pro,none,model
phimosis,s0262,male,pro,none,model
phimosis,s0263,male,not_argument,none,model
phimosis,s0264,male,not_argument,none,model
phimosis,s0265,male,pro,none,model
phimosis,s0266,male,pro,none,model
phimosis,s0267,male,not_argument,pro,model
phimosis,s0268,male,not_argument,none,model
phimosis,s0269,male,not_argument,none,model
phimosis,s0270,male,anti,anti,model
phimosis,s0271,male,not_argument,none,model
phimosis,s0272,male,pro,none,model
phimosis,s0273,male,not_argument,none,model
phimosis,s0274,male,pro,none,model
phimosis,s0275,male,not_argument,none,model
phimosis,s0276,male,pro,pro,model
phimosis,s0277,male,anti,none,model
phimosis,s0278,male,not_argument,none,model
phimosis,s0279,male,anti,anti,model
phimosis,s0280,male,anti,mixed,model
phimosis,s0281,male,anti,anti,model
phimosis,s0282,male,anti,anti,model
phimosis,s0283,male,anti,mixed,model
phimosis,s0284,male,not_argument,none,model
phimosis,s0285,male,anti,none,model
phimosis,s0286,male,anti,none,model
phimosis,s0287,male,pro,anti,model
phimosis,s0288,male,anti,pro,model
phimosis,s0289,male,anti,anti,model
phimosis,s0290,male,not_argument,none,model
phimosis,s0291,male,not_argument,none,model
phimosis,s0292,male,not_argument,anti,model
phimosis,s0293,male,not_argument,none,model
phimosis,s0294,male,not_argument,none,model
phimosis,s0295,male,not_argument,none,model
phimosis,s0296,male,anti,pro,model
phimosis,s0297,male,not_argument,pro,model
phimosis,s0298,male,not_argument,none,model
phimosis,s0299,male,anti,none,model
phimosis,s0300,male,anti,anti,model
phimosis,s0301,male,anti,anti,model
phimosis,s0302,male,not_argument,none,model
phimosis,s0303,male,not_argument,none,model
phimosis,s0304,male,not_argument,none,model
phimosis,s0305,male,not_argument,none,model
phimosis,s0306,male,not_argument,none,model
phimosis,s0307,male,not_argument,none,model
phimosis,s0308,male,not_argument,none,model
phimosis,s0309,male,not_argument,none,model
phimosis,s0310,male,not_argument,anti,model
phimosis,s0311,male,not_argument,none,model
phimosis,s0312,male,not_argument,none,model
phimosis,s0313,male,not_argument,none,model
phimosis,s0314,male,not_argument,anti,model
phimosis,s0315,male,not_argument,none,model
phimosis,s0316,male,not_argument,none,model
phimosis,s0317,male,not_argument,none,model
phimosis,s0318,male,anti,none,model
phimosis,s0319,male,not_argument,none,model
phimosis,s0320,male,not_argument,none,model
phimosis,s0321,male,not_argument,none,model
phimosis,s0322,male,not_argument,mixed,model
phimosis,s0323,male,not_argument,none,model
phimosis,s0324,male,not_argument,pro,model
phimosis,s0325,male,not_argument,none,model
phimosis,s0326,male,not_argument,none,model
phimosis,s0327,male,not_argument,none,model
phimosis,s0328,male,not_argument,none,model
phimosis,s0329,male,anti,anti,model
phimosis,s0330,male,anti,anti,model
phimosis,s0331,male,not_argument,none,model
prevalence-of-circumcision,s0001,male,not_argument,none,model
prevalence-of-circumcision,s0002,male,not_argument,none,model
prevalence-of-circumcision,s0003,male,not_argument,none,model
prevalence-of-circumcision,s0004,male,not_argument,none,model
prevalence-of-circumcision,s0005,male,not_argument,none,model
prevalence-of-circumcision,s0006,male,not_argument,pro,model
prevalence-of-circumcision,s0007,male,not_argument,none,model
prevalence-of-circumcision,s0008,male,not_argument,mixed,model
prevalence-of-circumcision,s0009,male,not_argument,none,model
prevalence-of-circumcision,s0010,male,not_argument,none,model
prevalence-of-circumcision,s0011,male,not_argument,none,model
prevalence-of-circumcision,s0012,male,not_argument,none,model
prevalence-of-circumcision,s0013,male,not_argument,none,model
prevalence-of-circumcision,s0014,male,not_argument,none,model
prevalence-of-circumcision,s0015,male,not_argument,none,model
prevalence-of-circumcision,s0016,male,not_argument,none,model
prevalence-of-circumcision,s0017,male,not_argument,none,model
prevalence-of-circumcision,s0018,male,not_argument,none,model
prevalence-of-circumcision,s0019,male,not_argument,none,model
prevalence-of-circumcision,s0020,male,not_argument,none,model
prevalence-of-circumcision,s0021,male,not_argument,none,model
prevalence-of-circumcision,s0022,male,not_argument,none,model
prevalence-of-circumcision,s0023,male,not_argument,none,model
prevalence-of-circumcision,s0024,male,not_argument,none,model
prevalence-of-circumcision,s0025,male,not_argument,none,model
prevalence-of-circumcision,s0026,male,not_argument,none,model
prevalence-of-circumcision,s0027,male,not_argument,none,model
prevalence-of-circumcision,s0028,male,not_argument,none,model
prevalence-of-circumcision,s0029,male,not_argument,none,model
prevalence-of-circumcision,s0030,male,not_argument,none,model
prevalence-of-circumcision,s0031,male,not_argument,none,model
prevalence-of-circumcision,s0032,male,not_argument,none,model
prevalence-of-circumcision,s0033,male,not_argument,none,model
prevalence-of-circumcision,s0034,male,not_argument,none,model
prevalence-of-circumcision,s0035,male,not_argument,none,model
prevalence-of-circumcision,s0036,male,not_argument,none,model
prevalence-of-circumcision,s0037,male,not_argument,none,model
prevalence-of-circumcision,s0038,male,not_argument,none,model
prevalence-of-circumcision,s0039,male,not_argument,none,model
prevalence-of-circumcision,s0040,male,not_argument,pro,model
prevalence-of-circumcision,s0041,male,not_argument,pro,model
prevalence-of-circumcision,s0042,male,not_argument,none,model
prevalence-of-circumcision,s0043,male,not_argument,none,model
prevalence-of-circumcision,s0044,male,not_argument,none,model
prevalence-of-circumcision,s0045,male,not_argument,none,model
prevalence-of-circumcision,s0046,male,not_argument,none,model
prevalence-of-circumcision,s0047,male,not_argument,none,model
prevalence-of-circumcision,s0048,male,not_argument,pro,model
prevalence-of-circumcision,s0049,male,not_argument,none,model
prevalence-of-circumcision,s0050,male,not_argument,anti,model
prevalence-of-circumcision,s0051,male,not_argument,none,model
prevalence-of-circumcision,s0052,male,not_argument,none,model
prevalence-of-circumcision,s0053,male,pro,none,model
prevalence-of-circumcision,s0054,male,pro,none,model
prevalence-of-circumcision,s0055,male,not_argument,none,model
prevalence-of-circumcision,s0056,male,not_argument,none,model
prevalence-of-circumcision,s0057,male,pro,pro,model
prevalence-of-circumcision,s0058,male,pro,none,model
prevalence-of-circumcision,s0059,male,not_argument,none,model
prevalence-of-circumcision,s0060,male,not_argument,pro,model
prevalence-of-circumcision,s0061,male,anti,none,model
prevalence-of-circumcision,s0062,male,anti,pro,model
prevalence-of-circumcision,s0063,male,not_argument,none,model
prevalence-of-circumcision,s0064,male,not_argument,none,model
prevalence-of-circumcision,s0065,male,not_argument,pro,model
prevalence-of-circumcision,s0066,male,not_argument,none,model
prevalence-of-circumcision,s0067,male,not_argument,pro,model
prevalence-of-circumcision,s0068,male,not_argument,none,model
prevalence-of-circumcision,s0069,male,not_argument,none,model
prevalence-of-circumcision,s0070,male,not_argument,none,model
prevalence-of-circumcision,s0071,male,not_argument,pro,model
prevalence-of-circumcision,s0072,male,not_argument,none,model
prevalence-of-circumcision,s0073,male,not_argument,none,model
prevalence-of-circumcision,s0074,male,not_argument,none,model
prevalence-of-circumcision,s0075,male,not_argument,none,model
prevalence-of-circumcision,s0076,male,not_argument,none,model
prevalence-of-circumcision,s0077,male,not_argument,none,model
prevalence-of-circumcision,s0078,male,not_argument,none,model
prevalence-of-circumcision,s0079,male,not_argument,pro,model
prevalence-of-circumcision,s0080,male,not_argument,none,model
prevalence-of-circumcision,s0081,male,not_argument,none,model
prevalence-of-circumcision,s0082,male,not_argument,none,model
prevalence-of-circumcision,s0083,male,not_argument,none,model
prevalence-of-circumcision,s0084,male,not_argument,none,model
prevalence-of-circumcision,s0085,male,anti,anti,model
prevalence-of-circumcision,s0086,male,not_argument,anti,model
prevalence-of-circumcision,s0087,male,not_argument,none,model
prevalence-of-circumcision,s0088,male,anti,none,model
prevalence-of-circumcision,s0089,male,not_argument,none,model
prevalence-of-circumcision,s0090,male,pro,pro,model
prevalence-of-circumcision,s0091,male,not_argument,none,model
prevalence-of-circumcision,s0092,male,not_argument,none,model
prevalence-of-circumcision,s0093,male,not_argument,none,model
prevalence-of-circumcision,s0094,male,not_argument,none,model
prevalence-of-circumcision,s0095,male,pro,pro,model
prevalence-of-circumcision,s0096,male,not_argument,none,model
prevalence-of-circumcision,s0097,male,not_argument,none,model
prevalence-of-circumcision,s0098,male,pro,none,model
prevalence-of-circumcision,s0099,male,not_argument,none,model
prevalence-of-circumcision,s0100,male,not_argument,none,model
prevalence-of-circumcision,s0101,male,not_argument,none,model
prevalence-of-circumcision,s0102,male,not_argument,pro,model
prevalence-of-circumcision,s0103,male,not_argument,none,model
prevalence-of-circumcision,s0104,male,not_argument,anti,model
prevalence-of-circumcision,s0105,male,not_argument,none,model
prevalence-of-circumcision,s0106,male,not_argument,none,model
prevalence-of-circumcision,s0107,male,not_argument,none,model
prevalence-of-circumcision,s0108,male,not_argument,none,model
prevalence-of-circumcision,s0109,male,not_argument,none,model
prevalence-of-circumcision,s0110,male,not_argument,none,model
prevalence-of-circumcision,s0111,male,not_argument,none,model
prevalence-of-circumcision,s0112,male,not_argument,none,model
prevalence-of-circumcision,s0113,male,not_argument,none,model
prevalence-of-circumcision,s0114,male,not_argument,mixed,model
prevalence-of-circumcision,s0115,male,not_argument,none,model
prevalence-of-circumcision,s0116,male,not_argument,none,model
prevalence-of-circumcision,s0117,male,not_argument,none,model
prevalence-of-circumcision,s0118,male,not_argument,none,model
prevalence-of-circumcision,s0119,male,not_argument,none,model
prevalence-of-circumcision,s0120,male,not_argument,none,model
prevalence-of-circumcision,s0121,male,not_argument,none,model
prevalence-of-circumcision,s0122,male,not_argument,mixed,model
prevalence-of-circumcision,s0123,male,not_argument,none,model
prevalence-of-circumcision,s0124,male,not_argument,none,model
prevalence-of-circumcision,s0125,male,not_argument,none,model
prevalence-of-circumcision,s0126,male,not_argument,pro,model
prevalence-of-circumcision,s0127,male,not_argument,none,model
prevalence-of-circumcision,s0128,male,not_argument,none,model
prevalence-of-circumcision,s0129,male,not_argument,pro,model
prevalence-of-circumcision,s0130,male,not_argument,none,model
prevalence-of-circumcision,s0131,male,anti,anti,model
prevalence-of-circumcision,s0132,male,not_argument,none,model
prevalence-of-circumcision,s0133,male,not_argument,none,model
prevalence-of-circumcision,s0134,male,not_argument,none,model
prevalence-of-circumcision,s0135,male,not_argument,none,model
prevalence-of-circumcision,s0136,male,not_argument,none,model
prevalence-of-circumcision,s0137,male,not_argument,none,model
prevalence-of-circumcision,s0138,male,not_argument,none,model
prevalence-of-circumcision,s0139,male,not_argument,none,model
prevalence-of-circumcision,s0140,male,not_argument,none,model
prevalence-of-circumcision,s0141,male,not_argument,none,model
prevalence-of-circumcision,s0142,male,not_argument,none,model
prevalence-of-circumcision,s0143,male,not_argument,none,model
prevalence-of-circumcision,s0144,male,not_argument,none,model
prevalence-of-circumcision,s0145,male,not_argument,none,model
prevalence-of-circumcision,s0146,male,not_argument,none,model
prevalence-of-circumcision,s0147,male,not_argument,none,model
prevalence-of-circumcision,s0148,male,not_argument,none,model
prevalence-of-circumcision,s0149,male,not_argument,none,model
prevalence-of-circumcision,s0150,male,not_argument,none,model
prevalence-of-circumcision,s0151,male,not_argument,pro,model
prevalence-of-circumcision,s0152,male,not_argument,none,model
prevalence-of-circumcision,s0153,male,not_argument,none,model
prevalence-of-circumcision,s0154,male,not_argument,none,model
prevalence-of-circumcision,s0155,male,not_argument,none,model
prevalence-of-circumcision,s0156,male,not_argument,none,model
prevalence-of-circumcision,s0157,male,not_argument,none,model
prevalence-of-circumcision,s0158,male,not_argument,none,model
prevalence-of-circumcision,s0159,male,not_argument,none,model
prevalence-of-circumcision,s0160,male,not_argument,pro,model
prevalence-of-circumcision,s0161,male,not_argument,none,model
prevalence-of-circumcision,s0162,male,not_argument,none,model
prevalence-of-circumcision,s0163,male,not_argument,none,model
prevalence-of-circumcision,s0164,male,not_argument,none,model
prevalence-of-circumcision,s0165,male,not_argument,none,model
prevalence-of-circumcision,s0166,male,not_argument,anti,model
prevalence-of-circumcision,s0167,male,not_argument,none,model
prevalence-of-circumcision,s0168,male,not_argument,none,model
prevalence-of-circumcision,s0169,male,not_argument,none,model
prevalence-of-circumcision,s0170,male,not_argument,none,model
prevalence-of-circumcision,s0171,male,not_argument,none,model
prevalence-of-circumcision,s0172,male,not_argument,none,model
prevalence-of-circumcision,s0173,male,not_argument,none,model
prevalence-of-circumcision,s0174,male,not_argument,none,model
prevalence-of-circumcision,s0175,male,not_argument,none,model
prevalence-of-circumcision,s0176,male,not_argument,none,model
prevalence-of-circumcision,s0177,male,not_argument,none,model
prevalence-of-circumcision,s0178,male,not_argument,none,model
prevalence-of-circumcision,s0179,male,not_argument,none,model
prevalence-of-circumcision,s0180,male,not_argument,pro,model
prevalence-of-circumcision,s0181,male,not_argument,none,model
prevalence-of-circumcision,s0182,male,not_argument,none,model
prevalence-of-circumcision,s0183,male,not_argument,none,model
prevalence-of-circumcision,s0184,male,not_argument,pro,model
prevalence-of-circumcision,s0185,male,not_argument,anti,model
prevalence-of-circumcision,s0186,male,not_argument,none,model
prevalence-of-circumcision,s0187,male,anti,anti,model
prevalence-of-circumcision,s0188,male,not_argument,anti,model
prevalence-of-circumcision,s0189,male,not_argument,pro,model
prevalence-of-circumcision,s0190,male,anti,anti,model
prevalence-of-circumcision,s0191,male,not_argument,none,model
prevalence-of-circumcision,s0192,male,not_argument,none,model
prevalence-of-circumcision,s0193,male,not_argument,none,model
prevalence-of-circumcision,s0194,male,not_argument,none,model
prevalence-of-circumcision,s0195,male,not_argument,none,model
prevalence-of-circumcision,s0196,male,not_argument,none,model
prevalence-of-circumcision,s0197,male,not_argument,none,model
prevalence-of-circumcision,s0198,male,not_argument,none,model
prevalence-of-circumcision,s0199,male,not_argument,none,model
prevalence-of-circumcision,s0200,male,not_argument,none,model
prevalence-of-circumcision,s0201,male,not_argument,none,model
prevalence-of-circumcision,s0202,male,not_argument,none,model
prevalence-of-circumcision,s0203,male,not_argument,none,model
prevalence-of-circumcision,s0204,male,not_argument,none,model
prevalence-of-circumcision,s0205,male,not_argument,pro,model
prevalence-of-circumcision,s0206,male,not_argument,none,model
prevalence-of-circumcision,s0207,male,not_argument,anti,model
prevalence-of-circumcision,s0208,male,not_argument,none,model
prevalence-of-circumcision,s0209,male,anti,pro,model
prevalence-of-circumcision,s0210,male,anti,anti,model
prevalence-of-circumcision,s0211,male,not_argument,none,model
prevalence-of-circumcision,s0212,male,not_argument,none,model
prevalence-of-circumcision,s0213,male,anti,none,model
prevalence-of-circumcision,s0214,male,anti,pro,model
prevalence-of-circumcision,s0215,male,not_argument,anti,model
prevalence-of-circumcision,s0216,male,not_argument,none,model
prevalence-of-circumcision,s0217,male,not_argument,none,model
prevalence-of-circumcision,s0218,male,not_argument,none,model
prevalence-of-circumcision,s0219,male,not_argument,none,model
prevalence-of-circumcision,s0220,male,not_argument,none,model
prevalence-of-circumcision,s0221,male,not_argument,none,model
prevalence-of-circumcision,s0222,male,not_argument,none,model
prevalence-of-circumcision,s0223,male,not_argument,none,model
prevalence-of-circumcision,s0224,male,not_argument,none,model
prevalence-of-circumcision,s0225,male,not_argument,pro,model
prevalence-of-circumcision,s0226,male,not_argument,none,model
prevalence-of-circumcision,s0227,male,not_argument,none,model
prevalence-of-circumcision,s0228,male,not_argument,none,model
prevalence-of-circumcision,s0229,male,not_argument,none,model
prevalence-of-circumcision,s0230,male,not_argument,none,model
prevalence-of-circumcision,s0231,male,not_argument,none,model
prevalence-of-female-genital-mutilation,s0001,FGM,not_argument,anti,model
prevalence-of-female-genital-mutilation,s0002,FGM,not_argument,none,model
prevalence-of-female-genital-mutilation,s0003,FGM,not_argument,none,model
prevalence-of-female-genital-mutilation,s0004,FGM,not_argument,none,model
prevalence-of-female-genital-mutilation,s0005,FGM,not_argument,none,model
prevalence-of-female-genital-mutilation,s0006,FGM,not_argument,none,model
prevalence-of-female-genital-mutilation,s0007,FGM,not_argument,none,model
prevalence-of-female-genital-mutilation,s0008,FGM,not_argument,anti,model
prevalence-of-female-genital-mutilation,s0009,FGM,not_argument,none,model
prevalence-of-female-genital-mutilation,s0010,FGM,not_argument,none,model
prevalence-of-female-genital-mutilation,s0011,FGM,not_argument,none,model
prevalence-of-female-genital-mutilation,s0012,FGM,not_argument,none,model
prevalence-of-female-genital-mutilation,s0013,FGM,anti,none,model
prevalence-of-female-genital-mutilation,s0014,FGM,not_argument,none,model
prevalence-of-female-genital-mutilation,s0015,FGM,not_argument,none,model
prevalence-of-female-genital-mutilation,s0016,FGM,not_argument,none,model
prevalence-of-female-genital-mutilation,s0017,FGM,not_argument,none,model
prevalence-of-female-genital-mutilation,s0018,FGM,not_argument,none,model
prevalence-of-female-genital-mutilation,s0019,FGM,not_argument,none,model
prevalence-of-female-genital-mutilation,s0020,FGM,not_argument,none,model
prevalence-of-female-genital-mutilation,s0021,FGM,not_argument,anti,model
prevalence-of-female-genital-mutilation,s0022,FGM,not_argument,pro,model
prevalence-of-female-genital-mutilation,s0023,FGM,not_argument,none,model
prevalence-of-female-genital-mutilation,s0024,FGM,not_argument,none,model
prevalence-of-female-genital-mutilation,s0025,FGM,not_argument,pro,model
prevalence-of-female-genital-mutilation,s0026,FGM,not_argument,anti,model
prevalence-of-female-genital-mutilation,s0027,FGM,not_argument,mixed,model
prevalence-of-female-genital-mutilation,s0028,FGM,not_argument,none,model
prevalence-of-female-genital-mutilation,s0029,FGM,not_argument,none,model
prevalence-of-female-genital-mutilation,s0030,FGM,pro,mixed,model
prevalence-of-female-genital-mutilation,s0031,FGM,pro,pro,model
prevalence-of-female-genital-mutilation,s0032,FGM,not_argument,none,model
prevalence-of-female-genital-mutilation,s0033,FGM,not_argument,pro,model
prevalence-of-female-genital-mutilation,s0034,FGM,not_argument,mixed,model
prevalence-of-female-genital-mutilation,s0035,FGM,not_argument,mixed,model
prevalence-of-female-genital-mutilation,s0036,FGM,not_argument,none,model
prevalence-of-female-genital-mutilation,s0037,FGM,not_argument,none,model
prevalence-of-female-genital-mutilation,s0038,FGM,not_argument,none,model
prevalence-of-female-genital-mutilation,s0039,FGM,not_argument,none,model
prevalence-of-female-genital-mutilation,s0040,FGM,not_argument,none,model
prevalence-of-female-genital-mutilation,s0041,FGM,not_argument,none,model
prevalence-of-female-genital-mutilation,s0042,FGM,not_argument,none,model
prevalence-of-female-genital-mutilation,s0043,FGM,not_argument,none,model
prevalence-of-female-genital-mutilation,s0044,FGM,not_argument,none,model
prevalence-of-female-genital-mutilation,s0045,FGM,not_argument,none,model
prevalence-of-female-genital-mutilation,s0046,FGM,not_argument,none,model
prevalence-of-female-genital-mutilation,s0047,FGM,not_argument,none,model
prevalence-of-female-genital-mutilation,s0048,FGM,not_argument,none,model
prevalence-of-female-genital-mutilation,s0049,FGM,not_argument,none,model
prevalence-of-female-genital-mutilation,s0050,FGM,not_argument,none,model
prevalence-of-female-genital-mutilation,s0051,FGM,not_argument,none,model
prevalence-of-female-genital-mutilation,s0052,FGM,not_argument,pro,model
prevalence-of-female-genital-mutilation,s0053,FGM,not_argument,none,model
prevalence-of-female-genital-mutilation,s0054,FGM,not_argument,none,model
prevalence-of-female-genital-mutilation,s0055,FGM,not_argument,none,model
prevalence-of-female-genital-mutilation,s0056,FGM,not_argument,none,model
prevalence-of-female-genital-mutilation,s0057,FGM,not_argument,none,model
prevalence-of-female-genital-mutilation,s0058,FGM,not_argument,none,model
prevalence-of-female-genital-mutilation,s0059,FGM,not_argument,none,model
prevalence-of-female-genital-mutilation,s0060,FGM,not_argument,none,model
prevalence-of-female-genital-mutilation,s0061,FGM,not_argument,none,model
prevalence-of-female-genital-mutilation,s0062,FGM,not_argument,none,model
prevalence-of-female-genital-mutilation,s0063,FGM,not_argument,pro,model
prevalence-of-female-genital-mutilation,s0064,FGM,not_argument,none,model
prevalence-of-female-genital-mutilation,s0065,FGM,not_argument,none,model
prevalence-of-female-genital-mutilation,s0066,FGM,not_argument,none,model
prevalence-of-female-genital-mutilation,s0067,FGM,not_argument,none,model
prevalence-of-female-genital-mutilation,s0068,FGM,not_argument,none,model
prevalence-of-female-genital-mutilation,s0069,FGM,not_argument,none,model
prevalence-of-female-genital-mutilation,s0070,FGM,not_argument,none,model
prevalence-of-female-genital-mutilation,s0071,FGM,not_argument,none,model
prevalence-of-female-genital-mutilation,s0072,FGM,not_argument,none,model
prevalence-of-female-genital-mutilation,s0073,FGM,not_argument,none,model
prevalence-of-female-genital-mutilation,s0074,FGM,not_argument,none,model
prevalence-of-female-genital-mutilation,s0075,FGM,not_argument,none,model
prevalence-of-female-genital-mutilation,s0076,FGM,not_argument,none,model
prevalence-of-female-genital-mutilation,s0077,FGM,not_argument,none,model
prevalence-of-female-genital-mutilation,s0078,FGM,not_argument,mixed,model
prevalence-of-female-genital-mutilation,s0079,FGM,not_argument,pro,model
prevalence-of-female-genital-mutilation,s0080,FGM,anti,anti,model
prevalence-of-female-genital-mutilation,s0081,FGM,not_argument,none,model
prevalence-of-female-genital-mutilation,s0082,FGM,not_argument,mixed,model
prevalence-of-female-genital-mutilation,s0083,FGM,pro,pro,model
prevalence-of-female-genital-mutilation,s0084,FGM,not_argument,anti,model
prevalence-of-female-genital-mutilation,s0085,FGM,not_argument,none,model
prevalence-of-female-genital-mutilation,s0086,FGM,not_argument,none,model
prevalence-of-female-genital-mutilation,s0087,FGM,not_argument,none,model
prevalence-of-female-genital-mutilation,s0088,FGM,not_argument,anti,model
prevalence-of-female-genital-mutilation,s0089,FGM,not_argument,none,model
prevalence-of-female-genital-mutilation,s0090,FGM,not_argument,none,model
prevalence-of-female-genital-mutilation,s0091,FGM,not_argument,anti,model
prevalence-of-female-genital-mutilation,s0092,FGM,not_argument,none,model
prevalence-of-female-genital-mutilation,s0093,FGM,not_argument,none,model
prevalence-of-female-genital-mutilation,s0094,FGM,pro,pro,model
prevalence-of-female-genital-mutilation,s0095,FGM,pro,pro,model
prevalence-of-female-genital-mutilation,s0096,FGM,not_argument,pro,model
prevalence-of-female-genital-mutilation,s0097,FGM,not_argument,none,model
prevalence-of-female-genital-mutilation,s0098,FGM,not_argument,none,model
prevalence-of-female-genital-mutilation,s0099,FGM,not_argument,pro,model
prevalence-of-female-genital-mutilation,s0100,FGM,not_argument,none,model
prevalence-of-female-genital-mutilation,s0101,FGM,not_argument,none,model
prevalence-of-female-genital-mutilation,s0102,FGM,not_argument,pro,model
prevalence-of-female-genital-mutilation,s0103,FGM,not_argument,none,model
prevalence-of-female-genital-mutilation,s0104,FGM,not_argument,anti,model
prevalence-of-female-genital-mutilation,s0105,FGM,not_argument,none,model
prevalence-of-female-genital-mutilation,s0106,FGM,not_argument,none,model
prevalence-of-female-genital-mutilation,s0107,FGM,not_argument,none,model
prevalence-of-female-genital-mutilation,s0108,FGM,not_argument,none,model
prevalence-of-female-genital-mutilation,s0109,FGM,not_argument,none,model
prevalence-of-female-genital-mutilation,s0110,FGM,not_argument,none,model
prevalence-of-female-genital-mutilation,s0111,FGM,not_argument,none,model
prevalence-of-female-genital-mutilation,s0112,FGM,not_argument,none,model
prevalence-of-female-genital-mutilation,s0113,FGM,not_argument,none,model
prevalence-of-female-genital-mutilation,s0114,FGM,not_argument,none,model
prevalence-of-female-genital-mutilation,s0115,FGM,not_argument,none,model
prevalence-of-female-genital-mutilation,s0116,FGM,not_argument,none,model
prevalence-of-female-genital-mutilation,s0117,FGM,not_argument,none,model
prevalence-of-female-genital-mutilation,s0118,FGM,not_argument,pro,model
prevalence-of-female-genital-mutilation,s0119,FGM,not_argument,none,model
prevalence-of-female-genital-mutilation,s0120,FGM,not_argument,none,model
prevalence-of-female-genital-mutilation,s0121,FGM,not_argument,anti,model
prevalence-of-female-genital-mutilation,s0122,FGM,not_argument,none,model
prevalence-of-female-genital-mutilation,s0123,FGM,not_argument,none,model
prevalence-of-female-genital-mutilation,s0124,FGM,not_argument,none,model
prevalence-of-female-genital-mutilation,s0125,FGM,not_argument,none,model
prevalence-of-female-genital-mutilation,s0126,FGM,not_argument,none,model
prevalence-of-female-genital-mutilation,s0127,FGM,not_argument,none,model
prevalence-of-female-genital-mutilation,s0128,FGM,not_argument,none,model
prevalence-of-female-genital-mutilation,s0129,FGM,not_argument,none,model
prevalence-of-female-genital-mutilation,s0130,FGM,not_argument,none,model
prevalence-of-female-genital-mutilation,s0131,FGM,not_argument,none,model
prevalence-of-female-genital-mutilation,s0132,FGM,not_argument,none,model
prevalence-of-female-genital-mutilation,s0133,FGM,not_argument,none,model
prevalence-of-female-genital-mutilation,s0134,FGM,not_argument,none,model
prevalence-of-female-genital-mutilation,s0135,FGM,not_argument,none,model
prevalence-of-female-genital-mutilation,s0136,FGM,not_argument,none,model
prevalence-of-female-genital-mutilation,s0137,FGM,not_argument,anti,model
prevalence-of-female-genital-mutilation,s0138,FGM,not_argument,none,model
prevalence-of-female-genital-mutilation,s0139,FGM,not_argument,none,model
prevalence-of-female-genital-mutilation,s0140,FGM,not_argument,none,model
prevalence-of-female-genital-mutilation,s0141,FGM,not_argument,pro,model
prevalence-of-female-genital-mutilation,s0142,FGM,not_argument,none,model
prevalence-of-female-genital-mutilation,s0143,FGM,not_argument,none,model
prevalence-of-female-genital-mutilation,s0144,FGM,not_argument,none,model
prevalence-of-female-genital-mutilation,s0145,FGM,not_argument,none,model
prevalence-of-female-genital-mutilation,s0146,FGM,not_argument,none,model
prevalence-of-female-genital-mutilation,s0147,FGM,not_argument,none,model
prevalence-of-female-genital-mutilation,s0148,FGM,not_argument,anti,model
prevalence-of-female-genital-mutilation,s0149,FGM,not_argument,none,model
prevalence-of-female-genital-mutilation,s0150,FGM,not_argument,none,model
prevalence-of-female-genital-mutilation,s0151,FGM,not_argument,none,model
prevalence-of-female-genital-mutilation,s0152,FGM,not_argument,none,model
prevalence-of-female-genital-mutilation,s0153,FGM,not_argument,none,model
prevalence-of-female-genital-mutilation,s0154,FGM,not_argument,none,model
prevalence-of-female-genital-mutilation,s0155,FGM,not_argument,none,model
prevalence-of-female-genital-mutilation,s0156,FGM,not_argument,none,model
prevalence-of-female-genital-mutilation,s0157,FGM,not_argument,none,model
prevalence-of-female-genital-mutilation,s0158,FGM,not_argument,none,model
prevalence-of-female-genital-mutilation,s0159,FGM,not_argument,none,model
prevalence-of-female-genital-mutilation,s0160,FGM,not_argument,none,model
prevalence-of-female-genital-mutilation,s0161,FGM,not_argument,none,model
prevalence-of-female-genital-mutilation,s0162,FGM,not_argument,none,model
prevalence-of-female-genital-mutilation,s0163,FGM,not_argument,pro,model
prevalence-of-female-genital-mutilation,s0164,FGM,not_argument,none,model
prevalence-of-female-genital-mutilation,s0165,FGM,not_argument,none,model
prevalence-of-female-genital-mutilation,s0166,FGM,not_argument,none,model
prevalence-of-female-genital-mutilation,s0167,FGM,not_argument,none,model
prevalence-of-female-genital-mutilation,s0168,FGM,not_argument,none,model
prevalence-of-female-genital-mutilation,s0169,FGM,not_argument,none,model
prevalence-of-female-genital-mutilation,s0170,FGM,not_argument,none,model
prevalence-of-female-genital-mutilation,s0171,FGM,not_argument,none,model
prevalence-of-female-genital-mutilation,s0172,FGM,not_argument,none,model
prevalence-of-female-genital-mutilation,s0173,FGM,not_argument,anti,model
prevalence-of-female-genital-mutilation,s0174,FGM,not_argument,none,model
prevalence-of-female-genital-mutilation,s0175,FGM,not_argument,none,model
prevalence-of-female-genital-mutilation,s0176,FGM,not_argument,pro,model
prevalence-of-female-genital-mutilation,s0177,FGM,not_argument,none,model
prevalence-of-female-genital-mutilation,s0178,FGM,not_argument,none,model
prevalence-of-female-genital-mutilation,s0179,FGM,not_argument,mixed,model
prevalence-of-female-genital-mutilation,s0180,FGM,not_argument,none,model
prevalence-of-female-genital-mutilation,s0181,FGM,not_argument,pro,model
prevalence-of-female-genital-mutilation,s0182,FGM,not_argument,none,model
prevalence-of-female-genital-mutilation,s0183,FGM,not_argument,none,model
prevalence-of-female-genital-mutilation,s0184,FGM,not_argument,pro,model
prevalence-of-female-genital-mutilation,s0185,FGM,not_argument,none,model
prevalence-of-female-genital-mutilation,s0186,FGM,not_argument,pro,model
prevalence-of-female-genital-mutilation,s0187,FGM,not_argument,none,model
prevalence-of-female-genital-mutilation,s0188,FGM,anti,mixed,model
prevalence-of-female-genital-mutilation,s0189,FGM,not_argument,none,model
prevalence-of-female-genital-mutilation,s0190,FGM,not_argument,pro,model
prevalence-of-female-genital-mutilation,s0191,FGM,not_argument,none,model
prevalence-of-female-genital-mutilation,s0192,FGM,not_argument,none,model
prevalence-of-female-genital-mutilation,s0193,FGM,not_argument,none,model
prevalence-of-female-genital-mutilation,s0194,FGM,not_argument,none,model
prevalence-of-female-genital-mutilation,s0195,FGM,not_argument,none,model
prevalence-of-female-genital-mutilation,s0196,FGM,not_argument,none,model
prevalence-of-female-genital-mutilation,s0197,FGM,not_argument,none,model
prevalence-of-female-genital-mutilation,s0198,FGM,not_argument,none,model
prevalence-of-female-genital-mutilation,s0199,FGM,not_argument,none,model
prevalence-of-female-genital-mutilation,s0200,FGM,not_argument,none,model
prevalence-of-female-genital-mutilation,s0201,FGM,not_argument,none,model
prevalence-of-female-genital-mutilation,s0202,FGM,not_argument,none,model
prevalence-of-female-genital-mutilation,s0203,FGM,not_argument,none,model
prevalence-of-female-genital-mutilation,s0204,FGM,not_argument,none,model
prevalence-of-female-genital-mutilation,s0205,FGM,not_argument,none,model
prevalence-of-female-genital-mutilation,s0206,FGM,not_argument,none,model
prevalence-of-female-genital-mutilation,s0207,FGM,not_argument,none,model
prevalence-of-female-genital-mutilation,s0208,FGM,not_argument,none,model
prevalence-of-female-genital-mutilation,s0209,FGM,not_argument,none,model
prevalence-of-female-genital-mutilation,s0210,FGM,not_argument,none,model
prevalence-of-female-genital-mutilation,s0211,FGM,not_argument,none,model
prevalence-of-female-genital-mutilation,s0212,FGM,not_argument,anti,model
prevalence-of-female-genital-mutilation,s0213,FGM,not_argument,none,model
prevalence-of-female-genital-mutilation,s0214,FGM,not_argument,none,model
prevalence-of-female-genital-mutilation,s0215,FGM,not_argument,pro,model
prevalence-of-female-genital-mutilation,s0216,FGM,not_argument,none,model
prevalence-of-female-genital-mutilation,s0217,FGM,not_argument,none,model
prevalence-of-female-genital-mutilation,s0218,FGM,not_argument,none,model
prevalence-of-female-genital-mutilation,s0219,FGM,not_argument,none,model
prevalence-of-female-genital-mutilation,s0220,FGM,not_argument,none,model
prevalence-of-female-genital-mutilation,s0221,FGM,not_argument,none,model
prevalence-of-female-genital-mutilation,s0222,FGM,not_argument,none,model
prevalence-of-female-genital-mutilation,s0223,FGM,not_argument,none,model
prevalence-of-female-genital-mutilation,s0224,FGM,not_argument,none,model
prevalence-of-female-genital-mutilation,s0225,FGM,not_argument,none,model
prevalence-of-female-genital-mutilation,s0226,FGM,not_argument,none,model
prevalence-of-female-genital-mutilation,s0227,FGM,not_argument,none,model
prevalence-of-female-genital-mutilation,s0228,FGM,not_argument,none,model
prevalence-of-female-genital-mutilation,s0229,FGM,not_argument,none,model
prevalence-of-female-genital-mutilation,s0230,FGM,not_argument,none,model
prevalence-of-female-genital-mutilation,s0231,FGM,not_argument,none,model
prevalence-of-female-genital-mutilation,s0232,FGM,not_argument,none,model
prevalence-of-female-genital-mutilation,s0233,FGM,not_argument,none,model
prevalence-of-female-genital-mutilation,s0234,FGM,not_argument,none,model
prevalence-of-female-genital-mutilation,s0235,FGM,not_argument,none,model
prevalence-of-female-genital-mutilation,s0236,FGM,not_argument,none,model
prevalence-of-female-genital-mutilation,s0237,FGM,not_argument,none,model
prevalence-of-female-genital-mutilation,s0238,FGM,not_argument,none,model
prevalence-of-female-genital-mutilation,s0239,FGM,not_argument,none,model
prevalence-of-female-genital-mutilation,s0240,FGM,not_argument,none,model
prevalence-of-female-genital-mutilation,s0241,FGM,not_argument,none,model
prevalence-of-female-genital-mutilation,s0242,FGM,not_argument,none,model
prevalence-of-female-genital-mutilation,s0243,FGM,not_argument,none,model
prevalence-of-female-genital-mutilation,s0244,FGM,not_argument,none,model
prevalence-of-female-genital-mutilation,s0245,FGM,not_argument,none,model
prevalence-of-female-genital-mutilation,s0246,FGM,not_argument,none,model
prevalence-of-female-genital-mutilation,s0247,FGM,not_argument,anti,model
prevalence-of-female-genital-mutilation,s0248,FGM,not_argument,anti,model
prevalence-of-female-genital-mutilation,s0249,FGM,not_argument,none,model
prevalence-of-female-genital-mutilation,s0250,FGM,not_argument,none,model
prevalence-of-female-genital-mutilation,s0251,FGM,not_argument,none,model
prevalence-of-female-genital-mutilation,s0252,FGM,not_argument,none,model
prevalence-of-female-genital-mutilation,s0253,FGM,not_argument,none,model
prevalence-of-female-genital-mutilation,s0254,FGM,not_argument,none,model
prevalence-of-female-genital-mutilation,s0255,FGM,not_argument,none,model
prevalence-of-female-genital-mutilation,s0256,FGM,not_argument,none,model
prevalence-of-female-genital-mutilation,s0257,FGM,not_argument,none,model
prohibition-of-female-circumcision-act-1985,s0001,FGM,not_argument,none,model
prohibition-of-female-circumcision-act-1985,s0002,FGM,not_argument,none,model
prohibition-of-female-circumcision-act-1985,s0003,FGM,not_argument,none,model
prohibition-of-female-circumcision-act-1985,s0004,FGM,not_argument,none,model
prohibition-of-female-circumcision-act-1985,s0005,FGM,not_argument,none,model
prohibition-of-female-circumcision-act-1985,s0006,FGM,not_argument,none,model
prohibition-of-female-circumcision-act-1985,s0007,FGM,not_argument,none,model
prohibition-of-female-circumcision-act-1985,s0008,FGM,not_argument,none,model
prohibition-of-female-circumcision-act-1985,s0009,FGM,not_argument,none,model
prohibition-of-female-circumcision-act-1985,s0010,FGM,not_argument,none,model
prohibition-of-female-circumcision-act-1985,s0011,FGM,anti,anti,model
prohibition-of-female-circumcision-act-1985,s0012,FGM,not_argument,none,model
prohibition-of-female-circumcision-act-1985,s0013,FGM,not_argument,pro,model
prohibition-of-female-circumcision-act-1985,s0014,FGM,not_argument,none,model
prohibition-of-female-circumcision-act-1985,s0015,FGM,not_argument,none,model
prohibition-of-female-circumcision-act-1985,s0016,FGM,not_argument,none,model
prohibition-of-female-circumcision-act-1985,s0017,FGM,not_argument,none,model
prohibition-of-female-circumcision-act-1985,s0018,FGM,not_argument,none,model
prohibition-of-female-circumcision-act-1985,s0019,FGM,not_argument,none,model
prohibition-of-female-circumcision-act-1985,s0020,FGM,not_argument,none,model
prohibition-of-female-circumcision-act-1985,s0021,FGM,not_argument,none,model
prohibition-of-female-circumcision-act-1985,s0022,FGM,anti,anti,model
prohibition-of-female-circumcision-act-1985,s0023,FGM,anti,none,model
prohibition-of-female-circumcision-act-1985,s0024,FGM,anti,anti,model
prohibition-of-female-circumcision-act-1985,s0025,FGM,not_argument,none,model
prohibition-of-female-circumcision-act-1985,s0026,FGM,not_argument,none,model
prohibition-of-female-circumcision-act-1985,s0027,FGM,not_argument,anti,model
prohibition-of-female-circumcision-act-1985,s0028,FGM,anti,none,model
prohibition-of-female-circumcision-act-1985,s0029,FGM,not_argument,none,model
prohibition-of-female-circumcision-act-1985,s0030,FGM,anti,anti,model
prohibition-of-female-circumcision-act-1985,s0031,FGM,anti,anti,model
prohibition-of-female-circumcision-act-1985,s0032,FGM,anti,mixed,model
prohibition-of-female-circumcision-act-1985,s0033,FGM,not_argument,none,model
prohibition-of-female-circumcision-act-1985,s0034,FGM,anti,anti,model
prohibition-of-female-circumcision-act-1985,s0035,FGM,anti,mixed,model
prohibition-of-female-circumcision-act-1985,s0036,FGM,anti,anti,model
prohibition-of-female-circumcision-act-1985,s0037,FGM,anti,anti,model
prohibition-of-female-circumcision-act-1985,s0038,FGM,not_argument,none,model
prohibition-of-female-circumcision-act-1985,s0039,FGM,not_argument,none,model
prohibition-of-female-circumcision-act-1985,s0040,FGM,not_argument,none,model
prohibition-of-female-circumcision-act-1985,s0041,FGM,not_argument,anti,model
prohibition-of-female-circumcision-act-1985,s0042,FGM,not_argument,none,model
prohibition-of-female-circumcision-act-1985,s0043,FGM,not_argument,anti,model
prohibition-of-female-circumcision-act-1985,s0044,FGM,anti,anti,model
prohibition-of-female-circumcision-act-1985,s0045,FGM,not_argument,none,model
prohibition-of-female-circumcision-act-1985,s0046,FGM,not_argument,none,model
prohibition-of-female-circumcision-act-1985,s0047,FGM,not_argument,none,model
prohibition-of-female-circumcision-act-1985,s0048,FGM,anti,anti,model
prohibition-of-female-circumcision-act-1985,s0049,FGM,not_argument,mixed,model
prohibition-of-female-circumcision-act-1985,s0050,FGM,not_argument,none,model
prohibition-of-female-circumcision-act-1985,s0051,FGM,not_argument,anti,model
prohibition-of-female-circumcision-act-1985,s0052,FGM,not_argument,none,model
prohibition-of-female-circumcision-act-1985,s0053,FGM,not_argument,none,model
prohibition-of-female-circumcision-act-1985,s0054,FGM,not_argument,none,model
prohibition-of-female-circumcision-act-1985,s0055,FGM,not_argument,anti,model
prohibition-of-female-circumcision-act-1985,s0056,FGM,anti,pro,model
prohibition-of-female-circumcision-act-1985,s0057,FGM,not_argument,none,model
prohibition-of-female-circumcision-act-1985,s0058,FGM,not_argument,none,model
prohibition-of-female-circumcision-act-1985,s0059,FGM,not_argument,none,model
prohibition-of-female-circumcision-act-1985,s0060,FGM,not_argument,none,model
prohibition-of-female-circumcision-act-1985,s0061,FGM,not_argument,none,model
prohibition-of-female-circumcision-act-1985,s0062,FGM,not_argument,none,model
prohibition-of-female-circumcision-act-1985,s0063,FGM,not_argument,none,model
prohibition-of-female-circumcision-act-1985,s0064,FGM,not_argument,none,model
prohibition-of-female-circumcision-act-1985,s0065,FGM,not_argument,anti,model
prohibition-of-female-circumcision-act-1985,s0066,FGM,not_argument,none,model
prohibition-of-female-circumcision-act-1985,s0067,FGM,not_argument,none,model
prohibition-of-female-circumcision-act-1985,s0068,FGM,not_argument,none,model
prohibition-of-female-circumcision-act-1985,s0069,FGM,not_argument,none,model
prohibition-of-female-circumcision-act-1985,s0070,FGM,not_argument,anti,model
prohibition-of-female-circumcision-act-1985,s0071,FGM,not_argument,none,model
prohibition-of-female-circumcision-act-1985,s0072,FGM,not_argument,none,model
prohibition-of-female-circumcision-act-1985,s0073,FGM,not_argument,anti,model
prohibition-of-female-circumcision-act-1985,s0074,FGM,not_argument,none,model
prohibition-of-female-circumcision-act-1985,s0075,FGM,not_argument,none,model
prohibition-of-female-circumcision-act-1985,s0076,FGM,not_argument,none,model
prohibition-of-female-circumcision-act-1985,s0077,FGM,not_argument,none,model
prohibition-of-female-circumcision-act-1985,s0078,FGM,not_argument,none,model
prohibition-of-female-circumcision-act-1985,s0079,FGM,not_argument,none,model
prohibition-of-female-circumcision-act-1985,s0080,FGM,not_argument,none,model
prohibition-of-female-circumcision-act-1985,s0081,FGM,not_argument,pro,model
prohibition-of-female-circumcision-act-1985,s0082,FGM,not_argument,none,model
prohibition-of-female-circumcision-act-1985,s0083,FGM,not_argument,none,model
prohibition-of-female-circumcision-act-1985,s0084,FGM,not_argument,none,model
prohibition-of-female-circumcision-act-1985,s0085,FGM,not_argument,none,model
prohibition-of-female-circumcision-act-1985,s0086,FGM,not_argument,none,model
prohibition-of-female-circumcision-act-1985,s0087,FGM,not_argument,none,model
prohibition-of-female-circumcision-act-1985,s0088,FGM,not_argument,none,model
prohibition-of-female-circumcision-act-1985,s0089,FGM,not_argument,none,model
prohibition-of-female-circumcision-act-1985,s0090,FGM,not_argument,none,model
prohibition-of-female-circumcision-act-1985,s0091,FGM,anti,anti,model
prohibition-of-female-circumcision-act-1985,s0092,FGM,not_argument,none,model
prohibition-of-female-circumcision-act-1985,s0093,FGM,not_argument,none,model
prohibition-of-female-circumcision-act-1985,s0094,FGM,not_argument,none,model
prohibition-of-female-circumcision-act-1985,s0095,FGM,not_argument,none,model
prohibition-of-female-circumcision-act-1985,s0096,FGM,not_argument,none,model
prohibition-of-female-circumcision-act-1985,s0097,FGM,not_argument,none,model
prohibition-of-female-circumcision-act-1985,s0098,FGM,not_argument,none,model
prohibition-of-female-circumcision-act-1985,s0099,FGM,not_argument,none,model
prohibition-of-female-circumcision-act-1985,s0100,FGM,not_argument,none,model
prohibition-of-female-circumcision-act-1985,s0101,FGM,not_argument,anti,model
prohibition-of-female-circumcision-act-1985,s0102,FGM,not_argument,none,model
prohibition-of-female-circumcision-act-1985,s0103,FGM,not_argument,none,model
prohibition-of-female-circumcision-act-1985,s0104,FGM,not_argument,none,model
prohibition-of-female-circumcision-act-1985,s0105,FGM,not_argument,none,model
prohibition-of-female-circumcision-act-1985,s0106,FGM,not_argument,anti,model
prohibition-of-female-circumcision-act-1985,s0107,FGM,not_argument,none,model
prohibition-of-female-circumcision-act-1985,s0108,FGM,not_argument,none,model
prohibition-of-female-circumcision-act-1985,s0109,FGM,not_argument,none,model
prohibition-of-female-circumcision-act-1985,s0110,FGM,not_argument,none,model
prohibition-of-female-circumcision-act-1985,s0111,FGM,not_argument,none,model
prohibition-of-female-circumcision-act-1985,s0112,FGM,not_argument,none,model
prohibition-of-female-circumcision-act-1985,s0113,FGM,not_argument,pro,model
prohibition-of-female-circumcision-act-1985,s0114,FGM,not_argument,none,model
prohibition-of-female-circumcision-act-1985,s0115,FGM,not_argument,none,model
prohibition-of-female-circumcision-act-1985,s0116,FGM,not_argument,none,model
prohibition-of-female-circumcision-act-1985,s0117,FGM,not_argument,none,model
prohibition-of-female-circumcision-act-1985,s0118,FGM,not_argument,none,model
prohibition-of-female-circumcision-act-1985,s0119,FGM,not_argument,pro,model
prohibition-of-female-circumcision-act-1985,s0120,FGM,not_argument,anti,model
prohibition-of-female-circumcision-act-1985,s0121,FGM,not_argument,anti,model
prohibition-of-female-circumcision-act-1985,s0122,FGM,not_argument,mixed,model
prohibition-of-female-circumcision-act-1985,s0123,FGM,not_argument,none,model
prohibition-of-female-circumcision-act-1985,s0124,FGM,not_argument,mixed,model
prohibition-of-female-circumcision-act-1985,s0125,FGM,pro,pro,model
prohibition-of-female-circumcision-act-1985,s0126,FGM,pro,mixed,model
prohibition-of-female-circumcision-act-1985,s0127,FGM,anti,anti,model
prohibition-of-female-circumcision-act-1985,s0128,FGM,anti,mixed,model
prohibition-of-female-circumcision-act-1985,s0129,FGM,anti,anti,model
prohibition-of-female-circumcision-act-1985,s0130,FGM,not_argument,none,model
prohibition-of-female-circumcision-act-1985,s0131,FGM,anti,anti,model
prohibition-of-female-circumcision-act-1985,s0132,FGM,anti,anti,model
prohibition-of-female-circumcision-act-1985,s0133,FGM,anti,anti,model
prohibition-of-female-circumcision-act-1985,s0134,FGM,not_argument,anti,model
prohibition-of-female-circumcision-act-1985,s0135,FGM,not_argument,none,model
prohibition-of-female-circumcision-act-1985,s0136,FGM,not_argument,none,model
prohibition-of-female-circumcision-act-1985,s0137,FGM,not_argument,anti,model
prohibition-of-female-circumcision-act-1985,s0138,FGM,anti,mixed,model
prohibition-of-female-circumcision-act-1985,s0139,FGM,anti,mixed,model
prohibition-of-female-circumcision-act-1985,s0140,FGM,not_argument,none,model
prohibition-of-female-circumcision-act-1985,s0141,FGM,anti,anti,model
prohibition-of-female-circumcision-act-1985,s0142,FGM,anti,anti,model
prohibition-of-female-circumcision-act-1985,s0143,FGM,anti,none,model
prohibition-of-female-circumcision-act-1985,s0144,FGM,not_argument,none,model
prohibition-of-female-circumcision-act-1985,s0145,FGM,not_argument,none,model
prohibition-of-female-circumcision-act-1985,s0146,FGM,not_argument,none,model
prohibition-of-female-circumcision-act-1985,s0147,FGM,not_argument,anti,model
prohibition-of-female-circumcision-act-1985,s0148,FGM,not_argument,none,model
prohibition-of-female-circumcision-act-1985,s0149,FGM,not_argument,none,model
prohibition-of-female-circumcision-act-1985,s0150,FGM,not_argument,none,model
prohibition-of-female-circumcision-act-1985,s0151,FGM,anti,anti,model
prohibition-of-female-circumcision-act-1985,s0152,FGM,not_argument,pro,model
prohibition-of-female-circumcision-act-1985,s0153,FGM,not_argument,none,model
prohibition-of-female-circumcision-act-1985,s0154,FGM,not_argument,anti,model
prohibition-of-female-circumcision-act-1985,s0155,FGM,not_argument,none,model
prohibition-of-female-circumcision-act-1985,s0156,FGM,not_argument,none,model
prohibition-of-female-circumcision-act-1985,s0157,FGM,not_argument,none,model
prohibition-of-female-circumcision-act-1985,s0158,FGM,not_argument,none,model
prohibition-of-female-circumcision-act-1985,s0159,FGM,not_argument,anti,model
redundant-prepuce,s0001,male,not_argument,none,model
redundant-prepuce,s0002,male,not_argument,none,model
redundant-prepuce,s0003,male,not_argument,pro,model
redundant-prepuce,s0004,male,not_argument,none,model
redundant-prepuce,s0005,male,not_argument,none,model
redundant-prepuce,s0006,male,not_argument,none,model
redundant-prepuce,s0007,male,not_argument,anti,model
redundant-prepuce,s0008,male,not_argument,none,model
redundant-prepuce,s0009,male,not_argument,pro,model
redundant-prepuce,s0010,male,not_argument,none,model
redundant-prepuce,s0011,male,not_argument,anti,model
redundant-prepuce,s0012,male,not_argument,none,model
redundant-prepuce,s0013,male,not_argument,none,model
redundant-prepuce,s0014,male,not_argument,none,model
redundant-prepuce,s0015,male,not_argument,none,model
redundant-prepuce,s0016,male,not_argument,none,model
redundant-prepuce,s0017,male,not_argument,anti,model
redundant-prepuce,s0018,male,not_argument,none,model
redundant-prepuce,s0019,male,not_argument,none,model
redundant-prepuce,s0020,male,not_argument,none,model
redundant-prepuce,s0021,male,not_argument,none,model
redundant-prepuce,s0022,male,not_argument,none,model
redundant-prepuce,s0023,male,not_argument,none,model
redundant-prepuce,s0024,male,not_argument,none,model
redundant-prepuce,s0025,male,not_argument,none,model
redundant-prepuce,s0026,male,not_argument,none,model
redundant-prepuce,s0027,male,not_argument,none,model
redundant-prepuce,s0028,male,not_argument,none,model
redundant-prepuce,s0029,male,not_argument,pro,model
redundant-prepuce,s0030,male,not_argument,none,model
redundant-prepuce,s0031,male,not_argument,pro,model
redundant-prepuce,s0032,male,not_argument,none,model
redundant-prepuce,s0033,male,not_argument,mixed,model
redundant-prepuce,s0034,male,not_argument,none,model
redundant-prepuce,s0035,male,not_argument,none,model
redundant-prepuce,s0036,male,not_argument,pro,model
redundant-prepuce,s0037,male,not_argument,none,model
redundant-prepuce,s0038,male,not_argument,none,model
redundant-prepuce,s0039,male,not_argument,none,model
redundant-prepuce,s0040,male,not_argument,none,model
redundant-prepuce,s0041,male,not_argument,anti,model
redundant-prepuce,s0042,male,not_argument,none,model
redundant-prepuce,s0043,male,not_argument,none,model
redundant-prepuce,s0044,male,not_argument,none,model
redundant-prepuce,s0045,male,not_argument,none,model
redundant-prepuce,s0046,male,not_argument,none,model
redundant-prepuce,s0047,male,not_argument,none,model
redundant-prepuce,s0048,male,not_argument,none,model
redundant-prepuce,s0049,male,not_argument,none,model
redundant-prepuce,s0050,male,not_argument,none,model
redundant-prepuce,s0051,male,not_argument,none,model
redundant-prepuce,s0052,male,not_argument,none,model
redundant-prepuce,s0053,male,not_argument,none,model
redundant-prepuce,s0054,male,not_argument,none,model
redundant-prepuce,s0055,male,not_argument,none,model
redundant-prepuce,s0056,male,not_argument,none,model
redundant-prepuce,s0057,male,not_argument,none,model
redundant-prepuce,s0058,male,not_argument,none,model
redundant-prepuce,s0059,male,not_argument,none,model
redundant-prepuce,s0060,male,not_argument,none,model
redundant-prepuce,s0061,male,not_argument,none,model
redundant-prepuce,s0062,male,not_argument,none,model
redundant-prepuce,s0063,male,not_argument,pro,model
redundant-prepuce,s0064,male,not_argument,none,model
redundant-prepuce,s0065,male,not_argument,none,model
redundant-prepuce,s0066,male,not_argument,pro,model
redundant-prepuce,s0067,male,not_argument,none,model
redundant-prepuce,s0068,male,not_argument,none,model
redundant-prepuce,s0069,male,not_argument,none,model
redundant-prepuce,s0070,male,not_argument,none,model
redundant-prepuce,s0071,male,not_argument,none,model
redundant-prepuce,s0072,male,not_argument,none,model
redundant-prepuce,s0073,male,not_argument,none,model
redundant-prepuce,s0074,male,not_argument,none,model
redundant-prepuce,s0075,male,not_argument,none,model
redundant-prepuce,s0076,male,not_argument,none,model
redundant-prepuce,s0077,male,not_argument,none,model
redundant-prepuce,s0078,male,not_argument,none,model
redundant-prepuce,s0079,male,not_argument,none,model
redundant-prepuce,s0080,male,not_argument,none,model
redundant-prepuce,s0081,male,not_argument,none,model
redundant-prepuce,s0082,male,not_argument,none,model
redundant-prepuce,s0083,male,not_argument,mixed,model
redundant-prepuce,s0084,male,not_argument,none,model
redundant-prepuce,s0085,male,not_argument,mixed,model
redundant-prepuce,s0086,male,not_argument,none,model
redundant-prepuce,s0087,male,not_argument,none,model
redundant-prepuce,s0088,male,not_argument,none,model
redundant-prepuce,s0089,male,not_argument,none,model
redundant-prepuce,s0090,male,not_argument,none,model
redundant-prepuce,s0091,male,not_argument,anti,model
redundant-prepuce,s0092,male,not_argument,none,model
redundant-prepuce,s0093,male,not_argument,mixed,model
redundant-prepuce,s0094,male,not_argument,none,model
redundant-prepuce,s0095,male,not_argument,none,model
redundant-prepuce,s0096,male,pro,anti,model
redundant-prepuce,s0097,male,not_argument,anti,model
redundant-prepuce,s0098,male,not_argument,none,model
redundant-prepuce,s0099,male,not_argument,mixed,model
redundant-prepuce,s0100,male,not_argument,none,model
redundant-prepuce,s0101,male,pro,mixed,model
redundant-prepuce,s0102,male,not_argument,none,model
redundant-prepuce,s0103,male,not_argument,none,model
redundant-prepuce,s0104,male,not_argument,none,model
redundant-prepuce,s0105,male,not_argument,none,model
redundant-prepuce,s0106,male,pro,pro,model
redundant-prepuce,s0107,male,not_argument,none,model
redundant-prepuce,s0108,male,not_argument,none,model
redundant-prepuce,s0109,male,not_argument,none,model
redundant-prepuce,s0110,male,not_argument,none,model
redundant-prepuce,s0111,male,not_argument,none,model
redundant-prepuce,s0112,male,not_argument,none,model
redundant-prepuce,s0113,male,not_argument,none,model
redundant-prepuce,s0114,male,not_argument,none,model
redundant-prepuce,s0115,male,not_argument,none,model
redundant-prepuce,s0116,male,not_argument,none,model
redundant-prepuce,s0117,male,not_argument,anti,model
redundant-prepuce,s0118,male,not_argument,none,model
redundant-prepuce,s0119,male,not_argument,none,model
redundant-prepuce,s0120,male,not_argument,none,model
redundant-prepuce,s0121,male,not_argument,none,model
redundant-prepuce,s0122,male,not_argument,none,model
redundant-prepuce,s0123,male,not_argument,none,model
redundant-prepuce,s0124,male,not_argument,none,model
redundant-prepuce,s0125,male,not_argument,none,model
redundant-prepuce,s0126,male,not_argument,none,model
redundant-prepuce,s0127,male,not_argument,none,model
redundant-prepuce,s0128,male,not_argument,none,model
redundant-prepuce,s0129,male,not_argument,none,model
redundant-prepuce,s0130,male,not_argument,none,model
redundant-prepuce,s0131,male,not_argument,none,model
redundant-prepuce,s0132,male,not_argument,none,model
redundant-prepuce,s0133,male,not_argument,none,model
redundant-prepuce,s0134,male,not_argument,none,model
redundant-prepuce,s0135,male,not_argument,none,model
redundant-prepuce,s0136,male,not_argument,none,model
redundant-prepuce,s0137,male,not_argument,none,model
redundant-prepuce,s0138,male,not_argument,pro,model
redundant-prepuce,s0139,male,not_argument,none,model
redundant-prepuce,s0140,male,not_argument,none,model
redundant-prepuce,s0141,male,not_argument,none,model
redundant-prepuce,s0142,male,not_argument,pro,model
redundant-prepuce,s0143,male,not_argument,none,model
redundant-prepuce,s0144,male,not_argument,none,model
redundant-prepuce,s0145,male,not_argument,none,model
redundant-prepuce,s0146,male,not_argument,pro,model
redundant-prepuce,s0147,male,not_argument,none,model
redundant-prepuce,s0148,male,not_argument,none,model
redundant-prepuce,s0149,male,not_argument,pro,model
redundant-prepuce,s0150,male,not_argument,none,model
redundant-prepuce,s0151,male,not_argument,anti,model
redundant-prepuce,s0152,male,not_argument,none,model
redundant-prepuce,s0153,male,not_argument,pro,model
redundant-prepuce,s0154,male,not_argument,none,model
redundant-prepuce,s0155,male,not_argument,none,model
redundant-prepuce,s0156,male,not_argument,none,model
redundant-prepuce,s0157,male,not_argument,none,model
redundant-prepuce,s0158,male,not_argument,none,model
redundant-prepuce,s0159,male,not_argument,none,model
redundant-prepuce,s0160,male,not_argument,anti,model
redundant-prepuce,s0161,male,not_argument,none,model
redundant-prepuce,s0162,male,not_argument,none,model
redundant-prepuce,s0163,male,pro,anti,model
redundant-prepuce,s0164,male,not_argument,none,model
redundant-prepuce,s0165,male,not_argument,none,model
redundant-prepuce,s0166,male,not_argument,none,model
redundant-prepuce,s0167,male,not_argument,none,model
religion-and-circumcision,s0001,male,not_argument,none,model
religion-and-circumcision,s0002,male,not_argument,none,model
religion-and-circumcision,s0003,male,not_argument,none,model
religion-and-circumcision,s0004,male,not_argument,pro,model
religion-and-circumcision,s0005,male,not_argument,mixed,model
religion-and-circumcision,s0006,male,not_argument,none,model
religion-and-circumcision,s0007,male,not_argument,none,model
religion-and-circumcision,s0008,male,not_argument,none,model
religion-and-circumcision,s0009,male,not_argument,none,model
religion-and-circumcision,s0010,male,not_argument,none,model
religion-and-circumcision,s0011,male,not_argument,pro,model
religion-and-circumcision,s0012,male,not_argument,none,model
religion-and-circumcision,s0013,male,not_argument,pro,model
religion-and-circumcision,s0014,male,not_argument,none,model
religion-and-circumcision,s0015,male,not_argument,none,model
religion-and-circumcision,s0016,male,not_argument,none,model
religion-and-circumcision,s0017,male,not_argument,none,model
religion-and-circumcision,s0018,male,not_argument,none,model
religion-and-circumcision,s0019,male,not_argument,none,model
religion-and-circumcision,s0020,male,not_argument,none,model
religion-and-circumcision,s0021,male,not_argument,none,model
religion-and-circumcision,s0022,male,not_argument,none,model
religion-and-circumcision,s0023,male,not_argument,none,model
religion-and-circumcision,s0024,male,not_argument,pro,model
religion-and-circumcision,s0025,male,not_argument,none,model
religion-and-circumcision,s0026,male,not_argument,none,model
religion-and-circumcision,s0027,male,not_argument,pro,model
religion-and-circumcision,s0028,male,not_argument,none,model
religion-and-circumcision,s0029,male,not_argument,none,model
religion-and-circumcision,s0030,male,not_argument,none,model
religion-and-circumcision,s0031,male,not_argument,none,model
religion-and-circumcision,s0032,male,not_argument,none,model
religion-and-circumcision,s0033,male,not_argument,none,model
religion-and-circumcision,s0034,male,not_argument,none,model
religion-and-circumcision,s0035,male,not_argument,pro,model
religion-and-circumcision,s0036,male,not_argument,none,model
religion-and-circumcision,s0037,male,not_argument,none,model
religion-and-circumcision,s0038,male,not_argument,none,model
religion-and-circumcision,s0039,male,not_argument,none,model
religion-and-circumcision,s0040,male,not_argument,none,model
religion-and-circumcision,s0041,male,anti,mixed,model
religion-and-circumcision,s0042,male,anti,anti,model
religion-and-circumcision,s0043,male,anti,none,model
religion-and-circumcision,s0044,male,not_argument,none,model
religion-and-circumcision,s0045,male,not_argument,none,model
religion-and-circumcision,s0046,male,not_argument,none,model
religion-and-circumcision,s0047,male,not_argument,pro,model
religion-and-circumcision,s0048,male,not_argument,none,model
religion-and-circumcision,s0049,male,not_argument,none,model
religion-and-circumcision,s0050,male,not_argument,none,model
religion-and-circumcision,s0051,male,not_argument,none,model
religion-and-circumcision,s0052,male,not_argument,none,model
religion-and-circumcision,s0053,male,not_argument,none,model
religion-and-circumcision,s0054,male,not_argument,none,model
religion-and-circumcision,s0055,male,not_argument,none,model
religion-and-circumcision,s0056,male,not_argument,none,model
religion-and-circumcision,s0057,male,not_argument,none,model
religion-and-circumcision,s0058,male,not_argument,none,model
religion-and-circumcision,s0059,male,not_argument,none,model
religion-and-circumcision,s0060,male,not_argument,pro,model
religion-and-circumcision,s0061,male,not_argument,none,model
religion-and-circumcision,s0062,male,not_argument,none,model
religion-and-circumcision,s0063,male,not_argument,none,model
religion-and-circumcision,s0064,male,not_argument,none,model
religion-and-circumcision,s0065,male,not_argument,none,model
religion-and-circumcision,s0066,male,not_argument,none,model
religion-and-circumcision,s0067,male,not_argument,none,model
religion-and-circumcision,s0068,male,not_argument,none,model
religion-and-circumcision,s0069,male,not_argument,none,model
religion-and-circumcision,s0070,male,not_argument,none,model
religion-and-circumcision,s0071,male,not_argument,none,model
religion-and-circumcision,s0072,male,not_argument,none,model
religion-and-circumcision,s0073,male,not_argument,none,model
religion-and-circumcision,s0074,male,not_argument,none,model
religion-and-circumcision,s0075,male,not_argument,none,model
religion-and-circumcision,s0076,male,not_argument,none,model
religion-and-circumcision,s0077,male,not_argument,none,model
religion-and-circumcision,s0078,male,not_argument,none,model
religion-and-circumcision,s0079,male,not_argument,none,model
religion-and-circumcision,s0080,male,not_argument,none,model
religion-and-circumcision,s0081,male,not_argument,none,model
religion-and-circumcision,s0082,male,not_argument,none,model
religion-and-circumcision,s0083,male,not_argument,none,model
religion-and-circumcision,s0084,male,not_argument,none,model
religion-and-circumcision,s0085,male,anti,none,model
religion-and-circumcision,s0086,male,not_argument,none,model
religion-and-circumcision,s0087,male,not_argument,none,model
religion-and-circumcision,s0088,male,not_argument,none,model
religion-and-circumcision,s0089,male,anti,anti,model
religion-and-circumcision,s0090,male,not_argument,mixed,model
religion-and-circumcision,s0091,male,not_argument,none,model
religion-and-circumcision,s0092,male,not_argument,pro,model
religion-and-circumcision,s0093,male,not_argument,none,model
religion-and-circumcision,s0094,male,not_argument,pro,model
religion-and-circumcision,s0095,male,not_argument,none,model
religion-and-circumcision,s0096,male,anti,anti,model
religion-and-circumcision,s0097,male,not_argument,none,model
religion-and-circumcision,s0098,male,not_argument,none,model
religion-and-circumcision,s0099,male,not_argument,none,model
religion-and-circumcision,s0100,male,not_argument,none,model
religion-and-circumcision,s0101,male,not_argument,none,model
religion-and-circumcision,s0102,male,anti,anti,model
religion-and-circumcision,s0103,male,not_argument,none,model
religion-and-circumcision,s0104,male,not_argument,none,model
religion-and-circumcision,s0105,male,anti,none,model
religion-and-circumcision,s0106,male,anti,none,model
religion-and-circumcision,s0107,male,not_argument,none,model
religion-and-circumcision,s0108,male,not_argument,none,model
religion-and-circumcision,s0109,male,not_argument,mixed,model
religion-and-circumcision,s0110,male,not_argument,none,model
religion-and-circumcision,s0111,male,not_argument,none,model
religion-and-circumcision,s0112,male,not_argument,none,model
religion-and-circumcision,s0113,male,not_argument,none,model
religion-and-circumcision,s0114,male,not_argument,none,model
religion-and-circumcision,s0115,male,not_argument,none,model
religion-and-circumcision,s0116,male,not_argument,none,model
religion-and-circumcision,s0117,male,not_argument,none,model
religion-and-circumcision,s0118,male,not_argument,none,model
religion-and-circumcision,s0119,male,not_argument,none,model
religion-and-circumcision,s0120,male,not_argument,none,model
religion-and-circumcision,s0121,male,not_argument,none,model
religion-and-circumcision,s0122,male,anti,anti,model
religion-and-circumcision,s0123,male,not_argument,none,model
religion-and-circumcision,s0124,male,not_argument,none,model
religion-and-circumcision,s0125,male,not_argument,none,model
religion-and-circumcision,s0126,male,not_argument,none,model
religion-and-circumcision,s0127,male,not_argument,none,model
religion-and-circumcision,s0128,male,not_argument,none,model
religion-and-circumcision,s0129,male,not_argument,none,model
religion-and-circumcision,s0130,male,not_argument,none,model
religion-and-circumcision,s0131,male,not_argument,none,model
religion-and-circumcision,s0132,male,not_argument,none,model
religion-and-circumcision,s0133,male,not_argument,none,model
religion-and-circumcision,s0134,male,not_argument,none,model
religion-and-circumcision,s0135,male,not_argument,none,model
religion-and-circumcision,s0136,male,not_argument,none,model
religion-and-circumcision,s0137,male,not_argument,none,model
religion-and-circumcision,s0138,male,not_argument,none,model
religion-and-circumcision,s0139,male,not_argument,pro,model
religion-and-circumcision,s0140,male,not_argument,none,model
religion-and-circumcision,s0141,male,not_argument,none,model
religion-and-circumcision,s0142,male,not_argument,none,model
religion-and-circumcision,s0143,male,not_argument,none,model
religion-and-circumcision,s0144,male,not_argument,none,model
religion-and-circumcision,s0145,male,not_argument,none,model
religion-and-circumcision,s0146,male,not_argument,none,model
religion-and-circumcision,s0147,male,not_argument,none,model
religion-and-circumcision,s0148,male,not_argument,none,model
religion-and-circumcision,s0149,male,not_argument,none,model
religion-and-circumcision,s0150,male,not_argument,none,model
religion-and-circumcision,s0151,male,not_argument,none,model
religion-and-circumcision,s0152,male,not_argument,none,model
religion-and-circumcision,s0153,male,not_argument,pro,model
religion-and-circumcision,s0154,male,not_argument,none,model
religion-and-circumcision,s0155,male,not_argument,none,model
religion-and-circumcision,s0156,male,not_argument,none,model
religion-and-circumcision,s0157,male,not_argument,none,model
religion-and-circumcision,s0158,male,not_argument,none,model
religion-and-circumcision,s0159,male,not_argument,none,model
religion-and-circumcision,s0160,male,not_argument,none,model
religion-and-circumcision,s0161,male,not_argument,none,model
religion-and-circumcision,s0162,male,not_argument,none,model
religion-and-circumcision,s0163,male,not_argument,none,model
religion-and-circumcision,s0164,male,not_argument,mixed,model
religion-and-circumcision,s0165,male,not_argument,none,model
religion-and-circumcision,s0166,male,not_argument,none,model
religion-and-circumcision,s0167,male,not_argument,none,model
religion-and-circumcision,s0168,male,not_argument,pro,model
religion-and-circumcision,s0169,male,not_argument,none,model
religion-and-circumcision,s0170,male,not_argument,pro,model
religion-and-circumcision,s0171,male,not_argument,pro,model
religion-and-circumcision,s0172,male,not_argument,none,model
religion-and-circumcision,s0173,male,not_argument,none,model
religion-and-circumcision,s0174,male,not_argument,none,model
religion-and-circumcision,s0175,male,not_argument,none,model
religion-and-circumcision,s0176,male,not_argument,none,model
religion-and-circumcision,s0177,male,not_argument,anti,model
religion-and-circumcision,s0178,male,not_argument,none,model
religion-and-circumcision,s0179,male,anti,anti,model
religion-and-circumcision,s0180,male,anti,anti,model
religion-and-circumcision,s0181,male,anti,anti,model
religion-and-circumcision,s0182,male,not_argument,none,model
religion-and-circumcision,s0183,male,anti,mixed,model
religion-and-circumcision,s0184,male,anti,anti,model
religion-and-circumcision,s0185,male,anti,none,model
religion-and-circumcision,s0186,male,not_argument,none,model
religion-and-circumcision,s0187,male,pro,none,model
religion-and-circumcision,s0188,male,pro,mixed,model
religion-and-circumcision,s0189,male,anti,mixed,model
religion-and-circumcision,s0190,male,not_argument,none,model
religion-and-circumcision,s0191,male,anti,anti,model
religion-and-circumcision,s0192,male,anti,anti,model
religion-and-circumcision,s0193,male,anti,none,model
religion-and-circumcision,s0194,male,not_argument,none,model
religion-and-circumcision,s0195,male,not_argument,mixed,model
religion-and-circumcision,s0196,male,not_argument,none,model
religion-and-circumcision,s0197,male,not_argument,none,model
religion-and-circumcision,s0198,male,not_argument,mixed,model
religion-and-circumcision,s0199,male,pro,mixed,model
religion-and-circumcision,s0200,male,not_argument,none,model
religion-and-circumcision,s0201,male,not_argument,none,model
religion-and-circumcision,s0202,male,anti,anti,model
religion-and-circumcision,s0203,male,pro,mixed,model
religion-and-circumcision,s0204,male,not_argument,none,model
religion-and-circumcision,s0205,male,not_argument,none,model
religion-and-circumcision,s0206,male,not_argument,anti,model
religion-and-circumcision,s0207,male,not_argument,mixed,model
religion-and-circumcision,s0208,male,pro,none,model
religion-and-circumcision,s0209,male,not_argument,none,model
religion-and-circumcision,s0210,male,pro,mixed,model
religion-and-circumcision,s0211,male,pro,mixed,model
religion-and-circumcision,s0212,male,not_argument,none,model
religion-and-circumcision,s0213,male,not_argument,none,model
religion-and-circumcision,s0214,male,pro,pro,model
religion-and-circumcision,s0215,male,not_argument,pro,model
religion-and-circumcision,s0216,male,pro,pro,model
religion-and-circumcision,s0217,male,pro,pro,model
religion-and-circumcision,s0218,male,pro,pro,model
religion-and-circumcision,s0219,male,pro,none,model
religion-and-circumcision,s0220,male,not_argument,none,model
religion-and-circumcision,s0221,male,not_argument,anti,model
religion-and-circumcision,s0222,male,not_argument,none,model
religion-and-circumcision,s0223,male,pro,mixed,model
religion-and-circumcision,s0224,male,not_argument,none,model
religion-and-circumcision,s0225,male,pro,pro,model
religion-and-circumcision,s0226,male,not_argument,pro,model
religion-and-circumcision,s0227,male,pro,mixed,model
religion-and-circumcision,s0228,male,not_argument,none,model
religious-views-on-female-genital-mutilation,s0001,FGM,not_argument,anti,model
religious-views-on-female-genital-mutilation,s0002,FGM,not_argument,none,model
religious-views-on-female-genital-mutilation,s0003,FGM,not_argument,none,model
religious-views-on-female-genital-mutilation,s0004,FGM,not_argument,none,model
religious-views-on-female-genital-mutilation,s0005,FGM,not_argument,mixed,model
religious-views-on-female-genital-mutilation,s0006,FGM,anti,none,model
religious-views-on-female-genital-mutilation,s0007,FGM,not_argument,none,model
religious-views-on-female-genital-mutilation,s0008,FGM,not_argument,none,model
religious-views-on-female-genital-mutilation,s0009,FGM,not_argument,none,model
religious-views-on-female-genital-mutilation,s0010,FGM,not_argument,anti,model
religious-views-on-female-genital-mutilation,s0011,FGM,not_argument,none,model
religious-views-on-female-genital-mutilation,s0012,FGM,not_argument,none,model
religious-views-on-female-genital-mutilation,s0013,FGM,not_argument,none,model
religious-views-on-female-genital-mutilation,s0014,FGM,not_argument,none,model
religious-views-on-female-genital-mutilation,s0015,FGM,not_argument,none,model
religious-views-on-female-genital-mutilation,s0016,FGM,not_argument,anti,model
religious-views-on-female-genital-mutilation,s0017,FGM,not_argument,none,model
religious-views-on-female-genital-mutilation,s0018,FGM,anti,anti,model
religious-views-on-female-genital-mutilation,s0019,FGM,anti,anti,model
religious-views-on-female-genital-mutilation,s0020,FGM,anti,pro,model
religious-views-on-female-genital-mutilation,s0021,FGM,not_argument,none,model
religious-views-on-female-genital-mutilation,s0022,FGM,anti,anti,model
religious-views-on-female-genital-mutilation,s0023,FGM,anti,none,model
religious-views-on-female-genital-mutilation,s0024,FGM,anti,pro,model
religious-views-on-female-genital-mutilation,s0025,FGM,not_argument,none,model
religious-views-on-female-genital-mutilation,s0026,FGM,pro,pro,model
religious-views-on-female-genital-mutilation,s0027,FGM,not_argument,anti,model
religious-views-on-female-genital-mutilation,s0028,FGM,not_argument,none,model
religious-views-on-female-genital-mutilation,s0029,FGM,not_argument,none,model
religious-views-on-female-genital-mutilation,s0030,FGM,not_argument,none,model
religious-views-on-female-genital-mutilation,s0031,FGM,not_argument,pro,model
religious-views-on-female-genital-mutilation,s0032,FGM,not_argument,none,model
religious-views-on-female-genital-mutilation,s0033,FGM,not_argument,pro,model
religious-views-on-female-genital-mutilation,s0034,FGM,not_argument,none,model
religious-views-on-female-genital-mutilation,s0035,FGM,not_argument,none,model
religious-views-on-female-genital-mutilation,s0036,FGM,not_argument,none,model
religious-views-on-female-genital-mutilation,s0037,FGM,not_argument,mixed,model
religious-views-on-female-genital-mutilation,s0038,FGM,not_argument,none,model
religious-views-on-female-genital-mutilation,s0039,FGM,not_argument,none,model
religious-views-on-female-genital-mutilation,s0040,FGM,not_argument,none,model
religious-views-on-female-genital-mutilation,s0041,FGM,not_argument,pro,model
religious-views-on-female-genital-mutilation,s0042,FGM,not_argument,none,model
religious-views-on-female-genital-mutilation,s0043,FGM,not_argument,none,model
religious-views-on-female-genital-mutilation,s0044,FGM,not_argument,none,model
religious-views-on-female-genital-mutilation,s0045,FGM,not_argument,none,model
religious-views-on-female-genital-mutilation,s0046,FGM,not_argument,none,model
religious-views-on-female-genital-mutilation,s0047,FGM,not_argument,none,model
religious-views-on-female-genital-mutilation,s0048,FGM,not_argument,none,model
religious-views-on-female-genital-mutilation,s0049,FGM,not_argument,none,model
religious-views-on-female-genital-mutilation,s0050,FGM,not_argument,none,model
religious-views-on-female-genital-mutilation,s0051,FGM,not_argument,none,model
religious-views-on-female-genital-mutilation,s0052,FGM,not_argument,none,model
religious-views-on-female-genital-mutilation,s0053,FGM,not_argument,none,model
religious-views-on-female-genital-mutilation,s0054,FGM,not_argument,none,model
religious-views-on-female-genital-mutilation,s0055,FGM,not_argument,none,model
religious-views-on-female-genital-mutilation,s0056,FGM,not_argument,none,model
religious-views-on-female-genital-mutilation,s0057,FGM,not_argument,none,model
religious-views-on-female-genital-mutilation,s0058,FGM,not_argument,none,model
religious-views-on-female-genital-mutilation,s0059,FGM,not_argument,none,model
religious-views-on-female-genital-mutilation,s0060,FGM,not_argument,pro,model
religious-views-on-female-genital-mutilation,s0061,FGM,not_argument,none,model
religious-views-on-female-genital-mutilation,s0062,FGM,not_argument,none,model
religious-views-on-female-genital-mutilation,s0063,FGM,pro,none,model
religious-views-on-female-genital-mutilation,s0064,FGM,pro,pro,model
religious-views-on-female-genital-mutilation,s0065,FGM,anti,none,model
religious-views-on-female-genital-mutilation,s0066,FGM,not_argument,none,model
religious-views-on-female-genital-mutilation,s0067,FGM,anti,none,model
religious-views-on-female-genital-mutilation,s0068,FGM,anti,none,model
religious-views-on-female-genital-mutilation,s0069,FGM,anti,pro,model
religious-views-on-female-genital-mutilation,s0070,FGM,not_argument,none,model
religious-views-on-female-genital-mutilation,s0071,FGM,pro,pro,model
religious-views-on-female-genital-mutilation,s0072,FGM,pro,mixed,model
religious-views-on-female-genital-mutilation,s0073,FGM,not_argument,none,model
religious-views-on-female-genital-mutilation,s0074,FGM,pro,mixed,model
religious-views-on-female-genital-mutilation,s0075,FGM,pro,mixed,model
religious-views-on-female-genital-mutilation,s0076,FGM,anti,none,model
religious-views-on-female-genital-mutilation,s0077,FGM,anti,mixed,model
religious-views-on-female-genital-mutilation,s0078,FGM,not_argument,none,model
religious-views-on-female-genital-mutilation,s0079,FGM,anti,none,model
religious-views-on-female-genital-mutilation,s0080,FGM,anti,anti,model
religious-views-on-female-genital-mutilation,s0081,FGM,anti,none,model
religious-views-on-female-genital-mutilation,s0082,FGM,not_argument,none,model
religious-views-on-female-genital-mutilation,s0083,FGM,anti,anti,model
religious-views-on-female-genital-mutilation,s0084,FGM,anti,anti,model
religious-views-on-female-genital-mutilation,s0085,FGM,not_argument,none,model
religious-views-on-female-genital-mutilation,s0086,FGM,pro,pro,model
religious-views-on-female-genital-mutilation,s0087,FGM,not_argument,pro,model
religious-views-on-female-genital-mutilation,s0088,FGM,not_argument,none,model
religious-views-on-female-genital-mutilation,s0089,FGM,not_argument,pro,model
religious-views-on-female-genital-mutilation,s0090,FGM,not_argument,none,model
religious-views-on-female-genital-mutilation,s0091,FGM,not_argument,anti,model
religious-views-on-female-genital-mutilation,s0092,FGM,not_argument,none,model
religious-views-on-female-genital-mutilation,s0093,FGM,not_argument,none,model
religious-views-on-female-genital-mutilation,s0094,FGM,not_argument,none,model
religious-views-on-female-genital-mutilation,s0095,FGM,not_argument,none,model
religious-views-on-female-genital-mutilation,s0096,FGM,not_argument,none,model
religious-views-on-female-genital-mutilation,s0097,FGM,not_argument,none,model
religious-views-on-female-genital-mutilation,s0098,FGM,not_argument,none,model
religious-views-on-female-genital-mutilation,s0099,FGM,not_argument,none,model
religious-views-on-female-genital-mutilation,s0100,FGM,not_argument,mixed,model
religious-views-on-female-genital-mutilation,s0101,FGM,not_argument,anti,model
religious-views-on-female-genital-mutilation,s0102,FGM,not_argument,none,model
religious-views-on-female-genital-mutilation,s0103,FGM,not_argument,none,model
religious-views-on-female-genital-mutilation,s0104,FGM,anti,none,model
religious-views-on-female-genital-mutilation,s0105,FGM,not_argument,anti,model
religious-views-on-female-genital-mutilation,s0106,FGM,anti,mixed,model
religious-views-on-female-genital-mutilation,s0107,FGM,not_argument,none,model
religious-views-on-female-genital-mutilation,s0108,FGM,not_argument,none,model
religious-views-on-female-genital-mutilation,s0109,FGM,not_argument,none,model
religious-views-on-female-genital-mutilation,s0110,FGM,not_argument,none,model
religious-views-on-female-genital-mutilation,s0111,FGM,not_argument,none,model
religious-views-on-female-genital-mutilation,s0112,FGM,anti,none,model
religious-views-on-female-genital-mutilation,s0113,FGM,not_argument,anti,model
religious-views-on-female-genital-mutilation,s0114,FGM,not_argument,none,model
religious-views-on-female-genital-mutilation,s0115,FGM,not_argument,pro,model
religious-views-on-female-genital-mutilation,s0116,FGM,not_argument,none,model
religious-views-on-female-genital-mutilation,s0117,FGM,not_argument,none,model
religious-views-on-female-genital-mutilation,s0118,FGM,anti,none,model
religious-views-on-female-genital-mutilation,s0119,FGM,anti,none,model
religious-views-on-female-genital-mutilation,s0120,FGM,not_argument,none,model
religious-views-on-female-genital-mutilation,s0121,FGM,anti,anti,model
religious-views-on-female-genital-mutilation,s0122,FGM,anti,none,model
religious-views-on-female-genital-mutilation,s0123,FGM,anti,anti,model
religious-views-on-female-genital-mutilation,s0124,FGM,anti,anti,model
religious-views-on-female-genital-mutilation,s0125,FGM,anti,none,model
religious-views-on-female-genital-mutilation,s0126,FGM,not_argument,none,model
religious-views-on-female-genital-mutilation,s0127,FGM,not_argument,mixed,model
religious-views-on-female-genital-mutilation,s0128,FGM,anti,none,model
religious-views-on-female-genital-mutilation,s0129,FGM,anti,mixed,model
religious-views-on-female-genital-mutilation,s0130,FGM,not_argument,none,model
religious-views-on-female-genital-mutilation,s0131,FGM,not_argument,pro,model
religious-views-on-female-genital-mutilation,s0132,FGM,not_argument,none,model
religious-views-on-female-genital-mutilation,s0133,FGM,not_argument,none,model
religious-views-on-female-genital-mutilation,s0134,FGM,not_argument,none,model
religious-views-on-female-genital-mutilation,s0135,FGM,not_argument,none,model
religious-views-on-female-genital-mutilation,s0136,FGM,not_argument,none,model
religious-views-on-female-genital-mutilation,s0137,FGM,not_argument,none,model
religious-views-on-female-genital-mutilation,s0138,FGM,not_argument,none,model
religious-views-on-female-genital-mutilation,s0139,FGM,not_argument,none,model
religious-views-on-female-genital-mutilation,s0140,FGM,not_argument,none,model
religious-views-on-female-genital-mutilation,s0141,FGM,anti,anti,model
religious-views-on-female-genital-mutilation,s0142,FGM,not_argument,none,model
religious-views-on-female-genital-mutilation,s0143,FGM,not_argument,none,model
religious-views-on-female-genital-mutilation,s0144,FGM,not_argument,none,model
religious-views-on-female-genital-mutilation,s0145,FGM,not_argument,pro,model
religious-views-on-female-genital-mutilation,s0146,FGM,not_argument,none,model
religious-views-on-female-genital-mutilation,s0147,FGM,not_argument,none,model
religious-views-on-female-genital-mutilation,s0148,FGM,not_argument,anti,model
religious-views-on-female-genital-mutilation,s0149,FGM,not_argument,none,model
religious-views-on-female-genital-mutilation,s0150,FGM,anti,anti,model
religious-views-on-female-genital-mutilation,s0151,FGM,anti,anti,model
religious-views-on-female-genital-mutilation,s0152,FGM,not_argument,pro,model
religious-views-on-female-genital-mutilation,s0153,FGM,not_argument,none,model
religious-views-on-female-genital-mutilation,s0154,FGM,pro,none,model
religious-views-on-female-genital-mutilation,s0155,FGM,not_argument,none,model
religious-views-on-female-genital-mutilation,s0156,FGM,pro,none,model
religious-views-on-female-genital-mutilation,s0157,FGM,not_argument,none,model
religious-views-on-female-genital-mutilation,s0158,FGM,pro,pro,model
religious-views-on-female-genital-mutilation,s0159,FGM,pro,none,model
religious-views-on-female-genital-mutilation,s0160,FGM,anti,anti,model
religious-views-on-female-genital-mutilation,s0161,FGM,not_argument,none,model
religious-views-on-female-genital-mutilation,s0162,FGM,not_argument,none,model
religious-views-on-female-genital-mutilation,s0163,FGM,not_argument,none,model
religious-views-on-female-genital-mutilation,s0164,FGM,not_argument,pro,model
religious-views-on-female-genital-mutilation,s0165,FGM,not_argument,none,model
religious-views-on-female-genital-mutilation,s0166,FGM,not_argument,pro,model
religious-views-on-female-genital-mutilation,s0167,FGM,not_argument,pro,model
religious-views-on-female-genital-mutilation,s0168,FGM,not_argument,none,model
religious-views-on-female-genital-mutilation,s0169,FGM,not_argument,none,model
religious-views-on-female-genital-mutilation,s0170,FGM,pro,anti,model
religious-views-on-female-genital-mutilation,s0171,FGM,pro,pro,model
religious-views-on-female-genital-mutilation,s0172,FGM,pro,none,model
religious-views-on-female-genital-mutilation,s0173,FGM,not_argument,none,model
religious-views-on-female-genital-mutilation,s0174,FGM,pro,none,model
religious-views-on-female-genital-mutilation,s0175,FGM,not_argument,none,model
religious-views-on-female-genital-mutilation,s0176,FGM,pro,none,model
religious-views-on-female-genital-mutilation,s0177,FGM,not_argument,none,model
religious-views-on-female-genital-mutilation,s0178,FGM,anti,none,model
religious-views-on-female-genital-mutilation,s0179,FGM,anti,anti,model
religious-views-on-female-genital-mutilation,s0180,FGM,anti,none,model
religious-views-on-female-genital-mutilation,s0181,FGM,not_argument,none,model
religious-views-on-female-genital-mutilation,s0182,FGM,not_argument,none,model
religious-views-on-female-genital-mutilation,s0183,FGM,not_argument,none,model
religious-views-on-female-genital-mutilation,s0184,FGM,anti,none,model
religious-views-on-female-genital-mutilation,s0185,FGM,anti,none,model
religious-views-on-female-genital-mutilation,s0186,FGM,not_argument,none,model
religious-views-on-female-genital-mutilation,s0187,FGM,not_argument,none,model
religious-views-on-female-genital-mutilation,s0188,FGM,not_argument,none,model
religious-views-on-female-genital-mutilation,s0189,FGM,not_argument,none,model
religious-views-on-female-genital-mutilation,s0190,FGM,not_argument,pro,model
religious-views-on-female-genital-mutilation,s0191,FGM,not_argument,none,model
religious-views-on-female-genital-mutilation,s0192,FGM,not_argument,none,model
religious-views-on-female-genital-mutilation,s0193,FGM,not_argument,none,model
religious-views-on-female-genital-mutilation,s0194,FGM,not_argument,none,model
religious-views-on-female-genital-mutilation,s0195,FGM,not_argument,none,model
religious-views-on-female-genital-mutilation,s0196,FGM,not_argument,none,model
religious-views-on-female-genital-mutilation,s0197,FGM,not_argument,anti,model
religious-views-on-female-genital-mutilation,s0198,FGM,not_argument,anti,model
religious-views-on-female-genital-mutilation,s0199,FGM,not_argument,none,model
religious-views-on-female-genital-mutilation,s0200,FGM,anti,mixed,model
religious-views-on-female-genital-mutilation,s0201,FGM,anti,mixed,model
religious-views-on-female-genital-mutilation,s0202,FGM,not_argument,none,model
restoration-device,s0001,male,not_argument,none,model
restoration-device,s0002,male,not_argument,none,model
restoration-device,s0003,male,not_argument,none,model
restoration-device,s0004,male,not_argument,none,model
restoration-device,s0005,male,not_argument,none,model
restoration-device,s0006,male,not_argument,none,model
restoration-device,s0007,male,not_argument,none,model
restoration-device,s0008,male,not_argument,mixed,model
restoration-device,s0009,male,not_argument,none,model
restoration-device,s0010,male,not_argument,none,model
restoration-device,s0011,male,not_argument,none,model
restoration-device,s0012,male,not_argument,none,model
restoration-device,s0013,male,not_argument,none,model
restoration-device,s0014,male,not_argument,none,model
restoration-device,s0015,male,not_argument,none,model
restoration-device,s0016,male,not_argument,none,model
restoration-device,s0017,male,not_argument,none,model
restoration-device,s0018,male,not_argument,none,model
restoration-device,s0019,male,not_argument,none,model
restoration-device,s0020,male,not_argument,none,model
restoration-device,s0021,male,anti,anti,model
restoration-device,s0022,male,not_argument,none,model
restoration-device,s0023,male,not_argument,none,model
restoration-device,s0024,male,not_argument,none,model
restoration-device,s0025,male,not_argument,none,model
restoration-device,s0026,male,not_argument,none,model
restoration-device,s0027,male,not_argument,none,model
restoration-device,s0028,male,not_argument,none,model
restoration-device,s0029,male,not_argument,none,model
restoration-device,s0030,male,not_argument,none,model
restoration-device,s0031,male,not_argument,none,model
restoration-device,s0032,male,not_argument,pro,model
restoration-device,s0033,male,not_argument,none,model
restoration-device,s0034,male,not_argument,none,model
restoration-device,s0035,male,not_argument,none,model
restoration-device,s0036,male,not_argument,none,model
restoration-device,s0037,male,not_argument,none,model
restoration-device,s0038,male,not_argument,none,model
restoration-device,s0039,male,not_argument,none,model
restoration-device,s0040,male,not_argument,none,model
restoration-device,s0041,male,not_argument,none,model
restoration-device,s0042,male,not_argument,none,model
restoration-device,s0043,male,not_argument,none,model
restoration-device,s0044,male,not_argument,none,model
restoration-device,s0045,male,not_argument,none,model
restoration-device,s0046,male,not_argument,none,model
restoration-device,s0047,male,not_argument,none,model
restoration-device,s0048,male,not_argument,none,model
restoration-device,s0049,male,not_argument,none,model
restoration-device,s0050,male,not_argument,none,model
restoration-device,s0051,male,not_argument,none,model
restoration-device,s0052,male,not_argument,none,model
restoration-device,s0053,male,not_argument,none,model
restoration-device,s0054,male,not_argument,none,model
restoration-device,s0055,male,not_argument,none,model
restoration-device,s0056,male,not_argument,none,model
restoration-device,s0057,male,not_argument,none,model
restoration-device,s0058,male,not_argument,none,model
restoration-device,s0059,male,not_argument,none,model
restoration-device,s0060,male,not_argument,none,model
restoration-device,s0061,male,not_argument,none,model
restoration-device,s0062,male,not_argument,none,model
restoration-device,s0063,male,not_argument,none,model
restoration-device,s0064,male,not_argument,none,model
restoration-device,s0065,male,not_argument,none,model
restoration-device,s0066,male,not_argument,mixed,model
restoration-device,s0067,male,not_argument,none,model
restoration-device,s0068,male,not_argument,none,model
restoration-device,s0069,male,not_argument,none,model
restoration-device,s0070,male,not_argument,none,model
restoration-device,s0071,male,not_argument,none,model
restoration-device,s0072,male,not_argument,anti,model
restoration-device,s0073,male,not_argument,none,model
restoration-device,s0074,male,not_argument,none,model
restoration-device,s0075,male,not_argument,none,model
restoration-device,s0076,male,not_argument,none,model
restoration-device,s0077,male,not_argument,none,model
restoration-device,s0078,male,not_argument,none,model
restoration-device,s0079,male,not_argument,none,model
restoration-device,s0080,male,not_argument,none,model
restoration-device,s0081,male,not_argument,none,model
restoration-device,s0082,male,not_argument,none,model
restoration-device,s0083,male,not_argument,none,model
restoration-device,s0084,male,not_argument,anti,model
restoration-device,s0085,male,not_argument,none,model
restoration-device,s0086,male,not_argument,none,model
restoration-device,s0087,male,not_argument,none,model
restoration-device,s0088,male,not_argument,none,model
restoration-device,s0089,male,not_argument,none,model
restoration-device,s0090,male,not_argument,none,model
restoration-device,s0091,male,not_argument,none,model
restoration-device,s0092,male,not_argument,none,model
restoration-device,s0093,male,not_argument,none,model
restoration-device,s0094,male,not_argument,none,model
restoration-device,s0095,male,not_argument,none,model
restoration-device,s0096,male,not_argument,none,model
restoration-device,s0097,male,not_argument,none,model
restoration-device,s0098,male,not_argument,none,model
restoration-device,s0099,male,not_argument,none,model
restoration-device,s0100,male,not_argument,none,model
restoration-device,s0101,male,not_argument,none,model
restoration-device,s0102,male,not_argument,none,model
restoration-device,s0103,male,not_argument,none,model
restoration-device,s0104,male,not_argument,none,model
restoration-device,s0105,male,not_argument,none,model
restoration-device,s0106,male,not_argument,none,model
restoration-device,s0107,male,not_argument,none,model
restoration-device,s0108,male,not_argument,none,model
restoration-device,s0109,male,not_argument,none,model
restoration-device,s0110,male,not_argument,none,model
restoration-device,s0111,male,not_argument,none,model
restoration-device,s0112,male,not_argument,none,model
restoration-device,s0113,male,not_argument,none,model
restoration-device,s0114,male,not_argument,none,model
restoration-device,s0115,male,not_argument,none,model
restoration-device,s0116,male,not_argument,none,model
restoration-device,s0117,male,not_argument,none,model
restoration-device,s0118,male,not_argument,none,model
restoration-device,s0119,male,not_argument,none,model
restoration-device,s0120,male,not_argument,none,model
restoration-device,s0121,male,not_argument,none,model
restoration-device,s0122,male,not_argument,none,model
restoration-device,s0123,male,not_argument,none,model
restoration-device,s0124,male,not_argument,mixed,model
restoration-device,s0125,male,not_argument,none,model
restoration-device,s0126,male,not_argument,none,model
restoration-device,s0127,male,not_argument,pro,model
restoration-device,s0128,male,not_argument,none,model
restoration-device,s0129,male,not_argument,none,model
restoration-device,s0130,male,not_argument,none,model
restoration-device,s0131,male,not_argument,none,model
restoration-device,s0132,male,not_argument,none,model
restoration-device,s0133,male,not_argument,none,model
restoration-device,s0134,male,not_argument,none,model
restoration-device,s0135,male,not_argument,none,model
restoration-device,s0136,male,not_argument,none,model
restoration-device,s0137,male,not_argument,none,model
restoration-device,s0138,male,not_argument,none,model
restoration-device,s0139,male,anti,none,model
restoration-device,s0140,male,not_argument,pro,model
restoration-device,s0141,male,not_argument,anti,model
restoration-device,s0142,male,not_argument,none,model
restoration-device,s0143,male,not_argument,none,model
restoration-device,s0144,male,not_argument,none,model
restoration-device,s0145,male,not_argument,none,model
restoration-device,s0146,male,not_argument,none,model
restoration-device,s0147,male,not_argument,pro,model
restoration-device,s0148,male,not_argument,none,model
restoration-device,s0149,male,not_argument,none,model
restoration-device,s0150,male,not_argument,none,model
restoration-device,s0151,male,not_argument,mixed,model
restoration-device,s0152,male,not_argument,none,model
restoration-device,s0153,male,not_argument,none,model
restoration-device,s0154,male,not_argument,none,model
restoration-device,s0155,male,not_argument,none,model
restoration-device,s0156,male,not_argument,none,model
restoration-device,s0157,male,not_argument,none,model
restoration-device,s0158,male,not_argument,none,model
restoration-device,s0159,male,not_argument,none,model
restoration-device,s0160,male,not_argument,mixed,model
restoration-device,s0161,male,not_argument,none,model
restoration-device,s0162,male,not_argument,none,model
restoration-device,s0163,male,not_argument,none,model
restoration-device,s0164,male,not_argument,none,model
restoration-device,s0165,male,not_argument,none,model
restoration-device,s0166,male,not_argument,none,model
restoration-device,s0167,male,not_argument,none,model
restoration-device,s0168,male,not_argument,pro,model
restoration-device,s0169,male,not_argument,none,model
restoration-device,s0170,male,anti,none,model
restoration-device,s0171,male,not_argument,none,model
restoration-device,s0172,male,not_argument,none,model
restoration-device,s0173,male,not_argument,none,model
restoration-device,s0174,male,not_argument,none,model
restoration-device,s0175,male,anti,none,model
restoration-device,s0176,male,not_argument,none,model
restoration-device,s0177,male,not_argument,none,model
restoration-device,s0178,male,not_argument,none,model
restoration-device,s0179,male,not_argument,none,model
restoration-device,s0180,male,not_argument,none,model
restoration-device,s0181,male,not_argument,none,model
restoration-device,s0182,male,not_argument,none,model
restoration-device,s0183,male,not_argument,none,model
restoration-device,s0184,male,not_argument,none,model
restoration-device,s0185,male,not_argument,none,model
restoration-device,s0186,male,not_argument,none,model
restoration-device,s0187,male,not_argument,mixed,model
restoration-device,s0188,male,not_argument,none,model
restoration-device,s0189,male,not_argument,none,model
restoration-device,s0190,male,not_argument,anti,model
restoration-device,s0191,male,not_argument,none,model
restoration-device,s0192,male,not_argument,none,model
restoration-device,s0193,male,not_argument,none,model
restoration-device,s0194,male,not_argument,none,model
restoration-device,s0195,male,not_argument,pro,model
restoration-device,s0196,male,not_argument,none,model
restoration-device,s0197,male,not_argument,none,model
restoration-device,s0198,male,not_argument,anti,model
restoration-device,s0199,male,not_argument,mixed,model
restoration-device,s0200,male,not_argument,none,model
restoration-device,s0201,male,not_argument,none,model
restoration-device,s0202,male,not_argument,none,model
restoration-device,s0203,male,not_argument,none,model
restoration-device,s0204,male,not_argument,none,model
restoration-device,s0205,male,not_argument,none,model
restoration-device,s0206,male,anti,none,model
restoration-device,s0207,male,not_argument,none,model
restoration-device,s0208,male,not_argument,none,model
restoration-device,s0209,male,not_argument,none,model
restoration-device,s0210,male,not_argument,anti,model
restoration-device,s0211,male,not_argument,none,model
restoration-device,s0212,male,not_argument,anti,model
restoration-device,s0213,male,not_argument,none,model
restoration-device,s0214,male,not_argument,none,model
restoration-device,s0215,male,not_argument,pro,model
restoration-device,s0216,male,not_argument,none,model
restoration-device,s0217,male,not_argument,none,model
restoration-device,s0218,male,anti,none,model
restoration-device,s0219,male,not_argument,none,model
restoration-device,s0220,male,not_argument,anti,model
restoration-device,s0221,male,not_argument,none,model
restoration-device,s0222,male,not_argument,none,model
restoration-device,s0223,male,not_argument,none,model
restoration-device,s0224,male,not_argument,mixed,model
restoration-device,s0225,male,not_argument,none,model
restoration-device,s0226,male,not_argument,anti,model
restoration-device,s0227,male,not_argument,none,model
restoration-device,s0228,male,not_argument,none,model
restoration-device,s0229,male,not_argument,anti,model
restoration-device,s0230,male,not_argument,none,model
restoration-device,s0231,male,not_argument,none,model
restoration-device,s0232,male,not_argument,none,model
restoration-device,s0233,male,not_argument,none,model
restoration-device,s0234,male,not_argument,none,model
restoration-device,s0235,male,not_argument,none,model
restoration-device,s0236,male,not_argument,none,model
restoration-device,s0237,male,not_argument,none,model
restoration-device,s0238,male,not_argument,anti,model
restoration-device,s0239,male,not_argument,none,model
restoration-device,s0240,male,not_argument,none,model
restoration-device,s0241,male,not_argument,none,model
restoration-device,s0242,male,not_argument,anti,model
restoration-device,s0243,male,not_argument,anti,model
restoration-device,s0244,male,not_argument,anti,model
restoration-device,s0245,male,not_argument,none,model
restoration-device,s0246,male,not_argument,none,model
restoration-device,s0247,male,not_argument,none,model
restoration-device,s0248,male,not_argument,none,model
restoration-device,s0249,male,not_argument,none,model
restoration-device,s0250,male,not_argument,none,model
restoration-device,s0251,male,not_argument,none,model
restoration-device,s0252,male,not_argument,none,model
restoration-device,s0253,male,not_argument,none,model
restoration-device,s0254,male,not_argument,none,model
restoration-device,s0255,male,not_argument,none,model
restoration-device,s0256,male,not_argument,anti,model
restoration-device,s0257,male,not_argument,mixed,model
restoration-device,s0258,male,not_argument,none,model
restoration-device,s0259,male,not_argument,none,model
restoration-device,s0260,male,not_argument,none,model
restoration-device,s0261,male,not_argument,none,model
restoration-device,s0262,male,not_argument,none,model
restoration-device,s0263,male,not_argument,none,model
restoration-device,s0264,male,not_argument,none,model
restoration-device,s0265,male,not_argument,none,model
restoration-device,s0266,male,not_argument,none,model
restoration-device,s0267,male,not_argument,none,model
restoration-device,s0268,male,not_argument,none,model
restoration-device,s0269,male,not_argument,none,model
restoration-device,s0270,male,not_argument,mixed,model
restoration-device,s0271,male,not_argument,none,model
restoration-device,s0272,male,not_argument,none,model
restoration-device,s0273,male,not_argument,none,model
restoration-device,s0274,male,not_argument,none,model
stapler-circumcision,s0001,male,not_argument,none,model
stapler-circumcision,s0002,male,not_argument,anti,model
stapler-circumcision,s0003,male,not_argument,none,model
stapler-circumcision,s0004,male,not_argument,none,model
stapler-circumcision,s0005,male,pro,mixed,model
stapler-circumcision,s0006,male,not_argument,none,model
stapler-circumcision,s0007,male,not_argument,none,model
stapler-circumcision,s0008,male,not_argument,pro,model
stapler-circumcision,s0009,male,not_argument,none,model
stapler-circumcision,s0010,male,not_argument,none,model
stapler-circumcision,s0011,male,not_argument,none,model
stapler-circumcision,s0012,male,not_argument,none,model
stapler-circumcision,s0013,male,not_argument,none,model
stapler-circumcision,s0014,male,not_argument,none,model
stapler-circumcision,s0015,male,not_argument,none,model
stapler-circumcision,s0016,male,not_argument,none,model
stapler-circumcision,s0017,male,not_argument,none,model
stapler-circumcision,s0018,male,not_argument,none,model
stapler-circumcision,s0019,male,not_argument,none,model
stapler-circumcision,s0020,male,not_argument,none,model
stapler-circumcision,s0021,male,not_argument,none,model
stapler-circumcision,s0022,male,not_argument,none,model
stapler-circumcision,s0023,male,not_argument,none,model
stapler-circumcision,s0024,male,not_argument,none,model
stapler-circumcision,s0025,male,not_argument,none,model
stapler-circumcision,s0026,male,not_argument,none,model
stapler-circumcision,s0027,male,not_argument,anti,model
stapler-circumcision,s0028,male,not_argument,none,model
stapler-circumcision,s0029,male,not_argument,none,model
stapler-circumcision,s0030,male,not_argument,none,model
stapler-circumcision,s0031,male,not_argument,none,model
stapler-circumcision,s0032,male,not_argument,none,model
stapler-circumcision,s0033,male,not_argument,none,model
stapler-circumcision,s0034,male,not_argument,none,model
stapler-circumcision,s0035,male,not_argument,none,model
stapler-circumcision,s0036,male,not_argument,none,model
stapler-circumcision,s0037,male,not_argument,none,model
stapler-circumcision,s0038,male,not_argument,none,model
stapler-circumcision,s0039,male,not_argument,none,model
stapler-circumcision,s0040,male,not_argument,anti,model
stapler-circumcision,s0041,male,not_argument,none,model
stapler-circumcision,s0042,male,not_argument,none,model
stapler-circumcision,s0043,male,not_argument,none,model
stapler-circumcision,s0044,male,not_argument,none,model
stapler-circumcision,s0045,male,not_argument,none,model
stapler-circumcision,s0046,male,not_argument,none,model
stapler-circumcision,s0047,male,not_argument,none,model
stapler-circumcision,s0048,male,not_argument,none,model
stapler-circumcision,s0049,male,not_argument,none,model
stapler-circumcision,s0050,male,not_argument,none,model
stapler-circumcision,s0051,male,not_argument,none,model
stapler-circumcision,s0052,male,not_argument,none,model
stapler-circumcision,s0053,male,not_argument,none,model
stapler-circumcision,s0054,male,not_argument,none,model
stapler-circumcision,s0055,male,not_argument,none,model
stapler-circumcision,s0056,male,not_argument,none,model
stapler-circumcision,s0057,male,not_argument,none,model
stapler-circumcision,s0058,male,not_argument,none,model
stapler-circumcision,s0059,male,not_argument,none,model
stapler-circumcision,s0060,male,not_argument,none,model
stapler-circumcision,s0061,male,not_argument,none,model
stapler-circumcision,s0062,male,not_argument,none,model
stapler-circumcision,s0063,male,not_argument,none,model
stapler-circumcision,s0064,male,not_argument,none,model
stapler-circumcision,s0065,male,not_argument,none,model
stapler-circumcision,s0066,male,not_argument,none,model
stapler-circumcision,s0067,male,not_argument,none,model
stapler-circumcision,s0068,male,not_argument,none,model
stapler-circumcision,s0069,male,not_argument,none,model
stapler-circumcision,s0070,male,not_argument,none,model
stapler-circumcision,s0071,male,not_argument,none,model
stapler-circumcision,s0072,male,not_argument,none,model
stapler-circumcision,s0073,male,not_argument,none,model
stapler-circumcision,s0074,male,not_argument,anti,model
stapler-circumcision,s0075,male,not_argument,none,model
stapler-circumcision,s0076,male,not_argument,none,model
stapler-circumcision,s0077,male,not_argument,none,model
stapler-circumcision,s0078,male,not_argument,none,model
stapler-circumcision,s0079,male,not_argument,none,model
stapler-circumcision,s0080,male,not_argument,none,model
stapler-circumcision,s0081,male,not_argument,none,model
stapler-circumcision,s0082,male,not_argument,none,model
stapler-circumcision,s0083,male,not_argument,none,model
stapler-circumcision,s0084,male,not_argument,none,model
stapler-circumcision,s0085,male,not_argument,none,model
stapler-circumcision,s0086,male,not_argument,anti,model
stapler-circumcision,s0087,male,not_argument,none,model
stapler-circumcision,s0088,male,not_argument,none,model
stapler-circumcision,s0089,male,not_argument,none,model
stapler-circumcision,s0090,male,not_argument,none,model
stapler-circumcision,s0091,male,not_argument,none,model
stapler-circumcision,s0092,male,not_argument,none,model
stapler-circumcision,s0093,male,not_argument,anti,model
stapler-circumcision,s0094,male,not_argument,anti,model
stapler-circumcision,s0095,male,not_argument,none,model
stapler-circumcision,s0096,male,not_argument,none,model
stapler-circumcision,s0097,male,not_argument,none,model
stapler-circumcision,s0098,male,not_argument,none,model
stapler-circumcision,s0099,male,not_argument,none,model
stapler-circumcision,s0100,male,not_argument,none,model
stapler-circumcision,s0101,male,not_argument,none,model
stapler-circumcision,s0102,male,not_argument,none,model
stapler-circumcision,s0103,male,not_argument,none,model
stapler-circumcision,s0104,male,pro,mixed,model
stapler-circumcision,s0105,male,not_argument,none,model
stapler-circumcision,s0106,male,not_argument,none,model
stapler-circumcision,s0107,male,not_argument,none,model
stapler-circumcision,s0108,male,not_argument,none,model
stapler-circumcision,s0109,male,not_argument,none,model
stapler-circumcision,s0110,male,not_argument,none,model
stapler-circumcision,s0111,male,not_argument,none,model
stapler-circumcision,s0112,male,not_argument,none,model
stapler-circumcision,s0113,male,not_argument,none,model
stapler-circumcision,s0114,male,not_argument,none,model
stapler-circumcision,s0115,male,not_argument,none,model
stapler-circumcision,s0116,male,not_argument,none,model
stapler-circumcision,s0117,male,not_argument,none,model
stapler-circumcision,s0118,male,not_argument,none,model
stapler-circumcision,s0119,male,not_argument,none,model
stapler-circumcision,s0120,male,not_argument,none,model
stapler-circumcision,s0121,male,not_argument,none,model
stapler-circumcision,s0122,male,not_argument,none,model
stapler-circumcision,s0123,male,not_argument,none,model
stapler-circumcision,s0124,male,not_argument,none,model
stapler-circumcision,s0125,male,not_argument,none,model
stapler-circumcision,s0126,male,not_argument,none,model
stapler-circumcision,s0127,male,pro,anti,model
stapler-circumcision,s0128,male,not_argument,none,model
stapler-circumcision,s0129,male,not_argument,anti,model
stapler-circumcision,s0130,male,not_argument,none,model
stapler-circumcision,s0131,male,not_argument,none,model
stapler-circumcision,s0132,male,not_argument,none,model
stapler-circumcision,s0133,male,not_argument,none,model
stapler-circumcision,s0134,male,not_argument,none,model
stapler-circumcision,s0135,male,not_argument,none,model
stapler-circumcision,s0136,male,not_argument,none,model
stapler-circumcision,s0137,male,not_argument,none,model
stapler-circumcision,s0138,male,not_argument,none,model
stapler-circumcision,s0139,male,pro,anti,model
stapler-circumcision,s0140,male,not_argument,none,model
stapler-circumcision,s0141,male,not_argument,none,model
stapler-circumcision,s0142,male,not_argument,none,model
stapler-circumcision,s0143,male,not_argument,none,model
stapler-circumcision,s0144,male,not_argument,none,model
stapler-circumcision,s0145,male,pro,anti,model
stapler-circumcision,s0146,male,not_argument,none,model
stapler-circumcision,s0147,male,not_argument,none,model
stapler-circumcision,s0148,male,not_argument,anti,model
stapler-circumcision,s0149,male,not_argument,none,model
stapler-circumcision,s0150,male,not_argument,anti,model
stapler-circumcision,s0151,male,not_argument,none,model
stapler-circumcision,s0152,male,not_argument,none,model
stapler-circumcision,s0153,male,not_argument,none,model
stapler-circumcision,s0154,male,not_argument,none,model
stapler-circumcision,s0155,male,not_argument,none,model
stapler-circumcision,s0156,male,not_argument,none,model
stapler-circumcision,s0157,male,not_argument,none,model
stapler-circumcision,s0158,male,not_argument,none,model
stapler-circumcision,s0159,male,not_argument,anti,model
stapler-circumcision,s0160,male,not_argument,none,model
stapler-circumcision,s0161,male,not_argument,none,model
stapler-circumcision,s0162,male,not_argument,none,model
stapler-circumcision,s0163,male,not_argument,none,model
stapler-circumcision,s0164,male,not_argument,none,model
stapler-circumcision,s0165,male,not_argument,none,model
stapler-circumcision,s0166,male,not_argument,none,model
stapler-circumcision,s0167,male,not_argument,none,model
stapler-circumcision,s0168,male,not_argument,none,model
stapler-circumcision,s0169,male,not_argument,none,model
stapler-circumcision,s0170,male,not_argument,none,model
stapler-circumcision,s0171,male,not_argument,none,model
stapler-circumcision,s0172,male,not_argument,none,model
stapler-circumcision,s0173,male,not_argument,none,model
stapler-circumcision,s0174,male,not_argument,none,model
stapler-circumcision,s0175,male,not_argument,none,model
stapler-circumcision,s0176,male,not_argument,none,model
stapler-circumcision,s0177,male,not_argument,none,model
stapler-circumcision,s0178,male,not_argument,none,model
stapler-circumcision,s0179,male,not_argument,none,model
stapler-circumcision,s0180,male,not_argument,none,model
stapler-circumcision,s0181,male,not_argument,none,model
stapler-circumcision,s0182,male,not_argument,none,model
stapler-circumcision,s0183,male,not_argument,none,model
stapler-circumcision,s0184,male,not_argument,none,model
stapler-circumcision,s0185,male,not_argument,none,model
stapler-circumcision,s0186,male,not_argument,none,model
stapler-circumcision,s0187,male,not_argument,none,model
stapler-circumcision,s0188,male,not_argument,none,model
stapler-circumcision,s0189,male,not_argument,none,model
stapler-circumcision,s0190,male,not_argument,none,model
stapler-circumcision,s0191,male,not_argument,none,model
stapler-circumcision,s0192,male,not_argument,none,model
stapler-circumcision,s0193,male,not_argument,none,model
stapler-circumcision,s0194,male,not_argument,none,model
stapler-circumcision,s0195,male,not_argument,none,model
stapler-circumcision,s0196,male,not_argument,anti,model
stapler-circumcision,s0197,male,not_argument,pro,model
stapler-circumcision,s0198,male,not_argument,none,model
stapler-circumcision,s0199,male,not_argument,anti,model
stapler-circumcision,s0200,male,not_argument,none,model
stapler-circumcision,s0201,male,not_argument,none,model
stapler-circumcision,s0202,male,not_argument,pro,model
stapler-circumcision,s0203,male,not_argument,none,model
stapler-circumcision,s0204,male,not_argument,none,model
stapler-circumcision,s0205,male,not_argument,none,model
stapler-circumcision,s0206,male,not_argument,none,model
stapler-circumcision,s0207,male,not_argument,none,model
stapler-circumcision,s0208,male,not_argument,none,model
stapler-circumcision,s0209,male,pro,mixed,model
stapler-circumcision,s0210,male,not_argument,none,model
stapler-circumcision,s0211,male,pro,none,model
stapler-circumcision,s0212,male,not_argument,none,model
stapler-circumcision,s0213,male,not_argument,none,model
stapler-circumcision,s0214,male,not_argument,none,model
stapler-circumcision,s0215,male,not_argument,none,model
stapler-circumcision,s0216,male,not_argument,none,model
stapler-circumcision,s0217,male,not_argument,none,model
stapler-circumcision,s0218,male,not_argument,anti,model
stapler-circumcision,s0219,male,not_argument,none,model
stapler-circumcision,s0220,male,not_argument,none,model
stapler-circumcision,s0221,male,not_argument,none,model
stapler-circumcision,s0222,male,not_argument,none,model
stapler-circumcision,s0223,male,not_argument,none,model
stapler-circumcision,s0224,male,not_argument,none,model
stapler-circumcision,s0225,male,not_argument,none,model
ulwaluko,s0001,male,not_argument,none,model
ulwaluko,s0002,male,not_argument,none,model
ulwaluko,s0003,male,not_argument,none,model
ulwaluko,s0004,male,anti,mixed,model
ulwaluko,s0005,male,anti,anti,model
ulwaluko,s0006,male,not_argument,none,model
ulwaluko,s0007,male,not_argument,none,model
ulwaluko,s0008,male,not_argument,none,model
ulwaluko,s0009,male,not_argument,none,model
ulwaluko,s0010,male,not_argument,none,model
ulwaluko,s0011,male,not_argument,none,model
ulwaluko,s0012,male,not_argument,none,model
ulwaluko,s0013,male,not_argument,none,model
ulwaluko,s0014,male,not_argument,none,model
ulwaluko,s0015,male,not_argument,none,model
ulwaluko,s0016,male,not_argument,none,model
ulwaluko,s0017,male,not_argument,none,model
ulwaluko,s0018,male,not_argument,none,model
ulwaluko,s0019,male,not_argument,none,model
ulwaluko,s0020,male,not_argument,anti,model
ulwaluko,s0021,male,not_argument,none,model
ulwaluko,s0022,male,not_argument,none,model
ulwaluko,s0023,male,not_argument,none,model
ulwaluko,s0024,male,not_argument,none,model
ulwaluko,s0025,male,not_argument,none,model
ulwaluko,s0026,male,not_argument,none,model
ulwaluko,s0027,male,not_argument,none,model
ulwaluko,s0028,male,not_argument,none,model
ulwaluko,s0029,male,not_argument,none,model
ulwaluko,s0030,male,not_argument,none,model
ulwaluko,s0031,male,not_argument,none,model
ulwaluko,s0032,male,not_argument,none,model
ulwaluko,s0033,male,not_argument,none,model
ulwaluko,s0034,male,not_argument,none,model
ulwaluko,s0035,male,not_argument,none,model
ulwaluko,s0036,male,not_argument,none,model
ulwaluko,s0037,male,not_argument,none,model
ulwaluko,s0038,male,not_argument,none,model
ulwaluko,s0039,male,anti,pro,model
ulwaluko,s0040,male,pro,none,model
ulwaluko,s0041,male,not_argument,none,model
ulwaluko,s0042,male,not_argument,none,model
ulwaluko,s0043,male,not_argument,none,model
ulwaluko,s0044,male,not_argument,none,model
ulwaluko,s0045,male,not_argument,none,model
ulwaluko,s0046,male,not_argument,anti,model
ulwaluko,s0047,male,not_argument,none,model
ulwaluko,s0048,male,not_argument,none,model
ulwaluko,s0049,male,not_argument,none,model
ulwaluko,s0050,male,pro,none,model
ulwaluko,s0051,male,not_argument,none,model
ulwaluko,s0052,male,not_argument,none,model
ulwaluko,s0053,male,not_argument,none,model
ulwaluko,s0054,male,not_argument,none,model
ulwaluko,s0055,male,not_argument,none,model
ulwaluko,s0056,male,not_argument,none,model
ulwaluko,s0057,male,not_argument,none,model
ulwaluko,s0058,male,not_argument,none,model
ulwaluko,s0059,male,not_argument,none,model
ulwaluko,s0060,male,not_argument,none,model
ulwaluko,s0061,male,not_argument,none,model
ulwaluko,s0062,male,not_argument,none,model
ulwaluko,s0063,male,not_argument,none,model
ulwaluko,s0064,male,not_argument,none,model
ulwaluko,s0065,male,not_argument,none,model
ulwaluko,s0066,male,not_argument,none,model
ulwaluko,s0067,male,not_argument,none,model
ulwaluko,s0068,male,not_argument,none,model
ulwaluko,s0069,male,not_argument,none,model
ulwaluko,s0070,male,not_argument,none,model
ulwaluko,s0071,male,not_argument,none,model
ulwaluko,s0072,male,not_argument,none,model
ulwaluko,s0073,male,not_argument,none,model
ulwaluko,s0074,male,not_argument,none,model
ulwaluko,s0075,male,not_argument,none,model
ulwaluko,s0076,male,not_argument,none,model
ulwaluko,s0077,male,not_argument,none,model
ulwaluko,s0078,male,not_argument,none,model
ulwaluko,s0079,male,not_argument,none,model
ulwaluko,s0080,male,not_argument,none,model
ulwaluko,s0081,male,pro,none,model
ulwaluko,s0082,male,not_argument,none,model
ulwaluko,s0083,male,pro,none,model
ulwaluko,s0084,male,anti,anti,model
ulwaluko,s0085,male,pro,none,model
ulwaluko,s0086,male,not_argument,none,model
ulwaluko,s0087,male,not_argument,none,model
ulwaluko,s0088,male,not_argument,none,model
ulwaluko,s0089,male,not_argument,none,model
ulwaluko,s0090,male,not_argument,none,model
ulwaluko,s0091,male,not_argument,none,model
ulwaluko,s0092,male,not_argument,none,model
ulwaluko,s0093,male,not_argument,none,model
ulwaluko,s0094,male,not_argument,none,model
ulwaluko,s0095,male,not_argument,none,model
ulwaluko,s0096,male,not_argument,none,model
ulwaluko,s0097,male,pro,none,model
ulwaluko,s0098,male,not_argument,none,model
ulwaluko,s0099,male,pro,none,model
ulwaluko,s0100,male,pro,none,model
ulwaluko,s0101,male,not_argument,none,model
ulwaluko,s0102,male,pro,none,model
ulwaluko,s0103,male,pro,none,model
ulwaluko,s0104,male,not_argument,none,model
ulwaluko,s0105,male,not_argument,none,model
ulwaluko,s0106,male,not_argument,none,model
ulwaluko,s0107,male,not_argument,none,model
ulwaluko,s0108,male,not_argument,none,model
ulwaluko,s0109,male,pro,none,model
ulwaluko,s0110,male,pro,none,model
ulwaluko,s0111,male,not_argument,none,model
ulwaluko,s0112,male,not_argument,none,model
ulwaluko,s0113,male,not_argument,none,model
ulwaluko,s0114,male,not_argument,none,model
ulwaluko,s0115,male,not_argument,none,model
ulwaluko,s0116,male,not_argument,none,model
ulwaluko,s0117,male,not_argument,none,model
ulwaluko,s0118,male,anti,pro,model
ulwaluko,s0119,male,anti,none,model
ulwaluko,s0120,male,not_argument,none,model
ulwaluko,s0121,male,not_argument,anti,model
ulwaluko,s0122,male,pro,none,model
ulwaluko,s0123,male,not_argument,none,model
ulwaluko,s0124,male,not_argument,none,model
ulwaluko,s0125,male,anti,anti,model
ulwaluko,s0126,male,anti,none,model
ulwaluko,s0127,male,anti,anti,model
ulwaluko,s0128,male,not_argument,none,model
ulwaluko,s0129,male,not_argument,none,model
ulwaluko,s0130,male,pro,pro,model
ulwaluko,s0131,male,pro,pro,model
ulwaluko,s0132,male,not_argument,none,model
ulwaluko,s0133,male,not_argument,pro,model
ulwaluko,s0134,male,not_argument,none,model
ulwaluko,s0135,male,anti,none,model
ulwaluko,s0136,male,not_argument,anti,model
ulwaluko,s0137,male,not_argument,none,model
ulwaluko,s0138,male,anti,none,model
ulwaluko,s0139,male,anti,none,model
ulwaluko,s0140,male,not_argument,none,model
ulwaluko,s0141,male,anti,none,model
ulwaluko,s0142,male,not_argument,none,model
ulwaluko,s0143,male,anti,none,model
ulwaluko,s0144,male,pro,pro,model
ulwaluko,s0145,male,not_argument,none,model
ulwaluko,s0146,male,anti,anti,model
ulwaluko,s0147,male,pro,none,model
ulwaluko,s0148,male,not_argument,none,model
ulwaluko,s0149,male,anti,anti,model
ulwaluko,s0150,male,anti,none,model
ulwaluko,s0151,male,anti,none,model
ulwaluko,s0152,male,not_argument,none,model
ulwaluko,s0153,male,pro,none,model
ulwaluko,s0154,male,pro,anti,model
ulwaluko,s0155,male,not_argument,anti,model
ulwaluko,s0156,male,not_argument,none,model
ulwaluko,s0157,male,not_argument,anti,model
ulwaluko,s0158,male,not_argument,none,model
ulwaluko,s0159,male,not_argument,none,model
ulwaluko,s0160,male,not_argument,none,model
ulwaluko,s0161,male,not_argument,none,model
ulwaluko,s0162,male,not_argument,none,model
ulwaluko,s0163,male,not_argument,none,model
ulwaluko,s0164,male,not_argument,anti,model
ulwaluko,s0165,male,not_argument,none,model
ulwaluko,s0166,male,not_argument,none,model
ulwaluko,s0167,male,not_argument,none,model
ulwaluko,s0168,male,not_argument,none,model
ulwaluko,s0169,male,not_argument,mixed,model
ulwaluko,s0170,male,not_argument,anti,model
ulwaluko,s0171,male,not_argument,none,model
ulwaluko,s0172,male,not_argument,none,model
ulwaluko,s0173,male,not_argument,anti,model
ulwaluko,s0174,male,not_argument,none,model
ulwaluko,s0175,male,not_argument,none,model
ulwaluko,s0176,male,pro,none,model
ulwaluko,s0177,male,pro,none,model
ulwaluko,s0178,male,not_argument,mixed,model
ulwaluko,s0179,male,not_argument,anti,model
ulwaluko,s0180,male,not_argument,none,model
ulwaluko,s0181,male,pro,none,model
ulwaluko,s0182,male,pro,none,model
ulwaluko,s0183,male,pro,none,model
ulwaluko,s0184,male,not_argument,pro,model
ulwaluko,s0185,male,pro,none,model
ulwaluko,s0186,male,not_argument,none,model
ulwaluko,s0187,male,not_argument,anti,model
ulwaluko,s0188,male,not_argument,none,model
ulwaluko,s0189,male,pro,none,model
ulwaluko,s0190,male,not_argument,mixed,model
ulwaluko,s0191,male,not_argument,anti,model
ulwaluko,s0192,male,not_argument,none,model
ulwaluko,s0193,male,not_argument,none,model
ulwaluko,s0194,male,not_argument,none,model
ulwaluko,s0195,male,not_argument,none,model
ulwaluko,s0196,male,not_argument,none,model
ulwaluko,s0197,male,not_argument,none,model
ulwaluko,s0198,male,not_argument,none,model
ulwaluko,s0199,male,not_argument,none,model
ulwaluko,s0200,male,not_argument,none,model
ulwaluko,s0201,male,not_argument,none,model
ulwaluko,s0202,male,not_argument,none,model
ulwaluko,s0203,male,not_argument,anti,model
ulwaluko,s0204,male,not_argument,none,model
ulwaluko,s0205,male,not_argument,none,model
ulwaluko,s0206,male,not_argument,pro,model
ulwaluko,s0207,male,pro,mixed,model
ulwaluko,s0208,male,not_argument,none,model
ulwaluko,s0209,male,not_argument,none,model
ulwaluko,s0210,male,not_argument,none,model
ulwaluko,s0211,male,not_argument,anti,model
ulwaluko,s0212,male,not_argument,none,model
ulwaluko,s0213,male,not_argument,none,model
ulwaluko,s0214,male,not_argument,none,model
ulwaluko,s0215,male,not_argument,pro,model
ulwaluko,s0216,male,not_argument,none,model
ulwaluko,s0217,male,not_argument,none,model
ulwaluko,s0218,male,not_argument,none,model
ulwaluko,s0219,male,not_argument,none,model
ulwaluko,s0220,male,not_argument,none,model
ulwaluko,s0221,male,not_argument,none,model
ulwaluko,s0222,male,not_argument,none,model
ulwaluko,s0223,male,not_argument,none,model
ulwaluko,s0224,male,not_argument,none,model
ulwaluko,s0225,male,not_argument,anti,model
ulwaluko,s0226,male,not_argument,none,model
ulwaluko,s0227,male,not_argument,anti,model
ulwaluko,s0228,male,not_argument,none,model
ulwaluko,s0229,male,not_argument,mixed,model
ulwaluko,s0230,male,not_argument,none,model
views-on-circumcision,s0001,male,not_argument,none,model
views-on-circumcision,s0002,male,not_argument,none,model
views-on-circumcision,s0003,male,pro,anti,model
views-on-circumcision,s0004,male,not_argument,none,model
views-on-circumcision,s0005,male,pro,pro,model
views-on-circumcision,s0006,male,anti,mixed,model
views-on-circumcision,s0007,male,not_argument,none,model
views-on-circumcision,s0008,male,not_argument,none,model
views-on-circumcision,s0009,male,not_argument,mixed,model
views-on-circumcision,s0010,male,anti,mixed,model
views-on-circumcision,s0011,male,not_argument,none,model
views-on-circumcision,s0012,male,not_argument,none,model
views-on-circumcision,s0013,male,not_argument,none,model
views-on-circumcision,s0014,male,not_argument,none,model
views-on-circumcision,s0015,male,not_argument,none,model
views-on-circumcision,s0016,male,not_argument,pro,model
views-on-circumcision,s0017,male,not_argument,none,model
views-on-circumcision,s0018,male,not_argument,pro,model
views-on-circumcision,s0019,male,not_argument,none,model
views-on-circumcision,s0020,male,not_argument,anti,model
views-on-circumcision,s0021,male,not_argument,none,model
views-on-circumcision,s0022,male,not_argument,none,model
views-on-circumcision,s0023,male,not_argument,none,model
views-on-circumcision,s0024,male,not_argument,none,model
views-on-circumcision,s0025,male,not_argument,pro,model
views-on-circumcision,s0026,male,anti,none,model
views-on-circumcision,s0027,male,anti,anti,model
views-on-circumcision,s0028,male,not_argument,none,model
views-on-circumcision,s0029,male,not_argument,none,model
views-on-circumcision,s0030,male,anti,anti,model
views-on-circumcision,s0031,male,not_argument,none,model
views-on-circumcision,s0032,male,not_argument,none,model
views-on-circumcision,s0033,male,not_argument,none,model
views-on-circumcision,s0034,male,not_argument,none,model
views-on-circumcision,s0035,male,anti,none,model
views-on-circumcision,s0036,male,not_argument,none,model
views-on-circumcision,s0037,male,not_argument,none,model
views-on-circumcision,s0038,male,not_argument,none,model
views-on-circumcision,s0039,male,not_argument,none,model
views-on-circumcision,s0040,male,not_argument,none,model
views-on-circumcision,s0041,male,not_argument,none,model
views-on-circumcision,s0042,male,not_argument,none,model
views-on-circumcision,s0043,male,anti,none,model
views-on-circumcision,s0044,male,not_argument,none,model
views-on-circumcision,s0045,male,not_argument,none,model
views-on-circumcision,s0046,male,not_argument,pro,model
views-on-circumcision,s0047,male,not_argument,anti,model
views-on-circumcision,s0048,male,not_argument,pro,model
views-on-circumcision,s0049,male,not_argument,none,model
views-on-circumcision,s0050,male,not_argument,none,model
views-on-circumcision,s0051,male,not_argument,anti,model
views-on-circumcision,s0052,male,not_argument,anti,model
views-on-circumcision,s0053,male,not_argument,none,model
views-on-circumcision,s0054,male,not_argument,none,model
views-on-circumcision,s0055,male,not_argument,none,model
views-on-circumcision,s0056,male,not_argument,none,model
views-on-circumcision,s0057,male,not_argument,none,model
views-on-circumcision,s0058,male,not_argument,none,model
views-on-circumcision,s0059,male,not_argument,anti,model
views-on-circumcision,s0060,male,not_argument,pro,model
views-on-circumcision,s0061,male,not_argument,none,model
views-on-circumcision,s0062,male,not_argument,none,model
views-on-circumcision,s0063,male,not_argument,pro,model
views-on-circumcision,s0064,male,not_argument,none,model
views-on-circumcision,s0065,male,not_argument,none,model
views-on-circumcision,s0066,male,pro,pro,model
views-on-circumcision,s0067,male,not_argument,none,model
views-on-circumcision,s0068,male,not_argument,none,model
views-on-circumcision,s0069,male,pro,pro,model
views-on-circumcision,s0070,male,pro,pro,model
views-on-circumcision,s0071,male,pro,pro,model
views-on-circumcision,s0072,male,not_argument,none,model
views-on-circumcision,s0073,male,pro,none,model
views-on-circumcision,s0074,male,pro,pro,model
views-on-circumcision,s0075,male,pro,none,model
views-on-circumcision,s0076,male,not_argument,none,model
views-on-circumcision,s0077,male,pro,none,model
views-on-circumcision,s0078,male,pro,none,model
views-on-circumcision,s0079,male,pro,pro,model
views-on-circumcision,s0080,male,pro,none,model
views-on-circumcision,s0081,male,not_argument,none,model
views-on-circumcision,s0082,male,pro,none,model
views-on-circumcision,s0083,male,pro,pro,model
views-on-circumcision,s0084,male,pro,none,model
views-on-circumcision,s0085,male,not_argument,none,model
views-on-circumcision,s0086,male,pro,pro,model
views-on-circumcision,s0087,male,pro,pro,model
views-on-circumcision,s0088,male,not_argument,none,model
views-on-circumcision,s0089,male,pro,none,model
views-on-circumcision,s0090,male,pro,anti,model
views-on-circumcision,s0091,male,pro,none,model
views-on-circumcision,s0092,male,not_argument,none,model
views-on-circumcision,s0093,male,pro,anti,model
views-on-circumcision,s0094,male,pro,none,model
views-on-circumcision,s0095,male,pro,pro,model
views-on-circumcision,s0096,male,not_argument,none,model
views-on-circumcision,s0097,male,pro,anti,model
views-on-circumcision,s0098,male,pro,mixed,model
views-on-circumcision,s0099,male,pro,none,model
views-on-circumcision,s0100,male,not_argument,none,model
views-on-circumcision,s0101,male,pro,mixed,model
views-on-circumcision,s0102,male,pro,pro,model
views-on-circumcision,s0103,male,not_argument,none,model
views-on-circumcision,s0104,male,pro,pro,model
views-on-circumcision,s0105,male,pro,pro,model
views-on-circumcision,s0106,male,not_argument,none,model
views-on-circumcision,s0107,male,anti,anti,model
views-on-circumcision,s0108,male,anti,mixed,model
views-on-circumcision,s0109,male,anti,anti,model
views-on-circumcision,s0110,male,anti,anti,model
views-on-circumcision,s0111,male,anti,anti,model
views-on-circumcision,s0112,male,not_argument,none,model
views-on-circumcision,s0113,male,pro,mixed,model
views-on-circumcision,s0114,male,not_argument,mixed,model
views-on-circumcision,s0115,male,anti,anti,model
views-on-circumcision,s0116,male,anti,anti,model
views-on-circumcision,s0117,male,anti,anti,model
views-on-circumcision,s0118,male,anti,anti,model
views-on-circumcision,s0119,male,pro,none,model
views-on-circumcision,s0120,male,anti,anti,model
views-on-circumcision,s0121,male,pro,anti,model
views-on-circumcision,s0122,male,pro,mixed,model
views-on-circumcision,s0123,male,pro,pro,model
views-on-circumcision,s0124,male,anti,anti,model
views-on-circumcision,s0125,male,pro,mixed,model
views-on-circumcision,s0126,male,pro,none,model
views-on-circumcision,s0127,male,pro,mixed,model
views-on-circumcision,s0128,male,pro,mixed,model
views-on-circumcision,s0129,male,pro,none,model
views-on-circumcision,s0130,male,not_argument,none,model
views-on-circumcision,s0131,male,pro,none,model
views-on-circumcision,s0132,male,pro,none,model
views-on-circumcision,s0133,male,pro,pro,model
views-on-circumcision,s0134,male,not_argument,none,model
views-on-circumcision,s0135,male,pro,anti,model
views-on-circumcision,s0136,male,pro,mixed,model
views-on-circumcision,s0137,male,pro,none,model
views-on-circumcision,s0138,male,not_argument,none,model
views-on-circumcision,s0139,male,not_argument,none,model
views-on-circumcision,s0140,male,not_argument,none,model
views-on-circumcision,s0141,male,not_argument,none,model
views-on-circumcision,s0142,male,not_argument,none,model
views-on-circumcision,s0143,male,not_argument,none,model
views-on-circumcision,s0144,male,not_argument,anti,model
views-on-circumcision,s0145,male,not_argument,anti,model
views-on-circumcision,s0146,male,not_argument,mixed,model
views-on-circumcision,s0147,male,not_argument,none,model
views-on-circumcision,s0148,male,not_argument,none,model
views-on-circumcision,s0149,male,not_argument,none,model
views-on-circumcision,s0150,male,not_argument,pro,model
views-on-circumcision,s0151,male,not_argument,none,model
views-on-circumcision,s0152,male,not_argument,none,model
views-on-circumcision,s0153,male,not_argument,anti,model
views-on-circumcision,s0154,male,not_argument,anti,model
views-on-circumcision,s0155,male,pro,none,model
views-on-circumcision,s0156,male,not_argument,anti,model
views-on-circumcision,s0157,male,not_argument,none,model
views-on-circumcision,s0158,male,not_argument,mixed,model
views-on-circumcision,s0159,male,not_argument,none,model
views-on-circumcision,s0160,male,not_argument,none,model
views-on-circumcision,s0161,male,not_argument,anti,model
views-on-circumcision,s0162,male,not_argument,none,model
views-on-circumcision,s0163,male,not_argument,anti,model
views-on-circumcision,s0164,male,not_argument,none,model
views-on-circumcision,s0165,male,not_argument,anti,model
views-on-circumcision,s0166,male,not_argument,none,model
views-on-circumcision,s0167,male,not_argument,anti,model
views-on-circumcision,s0168,male,pro,anti,model
views-on-circumcision,s0169,male,not_argument,none,model
views-on-circumcision,s0170,male,not_argument,none,model
views-on-circumcision,s0171,male,pro,none,model
views-on-circumcision,s0172,male,pro,none,model
views-on-circumcision,s0173,male,not_argument,none,model
views-on-circumcision,s0174,male,not_argument,none,model
views-on-circumcision,s0175,male,not_argument,none,model
views-on-circumcision,s0176,male,not_argument,none,model
views-on-circumcision,s0177,male,not_argument,none,model
views-on-circumcision,s0178,male,pro,pro,model
views-on-circumcision,s0179,male,pro,anti,model
views-on-circumcision,s0180,male,not_argument,none,model
views-on-circumcision,s0181,male,not_argument,none,model
views-on-circumcision,s0182,male,not_argument,anti,model
views-on-circumcision,s0183,male,anti,anti,model
views-on-circumcision,s0184,male,pro,mixed,model
views-on-circumcision,s0185,male,not_argument,anti,model
views-on-circumcision,s0186,male,not_argument,none,model
views-on-circumcision,s0187,male,anti,anti,model
views-on-circumcision,s0188,male,pro,mixed,model
views-on-circumcision,s0189,male,not_argument,none,model
views-on-circumcision,s0190,male,pro,anti,model
views-on-circumcision,s0191,male,pro,anti,model
views-on-circumcision,s0192,male,not_argument,none,model
views-on-circumcision,s0193,male,not_argument,pro,model
views-on-circumcision,s0194,male,not_argument,none,model
views-on-circumcision,s0195,male,not_argument,none,model
women-unaffected-by-female-genital-cutting,s0001,FGM,anti,anti,model
women-unaffected-by-female-genital-cutting,s0002,FGM,not_argument,none,model
women-unaffected-by-female-genital-cutting,s0003,FGM,not_argument,none,model
women-unaffected-by-female-genital-cutting,s0004,FGM,not_argument,none,model
women-unaffected-by-female-genital-cutting,s0005,FGM,not_argument,pro,model
women-unaffected-by-female-genital-cutting,s0006,FGM,not_argument,none,model
women-unaffected-by-female-genital-cutting,s0007,FGM,anti,anti,model
women-unaffected-by-female-genital-cutting,s0008,FGM,not_argument,anti,model
women-unaffected-by-female-genital-cutting,s0009,FGM,not_argument,none,model
women-unaffected-by-female-genital-cutting,s0010,FGM,not_argument,none,model
women-unaffected-by-female-genital-cutting,s0011,FGM,not_argument,anti,model
women-unaffected-by-female-genital-cutting,s0012,FGM,not_argument,none,model
women-unaffected-by-female-genital-cutting,s0013,FGM,not_argument,none,model
women-unaffected-by-female-genital-cutting,s0014,FGM,not_argument,pro,model
women-unaffected-by-female-genital-cutting,s0015,FGM,not_argument,none,model
women-unaffected-by-female-genital-cutting,s0016,FGM,not_argument,none,model
women-unaffected-by-female-genital-cutting,s0017,FGM,not_argument,none,model
women-unaffected-by-female-genital-cutting,s0018,FGM,not_argument,mixed,model
women-unaffected-by-female-genital-cutting,s0019,FGM,not_argument,none,model
women-unaffected-by-female-genital-cutting,s0020,FGM,not_argument,mixed,model
women-unaffected-by-female-genital-cutting,s0021,FGM,not_argument,none,model
women-unaffected-by-female-genital-cutting,s0022,FGM,not_argument,none,model
women-unaffected-by-female-genital-cutting,s0023,FGM,not_argument,anti,model
women-unaffected-by-female-genital-cutting,s0024,FGM,pro,none,model
women-unaffected-by-female-genital-cutting,s0025,FGM,pro,pro,model
women-unaffected-by-female-genital-cutting,s0026,FGM,not_argument,none,model
women-unaffected-by-female-genital-cutting,s0027,FGM,pro,anti,model
women-unaffected-by-female-genital-cutting,s0028,FGM,pro,none,model
women-unaffected-by-female-genital-cutting,s0029,FGM,pro,mixed,model
women-unaffected-by-female-genital-cutting,s0030,FGM,not_argument,none,model
women-unaffected-by-female-genital-cutting,s0031,FGM,pro,anti,model
women-unaffected-by-female-genital-cutting,s0032,FGM,pro,anti,model
women-unaffected-by-female-genital-cutting,s0033,FGM,pro,mixed,model
women-unaffected-by-female-genital-cutting,s0034,FGM,not_argument,none,model
women-unaffected-by-female-genital-cutting,s0035,FGM,not_argument,none,model
women-unaffected-by-female-genital-cutting,s0036,FGM,not_argument,none,model
women-unaffected-by-female-genital-cutting,s0037,FGM,not_argument,none,model
women-unaffected-by-female-genital-cutting,s0038,FGM,not_argument,none,model
women-unaffected-by-female-genital-cutting,s0039,FGM,not_argument,none,model
women-unaffected-by-female-genital-cutting,s0040,FGM,not_argument,none,model
women-unaffected-by-female-genital-cutting,s0041,FGM,not_argument,pro,model
women-unaffected-by-female-genital-cutting,s0042,FGM,not_argument,none,model
women-unaffected-by-female-genital-cutting,s0043,FGM,not_argument,none,model
women-unaffected-by-female-genital-cutting,s0044,FGM,not_argument,pro,model
women-unaffected-by-female-genital-cutting,s0045,FGM,not_argument,pro,model
women-unaffected-by-female-genital-cutting,s0046,FGM,not_argument,none,model
women-unaffected-by-female-genital-cutting,s0047,FGM,not_argument,pro,model
women-unaffected-by-female-genital-cutting,s0048,FGM,not_argument,none,model
women-unaffected-by-female-genital-cutting,s0049,FGM,not_argument,mixed,model
women-unaffected-by-female-genital-cutting,s0050,FGM,not_argument,none,model
women-unaffected-by-female-genital-cutting,s0051,FGM,not_argument,none,model
women-unaffected-by-female-genital-cutting,s0052,FGM,pro,pro,model
women-unaffected-by-female-genital-cutting,s0053,FGM,pro,pro,model
women-unaffected-by-female-genital-cutting,s0054,FGM,pro,none,model
women-unaffected-by-female-genital-cutting,s0055,FGM,not_argument,none,model
women-unaffected-by-female-genital-cutting,s0056,FGM,not_argument,none,model
women-unaffected-by-female-genital-cutting,s0057,FGM,pro,pro,model
women-unaffected-by-female-genital-cutting,s0058,FGM,pro,none,model
women-unaffected-by-female-genital-cutting,s0059,FGM,pro,pro,model
women-unaffected-by-female-genital-cutting,s0060,FGM,pro,none,model
women-unaffected-by-female-genital-cutting,s0061,FGM,not_argument,none,model
women-unaffected-by-female-genital-cutting,s0062,FGM,not_argument,none,model
women-unaffected-by-female-genital-cutting,s0063,FGM,pro,none,model
women-unaffected-by-female-genital-cutting,s0064,FGM,not_argument,none,model
women-unaffected-by-female-genital-cutting,s0065,FGM,not_argument,anti,model
women-unaffected-by-female-genital-cutting,s0066,FGM,not_argument,none,model
women-unaffected-by-female-genital-cutting,s0067,FGM,not_argument,none,model
women-unaffected-by-female-genital-cutting,s0068,FGM,pro,anti,model
women-unaffected-by-female-genital-cutting,s0069,FGM,pro,mixed,model
women-unaffected-by-female-genital-cutting,s0070,FGM,not_argument,none,model
women-unaffected-by-female-genital-cutting,s0071,FGM,pro,none,model
women-unaffected-by-female-genital-cutting,s0072,FGM,pro,none,model
women-unaffected-by-female-genital-cutting,s0073,FGM,pro,mixed,model
women-unaffected-by-female-genital-cutting,s0074,FGM,not_argument,none,model
women-unaffected-by-female-genital-cutting,s0075,FGM,pro,none,model
women-unaffected-by-female-genital-cutting,s0076,FGM,pro,none,model
women-unaffected-by-female-genital-cutting,s0077,FGM,pro,pro,model
women-unaffected-by-female-genital-cutting,s0078,FGM,pro,none,model
women-unaffected-by-female-genital-cutting,s0079,FGM,pro,none,model
women-unaffected-by-female-genital-cutting,s0080,FGM,pro,mixed,model
women-unaffected-by-female-genital-cutting,s0081,FGM,not_argument,none,model
women-unaffected-by-female-genital-cutting,s0082,FGM,pro,none,model
women-unaffected-by-female-genital-cutting,s0083,FGM,not_argument,none,model
women-unaffected-by-female-genital-cutting,s0084,FGM,not_argument,none,model
women-unaffected-by-female-genital-cutting,s0085,FGM,pro,mixed,model
women-unaffected-by-female-genital-cutting,s0086,FGM,pro,none,model
women-unaffected-by-female-genital-cutting,s0087,FGM,pro,none,model
women-unaffected-by-female-genital-cutting,s0088,FGM,pro,none,model
women-unaffected-by-female-genital-cutting,s0089,FGM,pro,none,model
women-unaffected-by-female-genital-cutting,s0090,FGM,not_argument,none,model
women-unaffected-by-female-genital-cutting,s0091,FGM,pro,none,model
women-unaffected-by-female-genital-cutting,s0092,FGM,pro,anti,model
women-unaffected-by-female-genital-cutting,s0093,FGM,pro,none,model
women-unaffected-by-female-genital-cutting,s0094,FGM,pro,anti,model
women-unaffected-by-female-genital-cutting,s0095,FGM,not_argument,none,model
women-unaffected-by-female-genital-cutting,s0096,FGM,pro,none,model
women-unaffected-by-female-genital-cutting,s0097,FGM,pro,anti,model
women-unaffected-by-female-genital-cutting,s0098,FGM,not_argument,none,model
women-unaffected-by-female-genital-cutting,s0099,FGM,pro,anti,model
women-unaffected-by-female-genital-cutting,s0100,FGM,pro,none,model
women-unaffected-by-female-genital-cutting,s0101,FGM,pro,anti,model
women-unaffected-by-female-genital-cutting,s0102,FGM,not_argument,none,model
women-unaffected-by-female-genital-cutting,s0103,FGM,pro,anti,model
women-unaffected-by-female-genital-cutting,s0104,FGM,pro,none,model
women-unaffected-by-female-genital-cutting,s0105,FGM,pro,pro,model
women-unaffected-by-female-genital-cutting,s0106,FGM,not_argument,none,model
women-unaffected-by-female-genital-cutting,s0107,FGM,pro,none,model
women-unaffected-by-female-genital-cutting,s0108,FGM,pro,pro,model
women-unaffected-by-female-genital-cutting,s0109,FGM,pro,anti,model
women-unaffected-by-female-genital-cutting,s0110,FGM,not_argument,none,model
women-unaffected-by-female-genital-cutting,s0111,FGM,pro,mixed,model
women-unaffected-by-female-genital-cutting,s0112,FGM,pro,anti,model
women-unaffected-by-female-genital-cutting,s0113,FGM,pro,mixed,model
women-unaffected-by-female-genital-cutting,s0114,FGM,not_argument,none,model
women-unaffected-by-female-genital-cutting,s0115,FGM,pro,none,model
women-unaffected-by-female-genital-cutting,s0116,FGM,pro,none,model
women-unaffected-by-female-genital-cutting,s0117,FGM,not_argument,none,model
women-unaffected-by-female-genital-cutting,s0118,FGM,pro,none,model
women-unaffected-by-female-genital-cutting,s0119,FGM,pro,none,model
women-unaffected-by-female-genital-cutting,s0120,FGM,pro,none,model
women-unaffected-by-female-genital-cutting,s0121,FGM,pro,none,model
women-unaffected-by-female-genital-cutting,s0122,FGM,pro,none,model
women-unaffected-by-female-genital-cutting,s0123,FGM,pro,none,model
women-unaffected-by-female-genital-cutting,s0124,FGM,pro,anti,model
women-unaffected-by-female-genital-cutting,s0125,FGM,pro,none,model
women-unaffected-by-female-genital-cutting,s0126,FGM,pro,mixed,model
women-unaffected-by-female-genital-cutting,s0127,FGM,pro,mixed,model
women-unaffected-by-female-genital-cutting,s0128,FGM,pro,anti,model
women-unaffected-by-female-genital-cutting,s0129,FGM,pro,none,model
women-unaffected-by-female-genital-cutting,s0130,FGM,pro,anti,model
women-unaffected-by-female-genital-cutting,s0131,FGM,pro,anti,model
women-unaffected-by-female-genital-cutting,s0132,FGM,pro,anti,model
women-unaffected-by-female-genital-cutting,s0133,FGM,not_argument,none,model
women-unaffected-by-female-genital-cutting,s0134,FGM,pro,mixed,model
women-unaffected-by-female-genital-cutting,s0135,FGM,pro,anti,model
women-unaffected-by-female-genital-cutting,s0136,FGM,pro,anti,model
women-unaffected-by-female-genital-cutting,s0137,FGM,not_argument,none,model
women-unaffected-by-female-genital-cutting,s0138,FGM,pro,anti,model
women-unaffected-by-female-genital-cutting,s0139,FGM,pro,anti,model
women-unaffected-by-female-genital-cutting,s0140,FGM,pro,anti,model
women-unaffected-by-female-genital-cutting,s0141,FGM,not_argument,none,model
women-unaffected-by-female-genital-cutting,s0142,FGM,not_argument,anti,model
women-unaffected-by-female-genital-cutting,s0143,FGM,pro,none,model
women-unaffected-by-female-genital-cutting,s0144,FGM,pro,none,model
women-unaffected-by-female-genital-cutting,s0145,FGM,pro,none,model
women-unaffected-by-female-genital-cutting,s0146,FGM,not_argument,none,model
women-unaffected-by-female-genital-cutting,s0147,FGM,pro,mixed,model
women-unaffected-by-female-genital-cutting,s0148,FGM,not_argument,anti,model
women-unaffected-by-female-genital-cutting,s0149,FGM,not_argument,anti,model
women-unaffected-by-female-genital-cutting,s0150,FGM,pro,anti,model
women-unaffected-by-female-genital-cutting,s0151,FGM,not_argument,none,model
women-unaffected-by-female-genital-cutting,s0152,FGM,pro,none,model
women-unaffected-by-female-genital-cutting,s0153,FGM,not_argument,none,model
women-unaffected-by-female-genital-cutting,s0154,FGM,not_argument,pro,model
women-unaffected-by-female-genital-cutting,s0155,FGM,not_argument,none,model
women-unaffected-by-female-genital-cutting,s0156,FGM,not_argument,none,model
women-unaffected-by-female-genital-cutting,s0157,FGM,pro,anti,model
women-unaffected-by-female-genital-cutting,s0158,FGM,pro,anti,model
women-unaffected-by-female-genital-cutting,s0159,FGM,not_argument,mixed,model
women-unaffected-by-female-genital-cutting,s0160,FGM,not_argument,none,model
women-unaffected-by-female-genital-cutting,s0161,FGM,not_argument,anti,model
women-unaffected-by-female-genital-cutting,s0162,FGM,not_argument,none,model
women-unaffected-by-female-genital-cutting,s0163,FGM,not_argument,none,model
women-unaffected-by-female-genital-cutting,s0164,FGM,not_argument,mixed,model
women-unaffected-by-female-genital-cutting,s0165,FGM,not_argument,none,model
women-unaffected-by-female-genital-cutting,s0166,FGM,not_argument,none,model
women-unaffected-by-female-genital-cutting,s0167,FGM,not_argument,none,model
women-unaffected-by-female-genital-cutting,s0168,FGM,not_argument,pro,model
women-unaffected-by-female-genital-cutting,s0169,FGM,not_argument,anti,model
women-unaffected-by-female-genital-cutting,s0170,FGM,not_argument,mixed,model
women-unaffected-by-female-genital-cutting,s0171,FGM,not_argument,none,model
women-unaffected-by-female-genital-cutting,s0172,FGM,not_argument,none,model
women-unaffected-by-female-genital-cutting,s0173,FGM,pro,anti,model
women-unaffected-by-female-genital-cutting,s0174,FGM,pro,none,model
women-unaffected-by-female-genital-cutting,s0175,FGM,not_argument,none,model
women-unaffected-by-female-genital-cutting,s0176,FGM,not_argument,mixed,model
women-unaffected-by-female-genital-cutting,s0177,FGM,pro,mixed,model
women-unaffected-by-female-genital-cutting,s0178,FGM,not_argument,pro,model
women-unaffected-by-female-genital-cutting,s0179,FGM,not_argument,none,model
women-unaffected-by-female-genital-cutting,s0180,FGM,not_argument,pro,model
women-unaffected-by-female-genital-cutting,s0181,FGM,pro,pro,model
women-unaffected-by-female-genital-cutting,s0182,FGM,not_argument,anti,model
women-unaffected-by-female-genital-cutting,s0183,FGM,pro,mixed,model
women-unaffected-by-female-genital-cutting,s0184,FGM,not_argument,none,model
women-unaffected-by-female-genital-cutting,s0185,FGM,anti,mixed,model
women-unaffected-by-female-genital-cutting,s0186,FGM,anti,mixed,model
women-unaffected-by-female-genital-cutting,s0187,FGM,anti,mixed,model
women-unaffected-by-female-genital-cutting,s0188,FGM,pro,mixed,model
women-unaffected-by-female-genital-cutting,s0189,FGM,not_argument,none,model
