article,sentence_id,text,side,topic_group,label_method,rule_side,r1_hit,r2_hit,r3_hit,points_left,r1_entry_ids,r2_entry_ids,r3_entry_ids,entry_ids
ashley-montagu-resolution,s0001,"The Ashley Montagu Resolution is a 1996 declaration adopted by acclamation at the Fourth International Symposium on Sexual Mutilations, held at the University of Lausanne in Switzerland, petitioning the International Court of Justice to rule that non-therapeutic genital cutting of children—encompassing both female genital mutilation and male circumcision—violates core provisions of the United Nations Universal Declaration of Human Rights and the Convention on the Rights of the Child, including bans on torture, cruel treatment, and harmful traditional practices. [1]",anti,male,model,anti,0,0,0,3,,,,
ashley-montagu-resolution,s0003,"Drafted by developmental neuropsychologist James W. Prescott and named in honor of British-American anthropologist Montague Francis Ashley Montagu (1905–1999), the resolution pays tribute to Montagu's lifelong advocacy for child well-being, the primacy of affectionate touch in neurodevelopment, and opposition to dehumanizing customs, framing genital cutting as antithetical to these principles. [1]",anti,male,model,none,0,0,0,3,,,,
ashley-montagu-resolution,s0005,"Its preamble invokes prior anti-mutilation statements from symposia, humanist groups, and World Health Organization resolutions targeting harmful traditions, asserting that all forms of child genital modification inflict irreversible physical and psychological harm without consent or medical necessity, thereby breaching children's rights to bodily integrity, health, and protection from abuse.",anti,male,model,anti,0,0,0,3,,,,
ashley-montagu-resolution,s0007,"The resolution demands that governments legislate outright bans, petition the ICJ for an advisory opinion, and launch public education campaigns to counter cultural myths and highlight documented risks such as infection, sexual dysfunction, and trauma, while endorsing broader UN treaty enforcement. [2]",anti,male,model,anti,0,0,0,3,,,,
ashley-montagu-resolution,s0009,"Though it secured endorsements from figures like Francis Crick and Jonas Salk and aimed to mobilize heads of state and organizations like Amnesty International, the petition yielded no formal ICJ ruling, and its undifferentiated condemnation of male neonatal circumcision as mutilation has drawn criticism for overlooking empirical evidence of benefits, including a 50–60% reduction in heterosexual HIV acquisition and lower urinary tract infection rates, as affirmed by health authorities in high-prevalence contexts. [2] [3]",pro,male,model,mixed,0,0,0,3,,,,
ashley-montagu-resolution,s0027,"In Britain and the United States, physicians like Thomas Allinson in the 1880s labeled routine male circumcision a ""barbarous"" intervention lacking empirical justification, arguing it caused more harm than the masturbation it purported to prevent. [12]",anti,male,model,anti,0,0,0,3,,,,
ashley-montagu-resolution,s0028,"By the early 1900s, opposition intensified with reports documenting complications like penile injury and adhesions, though rates continued to rise amid hospital routines and unverified prophylactic claims. [13]",anti,male,model,anti,0,0,0,3,,,,
ashley-montagu-resolution,s0029,"Anthropologist Ashley Montagu advanced this critique in 1937, framing circumcision as an archaic adaptation exacerbating sexual conflict rather than conferring benefits, drawing on cross-cultural data to challenge its normalcy.",anti,male,model,pro,0,0,0,3,,,,
ashley-montagu-resolution,s0031,"The mid-20th century saw fragmented growth into structured movements, fueled by accumulating evidence of non-therapeutic harms.",anti,male,model,anti,0,0,0,3,,,,
ashley-montagu-resolution,s0032,"In the 1970s, neuropsychologist James Prescott published analyses linking early genital cutting to sensory deprivation and behavioral disorders, citing animal studies and human surveys showing correlations with violence and emotional dysregulation. [12]",anti,male,model,none,0,0,0,3,,,,
ashley-montagu-resolution,s0033,"This spurred the formation of advocacy groups, such as the National Organization of Circumcision Information Resources (NOCIRC) in 1985, which disseminated medical literature emphasizing risks including meatal stenosis and diminished sensitivity. [13]",anti,male,model,anti,0,0,0,3,,,,
ashley-montagu-resolution,s0039,"This groundwork enabled unified platforms, highlighting parallels in procedure-induced trauma across genders.",anti,male,model,none,0,0,0,3,,,,
ashley-montagu-resolution,s0041,"These early gatherings, held biennially starting in 1989, assembled physicians, ethicists, anthropologists, and activists critical of such procedures, emphasizing their potential for harm, including surgical complications, loss of erogenous tissue, and psychological trauma, while challenging cultural and religious justifications. [18]",anti,male,model,anti,0,0,0,3,,,,
ashley-montagu-resolution,s0042,"The symposia positioned genital cutting as a form of bodily violation akin to mutilation, drawing parallels between male and female practices despite differing prevalence and severity in empirical data on outcomes like infection rates or sexual function.",pro,male,model,anti,0,0,0,3,,,,
ashley-montagu-resolution,s0045,"A key outcome was the adoption of the ""Declaration of the First International Symposium on Circumcision"" by the general assembly, which condemned non-therapeutic circumcision as a violation of the United Nations Universal Declaration of Human Rights, particularly Article V prohibiting cruel treatment, and invoked the Hippocratic principle of ""first, do no harm"" to advocate for its cessation. [21]",anti,male,model,mixed,0,0,0,3,,,,
ashley-montagu-resolution,s0046,"Proceedings highlighted medical risks such as hemorrhage and infection, with speakers arguing that routine infant circumcision lacked sufficient evidence of net benefit, though mainstream pediatric bodies at the time, like the American Academy of Pediatrics, viewed it as culturally accepted with minimal risks outweighing rare complications.",pro,male,model,mixed,0,0,0,3,,,,
ashley-montagu-resolution,s0050,"The event featured syllabus abstracts on activism and policy, reinforcing calls for legal protections against non-consensual genital surgeries, and underscored activism's role in shifting public discourse toward viewing circumcision as a human rights issue rather than routine care.",anti,male,model,anti,0,0,0,3,,,,
ashley-montagu-resolution,s0052,"The Third International Symposium on Circumcision took place May 22–25, 1994, at the University of Maryland in College Park, Maryland, building on prior events by incorporating reports on epidemiological data and survivor testimonies regarding complications like meatal stenosis, scarring, and psychosexual impacts. [18]",anti,male,model,anti,0,0,0,3,,,,
ashley-montagu-resolution,s0053,"Sessions emphasized an ""epidemic"" of unnecessary procedures, with estimates citing millions of annual cases globally, and critiqued medical literature for underreporting harms while overemphasizing unproven preventive benefits, such as against urinary tract infections, where absolute risk reductions were small (e.g., from 1% to 0.1% in neonates per some studies). [25]",anti,male,model,mixed,0,0,0,3,,,,
ashley-montagu-resolution,s0059,"Topics ranged from the geography of genital mutilations by James DeMeo to activism against FGM by Berhane Ras-Work, emphasizing empirical evidence of complications like infection, loss of sensation, and long-term trauma.",anti,male,model,anti,0,0,0,3,,,,
ashley-montagu-resolution,s0061,"The symposium's proceedings, edited by George C. Denniston and Marilyn Fayre Milos, were published in 1997 as Sexual Mutilations: A Human Tragedy by Plenum Press, compiling 28 papers and discussions that highlighted cross-cultural patterns and called for cessation of these practices on minors lacking consent. [27]",anti,male,model,anti,0,0,0,3,,,,
ashley-montagu-resolution,s0063,"Presented by James W. Prescott, the resolution framed genital mutilations as violations of children's bodily integrity and international human rights norms, petitioning the International Court of Justice at The Hague to declare such acts illegal worldwide. [29]",anti,male,model,anti,0,0,0,3,,,,
ashley-montagu-resolution,s0064,"This adoption marked a formal consolidation of anti-mutilation advocacy, building on prior symposia since 1989 and urging medical bodies, governments, and the United Nations to prohibit non-therapeutic procedures.",anti,male,model,anti,0,0,0,3,,,,
ashley-montagu-resolution,s0066,"Participants underscored the symmetry between male and female genital cuttings in terms of ethical concerns, rejecting cultural relativism where evidence showed no medical necessity for routine infant procedures. [27]",anti,male,model,mixed,0,0,0,3,,,,
ashley-montagu-resolution,s0067,"The event's focus on first-hand testimonies and data from affected communities, including panels on legal challenges and survivor accounts, reinforced arguments for universal protections, though critics later noted the symposium's affiliation with advocacy groups potentially influenced its consensus-driven resolutions. [27]",pro,male,model,anti,0,0,0,3,,,,
ashley-montagu-resolution,s0073,"Prescott collaborated with organizations such as the Institute of Humanistic Science, the Humanist Fellowship of San Diego, and the National Organization of Circumcision Information Resource Centers (NOCIRC) to refine and promote the resolution, framing it as a humanistic imperative against child genital modification practices worldwide. [2]",anti,male,model,none,0,0,0,3,,,,
ashley-montagu-resolution,s0077,"The Ashley Montagu Resolution, adopted by acclamation at the Fourth International Symposium on Sexual Mutilations in Lausanne, Switzerland, on August 11, 1996, constitutes a petition to the World Court at The Hague declaring genital mutilations of children—encompassing both female and male forms—as violations of international human rights instruments. [2]",anti,male,model,anti,0,0,0,3,,,,
ashley-montagu-resolution,s0085,"RESOLVED that the genital mutilations of children violate the human rights of children, as contained in Articles 2, 3, and 5 of the United Nations Universal Declaration of Human Rights, and Articles 19, 24, and 37 of the U.N. Convention on the Rights of the Child.",anti,male,model,anti,0,0,0,3,,,,
ashley-montagu-resolution,s0086,"REQUESTS all national governments to petition the World Court, The Hague, to declare that the genital mutilations of children violate the above-cited articles.",anti,male,model,none,0,0,0,3,,,,
ashley-montagu-resolution,s0087,"REQUESTS that all national governments pass legislation prohibiting the practice of torture, cruelty, inhuman, and degrading treatment inherent in the genital mutilations of children conducted as socio-cultural or religious customs, constituting de facto violations of these instruments.",anti,male,model,anti,0,0,0,3,,,,
ashley-montagu-resolution,s0088,"REQUESTS that all national governments and agencies educate health professionals, parents, and the public on the medical, psychological, sexual, and mental health hazards of such mutilations, while dispelling supporting myths and superstitions.",anti,male,model,anti,0,0,0,3,,,,
ashley-montagu-resolution,s0089,"The document equates non-therapeutic genital cutting across genders as mutilation, framing it as a universal human rights issue rather than culturally relativistic practices. [2]",anti,male,model,mixed,0,0,0,3,,,,
ashley-montagu-resolution,s0097,This early backing preceded formal adoption and emphasized ethical concerns over cultural relativism in child genital procedures.,anti,male,model,mixed,0,0,0,3,,,,
ashley-montagu-resolution,s0098,The signatories' prominence—spanning public health pioneers and Nobel laureates—underscored the resolution's appeal to empirical and human rights-based arguments against practices lacking medical necessity.,anti,male,model,anti,0,0,0,3,,,,
ashley-montagu-resolution,s0100,"Following its unanimous adoption by acclamation at the Fourth International Symposium on Sexual Mutilations on August 11, 1996, the Ashley Montagu Resolution was positioned as a formal petition to the International Court of Justice (World Court) in The Hague, calling for a declaratory judgment that non-therapeutic genital mutilations of children violate core provisions of the United Nations Universal Declaration of Human Rights and the Convention on the Rights of the Child. [2]",anti,male,model,anti,0,0,0,3,,,,
ashley-montagu-resolution,s0102,"This distribution strategy aimed to leverage governmental and international advocacy channels to amplify the resolution's reach beyond the symposium's attendees, framing genital cutting practices—encompassing both female genital mutilation and male circumcision—as human rights abuses warranting global legal prohibition.",anti,male,model,anti,0,0,0,3,,,,
ashley-montagu-resolution,s0113,"It describes these as ""the genital mutilations of children"" that inherently involve ""torture, cruelty, inhuman and degrading treatment,"" particularly when performed as socio-cultural or religious customs on non-consenting minors. [2] [1]",anti,male,model,anti,0,0,0,3,,,,
ashley-montagu-resolution,s0114,"The resolution links such acts to breaches of Articles 2, 3, and 5 of the United Nations Universal Declaration of Human Rights (prohibiting discrimination, affirming dignity, and protecting against torture) and Articles 19, 24, and 37 of the UN Convention on the Rights of the Child (addressing protection from violence, health rights, and freedom from cruel punishment).",anti,male,model,anti,0,0,0,3,,,,
ashley-montagu-resolution,s0116,"In practice, the term encompasses procedures altering children's external genitalia, emphasizing the pain, degradation, and loss of bodily integrity they cause, without therapeutic necessity or consent.",anti,male,model,anti,0,0,0,3,,,,
ashley-montagu-resolution,s0118,"The broader scope, informed by the symposium's focus on ""sexual mutilations"" across cultures, implicitly includes male ritual circumcision, as evidenced by the event's proceedings and the resolution's call for global cessation of all non-consensual childhood genital alterations, regardless of sex or degree of severity.",anti,male,model,anti,0,0,0,3,,,,
ashley-montagu-resolution,s0119,This equivalence reflects the resolution's proponents' view that distinctions between male and female procedures are often culturally biased rather than grounded in differential harm.,anti,male,model,anti,0,0,0,3,,,,
ashley-montagu-resolution,s0122,"It requests governments to enact laws prohibiting these practices outright, positioning genital mutilation as a universal human rights issue transcending regional customs. [2]",anti,male,model,anti,0,0,0,3,,,,
ashley-montagu-resolution,s0125,"The Ashley Montagu Resolution asserts that non-therapeutic genital mutilations of children, encompassing both female genital cutting and male circumcision, constitute violations of fundamental human rights by inflicting permanent physical harm without consent, thereby infringing on the child's right to bodily integrity and security of person. [2]",anti,male,model,anti,0,0,0,3,,,,
ashley-montagu-resolution,s0126,"It specifically invokes Article 3 of the Universal Declaration of Human Rights (UDHR), which guarantees everyone's right to life, liberty, and security of person, arguing that such procedures expose infants to unnecessary surgical risks and lifelong complications, undermining these protections. [2]",anti,male,model,anti,0,0,0,3,,,,
ashley-montagu-resolution,s0127,"Similarly, Article 5 of the UDHR is cited, prohibiting torture or cruel, inhuman, or degrading treatment or punishment, with the resolution framing genital cutting as inherently painful and degrading, often performed without anesthesia on non-consenting minors.",anti,male,model,anti,0,0,0,3,,,,
ashley-montagu-resolution,s0129,"Drawing from the United Nations Convention on the Rights of the Child (UNCRC), ratified by 196 countries as of 2023, the resolution highlights Article 19, which mandates state protection of children from all forms of physical or mental violence, injury, or abuse, including while under parental care; it contends that parental or cultural practices of genital mutilation qualify as such maltreatment, necessitating legislative and educational interventions to prevent them. [2]",anti,male,model,anti,0,0,0,3,,,,
ashley-montagu-resolution,s0130,"Article 24(3) of the UNCRC is referenced to condemn traditional practices prejudicial to children's health, positioning genital mutilations as harmful customs that states must abolish through effective measures, aligning with World Health Organization recommendations from 1994 urging legal instruments against such acts. [2]",anti,male,model,anti,0,0,0,3,,,,
ashley-montagu-resolution,s0131,"Article 37(a) reinforces this by explicitly barring children from torture or cruel, inhuman, or degrading treatment, with the resolution petitioning the World Court to declare these practices in breach of international law.",anti,male,model,anti,0,0,0,3,,,,
ashley-montagu-resolution,s0133,"Ethically, the resolution grounds its claims in principles of human dignity and the intrinsic value of sensory pleasure over inflicted pain, honoring anthropologist Ashley Montagu's lifelong advocacy for child well-being and against practices that degrade bodily autonomy. [2]",anti,male,model,anti,0,0,0,3,,,,
ashley-montagu-resolution,s0134,"It emphasizes that such mutilations, rooted in socio-cultural or religious customs rather than medical necessity, erode the child's inalienable rights without distinction of sex, religion, or origin, as per UDHR Article 2, and calls for global education to counter myths perpetuating these acts, prioritizing empirical harms like psychological trauma and sexual dysfunction over unsubstantiated benefits. [2]",anti,male,model,mixed,0,0,0,3,,,,
ashley-montagu-resolution,s0135,"This framework positions genital mutilation as a universal ethical failing, demanding national legislation to criminalize it as de facto torture under international treaties.",anti,male,model,anti,0,0,0,3,,,,
ashley-montagu-resolution,s0137,The Ashley Montagu Resolution explicitly requests all national governments to petition the International Court of Justice (World Court) in The Hague to issue a declaratory judgment affirming that non-therapeutic genital mutilations of children violate key provisions of the United Nations Universal Declaration of Human Rights and the United Nations Convention on the Rights of the Child. [2],anti,male,model,anti,0,0,0,3,,,,
ashley-montagu-resolution,s0138,"Specifically, it cites, inter alia, Article 2 of the UDHR (prohibiting discrimination) and Article 37 of the UNCRC (protecting children from torture or other cruel, inhuman, or degrading treatment or punishment), arguing these practices contravene fundamental protections against bodily harm without consent. [1]",anti,male,model,anti,0,0,0,3,,,,
ashley-montagu-resolution,s0139,"This call seeks a binding international legal precedent to classify such mutilations—encompassing both female genital mutilation and male circumcision—as human rights abuses, thereby compelling global cessation.",anti,male,model,anti,0,0,0,3,,,,
ashley-montagu-resolution,s0143,"These appeals aimed to harness the moral and diplomatic authority of supranational entities to pressure governments into legislative reforms, emphasizing empirical evidence of long-term physical and psychological harms documented in symposium proceedings, such as increased risks of infection, sexual dysfunction, and trauma.",anti,male,model,anti,0,0,0,3,,,,
ashley-montagu-resolution,s0145,"The resolution's framing positions genital mutilation as a universal ethical breach transcending cultural or religious justifications, invoking first-principles arguments against non-consensual bodily alteration while critiquing selective enforcement in human rights discourse. [2]",anti,male,model,anti,0,0,0,3,,,,
ashley-montagu-resolution,s0147,"Amnesty International, while active on female genital mutilation since the 1990s, has not equated it with male circumcision in policy statements, highlighting divergent institutional priorities despite the resolution's broader scope.",pro,male,model,none,0,0,0,3,,,,
ashley-montagu-resolution,s0153,"Medical bodies, such as the American Academy of Pediatrics, maintained supportive stances on neonatal circumcision based on contemporaneous evidence of benefits like reduced urinary tract infections, without referencing the resolution in their early post-1996 statements. [33]",pro,male,model,pro,0,0,0,3,,,,
ashley-montagu-resolution,s0155,"Subsequent reflections in advocacy literature highlighted the resolution's role in galvanizing intactivist networks rather than prompting paradigm shifts in academia, where empirical defenses of circumcision's hygiene and disease-prevention claims—drawing from observational data on HIV and STI reductions—continued unabated. [28]",pro,male,model,mixed,0,0,0,3,,,,
ashley-montagu-resolution,s0156,"Critics within bioethics and public health eventually surfaced arguments against the resolution's blanket condemnation, noting disparities in procedural severity, consent implications, and long-term outcomes between male circumcision (often partial foreskin removal with low complication rates under medical settings) and female genital mutilation (frequently involving infibulation and higher risks of obstetric harm), though these critiques postdated 1996 by over a decade. [33]",pro,male,model,mixed,0,0,0,3,,,,
ashley-montagu-resolution,s0158,"The Ashley Montagu Resolution advocated for the World Court at The Hague to issue an advisory opinion declaring non-therapeutic genital mutilation of children a violation of the Universal Declaration of Human Rights and the UN Convention on the Rights of the Child, framing such practices as torture or cruel treatment under Articles 5, 19, 24, and 37 of those instruments. [2]",anti,male,model,anti,0,0,0,3,,,,
ashley-montagu-resolution,s0159,"It urged national governments to enact prohibitive legislation, integrate anti-mutilation education into public health curricula, and petition international bodies for enforcement, building on prior WHO resolutions against harmful traditional practices from 1994. [1]",anti,male,model,anti,0,0,0,3,,,,
ashley-montagu-resolution,s0162,"In advocacy circles, the resolution galvanized intactivist organizations such as the National Organization of Circumcision Information Resource Centers (NOCIRC), which promoted it as a humanist appeal endorsed by figures like Francis Crick and Jonas Salk, emphasizing psychological and sexual harms over purported benefits. [2]",anti,male,model,mixed,0,0,0,3,,,,
ashley-montagu-resolution,s0163,"It influenced framing within human rights petitions, contributing to submissions at symposia and publications critiquing routine neonatal circumcision, though mainstream medical bodies like the American Academy of Pediatrics continued to cite potential health advantages without adopting the resolution's outright prohibition stance. [34]",pro,male,model,anti,0,0,0,3,,,,
ashley-montagu-resolution,s0166,"The resolution's policy influence was constrained by its origins in niche symposia and reliance on ethical rather than empirical consensus, with critics noting insufficient engagement from sovereign states practicing ritual circumcision. [35]",pro,male,model,anti,0,0,0,3,,,,
ashley-montagu-resolution,s0176,"Key limitations stemmed from evidentiary and framing challenges: the resolution's categorical condemnation overlooked systematic reviews documenting net health benefits for neonatal male circumcision, including 50-60% reductions in heterosexual HIV acquisition and lower urinary tract infection risks in infancy.",pro,male,model,mixed,1,0,1,1,secundum-quid,,over-extrapolation,over-extrapolation|secundum-quid
ashley-montagu-resolution,s0177,This absolutist equation of all genital modifications ignored procedural severities—female genital mutilation (FGM) Types II-III often entail greater tissue loss and complications like vesicovaginal fistulae—undermining broader acceptance amid cultural entrenchment and medical endorsements.,pro,male,model,anti,0,0,0,3,,,,
ashley-montagu-resolution,s0179,"The Ashley Montagu Resolution, adopted in 1996, explicitly grouped non-therapeutic male circumcision and female genital mutilation (FGM) under the umbrella of ""genital mutilation of children,"" advocating their equal prohibition as violations of children's rights to bodily integrity. [1]",anti,male,model,anti,0,0,0,3,,,,
ashley-montagu-resolution,s0180,"Proponents, including symposium participants like James W. Prescott, argued that both practices involve the non-consensual removal of healthy genital tissue for cultural or religious reasons, eroding sensory function and autonomy without therapeutic justification in infancy. [2]",anti,male,model,anti,0,0,0,3,,,,
ashley-montagu-resolution,s0181,"This stance drew from first-principles ethical claims prioritizing child consent and intact anatomy, positing that distinctions in procedure severity distract from the shared harm of irreversible alteration.",anti,male,model,anti,0,0,0,3,,,,
ashley-montagu-resolution,s0183,"Critics, however, contended that equating the two overlooks profound empirical differences in scope, intent, and consequences, potentially undermining targeted efforts against FGM's severe harms. [38]",pro,male,model,anti,0,0,0,3,,,,
ashley-montagu-resolution,s0185,"In contrast, neonatal male circumcision typically removes only the foreskin, preserving penile functionality, with complication rates under 1% in clinical settings and evidence from randomized trials in Africa showing 60% reduction in heterosexual HIV acquisition when performed in adulthood. [38]",pro,male,model,anti,0,0,0,3,,,,
ashley-montagu-resolution,s0186,"Such disparities, critics argued, render the analogy ethically flawed, as FGM lacks any documented health benefits and is universally condemned by bodies like WHO, while male circumcision receives qualified endorsements from the American Academy of Pediatrics (AAP) and Centers for Disease Control and Prevention (CDC) for potential benefits outweighing risks in certain contexts.",pro,male,model,mixed,0,0,0,3,,,,
ashley-montagu-resolution,s0188,"Legal frameworks reinforced this divide, with over 30 countries criminalizing FGM under international treaties like the 1997 Maputo Protocol, imposing penalties up to life imprisonment, whereas male circumcision remains legally protected in jurisdictions honoring parental religious rights, such as the U.S. and Israel, absent evidence of equivalent harm. [39]",pro,male,model,mixed,0,0,0,3,,,,
ashley-montagu-resolution,s0189,"Scholars like Brian D. Earp have challenged equivalence by noting FGM's disproportionate nerve loss (up to 10,000 clitoral nerves vs. foreskin's estimated 20,000, though functionality differs), arguing that moral weighting should reflect causal outcomes rather than superficial procedural similarities. [37]",pro,male,model,none,0,0,0,3,,,,
ashley-montagu-resolution,s0192,"The debate highlighted nomenclature biases, with ""mutilation"" applied pejoratively to FGM but neutrally to male circumcision (""cutting"" vs. ""surgery""), reflecting institutional hesitancy to alienate religious majorities despite shared non-therapeutic roots. [40]",anti,male,model,anti,0,0,0,3,,,,
ashley-montagu-resolution,s0193,"Empirical reviews, such as those in the Oxford Journal of Legal Studies, emphasized that equating the practices risks diluting FGM eradication campaigns, which have reduced prevalence rates in certain practicing countries (e.g., from over 50% to under 30% in some per UNICEF data as of 2020), without parallel scrutiny yielding bans on male circumcision. [39]",pro,male,model,pro,0,0,0,3,,,,
ashley-montagu-resolution,s0194,"Ultimately, while the resolution amplified calls for universal genital autonomy, opponents maintained that causal realism demands proportionate condemnation based on verifiable harms, not ideological parity.",pro,male,model,anti,0,0,0,3,,,,
ashley-montagu-resolution,s0196,"Scientific studies have identified several health benefits associated with male circumcision, particularly in reducing the risk of certain infections.",pro,male,model,pro,0,0,0,3,,,,
ashley-montagu-resolution,s0197,Randomized controlled trials in Africa demonstrated that voluntary medical male circumcision reduces the risk of heterosexual HIV acquisition in men by approximately 60%. [3],pro,male,model,pro,0,0,0,3,,,,
ashley-montagu-resolution,s0198,"Systematic reviews confirm additional protections against urinary tract infections in infancy, human papillomavirus, herpes simplex virus type 2, and penile cancer, with relative risk reductions ranging from 30% to 60% for these conditions. [41]",pro,male,model,none,0,0,0,3,,,,
ashley-montagu-resolution,s0199,"These benefits are endorsed by major health organizations, including the World Health Organization and Centers for Disease Control and Prevention, which recommend male circumcision as a public health intervention in high-HIV-prevalence settings.",pro,male,model,pro,0,0,0,3,,,,
ashley-montagu-resolution,s0201,"Complications from male circumcision are infrequent, especially when performed neonatally by trained providers.",pro,male,model,anti,0,0,0,3,,,,
ashley-montagu-resolution,s0202,"Adverse event rates in U.S. medical settings are below 0.5%, primarily involving minor bleeding or infection, with severe outcomes like significant hemorrhage or penile injury occurring in fewer than 1 in 100,000 procedures. [42]",pro,male,model,anti,0,0,0,3,,,,
ashley-montagu-resolution,s0203,"Long-term risks, such as meatal stenosis or reduced sexual sensitivity, lack robust evidence of causation; meta-analyses of sexual function studies show no significant differences between circumcised and uncircumcised men. [43]",pro,male,model,anti,0,0,0,3,,,,
ashley-montagu-resolution,s0204,"Overall, evidence-based assessments conclude that benefits outweigh risks for infant male circumcision.",pro,male,model,pro,0,1,0,2,,suppressed-evidence,,suppressed-evidence
ashley-montagu-resolution,s0207,"The World Health Organization classifies all forms of FGM as having severe consequences without offsetting advantages, with complication rates far exceeding those of male circumcision. [46]",pro,male,model,mixed,0,0,0,3,,,,
ashley-montagu-resolution,s0208,"Equating the two practices overlooks these disparities in empirical outcomes, as male circumcision's preventive effects and low morbidity profile distinguish it from FGM's uniformly deleterious impacts. [47]",pro,male,model,none,0,0,0,3,,,,
ashley-montagu-resolution,s0209,"Peer-reviewed syntheses emphasize that while ethical debates persist, health data do not support parity in harm.",pro,male,model,mixed,0,0,0,3,,,,
ashley-montagu-resolution,s0211,Critics of the Ashley Montagu Resolution contend that equating male circumcision with female genital mutilation overlooks entrenched cultural practices where male circumcision functions as a non-harmful rite of passage promoting social cohesion and identity.,pro,male,model,anti,0,0,0,3,,,,
ashley-montagu-resolution,s0212,"In many African and Middle Eastern societies, it marks transition to manhood, often performed in adolescence with communal support, contrasting with the secretive, non-consensual nature of FGM, and epidemiological data show male circumcision correlates with lower HIV transmission rates in high-prevalence areas without equivalent benefits for FGM. [39]",pro,male,model,mixed,0,0,0,3,,,,
ashley-montagu-resolution,s0213,"These practices, documented since ancient Egypt around 2400 BCE, emphasize hygiene and status rather than control or mutilation, with anthropological studies noting minimal long-term psychological trauma compared to FGM's severe complications like infertility and chronic pain.",pro,male,model,mixed,0,0,0,3,,,,
ashley-montagu-resolution,s0215,"Religious defenses highlight male circumcision's scriptural mandate in Judaism and Islam, viewing it as a divine covenant rather than arbitrary harm.",pro,male,model,anti,0,0,0,3,,,,
ashley-montagu-resolution,s0216,"In Judaism, brit milah, performed on the eighth day post-birth as per Genesis 17:10-14, symbolizes eternal alliance with God and has sustained Jewish continuity amid persecution, with rabbinic authorities rejecting equivalence to FGM as it preserves sexual function and pleasure.",pro,male,model,none,0,0,0,3,,,,
ashley-montagu-resolution,s0217,"Islamic tradition regards khitan as sunnah, recommended for cleanliness and following Prophet Muhammad's practice, with major schools of jurisprudence permitting it for males while prohibiting any female equivalent beyond medical necessity, underscoring intent to enhance rather than impair. [49]",pro,male,model,pro,0,0,0,3,,,,
ashley-montagu-resolution,s0218,"Christian denominations, including some Coptic and Ethiopian Orthodox groups, incorporate it culturally, arguing theological consistency with Old Testament precedents and rejecting intactivist petitions as infringing on faith freedoms protected under international human rights frameworks like the UN Declaration on Religious Intolerance.",pro,male,model,anti,0,0,0,3,,,,
ashley-montagu-resolution,s0220,"Autonomy arguments prioritize parental authority and religious liberty over minor children's prospective consent, asserting that legal precedents affirm parents' rights to irreversible decisions aligning with family values, provided no imminent harm.",pro,male,model,mixed,0,0,0,3,,,,
ashley-montagu-resolution,s0222,"Proponents invoke John Stuart Mill's harm principle, noting male circumcision's net health benefits—reduced urinary tract infections, penile cancer, and STIs per meta-analyses—outweigh speculative autonomy violations, unlike FGM's universally condemned harms, and argue state bans erode multicultural tolerance without empirical evidence of widespread regret among circumcised adults.",pro,male,model,mixed,0,0,0,3,,,,
ashley-montagu-resolution,s0225,"Proposed by psychologist James W. Prescott and endorsed by groups including the National Organization of Circumcision Information Resource Centers (NOCIRC), the resolution framed male circumcision alongside female genital mutilation as unethical genital cutting practices warranting global prohibition. [2]",anti,male,model,anti,0,0,0,3,,,,
ashley-montagu-resolution,s0226,"By petitioning the World Court at The Hague to declare such acts incompatible with the Universal Declaration of Human Rights (particularly Articles 5 and 25 on protection from torture and the right to health) and the UN Convention on the Rights of the Child (Articles 19, 24, and 37 on safeguards against harm and cruel treatment), it elevated intactivist arguments from ethical advocacy to a call for enforceable international law. [2]",anti,male,model,anti,0,0,0,3,,,,
ashley-montagu-resolution,s0229,"It emphasized consent as a prerequisite for bodily integrity, arguing that non-consensual genital modification inflicts irreversible harm, including loss of erogenous tissue and potential psychological trauma, without medical necessity in most cases. [2]",anti,male,model,anti,0,0,0,3,,,,
ashley-montagu-resolution,s0232,"Named in honor of anthropologist Ashley Montagu, who publicly denounced circumcision as a ""barbaric"" cultural relic in works like his 1986 book Growing Young, the resolution invoked his legacy to underscore the evolutionary and humanistic costs of such practices, appealing to intellectuals skeptical of ritualistic body alteration. [53]",anti,male,model,anti,0,0,0,3,,,,
ashley-montagu-resolution,s0236,"The Ashley Montagu Resolution, adopted on August 11, 1996, by the Fourth International Symposium on Sexual Mutilations, sought an advisory opinion from the International Court of Justice declaring non-therapeutic genital cutting of children—encompassing both male circumcision and female genital mutilation (FGM)—as violations of international human rights law, emphasizing children's rights to bodily integrity and autonomy. [28]",anti,male,model,anti,0,0,0,3,,,,
ashley-montagu-resolution,s0238,"However, unlike the Montagu Resolution, such FGM-focused efforts, including UN Human Rights Council Resolution 50/19 (2022) calling for global elimination of FGM through cross-border measures, explicitly target only female procedures, excluding male circumcision despite shared elements of non-consensual infant surgery.",anti,male,model,anti,0,0,0,3,,,,
ashley-montagu-resolution,s0241,"Similarly, campaigns against corporal punishment, such as the 2023 joint statement by 40 countries at the Human Rights Council urging bans to protect children's physical integrity, align in invoking CRC Article 19 against violence but stop short of addressing genital cutting, reflecting selective application of bodily autonomy norms. [57]",anti,male,model,anti,0,0,0,3,,,,
ashley-montagu-resolution,s0242,"The Montagu Resolution's inclusion of male procedures sets it apart, as evidenced by debates in peer-reviewed analyses questioning moral equivalence due to differing health data—FGM linked to severe complications like hemorrhage (up to 15% in some types) versus male circumcision's lower risks but contested benefits like HIV reduction (60% efficacy in adult trials per WHO, 2007).",pro,male,model,mixed,0,0,0,3,,,,
ashley-montagu-resolution,s0244,"Critics of the Resolution argue it overextends analogies, given institutional distinctions: WHO classifies FGM as having no benefits while endorsing voluntary male circumcision in high-HIV settings since 2007, based on randomized trials involving 10,000+ participants showing sustained protection.",pro,male,model,mixed,0,0,0,3,,,,
brit-milah,s0008,"A notable controversy surrounds metzitzah b'peh, a traditional oral suction step to draw blood from the wound, which public health data links to infant herpes simplex virus transmission, including fatalities, prompting regulatory scrutiny in jurisdictions like New York City while some rabbinic authorities defend its sanctity against perceived encroachments on religious freedom. [9]",anti,male,model,mixed,0,0,0,3,,,,
brit-milah,s0019,"The eighth-day timing, explicitly commanded (Genesis 17:12; Leviticus 12:3), has been noted in modern times to align with infant physiology: levels of vitamin K and prothrombin (key blood clotting factors) naturally peak around day 8 after birth, reducing hemorrhage risk during the procedure compared to earlier or later days.",pro,male,model,mixed,0,0,0,3,,,,
brit-milah,s0020,"While ancient Israelites would not have known this scientifically, the alignment is cited as evidence of practical wisdom in the biblical prescription, making the rite safer in pre-modern conditions without contemporary interventions like vitamin K supplementation.",pro,male,model,none,0,0,0,3,,,,
brit-milah,s0044,"Maimonides (1138–1204), in his Mishneh Torah and Guide for the Perplexed, described the procedure as involving precise removal of the foreskin to expose the glans (periah), followed by metzitzah (suction to draw blood), emphasizing its role in moderating excessive sexual desire without impairing procreative function. [22] [18]",pro,male,model,none,0,0,0,3,,,,
brit-milah,s0076,"Rabbinic interpretations emphasize brit milah's role beyond mere covenantal sign: Maimonides (Rambam) in his Mishneh Torah (Hilchot Milah) and commentary views it as surgically diminishing excessive sexual impulse, thereby aiding adherence to Torah prohibitions against illicit relations and fostering self-control. [32]",pro,male,model,none,0,0,0,3,,,,
brit-milah,s0077,"The Talmud (Nedarim 32a) presents dual rationales—one associating circumcision with restraint from sin via physical reminder, the other with human perfection—while earlier sources like Philo interpret it as purification, removing impurities symbolized by the foreskin to achieve ritual and moral cleanliness. [33]",pro,male,model,pro,0,0,0,3,,,,
brit-milah,s0091,"Maimonides (Guide for the Perplexed 3:49) gives two reasons: primarily, circumcision moderates excessive lust without harming procreative function, directing sexuality toward holiness (marriage, continuity).",pro,male,model,none,0,0,0,3,,,,
brit-milah,s0129,"In traditional brit milah, anesthesia is not employed, as the procedure is performed swiftly by a trained mohel on the eighth day after birth, minimizing duration and relying on the infant's natural resilience, with a few drops of wine administered orally as a symbolic and mild analgesic. [55] [56]",pro,male,model,none,0,0,0,3,,,,
brit-milah,s0130,"This approach avoids potential complications from anesthetics, such as delayed healing or allergic reactions in neonates.",pro,male,model,anti,0,0,0,3,,,,
brit-milah,s0136,"Medically, neonatal circumcision elicits measurable pain responses, including elevated heart rates, crying durations, and oxygen desaturation, with studies showing unanesthetized infants exhibiting higher pain scores and respiratory rates compared to those receiving local blocks. [62]",anti,male,model,none,0,0,0,3,,,,
brit-milah,s0138,"While some evidence suggests unmitigated neonatal pain may heighten responses to later vaccinations, the procedure's brevity and rapid healing—typically within one week—limit long-term sequelae in healthy infants. [65] [66]",pro,male,model,none,1,1,1,0,non-sequitur,non-sequitur,non-sequitur,non-sequitur
brit-milah,s0167,"Performed by a trained mohel, the act involves a sterile lancet prick to draw the requisite drop without incising tissue, rendering it minimally invasive and typically painless for adults. [81]",pro,male,model,none,0,0,0,3,,,,
brit-milah,s0174,"Empirical medical data on complications remains sparse due to the procedure's superficial nature, with no documented cases of significant risk in peer-reviewed literature when executed by qualified practitioners.",pro,male,model,anti,0,0,0,3,,,,
brit-milah,s0204,"Reform Judaism regards brit milah as a symbolic covenantal rite rather than an absolute requirement, often emphasizing the welcoming ceremony, naming, and parental blessings over the surgical act itself, which may precede via hospital circumcision or be omitted entirely by families citing ethical concerns about infant autonomy and bodily integrity. [6]",anti,male,model,anti,0,0,0,3,,,,
brit-milah,s0207,"Male circumcision, including in the neonatal period as performed in brit milah, has been associated with a substantial reduction in urinary tract infections (UTIs) during infancy.",pro,male,model,none,0,0,0,3,,,,
brit-milah,s0208,"A systematic review of cohort and case-control studies found that uncircumcised male infants face a 10-fold higher risk of UTIs in the first year of life compared to circumcised infants, with circumcision conferring approximately 90% protection. [99] [100]",pro,male,model,none,0,0,0,3,,,,
brit-milah,s0209,"This benefit persists through at least the first two years, as evidenced by updated pediatric reviews analyzing longitudinal data.",pro,male,model,pro,0,0,0,3,,,,
brit-milah,s0211,Randomized controlled trials (RCTs) in sub-Saharan Africa have demonstrated that male circumcision reduces the risk of heterosexual HIV acquisition by 50-60% in men.,pro,male,model,pro,0,0,0,3,,,,
brit-milah,s0212,"Three major RCTs conducted between 2005 and 2007—one in South Africa showing 60% efficacy, one in Kenya with 53%, and one in Uganda with 51%—provided high-quality evidence prompting World Health Organization recommendations for voluntary medical male circumcision in high-prevalence settings. [101] [102]",pro,male,model,pro,0,0,0,3,,,,
brit-milah,s0213,"Observational data and meta-analyses further indicate protective effects against human papillomavirus (HPV) and herpes simplex virus type 2 (HSV-2), with reductions of 30-35% for HPV and similar for HSV-2, though evidence for bacterial STIs like chlamydia and gonorrhea is weaker or absent. [103]",pro,male,model,pro,0,0,0,3,,,,
brit-milah,s0215,"Circumcision performed in childhood or adolescence substantially lowers the incidence of invasive penile cancer, a rare malignancy linked primarily to chronic inflammation and HPV persistence under the foreskin.",pro,male,model,none,0,0,0,3,,,,
brit-milah,s0216,"A systematic review and meta-analysis of 34 studies reported an odds ratio of 0.33 for penile cancer in circumcised versus uncircumcised men, with the strongest protection (odds ratio 0.12) when circumcision occurs before puberty. [104]",pro,male,model,none,0,0,0,3,,,,
brit-milah,s0218,"Additional benefits include decreased rates of phimosis (foreskin adhesions or tightening) and balanitis (foreskin inflammation), conditions that affect up to 10% of uncircumcised males and often require later intervention.",pro,male,model,pro,0,0,0,3,,,,
brit-milah,s0219,"Cohort studies show circumcision eliminates these risks almost entirely, with adult balanitis rates dropping by over 90% post-procedure. [106] [107]",pro,male,model,none,0,0,0,3,,,,
brit-milah,s0220,"The American Academy of Pediatrics, in its 2012 policy statement reaffirmed in subsequent reviews, concludes that these cumulative preventive health benefits—encompassing UTIs, STIs, and dermatologic issues—outweigh procedural risks for newborns, justifying access to the procedure under appropriate medical conditions. [108]",pro,male,model,pro,0,0,0,3,,,,
brit-milah,s0222,"Neonatal circumcision, including in the context of brit milah, carries risks of acute complications such as bleeding, infection, and penile injury, with overall rates reported between 0% and 3% in systematic reviews, though some studies document up to 16% in certain settings. [109] [110]",anti,male,model,anti,0,0,0,3,,,,
brit-milah,s0223,"Bleeding occurs in approximately 0.08% to 0.18% of cases, often managed with pressure or cautery but occasionally requiring transfusion in severe instances, particularly if performed by non-medical practitioners without access to advanced hemostatic tools. [111]",anti,male,model,none,0,0,0,3,,,,
brit-milah,s0224,"Infection rates range from 0.06% to 0.6%, potentially leading to localized abscesses or systemic sepsis if untreated, with higher incidence noted in ritual settings lacking sterile protocols. [111]",anti,male,model,none,0,0,0,3,,,,
brit-milah,s0226,"Surgical mishaps during the milah and priah stages include incomplete foreskin removal, excessive tissue excision, or glans injury, affecting 0.04% to 0.2% of procedures and sometimes necessitating revision surgery. [111]",anti,male,model,anti,0,0,0,3,,,,
brit-milah,s0227,"Priah, involving manual tearing of the inner mucosal layer, can contribute to adhesions or skin bridges in 1-2% of cases if healing is improper, as the aggressive separation of tissue layers increases raw surface area prone to scarring. [113]",anti,male,model,none,0,0,0,3,,,,
brit-milah,s0228,"Long-term complications encompass meatal stenosis (narrowing of the urethral opening) in less than 0.1% of neonates, urinary tract adhesions, or phimosis recurrence, with secondary procedure rates declining from 3.62% at five years in 2010 to 2.45% in 2020 due to improved techniques but persisting as a concern in ritual practices. [112]",anti,male,model,anti,0,0,0,3,,,,
brit-milah,s0230,"Metzitzah b'peh, direct oral suction of blood from the wound, introduces risks of herpes simplex virus type 1 (HSV-1) transmission from the mohel's mouth to the infant, with documented cases in New York City from 2000 to 2011 including 11 infections, two infant deaths, and additional severe illnesses such as encephalitis and organ failure. [115] [116]",anti,male,model,none,0,0,0,3,,,,
brit-milah,s0231,"HSV-1 prevalence exceeds 50% in U.S. adults, enabling asymptomatic carriers to transmit the virus via mucosal contact, as evidenced by genomic sequencing linking strains from mohels to affected neonates. [116]",anti,male,model,none,0,0,0,3,,,,
brit-milah,s0232,"Further incidents reported in 2012 and 2014 underscore ongoing hazards, with public health authorities recommending alternatives like sterile pipettes to mitigate this preventable vector. [117] [10]",anti,male,model,none,0,0,0,3,,,,
brit-milah,s0233,"Ritual circumcisions by non-physicians have resulted in referrals for severe complications, including hemorrhage and necrosis, over six-year periods in clinical observations.",anti,male,model,anti,0,0,0,3,,,,
brit-milah,s0235,"Metzitzah b'Peh (MBP) entails the mohel applying direct oral suction to the circumcision wound to draw blood, thereby exposing the infant to potential pathogens present in the mohel's oral cavity, including herpes simplex virus type 1 (HSV-1), which is prevalent in over 50% of adults and often asymptomatic. [116]",anti,male,model,none,0,0,0,3,,,,
brit-milah,s0236,"This practice has been epidemiologically linked to neonatal HSV-1 infections, which carry high morbidity and mortality risks in newborns due to their immature immune systems; disseminated HSV can result in up to 30% fatality rates, with survivors often facing severe neurological damage. [115]",anti,male,model,anti,0,0,0,3,,,,
brit-milah,s0238,"In New York City, from 2000 to 2011, health authorities documented 11 cases of laboratory-confirmed HSV infection in male newborns following ritual circumcisions involving MBP performed outside hospitals, with two infants dying and the remaining nine developing symptoms such as seizures, requiring antiviral treatment and extended hospitalization. [115]",anti,male,model,none,0,0,0,3,,,,
brit-milah,s0239,"These cases clustered temporally and geographically in communities practicing MBP, with viral typing confirming HSV-1 strains consistent with oral transmission rather than typical neonatal sources. [115]",anti,male,model,none,0,0,0,3,,,,
brit-milah,s0240,"A 2014 systematic review of published medical literature reinforced this association, identifying multiple instances of severe neonatal HSV-1 illness and death attributable to MBP, while noting the absence of comparable risks in circumcisions without direct oral contact.",anti,male,model,none,0,0,0,3,,,,
brit-milah,s0242,"Beyond HSV-1, MBP introduces risks of other bloodborne or oral pathogens, such as bacteria or viruses from the mohel's saliva, though HSV remains the most documented vector due to its prevalence and neonatal virulence. [9]",anti,male,model,none,0,0,0,3,,,,
brit-milah,s0243,"Recent surveillance in New York identified four additional neonatal herpes cases linked to MBP as of 2020, underscoring persistent transmission despite awareness campaigns and alternatives like sterile pipettes or gauze for suction. [119]",anti,male,model,none,0,0,0,3,,,,
brit-milah,s0244,"Public health bodies, including the Centers for Disease Control and Prevention (CDC) and New York City Department of Health, have issued guidance against MBP, citing the preventable nature of these infections given the availability of non-oral methods that fulfill ritual requirements without elevating infectious risks. [115] [9]",anti,male,model,none,0,0,0,3,,,,
brit-milah,s0245,"In March 2026, a two-week-old infant was hospitalized at Wolfson Medical Center in Holon, Israel, with a severe herpes simplex virus (HSV-1) infection following a brit milah that involved direct oral suction (metzitzah b'peh).",anti,male,model,none,0,0,0,3,,,,
brit-milah,s0246,"The case, reported in multiple sources including The Jerusalem Post, highlights the ongoing risk of neonatal herpes transmission from the mohel's mouth to the infant despite awareness and regulatory efforts.",anti,male,model,none,0,0,0,3,,,,
brit-milah,s0247,"This incident adds to prior documented clusters, reinforcing public health concerns about the practice in ultra-Orthodox communities where it persists.",anti,male,model,none,0,0,0,3,,,,
brit-milah,s0255,"Rabbinic sources emphasize its performance on the eighth day as a moral imperative that transcends temporal concerns, permissible even on Shabbat unless the infant's health is at risk, underscoring the ethical priority of fulfilling divine will over potential discomfort. [30]",pro,male,model,none,0,0,0,3,,,,
brit-milah,s0256,"Proponents argue this ritual instills communal identity and ethical formation from birth, with parental authority extending to irreversible acts that secure the child's religious inheritance, akin to other parental decisions in child-rearing.",pro,male,model,anti,0,0,0,3,,,,
brit-milah,s0258,"Secular ethicists, drawing from principles of bodily integrity and informed consent, contend that non-therapeutic infant circumcision violates the child's fundamental right to autonomy by permanently altering healthy genital tissue without the individual's future consent, framing it as an iatrogenic injury imposed for cultural or parental preferences. [124]",anti,male,model,anti,0,0,0,3,,,,
brit-milah,s0259,"They invoke the harm principle, asserting that even modest risks—such as infection (0.2-0.6% incidence), excessive skin removal, or reduced sensitivity—outweigh prophylactic benefits like lowered urinary tract infection rates (from 1% to 0.1-0.2% in infancy) or heterosexual HIV transmission reduction (by 50-60% in high-prevalence areas), which can be achieved through hygiene, condoms, or adult choice without ethical compromise. [125]",anti,male,model,mixed,0,0,0,3,,,,
brit-milah,s0260,"Critics highlight that empirical data from bodies like the American Academy of Pediatrics indicate benefits exceed risks but do not endorse routine neonatal procedures, prioritizing deferral to personal agency over proxy decisions.",anti,male,model,mixed,0,0,0,3,,,,
brit-milah,s0264,"This tension has surfaced in ethical analyses rejecting compulsory religious affiliation for minors, yet affirming parental discretion in low-risk cultural practices, with debates often revealing underlying cultural relativism versus universalist human rights claims. [129]",pro,male,model,mixed,0,0,0,3,,,,
brit-milah,s0266,"Anti-circumcision activism, often referred to as intactivism, opposes the practice of male circumcision, including the Jewish ritual of brit milah, on grounds of bodily autonomy, medical ethics, and human rights.",anti,male,model,anti,0,0,0,3,,,,
brit-milah,s0267,"Activists contend that performing surgery on a non-consenting infant violates the principle of informed consent and the child's right to an intact body, framing brit milah as a form of genital cutting akin to other non-therapeutic alterations. [130] [124]",anti,male,model,anti,0,0,0,3,,,,
brit-milah,s0268,"Organizations such as Intact America and the National Organization of Restoring Men argue that religious motivations do not justify irreversible procedures on minors, prioritizing secular ethical standards over tradition. [131]",anti,male,model,mixed,0,0,0,3,,,,
brit-milah,s0270,"Central claims include the assertion that brit milah inflicts unnecessary pain and carries risks such as infection, hemorrhage, and improper healing, with critics highlighting the frequent absence of effective anesthesia in traditional settings. [133] [134]",anti,male,model,anti,0,0,0,3,,,,
brit-milah,s0271,"Intactivists further allege long-term harms, including reduced penile sensitivity, sexual dysfunction, and psychological trauma, though empirical studies on these effects remain contested and often rely on self-reported data from adults. [124]",pro,male,model,anti,0,0,0,3,,,,
brit-milah,s0272,"They dismiss purported medical benefits—such as lowered risks of urinary tract infections or certain sexually transmitted diseases—as insufficient to warrant routine intervention, especially given alternatives like hygiene education. [130]",anti,male,model,mixed,0,0,0,3,,,,
brit-milah,s0273,"Specific objections target elements of brit milah like metzitzah b'peh, decrying it as a vector for disease transmission, including herpes simplex virus, based on documented infant cases in New York City between 2000 and 2011.",anti,male,model,none,0,0,0,3,,,,
brit-milah,s0275,"Within Jewish communities, a minority of activists, including groups promoting Brit Shalom—a non-surgical naming ceremony as an alternative ""covenant of peace""—challenge brit milah as an archaic custom incompatible with modern ethics, arguing it contravenes Jewish values of pikuach nefesh (saving life) when risks are weighed against unproven benefits. [136] [137]",anti,male,model,mixed,0,0,0,3,,,,
brit-milah,s0276,"These voices, amplified by figures like Ronald Goldman, author of Circumcision: The Hidden Trauma, claim the ritual perpetuates intergenerational trauma and urge reform akin to historical abandonments of practices like animal sacrifice. [138]",anti,male,model,none,0,0,0,3,,,,
brit-milah,s0279,"Ethically, opponents invoke principles of non-maleficence and justice, asserting that brit milah discriminates by targeting males for cultural reasons while female genital cutting is prohibited, and that parental religious rights end where child welfare begins. [141] [142]",anti,male,model,mixed,0,0,0,3,,,,
brit-milah,s0280,"Scholarly critiques, such as those in bioethics journals, reinforce these positions by questioning the proportionality of ritual obligations against documented procedural complications, estimated at 1-2% for minor issues and rarer severe outcomes like penile damage. [124]",anti,male,model,anti,0,0,0,3,,,,
brit-milah,s0281,"Activists often draw on international frameworks, citing the UN Convention on the Rights of the Child to argue for bans, as seen in 2018 Icelandic and Danish proposals that galvanized Jewish defenses but highlighted tensions between multiculturalism and child rights advocacy. [143]",anti,male,model,anti,0,0,0,3,,,,
brit-milah,s0283,"Jewish authorities have consistently affirmed brit milah as a core religious obligation mandated by Torah law (Genesis 17:10-14), performed on the eighth day after birth barring health contraindications, and have resisted secular challenges framing it as child harm. [145]",pro,male,model,anti,0,0,0,3,,,,
brit-milah,s0285,"Agudath Israel of America, a leading ultra-Orthodox organization, opposed New York City's 2012-2015 regulations requiring parental consent for MBP, arguing they violated religious freedom and lacked evidence of widespread harm, ultimately celebrating the 2015 rescission as a victory against governmental overreach that could erode brit milah entirely. [147] [148]",pro,male,model,mixed,0,0,0,3,,,,
brit-milah,s0286,"In Europe, over 50 rabbis and leaders signed a 2025 letter to the European Commission defending brit milah as a millennia-old practice essential to Jewish identity, urging protection against bans amid rising secular activism. [149]",pro,male,model,pro,0,0,0,3,,,,
brit-milah,s0289,"Medical bodies have evaluated neonatal circumcision through empirical lenses, generally concluding preventive benefits exceed procedural risks when performed competently, though without mandating it universally.",pro,male,model,pro,0,0,0,3,,,,
brit-milah,s0290,"The American Academy of Pediatrics (AAP) 2012 policy, based on systematic review of studies, found benefits—including reduced urinary tract infections (by 90% in first year), penile cancer, and heterosexual HIV/STI acquisition—outweigh rare complications (0.2-0.6% rate, mostly minor bleeding or infection), justifying access but deferring to parental decision without routine endorsement due to non-universal applicability. [126] [108]",pro,male,model,mixed,0,0,0,3,,,,
brit-milah,s0291,"The U.S. Centers for Disease Control and Prevention (CDC) 2014 recommendations, informed by meta-analyses, advised providers counsel parents on newborn circumcision's net benefits for HIV prevention (50-60% reduction in acquisition risk per randomized trials in adults, extrapolated to infants) and other outcomes like balanitis avoidance, emphasizing informed consent amid cultural/religious contexts while noting low absolute risks in sterile settings. [151] [152]",pro,male,model,pro,0,0,0,3,,,,
brit-milah,s0292,"Both bodies distinguish standard excision from MBP, with AAP and CDC highlighting MBP's herpes transmission potential (e.g., 11-24 cases per year in NYC pre-regulation, per health data) and urging alternatives, though without banning the ritual element. [126] [151]",anti,male,model,none,0,0,0,3,,,,
brit-milah,s0293,"These positions counter activist claims of net harm by prioritizing randomized and cohort data over anecdotal or ideological critiques, acknowledging procedure safety improves with trained practitioners. [126]",pro,male,model,anti,1,1,0,1,straw-man,straw-man,,straw-man
brit-milah,s0316,"The American Academy of Pediatrics' 2012 policy states that benefits outweigh risks, supporting parental decision-making without mandating regulation beyond standard medical consent. [126]",pro,male,model,pro,0,0,0,3,,,,
brit-milah,s0330,"In regions with strong religious observance, such as parts of the United States and Israel, the practice fosters intergenerational transmission of tradition, with surveys indicating over 90% compliance in traditional sectors, contributing to sustained demographic cohesion amid assimilation pressures. [175]",pro,male,model,none,0,0,0,3,,,,
brit-milah,s0331,"This ritual's permanence, as noted by philosopher Baruch Spinoza, has historically aided Jewish survival by embedding an indelible marker resistant to external cultural dilution.",pro,male,model,none,0,0,0,3,,,,
brit-milah,s0334,"A 2012 Cologne regional court ruling classified non-therapeutic circumcision of minors as bodily harm, temporarily criminalizing the practice and prompting widespread alarm among Germany's Jewish population of approximately 120,000, who viewed it as a direct assault on religious freedom and a signal of diminished tolerance post-Holocaust. [162] [177]",pro,male,model,mixed,0,0,0,3,,,,
brit-milah,s0335,"Similar initiatives, including proposed bans in Iceland (2018) affecting its minuscule Jewish community of fewer than 100 families and restrictions in Scandinavian countries, have amplified fears of forced assimilation or emigration, with Jewish policy analysts warning that such measures could erode community infrastructure and accelerate population decline in low-fertility diaspora settings. [178]",pro,male,model,none,0,0,0,3,,,,
brit-milah,s0339,"Overall, while brit milah bolsters resilience in observant enclaves, persistent secular encroachments in Europe risk marginalizing Orthodox communities, prompting some families to relocate to more permissive jurisdictions like the UK or Israel, where the practice enjoys broader societal acceptance. [179]",pro,male,model,none,0,0,0,3,,,,
brit-shalom-naming-ceremony,s0029,"This distinction arises from ethical concerns over neonatal circumcision's medical risks, including pain, infection (occurring in 0.2-0.6% of cases per CDC data), and potential long-term effects on sexual function, which proponents of Brit Shalom cite as justification for an alternative.",anti,male,model,anti,0,0,0,3,,,,
brit-shalom-naming-ceremony,s0030,"Theologically, Brit Milah is viewed in Orthodox and Conservative Judaism as a halachic obligation with spiritual significance, including the belief that circumcision refines the child's soul and integrates the body into God's covenant, a perspective reinforced in Talmudic texts like Shabbat 132a.",pro,male,model,none,0,0,0,3,,,,
brit-shalom-naming-ceremony,s0032,"Orthodox authorities, such as Rabbi Moshe Feinstein, have deemed non-circumcision a violation of divine command, potentially barring the child from full covenantal status until rectified.",pro,male,model,none,0,0,0,3,,,,
brit-shalom-naming-ceremony,s0037,"Orthodox Judaism maintains that the brit milah, including circumcision, constitutes a binding biblical commandment (Genesis 17:10-14), rendering Brit Shalom an invalid substitute for male infants, as it omits the required surgical act central to the covenant. [15]",pro,male,model,none,0,0,0,3,,,,
brit-shalom-naming-ceremony,s0038,"Orthodox authorities, such as those in traditional halachic responsa, emphasize that failure to circumcise on the eighth day incurs severe spiritual consequences, including karet (excision from the community), and no alternative ritual can fulfill this obligation.",pro,male,model,none,0,0,0,3,,,,
brit-shalom-naming-ceremony,s0040,"Conservative Judaism similarly upholds circumcision as essential to the brit milah rite, with the Rabbinical Assembly's Committee on Jewish Law and Standards affirming it as non-negotiable for covenantal entry, paralleling requirements in conversion processes where even prior circumcision necessitates hatafat dam brit (extraction of a drop of blood). [17]",pro,male,model,none,0,0,0,3,,,,
brit-shalom-naming-ceremony,s0046,"Reconstructionist Judaism approaches Brit Shalom with openness to ritual evolution, viewing circumcision as culturally significant but not inviolable, and advocating reconstruction of brit milah to align with contemporary ethics, such as bodily integrity, while preserving covenantal themes through non-surgical alternatives.",anti,male,model,anti,0,0,0,3,,,,
brit-shalom-naming-ceremony,s0082,"Parents elect Brit Shalom as an alternative to Brit Milah primarily due to ethical objections to neonatal circumcision, emphasizing the procedure's status as a non-therapeutic surgery performed without the infant's consent, which they regard as a violation of bodily autonomy and an infliction of unnecessary pain and potential trauma. [8]",anti,male,model,anti,0,0,0,3,,,,
brit-shalom-naming-ceremony,s0083,"This perspective aligns with broader intactivist arguments that prioritize the child's right to an intact body, viewing the foreskin as a functional anatomical structure with protective roles rather than superfluous tissue warranting removal.",anti,male,model,mixed,0,0,0,3,,,,
brit-shalom-naming-ceremony,s0085,"Health-related motivations also feature prominently, with parents citing documented risks of circumcision complications—such as infection, excessive bleeding, or improper healing, which occur in approximately 0.4% of infant cases per comprehensive reviews—alongside concerns over acute pain and possible long-term psychological effects from early trauma. [26]",anti,male,model,anti,0,0,0,3,,,,
brit-shalom-naming-ceremony,s0086,"In interfaith or secular Jewish families, these issues are compounded by discomfort from non-Jewish partners who may view the ritual cutting as akin to genital modification practices scrutinized in human rights contexts, prompting a search for inclusive alternatives that avoid such elements.",anti,male,model,anti,0,0,0,3,,,,
brit-shalom-naming-ceremony,s0088,"Theologically, adherents in progressive Jewish circles reinterpret the Abrahamic covenant as achievable through symbolic affirmation of life and community inclusion rather than physical alteration, framing Brit Shalom as a ""covenant of peace"" that honors Jewish heritage without mandating excision, a view supported by rabbis in Reform and Reconstructionist traditions who facilitate such ceremonies to affirm parental autonomy. [20]",anti,male,model,anti,0,0,0,3,,,,
brit-shalom-naming-ceremony,s0089,"Personal anxieties over the vulnerability of newborns further drive choices, with some parents deferring any decision to the child at maturity (e.g., age 13 per bar mitzvah customs) to mitigate immediate distress while preserving ritual welcoming. [27]",anti,male,model,none,0,0,0,3,,,,
brit-shalom-naming-ceremony,s0092,"From the perspective of Orthodox Judaism and traditional halachic authorities, Brit Shalom fails to fulfill the biblical commandment of brit milah, which requires the physical circumcision of male infants on the eighth day as a perpetual sign of the covenant between God and the Jewish people, as stipulated in Genesis 17:10-14.",pro,male,model,none,0,0,0,3,,,,
brit-shalom-naming-ceremony,s0093,"This mitzvah is classified as a positive commandment (mitzvah aseh) of exceptional importance, surpassing many others in obligatory force, with non-compliance incurring severe spiritual consequences including karet (excision from the community).",pro,male,model,none,0,0,0,3,,,,
brit-shalom-naming-ceremony,s0095,"The Shulchan Aruch (Yoreh De'ah 260-261) explicitly mandates that a father must circumcise his son; if he neglects this, the rabbinic court (beit din) is obligated to intervene and perform it, and upon maturity, the individual himself bears the responsibility, underscoring the non-optional nature of the act. [28]",pro,male,model,none,0,0,0,3,,,,
brit-shalom-naming-ceremony,s0096,"Rabbi Eliezer Melamed emphasizes that brit milah embodies an eternal, indelible bond between the Jewish soul and divine purpose, etched into the body itself, rendering any ceremony omitting circumcision theologically deficient and a rejection of this core covenantal element.",pro,male,model,none,0,0,0,3,,,,
brit-shalom-naming-ceremony,s0098,Orthodox rabbis have critiqued Brit Shalom as an ahistorical innovation that trivializes or circumvents halachic imperatives.,pro,male,model,none,0,0,0,3,,,,
brit-shalom-naming-ceremony,s0099,"Rabbi Naftali Brawer describes a non-circumcision brit as ""newfangled"" and ""a synthetic ceremony highlighting the absence of brit,"" arguing it substitutes ritual symbolism for the mandated physical compliance essential to Jewish identity and continuity. [29]",pro,male,model,none,0,0,0,3,,,,
brit-shalom-naming-ceremony,s0100,"Such views hold that while Jewish status derives matrilineally regardless of circumcision, forgoing the procedure constitutes deliberate disobedience to Torah law, potentially weakening communal adherence to mitzvot and echoing historical assaults on Jewish practice, such as Roman bans on circumcision aimed at eradicating the faith.",pro,male,model,none,0,0,0,3,,,,
brit-shalom-naming-ceremony,s0101,"Proponents of Brit Shalom argue that forgoing neonatal circumcision avoids documented procedural risks, including bleeding, infection, and rare but severe complications such as penile damage, which occur in approximately 1-2% of cases according to systematic reviews of surgical outcomes. [30]",anti,male,model,mixed,0,0,0,3,,,,
brit-shalom-naming-ceremony,s0102,"They contend that purported health benefits, such as reduced urinary tract infections (UTIs) in infancy and lower heterosexual HIV transmission rates later in life, can be mitigated through hygiene practices and safe sex, rendering the intervention unnecessary and disproportionate to its harms. [31]",anti,male,model,mixed,0,0,0,3,,,,
brit-shalom-naming-ceremony,s0103,"In contrast, medical bodies like the American Academy of Pediatrics (AAP) maintain that evidence from randomized trials and meta-analyses shows benefits outweigh risks, including a 90% reduction in penile cancer and approximately 90% lower UTI incidence (10-fold reduction) in the first year, positioning circumcision as a net positive for public health when performed neonatally under sterile conditions. [32]",pro,male,model,pro,0,0,0,3,,,,
brit-shalom-naming-ceremony,s0104,"Critics of Brit Shalom highlight that uncircumcised males face elevated risks of conditions like balanitis and phimosis, potentially requiring later interventions with higher complication rates, though long-term population studies in low-circumcision regions like Europe show no epidemic of such issues attributable to intact status.",anti,male,model,anti,0,0,0,3,,,,
brit-shalom-naming-ceremony,s0106,"Ethically, advocates for Brit Shalom emphasize infant bodily autonomy and the principle of informed consent, viewing circumcision as a non-therapeutic alteration of healthy tissue that violates the child's right to an intact body, akin to arguments advanced in bioethics literature against irreversible procedures without medical necessity. [33]",anti,male,model,anti,0,0,0,3,,,,
brit-shalom-naming-ceremony,s0107,"In Jewish contexts, some progressive rabbis and scholars reinterpret the biblical covenant (Genesis 17:10-14) as symbolic rather than requiring physical cutting, proposing Brit Shalom as a faithful alternative that honors peace (shalom) over ritual injury, while acknowledging halachic traditions that deem uncircumcised males ineligible for certain communal roles. [34]",anti,male,model,anti,0,0,0,3,,,,
brit-shalom-naming-ceremony,s0108,"Opponents counter that parental authority in religious upbringing, supported by legal precedents in many jurisdictions affirming religious circumcision, supersedes minor autonomy claims, and that forgoing the rite undermines intergenerational covenantal obligations, potentially eroding Jewish identity; this tension is evident in debates where ethicists weigh cultural continuity against modern human rights frameworks like those from the UN Convention on the Rights of the Child. [35]",pro,male,model,anti,0,0,0,3,,,,
brit-shalom-naming-ceremony,s0109,"Empirical data on regret is limited, but surveys of circumcised adults show mixed satisfaction, with some reporting diminished sensitivity, fueling ethical scrutiny independent of religious framing.",anti,male,model,anti,0,0,0,3,,,,
brit-shalom-naming-ceremony,s0119,"In contrast, Orthodox Judaism categorically rejects Brit Shalom as a substitute for brit milah, maintaining that Genesis 17:10-14 mandates physical circumcision for covenantal inclusion, rendering uncircumcised males ineligible for full ritual participation until adulthood.",pro,male,model,none,0,0,0,3,,,,
brit-shalom-naming-ceremony,s0120,"Conservative Judaism similarly upholds circumcision as obligatory under halacha, with rabbinical authorities like the Rabbinical Assembly not endorsing alternatives despite occasional debates on procedure.",pro,male,model,none,0,0,0,3,,,,
brit-shalom-naming-ceremony,s0126,"Brit Shalom signifies a shift toward secular reinterpretations of Jewish ritual, enabling families to maintain covenantal symbolism—rooted in Genesis 17—without physical alteration, thereby prioritizing bodily autonomy and ethical consent in an era of heightened scrutiny over infant medical procedures.",anti,male,model,anti,0,0,0,3,,,,
children-act-1989-amendment-female-genital-mutilation-act-2019,s0075,"Female genital mutilation (FGM) entails the partial or total removal of external female genitalia or other injury to female genital organs for non-medical reasons, resulting in immediate physical risks including severe pain, excessive bleeding (hemorrhage), shock from blood loss, urinary retention due to tissue swelling, and infections such as wound infections, sepsis, tetanus, or transmission of HIV and hepatitis B and C when performed with shared unsterilized instruments. [18] [19]",anti,FGM,model,anti,0,0,0,3,,,,
children-act-1989-amendment-female-genital-mutilation-act-2019,s0076,"These complications arise directly from the invasive cutting, often without anesthesia or sterile conditions, leading to acute trauma and potential death in severe cases, particularly with higher WHO-classified types like infibulation (Type III), which involves narrowing the vaginal opening.",anti,FGM,model,anti,0,0,0,3,,,,
children-act-1989-amendment-female-genital-mutilation-act-2019,s0078,"Long-term physical harms include chronic genital pain, keloid scar formation, female genital tract infections, menstrual difficulties such as dysmenorrhea and retention of menstrual blood, infertility linked to adhesions or blockages, and sexual dysfunction manifested as dyspareunia (painful intercourse) and reduced sexual satisfaction due to nerve damage and tissue removal. [21] [22]",anti,FGM,model,anti,0,0,0,3,,,,
children-act-1989-amendment-female-genital-mutilation-act-2019,s0079,"A 2025 systematic review and meta-analysis confirmed elevated risks of urogenital fistulas, cysts, and keloids, with odds ratios indicating statistically significant associations between FGM exposure and these outcomes across multiple studies. [21]",anti,FGM,model,anti,0,0,0,3,,,,
children-act-1989-amendment-female-genital-mutilation-act-2019,s0080,"Childbirth complications are causally tied to scarring and anatomical alterations, increasing maternal risks of postpartum hemorrhage, extended labor, and perineal tears, while elevating neonatal mortality by up to 55% in cases of prolonged labor from infibulation. [19]",anti,FGM,model,anti,0,0,0,3,,,,
children-act-1989-amendment-female-genital-mutilation-act-2019,s0082,"Psychological sequelae, empirically linked to the trauma of the procedure and its lifelong repercussions, encompass post-traumatic stress disorder (PTSD), anxiety, depression, and somatic disorders, with studies reporting higher prevalence among FGM survivors compared to uncircumcised peers, independent of socioeconomic confounders. [22]",anti,FGM,model,anti,0,0,0,3,,,,
children-act-1989-amendment-female-genital-mutilation-act-2019,s0083,"No evidence supports health benefits from FGM; systematic reviews affirm it confers zero medical advantages while imposing verifiable harms across physical, sexual, and mental domains. [18] [22]",anti,FGM,model,mixed,0,0,0,3,,,,
children-act-1989-amendment-female-genital-mutilation-act-2019,s0084,"The persistence of FGM despite these causally attributable damages stems from non-health rationales like cultural rites or social control, underscoring the disconnect between practice and empirical harm data, which prioritizes child bodily integrity over relativistic justifications.",anti,FGM,model,mixed,0,0,0,3,,,,
children-act-1989-amendment-female-genital-mutilation-act-2019,s0131,"Cultural norms within practicing communities perpetuate resistance by framing FGM as an essential rite of passage or family honor obligation, discouraging reporting and cooperation. [40]",pro,FGM,model,none,0,0,0,3,,,,
children-act-1989-amendment-female-genital-mutilation-act-2019,s0139,"Some academics argue stringent FGM prohibitions stigmatize migrant communities by imposing Western norms, overlooking cultural significances and comparing to procedures like labiaplasty, while eroding trust via mandatory reporting. [44]",pro,FGM,model,none,0,0,0,3,,,,
children-act-1989-amendment-female-genital-mutilation-act-2019,s0141,"Opponents prioritize universal child rights, citing FGM's harms like chronic pain and complications, rejecting relativism.",anti,FGM,model,mixed,0,0,0,3,,,,
children-act-1989-amendment-female-genital-mutilation-act-2019,s0143,"Figures such as Claire Coutinho have called FGM an ""abhorrent act"" requiring firm enforcement.",anti,FGM,model,none,0,0,0,3,,,,
children-act-1989-amendment-female-genital-mutilation-act-2019,s0146,"Studies affirm no benefits to FGM, emphasizing child protection over cultural concessions.",anti,FGM,model,mixed,0,0,0,3,,,,
circumcision,s0038,"Voluntary medical male circumcision (VMMC) for adolescent boys and men in high-HIV-prevalence areas, backed by randomized trials demonstrating 50–60% risk reduction, is recommended by the WHO for public health, though debated in low-prevalence settings due to modest absolute benefits. [20]",pro,male,model,pro,0,0,0,3,,,,
circumcision,s0045,"Newborns undergoing circumcision show pain indicators such as elevated heart rate, blood pressure, cortisol, and cry duration, confirming procedural pain without analgesia. [24]",anti,male,model,none,0,0,0,3,,,,
circumcision,s0046,"Unanesthetized neonatal circumcision heightens pain responses in later vaccinations, with circumcised infants displaying more facial grimacing and crying than uncircumcised peers. [25]",anti,male,model,none,0,0,0,3,,,,
circumcision,s0047,"The American Academy of Pediatrics (AAP) and American College of Obstetricians and Gynecologists (ACOG) recommend effective analgesia for all neonatal circumcisions, as newborns have functional pain pathways and experience distress similar to adults, overturning prior misconceptions. [26]",anti,male,model,none,0,0,0,3,,,,
circumcision,s0056,"Studies like Grunau and Craig (1987, 1990) confirm neonatal pain via grimacing, cry patterns, and heart-rate shifts akin to major surgery. [34] [35]",anti,male,model,none,0,0,0,3,,,,
circumcision,s0057,"Taddio et al. (1995, 1997) found unanesthetized procedures spike cortisol 2–4 times baseline with prolonged distress; EMLA and DPNB lessen but do not erase pain, while sucrose offers limited aid. [36] [37]",anti,male,model,none,0,0,0,3,,,,
circumcision,s0059,"For older children and adults, local infiltration or DPNB is standard, with sedation or general anesthesia for anxiety or complexity; trained providers keep complications below 1%. [12]",pro,male,model,anti,0,0,0,3,,,,
circumcision,s0060,"Neonatal circumcision in the first week enables near-painless outcomes under optimal blocks, given lower pre-phimosis sensitivity. [39]",pro,male,model,none,1,1,1,0,inconsistency,inconsistency,inconsistency,inconsistency
circumcision,s0063,"Adult circumcision, often performed for medical reasons such as pathologic phimosis, is carried out under local or general anesthesia with penile block, rendering the procedure itself painless for the patient.",pro,male,model,none,0,0,0,3,,,,
circumcision,s0064,Postoperative pain is typically mild to moderate and well-managed.,pro,male,model,none,0,0,0,3,,,,
circumcision,s0067,"Severe pain (VAS >5 or requiring stronger intervention) occurred in only 9.8% of patients, predominantly linked to complications such as wound infection.",pro,male,model,anti,0,0,0,3,,,,
circumcision,s0070,"Pain is effectively controlled with over-the-counter analgesics like ibuprofen or acetaminophen, ice packs to reduce swelling, loose clothing, and rest.",pro,male,model,none,0,0,0,3,,,,
circumcision,s0074,"These findings indicate that while discomfort is expected, severe or prolonged pain is uncommon in uncomplicated cases, and outcomes are generally favorable with appropriate pain management and aftercare.",pro,male,model,none,0,0,0,3,,,,
circumcision,s0077,Long-term systematic reviews nonetheless find no overall reduction in penile sensitivity compared with uncircumcised men.,pro,male,model,mixed,0,0,0,3,,,,
circumcision,s0081,"A 2017 systematic review reported similar infant rates of approximately 0.4%, with most events minor and immediately treatable and moderate or serious complications around 1 in 3000. [44]",pro,male,model,anti,0,0,0,3,,,,
circumcision,s0082,"Most events were minor (e.g., bleeding, infection, adhesions, or need for revision), but rates underscore that infancy is the lowest-risk period for the procedure.",pro,male,model,none,0,0,0,3,,,,
circumcision,s0083,"In neonatal circumcisions in medical settings, overall rates are low, with a median of 1.5% (range 0-16%). [45]",pro,male,model,none,0,0,0,3,,,,
circumcision,s0110,A 2019 ecological study found a significant positive correlation between male neonatal circumcision (MNC) rates and SIDS mortality rates in the United States.,anti,male,model,none,0,0,0,3,,,,
circumcision,s0111,"Weighted analysis indicated an increase of 0.1 per 1,000 in unexplained SIDS mortality (95% CI: 0.03-0.16, t = 2.81, p = 0.01) for every 10% increase in circumcision rate.",anti,male,model,none,0,0,0,3,,,,
circumcision,s0112,"States providing Medicaid coverage for MNC showed higher circumcision rates (mean 0.72 vs. 0.49, p = 0.007) and elevated male-to-female ratios of SIDS deaths (mean 1.48 vs. 1.125, p = 0.015) compared to non-covering states.",anti,male,model,none,0,0,0,3,,,,
circumcision,s0113,"The study suggests procedural stress may elevate SIDS risk via allostatic load, particularly in preterm infants.",anti,male,model,none,0,0,0,3,,,,
circumcision,s0114,"However, as an ecological analysis, it demonstrates association, not causation, and is subject to potential confounding factors.",pro,male,model,none,0,0,0,3,,,,
circumcision,s0115,"The finding is controversial, lacks replication in individual-level studies, and is not endorsed as a risk by major health authorities like the AAP or WHO.",pro,male,model,none,0,0,0,3,,,,
circumcision,s0116,"The paper appeared in the Journal of Clinical and Translational Research, then published by Whioce Publishing Pte.",pro,male,model,none,0,0,0,3,,,,
circumcision,s0117,"Ltd., a publisher included on Beall's list of potential predatory publishers. [63]",pro,male,model,none,0,0,0,3,,,,
circumcision,s0120,"A Danish national cohort study found that, with a total of 4986 ASD cases, circumcised boys were more likely than intact boys to develop ASD before age 10 years regardless of cultural background (HR = 1.46; 95% CI: 1.11–1.93).",anti,male,model,none,0,0,0,3,,,,
circumcision,s0121,"The risk was particularly elevated for infantile autism before age five years (HR = 2.06; 95% CI: 1.36–3.13), suggesting a potential association with infant circumcision.",anti,male,model,none,0,0,0,3,,,,
circumcision,s0122,"Additionally, circumcised boys in non-Muslim families showed an increased likelihood of developing ADHD (HR = 1.81; 95% CI: 1.11–2.96).",anti,male,model,none,0,0,0,3,,,,
circumcision,s0124,The study suggests possible mechanisms involving early procedural pain or stress.,anti,male,model,none,0,0,0,3,,,,
circumcision,s0125,"However, this is an observational study demonstrating association rather than causation, and it has faced criticism for methodological limitations, including potential under-recording of circumcisions in certain populations and lack of adjustment for all confounders.",pro,male,model,anti,0,0,0,3,,,,
circumcision,s0126,"The findings remain controversial, have not been widely replicated, and are not recognized as a risk factor by major health authorities such as the AAP or WHO. [66] [67]",pro,male,model,none,0,0,0,3,,,,
circumcision,s0127,"A 2026 prospective U.S. cohort study of 2,771 boys from the Environmental Influences on Child Health Outcomes (ECHO) Cohort, published in JAMA Pediatrics, found no association between neonatal medical male circumcision and ASD diagnosis or autism-related traits after adjustment for confounders (adjusted OR 0.83; 95% CI 0.59–1.17).",pro,male,model,none,0,0,0,3,,,,
circumcision,s0129,"Meatal stenosis, the narrowing of the urethral meatus, is a recognized long-term complication of male circumcision, often attributed to chronic irritation and scarring of the exposed urethral opening in the absence of the foreskin.",anti,male,model,anti,0,0,0,3,,,,
circumcision,s0132,"The review concluded that the overall risk is low (<1%), with only weak evidence of an increase among circumcised boys.",pro,male,model,none,0,0,0,3,,,,
circumcision,s0134,"Subsequent studies have reported higher rates, especially when diagnosis relies on systematic examination rather than hospital records of symptomatic cases.",anti,male,model,none,0,0,0,3,,,,
circumcision,s0135,A 2006 primary-care study found a 7.29% incidence among circumcised boys older than 3 years and none among intact boys. [69],anti,male,model,none,0,0,0,3,,,,
circumcision,s0136,A 2018 Danish nationwide cohort study reported 10- to 26-fold higher hospital-diagnosed rates in circumcised boys. [70],anti,male,model,none,0,0,0,3,,,,
circumcision,s0137,Screening examinations have yielded prevalences of 17.9% (2022) and 10.3% (2024). [71],anti,male,model,none,0,0,0,3,,,,
circumcision,s0140,The difference between the pooled estimate of diagnosed cases and later screening figures indicates that many instances of meatal narrowing are mild or asymptomatic.,pro,male,model,none,0,0,0,3,,,,
circumcision,s0142,"Circumcision reduces the incidence of urinary tract infections (UTIs) in male infants by approximately tenfold during the first year of life, with uncircumcised infants facing a 1% risk compared to 0.1% for circumcised ones, per meta-analyses of observational and randomized data. [73] [74]",pro,male,model,pro,0,0,0,3,,,,
circumcision,s0143,"The American Academy of Pediatrics' 2012 policy identified this as a key benefit, estimating 111 circumcisions needed to prevent one UTI in healthy boys. [75] [76]",pro,male,model,pro,0,0,0,3,,,,
circumcision,s0144,"Protection extends beyond infancy, with a 6.6-fold reduction in boys aged 1 to 16 years. [74] [77]",pro,male,model,none,0,0,0,3,,,,
circumcision,s0145,"This stems from the foreskin acting as a bacterial reservoir that promotes ascent into the urinary tract as well as false-positive UTI test results, especially with poor hygiene; cohort studies link higher rates to foreskin presence over confounders like hygiene alone. [26] [78]",pro,male,model,pro,0,0,0,3,,,,
circumcision,s0146,"Though UTIs remain rare overall, the risk reduction supports neonatal circumcision consideration per AAP guidelines. [79]",pro,male,model,none,0,0,0,3,,,,
circumcision,s0148,"Balanitis, inflammation of the glans penis from bacterial or fungal overgrowth under the foreskin, occurs less often in circumcised males, with a 68% lower prevalence.",pro,male,model,pro,0,0,0,3,,,,
circumcision,s0150,Circumcision facilitates easier hygiene by reducing smegma accumulation. [54],pro,male,model,pro,0,0,0,3,,,,
circumcision,s0151,"Meta-analyses show a 68% reduction post-circumcision, alongside near-elimination of balanoposthitis. [80] [81] [77]",pro,male,model,none,0,0,0,3,,,,
circumcision,s0152,"These benefits arise from anatomical changes reducing inflammatory dermatoses, as seen in longitudinal studies.",pro,male,model,pro,0,0,0,3,,,,
circumcision,s0154,"Critiques of the evidence for UTI risk reduction emphasize potential confounders, such as selection bias in premature infants who face elevated UTI risks (3-8.5% versus 0.7-2% in term infants) from NICU interventions like catheterization and physiological immaturity, yet are typically deferred from neonatal circumcision due to instability; modeling suggests this confounding could account for a fourfold observed difference absent a genuine effect. [83]",anti,male,model,none,0,0,0,3,,,,
circumcision,s0155,"Lifetime UTI prevalence in men shows little variance between high-circumcision contexts like the United States (13-14%) and low-circumcision nations like Sweden (13-14%), implying that infantile benefits exert negligible influence on cumulative risk, dominated instead by adult-onset drivers including prostate conditions. [84] [85]",anti,male,model,pro,0,0,1,2,,,ecological-fallacy,ecological-fallacy
circumcision,s0156,Methodological limitations in retrospective observational designs have also been noted by researchers including Van Howe.,anti,male,model,none,0,0,0,3,,,,
circumcision,s0157,"A 1995 study found a 75% false positive rate for detecting UTIs in intact boys, compared to 0% for circumcised boys, highlighting potential diagnostic bias from contamination in urine samples from uncircumcised infants. [86]",anti,male,model,none,0,0,0,3,,,,
circumcision,s0158,"Nevertheless, prevailing meta-analyses and policy statements from bodies like the AAP uphold the infant-era protective association drawn from synthesized observational and trial data.",pro,male,model,pro,0,0,0,3,,,,
circumcision,s0160,Three randomized controlled trials in sub-Saharan Africa (2005–2007) showed voluntary medical male circumcision reduces HIV acquisition risk in heterosexual men by approximately 60%. [87] [88] [89],pro,male,model,pro,0,0,0,3,,,,
circumcision,s0161,"Involving over 10,000 men in South Africa, Kenya, and Uganda, the trials stopped early due to efficacy, with follow-up confirming protection for at least two years. [90]",pro,male,model,none,0,0,0,3,,,,
circumcision,s0162,"The World Health Organization and Centers for Disease Control and Prevention recommend it as an additional strategy in high-prevalence areas, with over 27 million procedures since 2007. [2] [91]",pro,male,model,none,0,0,0,3,,,,
circumcision,s0163,"However, a 2022 observational analysis of PHIA surveys in six Southern African countries found no significant difference in HIV prevalence or age-incidence between circumcised and intact men at older ages.",anti,male,model,none,0,0,0,3,,,,
circumcision,s0165,"These trials and follow-up analyses also indicated reductions in other sexually transmitted infections, including herpes simplex virus type 2 (28–34%) and high-risk human papillomavirus (about 35%). [93] [94]",pro,male,model,none,0,0,0,3,,,,
circumcision,s0166,"Observational meta-analyses support lower HPV prevalence, faster clearance in circumcised men, and reduced transmission to female partners, potentially lowering cervical cancer risk. [95] [96]",pro,male,model,pro,0,0,0,3,,,,
circumcision,s0167,"However, no significant effects occurred for bacterial infections like gonorrhea or chlamydia. [97]",anti,male,model,none,0,0,0,3,,,,
circumcision,s0168,"A Danish cohort study of 810,719 males found infant or childhood non-therapeutic circumcision did not reduce adult HIV or STI risks and actually increased overall STI rates (HR 1.53, 95% CI 1.24–1.89). [98]",anti,male,model,anti,0,0,0,3,,,,
circumcision,s0169,"Similarly, a 2021 Canadian cohort study of 569,950 men found that circumcision had no impact on the risk of HIV infection.",anti,male,model,none,0,0,0,3,,,,
circumcision,s0171,"For men who have sex with men, evidence from observational studies suggests a 23% HIV risk reduction, mainly for insertive anal intercourse, but lacks randomized trials. [100]",pro,male,model,none,0,0,0,3,,,,
circumcision,s0172,"The mechanism involves foreskin removal, which eliminates a site rich in HIV target cells (e.g., Langerhans cells) and prone to abrasions during vaginal sex. [101]",pro,male,model,none,0,0,0,3,,,,
circumcision,s0173,Benefits apply primarily in high-incidence settings for heterosexual transmission and do not reliably extend to low-prevalence areas or non-vaginal exposures. [102],anti,male,model,pro,0,0,0,3,,,,
circumcision,s0174,"A 2013 systematic review and meta-analysis found the prevention of sexually transmitted infections cannot rationally be interpreted as a benefit of circumcision, and any policy of circumcision for the general population to prevent sexually transmitted infections is not supported by the evidence in the medical literature. [103]",anti,male,model,pro,0,0,0,3,,,,
circumcision,s0176,A 2013 study in the United States found that circumcised men were less likely to use condoms during vaginal sex compared to uncircumcised men.,anti,male,model,none,0,0,0,3,,,,
circumcision,s0179,These findings suggest possible risk compensation or cultural differences in sexual health practices that could offset some protective effects of circumcision in certain populations.,anti,male,model,pro,0,0,0,3,,,,
circumcision,s0180,"Neonatal or childhood circumcision reduces the risk of invasive penile cancer, with a meta-analysis of case-control studies showing an odds ratio of 0.33 (95% CI 0.13–0.83) for men circumcised before adulthood versus uncircumcised men. [4]",pro,male,model,pro,1,0,0,2,double-standard,,,double-standard
circumcision,s0181,"This effect stems from removing the foreskin, which can accumulate smegma, foster chronic inflammation, and enable human papillomavirus (HPV) persistence—cofactors in penile carcinogenesis—as indicated by lower HPV prevalence (OR 0.57, 95% CI 0.46–0.70) in circumcised men. [106] [5]",pro,male,model,pro,0,0,0,3,,,,
circumcision,s0183,"Penile cancer is rare (about 1 in 100,000 in developed countries) and mostly affects uncircumcised males, with near-zero rates in populations with universal neonatal circumcision, such as Israel (0.1–0.3 per 100,000). [108]",pro,male,model,none,0,0,0,3,,,,
circumcision,s0184,"Adult circumcision offers no protection and may increase risk (OR 2.71, 95% CI 1.05–6.98), possibly due to pre-existing epithelial changes.",anti,male,model,none,0,0,0,3,,,,
circumcision,s0186,"Circumcision also prevents pathological phimosis, which affects approximately 1% of uncircumcised males aged 16 or older [110] and involves non-retractable foreskin leading to scarring, infections, and ischemic injury; foreskin removal resolves it without recurrence. [111]",pro,male,model,mixed,0,0,0,3,,,,
circumcision,s0187,"It eliminates paraphimosis, an emergency where the foreskin traps behind the glans, causing edema and vascular compromise. [112]",pro,male,model,none,0,0,0,3,,,,
circumcision,s0188,"These benefits extend to reducing balanoposthitis (glans and foreskin inflammation), which raises penile cancer risk (OR 3.82, 95% CI 1.61–9.06) through epithelial disruption and microbial overgrowth in uncircumcised men. [106]",pro,male,model,pro,0,0,0,3,,,,
circumcision,s0191,"Systematic reviews of high-quality studies, including randomized trials and prospective cohorts, indicate that medical male circumcision has no significant adverse effect on sexual function, penile sensitivity, sensation, or satisfaction—including pleasure during vaginal or anal penetration.",pro,male,model,mixed,0,0,0,3,,,,
circumcision,s0192,"Satisfaction ratings average 9.0 out of 10 for both circumcised and uncircumcised men, with no significant differences in most reviews; anal penetration patterns mirror those for vaginal.",pro,male,model,none,0,0,0,3,,,,
circumcision,s0193,Some studies report better ejaculatory control among circumcised men. [114],pro,male,model,none,0,0,0,3,,,,
circumcision,s0194,"Neonatal and infant circumcision yields no differences in sexual arousal, orgasm intensity, or overall satisfaction compared to uncircumcised men, with quantitative sensory testing confirming undiminished thresholds for touch, pain, and warmth. [115] [116]",pro,male,model,none,0,0,0,3,,,,
circumcision,s0195,"A key study testing the keratinization hypothesis directly is Bossio et al. (2016) in The Journal of Urology, which used quantitative sensory testing on 62 men (30 neonatally circumcised, 32 intact) and found no differences in touch, pain, warmth, or heat-pain thresholds at the glans or other penile sites between groups.",pro,male,model,none,0,0,0,3,,,,
circumcision,s0196,"The authors concluded the hypothesis was not supported, with minimal long-term implications for penile sensitivity from neonatal circumcision.",pro,male,model,none,0,0,0,3,,,,
circumcision,s0197,This aligns with broader QST evidence confirming undiminished thresholds. [117],pro,male,model,none,0,0,0,3,,,,
circumcision,s0198,"While some claims and individual reports suggest reduced sensitivity or pleasure post-circumcision, high-quality meta-analyses find no significant overall adverse effects.",pro,male,model,mixed,0,0,0,3,,,,
circumcision,s0199,"Anecdotal reports from adults who underwent low and tight circumcisions—a style removing more inner foreskin, resulting in a tight appearance and scar close to the glans—often describe reduced penile sensitivity, less intense sexual pleasure compared to uncircumcised states or other styles (e.g., high and loose), needing more stimulation for orgasm, and regrets due to perceived loss of fine-touch sensation from removed sensitive tissue.",anti,male,model,anti,0,0,0,3,,,,
circumcision,s0200,"Adult revisions to low and tight styles are reported positively for aesthetics by some, but sensitivity changes remain a common concern.",anti,male,model,none,0,0,0,3,,,,
circumcision,s0202,A 2007 study of men circumcised as adults reported increased masturbatory difficulty in 63% and decreased masturbatory pleasure in 48%. [119],anti,male,model,none,0,0,0,3,,,,
circumcision,s0203,"Adult circumcision may cause minor sensitivity decreases, but outcomes are mixed, showing no impairment in erectile function or satisfaction—and some improved satisfaction from perceived hygiene or aesthetics.",pro,male,model,mixed,0,0,0,3,,,,
circumcision,s0204,"For adolescents, circumcision may cause temporary discomfort or adjustment issues with masturbation after the procedure, as sexual activity including masturbation is typically advised against for 4–6 weeks during healing; some then experience a period of adaptation to exposed-glans sensation, but long-term difficulties are not well-supported by high-quality systematic reviews. [120]",pro,male,model,none,0,0,0,3,,,,
circumcision,s0205,"Pubertal growth of the penis is primarily driven by hormones affecting the internal erectile tissues (corpora cavernosa), which are unaffected by foreskin removal.",pro,male,model,none,0,0,0,3,,,,
circumcision,s0206,"However, a 2016 prospective study found significantly shorter flaccid (6.78 cm vs. 7.65 cm, p<0.001) and erectile (12.97 cm vs. 13.75 cm, p=0.001) penile lengths in men circumcised neonatally compared to those circumcised later in life, suggesting that neonatal timing may influence adult penile length.",anti,male,model,none,0,0,0,3,,,,
circumcision,s0208,"A cross-sectional survey study by Frisch et al. (2011) in Denmark, where circumcision is rare (~5%), reported associations between circumcision and increased frequent orgasm difficulties in men (11% vs 4%, adj OR 3.26, 95% CI 1.42-7.47) and various sexual difficulties in female partners of circumcised men, including dyspareunia (adj OR 8.45, 95% CI 3.01-23.74).",anti,male,model,none,0,0,0,3,,,,
circumcision,s0209,"However, the study has been critiqued for limitations including small numbers of affected circumcised individuals (e.g., ~10 men with frequent orgasm difficulties), potential overfitting in logistic models with many predictors, lack of correction for multiple comparisons, wide confidence intervals indicating imprecision, low-to-moderate response rates (~48-54%), and possible confounding (many circumcisions for medical reasons like phimosis that may independently affect sexual function).",pro,male,model,none,0,0,0,3,,,,
circumcision,s0210,"Commentaries (e.g., Morris et al., 2012) argue these issues undermine causal inferences of harm.",pro,male,model,anti,0,0,0,3,,,,
circumcision,s0211,"The findings contrast with higher-quality evidence from RCTs and systematic reviews concluding no overall adverse impact on male sexual function, sensitivity, or satisfaction from medical male circumcision.",pro,male,model,none,0,0,0,3,,,,
circumcision,s0212,"Voluntary medical male circumcision (VMMC) programs, following 2007 World Health Organization (WHO) recommendations, target HIV prevention in high-prevalence sub-Saharan Africa regions, where randomized controlled trials show approximately 60% reduction in heterosexual HIV acquisition among circumcised men. [2] [122]",pro,male,model,none,0,0,0,3,,,,
circumcision,s0213,"These efforts have delivered over 27 million procedures, aiding population-level HIV incidence declines. [2]",pro,male,model,none,0,0,0,3,,,,
circumcision,s0214,"Models project that scaling VMMC, combined with other strategies, could avert up to 3.4 million new infections by 2025.",pro,male,model,none,0,0,0,3,,,,
circumcision,s0216,"Beyond HIV, circumcision links to lower community-level prevalence of other sexually transmitted infections (STIs), including high-risk human papillomavirus (HPV) and herpes simplex virus type 2 (HSV-2). [124] [103]",pro,male,model,none,0,0,0,3,,,,
circumcision,s0217,"In high-risk groups, circumcised men experience fewer genital ulcers—a HIV transmission cofactor—providing indirect benefits to partners via reduced viral reservoirs. [103]",pro,male,model,pro,0,0,0,3,,,,
circumcision,s0218,"Yet protection against chlamydia and gonorrhea varies across studies, restricting circumcision's standalone role.",anti,male,model,pro,0,0,0,3,,,,
circumcision,s0220,"VMMC proves cost-effective in high-incidence settings, averting infections at $78 per case in optimized Kenyan programs and often offsetting antiretroviral therapy costs. [126]",pro,male,model,pro,0,0,0,3,,,,
circumcision,s0221,"Sustained implementation in South Africa and Malawi post-2022 has prevented infections while delivering health and economic gains, assuming stable epidemiology. [127]",pro,male,model,pro,0,0,0,3,,,,
circumcision,s0222,"Adverse events remain rare and mild, comparable to minor surgeries, despite some surveillance gaps. [128]",pro,male,model,anti,0,0,0,3,,,,
circumcision,s0223,"Monitored cohorts show no significant risk compensation, with behaviors aligning to baselines.",pro,male,model,none,0,0,0,3,,,,
circumcision,s0225,"In lower-prevalence areas like Europe and North America, population impacts are limited by low baseline HIV/STI rates and alternative preventions, highlighting VMMC's targeted rather than universal value. [130]",anti,male,model,none,0,0,0,3,,,,
circumcision,s0226,"Ethical concerns stress informed consent and autonomy, especially for minors, though evidence favors net morbidity reductions in high-burden contexts. [131]",pro,male,model,anti,0,0,0,3,,,,
circumcision,s0253,"In the mid-19th century, British surgeon Jonathan Hutchinson promoted prophylactic circumcision, arguing in 1855 that it reduced syphilis transmission based on lower rates among circumcised Jewish men (2 of 111 cases) versus uncircumcised Gentiles (49 of 125). [148] [149] [150]",pro,male,model,pro,0,0,0,3,,,,
circumcision,s0256,"In the United States, orthopedic surgeon Lewis Sayre advanced the practice in the 1870s by associating uncircumcised foreskins with ""reflex neurosis""—irritation allegedly causing spinal issues, paralysis, epilepsy, and leg weakness. [152]",pro,male,model,none,0,0,0,3,,,,
circumcision,s0257,"He cited three cases of dramatic mobility improvement after circumcision, linking results to the removal of phimotic adhesions and smegma, which he viewed as bacterial irritants. [153]",pro,male,model,none,0,0,0,3,,,,
circumcision,s0258,"Sayre's 1870 presentation to the American Medical Association and later publications extended this to prophylaxis, advocating routine newborn circumcision to prevent urinary tract problems and neuromuscular disorders, thus embedding it in U.S. pediatric surgery.",pro,male,model,none,0,0,0,3,,,,
circumcision,s0262,"Emerging germ theory reinforced hygiene rationales, with Victorian physicians regarding the foreskin as a reservoir for filth that predisposed to balanitis, phimosis, and systemic infections; by the 1890s, English-speaking medical texts commonly recommended circumcision for cleanliness amid industrialization's sanitation challenges. [156]",pro,male,model,pro,0,0,0,3,,,,
circumcision,s0263,"In this vein, sanitarian John Harvey Kellogg's 1881 treatise Plain Facts for Old and Young endorsed circumcision without anesthesia for boys to discourage masturbation—seen as a source of moral and physical decline—while promoting genital hygiene through the procedure's pain as a deterrent. [157]",pro,male,model,pro,0,0,0,3,,,,
circumcision,s0264,"These arguments, encompassing infectious prophylaxis, orthopedic benefits, and moral hygiene, propelled Western medical adoption, although many relied on anecdotal evidence later critiqued for lacking controlled validation.",anti,male,model,pro,0,0,0,3,,,,
circumcision,s0270,"Surgical advancements and institutional policies drove this, though evidence for broad necessity was limited, with critics citing cultural momentum over data. [162]",anti,male,model,mixed,0,0,0,3,,,,
circumcision,s0273,"The American Academy of Pediatrics (AAP) in 1971 found no valid medical indications for neonatal circumcision, a stance reaffirmed in 1975 that contributed to U.S. newborn rates dropping from 64.5% in 1979 to 58.3% by 2010, amid immigration from low-prevalence areas and advocacy efforts. [164] [165]",anti,male,model,none,0,0,0,3,,,,
circumcision,s0275,"The AAP's 1999 policy stayed neutral, but its 2012 statement held that benefits—like fewer urinary tract infections and certain STIs—outweighed risks, without recommending universality amid debates on autonomy and evidence. [73]",pro,male,model,mixed,0,0,0,3,,,,
circumcision,s0278,"Mid-2000s randomized trials in South Africa (2005), Kenya, and Uganda (2007) showed voluntary medical male circumcision (VMMC) reduced heterosexual HIV risk in men by about 60%.",pro,male,model,pro,0,0,0,3,,,,
circumcision,s0279,"The World Health Organization (WHO) recommended VMMC in 2007 as an adjunct in high-prevalence areas, leading to over 30 million procedures by 2020 in 15 priority countries. [101] [87] [168]",pro,male,model,none,0,0,0,3,,,,
circumcision,s0290,"The ritual signifies entry into the ummah, aids hygiene by removing impurities, and connects to Abrahamic origins via Ishmael's circumcision at age 13. [181] [182]",pro,male,model,pro,0,0,0,3,,,,
circumcision,s0323,"Foreskin removal simplifies cleaning, limits smegma buildup, and lowers risks of balanitis and phimosis. [196]",pro,male,model,none,0,0,0,3,,,,
circumcision,s0324,"Neonatal procedures reduce urinary tract infections in the first year by about tenfold, from roughly 1% in uncircumcised infants to 0.1-0.2% in circumcised ones, per meta-analyses of observational studies. [197]",pro,male,model,none,0,0,0,3,,,,
circumcision,s0325,These advantages prove especially useful in settings with limited hygiene access.,pro,male,model,mixed,0,0,0,3,,,,
circumcision,s0328,"Randomized trials in sub-Saharan Africa found voluntary medical male circumcision cuts heterosexual HIV acquisition in men by 50-60%, leading to World Health Organization scale-up in high-prevalence areas and averting millions of infections since 2007. [2] [91]",pro,male,model,none,0,0,0,3,,,,
circumcision,s0329,"The U.S. Centers for Disease Control and Prevention recommends informing patients of these results, including trial data showing 28-34% reductions in herpes simplex virus type 2 and 30-35% in human papillomavirus, though syphilis and other STI evidence varies. [77]",pro,male,model,none,0,0,0,3,,,,
circumcision,s0331,"Penile cancer remains rare (about 1 in 100,000 in developed countries) but occurs three to twenty-two times more often in uncircumcised men, linked to chronic inflammation, poor hygiene, and persistent oncogenic human papillomavirus under the foreskin, according to meta-analyses. [4] [106]",pro,male,model,pro,0,0,0,3,,,,
circumcision,s0332,"The American Academy of Pediatrics' 2012 policy concludes that newborn benefits, including these protections, exceed risks, with complications at 0.2-3%—mainly minor bleeding or infection—and neonatal timing reducing anesthesia needs versus later surgeries. [75] [199]",pro,male,model,mixed,0,0,0,3,,,,
circumcision,s0333,"While critics highlight limited absolute risk reductions in low-prevalence areas, systematic reviews confirm overall net benefits without harm to sexual function or sensitivity.",pro,male,model,mixed,1,0,1,1,appeal-to-authority,,inconsistency,appeal-to-authority|inconsistency
circumcision,s0363,"The World Health Organization (WHO), collaborating with UNAIDS, has recommended voluntary medical male circumcision (VMMC) since 2007 as an HIV prevention strategy in 15 priority countries in eastern and southern Africa with high heterosexual transmission rates.",pro,male,model,pro,0,0,0,3,,,,
circumcision,s0364,This is based on three randomized controlled trials showing about 60% reduction in HIV acquisition risk for heterosexual men. [2],pro,male,model,pro,0,0,0,3,,,,
circumcision,s0367,"Outside these contexts, WHO does not endorse routine neonatal or infant circumcision, citing insufficient evidence for broader preventive benefits to justify universal application.",anti,male,model,mixed,0,0,0,3,,,,
circumcision,s0369,"In the United States, the American Academy of Pediatrics (AAP) 2012 policy states that newborn male circumcision's benefits—reduced risks of urinary tract infections, penile cancer, and certain STIs including HIV—outweigh risks, but not enough for routine recommendation; decisions rest with informed parents. [75]",pro,male,model,pro,0,0,0,3,,,,
circumcision,s0370,"The Centers for Disease Control and Prevention (CDC) advises informing uncircumcised males and parents of benefits, including 50-60% HIV risk reduction from the same trials, plus lower risks for herpes simplex virus type 2 and human papillomavirus.",pro,male,model,pro,0,0,0,3,,,,
circumcision,s0373,"The Canadian Paediatric Society (CPS) 2015 statement does not recommend routine newborn circumcision, finding modest benefits like reduced urinary tract infections and balanitis do not outweigh risks or alternatives such as hygiene in low-HIV-prevalence settings. [9]",anti,male,model,mixed,0,0,0,3,,,,
circumcision,s0374,"Similarly, the Royal Australasian College of Physicians (RACP) 2022 position opposes routine infant male circumcision (under 12 months), as adult HIV prevention benefits do not apply in low-prevalence areas like Australia and New Zealand.",anti,male,model,pro,0,0,0,3,,,,
circumcision,s0375,"It highlights ethical concerns for non-therapeutic procedures without compelling need, while advising analgesia and informed consent if performed.",anti,male,model,anti,0,0,0,3,,,,
circumcision,s0377,"The British Medical Association (BMA) offers ethical guidance, requiring parental consent for non-therapeutic infant circumcision without clear medical indication, as it alters the body without child assent; doctors may decline if conflicting with judgment.",anti,male,model,anti,0,0,0,3,,,,
circumcision,s0378,It stresses safeguards like competent practitioners but does not support routine practice. [214],anti,male,model,none,0,0,0,3,,,,
circumcision,s0379,"European bodies, such as the Royal Dutch Medical Association's 2010 stance, advise against non-medical circumcision due to insufficient net benefits and potential rights issues, reflecting low-prevalence priorities for surgical alternatives.",anti,male,model,mixed,0,0,0,3,,,,
circumcision,s0387,"Supported by PEPFAR and WHO, these initiatives have delivered about 35 million free procedures since 2007 in high-prevalence countries, enhancing access for adolescents and adults. [126] [220] [132]",pro,male,model,none,0,0,0,3,,,,
circumcision,s0388,"WHO models confirm VMMC's high cost-effectiveness, with net savings from averted HIV infections in nearly all scenarios across 14 priority countries.",pro,male,model,pro,0,0,0,3,,,,
circumcision,s0402,"In sub-Saharan Africa, adoption rose through World Health Organization voluntary medical male circumcision (VMMC) programs launched in 2007 for HIV prevention, supported by trials indicating 60% risk reduction in heterosexual transmission. [2]",pro,male,model,pro,0,0,0,3,,,,
circumcision,s0409,"Opponents of non-therapeutic infant male circumcision argue that it violates the child's bodily autonomy by permanently removing healthy foreskin tissue—estimated to contain over 20,000 nerve endings—without the infant's consent. [229]",anti,male,model,anti,0,0,0,3,,,,
circumcision,s0410,"This view holds that the procedure breaches core medical ethics principles of autonomy, non-maleficence, and beneficence, as it involves irreversible genital alteration with risks like infection or reduced sensitivity, absent immediate medical need. [230]",anti,male,model,anti,0,0,0,3,,,,
circumcision,s0411,"Ethicists, citing the United Nations Convention on the Rights of the Child (Articles 19 and 24), maintain that infants have a right to bodily integrity, making such interventions akin to iatrogenic injury without urgent justification.",anti,male,model,anti,0,0,0,3,,,,
circumcision,s0413,"Proponents argue that parental proxy consent is sufficient, allowing decisions in the child's best interest based on cultural, religious, or preventive health grounds until maturity.",pro,male,model,none,0,0,0,3,,,,
circumcision,s0414,"They note that postponing until adulthood increases procedural complexity and pain, potentially forgoing benefits like reduced HIV risk—shown at 60% efficacy against heterosexual acquisition in African trials. [75] [232]",pro,male,model,pro,0,0,0,3,,,,
circumcision,s0415,"Critics counter that proxy consent has limits for irreversible, non-essential procedures: unlike vaccinations for imminent threats, circumcision's benefits are marginal in low-risk settings (e.g., preventing one urinary tract infection per 100–111 cases while risking two penile adhesions), and parents cannot override the child's future autonomy over intact tissue. [230]",anti,male,model,mixed,0,0,0,3,,,,
circumcision,s0417,"Legal debates highlight these tensions, with some framing infant circumcision as a human rights issue comparable to female genital cutting prohibitions, despite differences in severity. [229]",anti,male,model,anti,0,0,0,3,,,,
circumcision,s0418,"In the United States, child abuse laws exempt male circumcision, though opponents claim this disparities with female protections violate equal protection principles.",anti,male,model,anti,0,0,0,3,,,,
circumcision,s0419,"European groups, including the Royal Dutch Medical Association's 2010 stance, recommend delaying until age 16 for consent, citing insufficient net benefits over autonomy costs. [231] [234]",anti,male,model,mixed,0,0,0,3,,,,
circumcision,s0422,"Advocates for parental rights maintain that guardians can authorize non-therapeutic infant male circumcision, based on legal recognition of parental autonomy in child-rearing, including religious and cultural decisions.",pro,male,model,mixed,0,0,0,3,,,,
circumcision,s0423,"In the United States, courts uphold this under constitutional protections for parental rights and religious freedom, deferring to parents unless evidence of harm overrides the child's best interests. [235] [236]",pro,male,model,mixed,0,0,0,3,,,,
circumcision,s0424,"The American Academy of Pediatrics' 2012 policy supports parents deciding if benefits outweigh risks, emphasizing informed consent over state intervention.",pro,male,model,pro,0,0,0,3,,,,
circumcision,s0426,"Child protection advocates argue that infant circumcision violates the minor's right to bodily integrity by permanently removing healthy tissue without consent, akin to abuse.",anti,male,model,mixed,0,0,0,3,,,,
circumcision,s0427,"They contend parental proxy consent fails for irreversible, non-therapeutic procedures, drawing parallels to female genital cutting bans despite similar risks like infection, bleeding, and reduced sensitivity. [231] [237]",anti,male,model,anti,0,0,0,3,,,,
circumcision,s0428,"A 2013 analysis asserts violations of human rights standards, including the UN Convention on the Rights of the Child, by favoring parental or religious interests over the child's autonomy.",anti,male,model,anti,0,0,0,3,,,,
circumcision,s0439,Randomized controlled trials (RCTs) show voluntary medical male circumcision reduces heterosexual HIV acquisition by about 60% in high-prevalence areas.,pro,male,model,pro,0,0,0,3,,,,
circumcision,s0440,"Three major African trials with over 10,000 participants confirmed this, with efficacy sustained up to 24 months and no rise in risk behaviors. [87] [90] [2]",pro,male,model,none,0,0,0,3,,,,
circumcision,s0441,"Other benefits include 90% fewer urinary tract infections in infancy per meta-analyses, plus reduced penile cancer and some STIs like herpes simplex virus type 2, though STI evidence is observational and less robust. [77] [197]",pro,male,model,pro,0,0,0,3,,,,
circumcision,s0442,"These support WHO recommendations for circumcision where HIV prevalence exceeds 15% among heterosexual men, averting millions of infections since 2007.",pro,male,model,pro,0,0,0,3,,,,
circumcision,s0444,"Neonatal circumcision complications are low: systematic reviews report 0.2-1.5% adverse events, mostly minor like bleeding or infection, with severe issues under 0.01% by trained providers. [45] [43]",pro,male,model,anti,0,0,0,3,,,,
circumcision,s0446,"CDC data confirm newborns have the lowest risks, with U.S. serious events below 0.5 per 100,000.",pro,male,model,none,0,0,0,3,,,,
circumcision,s0448,"Over 30 studies, including RCTs and surveys, find no major negative effects on penile sensitivity, erectile function, or satisfaction after circumcision.",pro,male,model,none,0,0,0,3,,,,
circumcision,s0449,Some note neutral or better premature ejaculation control from less foreskin hypersensitivity. [115] [246] [247],pro,male,model,none,0,0,0,3,,,,
circumcision,s0450,"Claims of reduced pleasure often come from biased, self-selected surveys, while blinded tests and longitudinal data show no consistent losses.",pro,male,model,none,0,0,0,3,,,,
circumcision,s0452,Prospective studies and meta-analyses reveal no strong evidence of long-term psychological harm from neonatal or childhood circumcision.,pro,male,model,anti,0,0,0,3,,,,
circumcision,s0453,"No higher rates of anxiety, depression, or behavioral problems appear compared to uncircumcised peers, countering anecdotal distress claims. [116] [248]",pro,male,model,none,0,0,0,3,,,,
circumcision,s0454,"A Danish study linked subtle associations with later consultations, but cultural confounders and small effects weaken causality; biomarker studies show no lasting stress changes. [249]",pro,male,model,none,0,0,0,3,,,,
circumcision,s0457,"These findings indicate a positive risk-benefit ratio for neonatal circumcision in medical settings, especially in high-infection areas, though benefits lessen in low-prevalence ones.",pro,male,model,pro,0,0,0,3,,,,
circumcision,s0458,"Adult choices match trial efficacy, while infant procedures rely on parental proxy amid low risks.",pro,male,model,none,0,0,0,3,,,,
circumcision,s0459,"Anti-circumcision claims often use observational data, contrasting RCT strength and highlighting the value of causal over correlative evidence. [251] [245]",pro,male,model,none,1,1,1,0,double-standard,double-standard,double-standard,double-standard
circumcision,s0472,"Internationally, human rights analyses diverge: some ethicists contend that non-therapeutic circumcision infringes on boys' rights to bodily integrity and self-determination as outlined in documents like the Universal Declaration of Human Rights and the Convention on the Rights of the Child, equating parental proxy consent to invalid authorization for irreversible alteration of healthy tissue. [258]",anti,male,model,anti,0,0,0,3,,,,
circumcision-and-hiv,s0001,"Circumcision and HIV encompasses the body of empirical research investigating the protective effect of male circumcision against HIV acquisition, primarily through randomized controlled trials demonstrating that voluntary medical male circumcision reduces the risk of heterosexually transmitted HIV in men by approximately 60% in high-prevalence sub-Saharan African settings. [1] [2]",pro,male,model,pro,0,0,0,3,,,,
circumcision-and-hiv,s0002,"Three landmark trials conducted between 2005 and 2007 in Uganda, Kenya, and South Africa—each involving thousands of heterosexual men—provided robust evidence of this efficacy, with hazard ratios ranging from 0.40 to 0.47 for HIV incidence in circumcised versus uncircumcised groups, after adjusting for behavioral factors. [3] [4]",pro,male,model,none,0,0,0,3,,,,
circumcision-and-hiv,s0003,"These findings prompted the World Health Organization and UNAIDS in 2007 to endorse voluntary medical male circumcision (VMMC) as a key HIV prevention strategy in regions with generalized heterosexual epidemics, leading to the scale-up of programs that have delivered over 27 million procedures across 15 priority countries by 2023. [2]",pro,male,model,pro,0,0,0,3,,,,
circumcision-and-hiv,s0005,"The mechanism underlying this protection stems from the removal of the foreskin, which harbors Langerhans cells susceptible to HIV entry and provides a moist environment conducive to viral persistence during heterosexual intercourse, thereby diminishing the biological vulnerability to infection via causal pathways independent of behavioral changes. [6]",pro,male,model,none,0,0,0,3,,,,
circumcision-and-hiv,s0007,"Controversies persist, including critiques of trial methodologies—such as early termination potentially inflating efficacy estimates and inadequate controls for viral load or partner HIV status—but these have been rebutted by reanalyses and subsequent programmatic evaluations showing sustained population-level impacts without methodological collapse. [9] [10]",pro,male,model,none,0,0,0,3,,,,
circumcision-and-hiv,s0008,"VMMC's integration into broader prevention portfolios, alongside condoms and antiretrovirals, underscores its role as a one-time, cost-effective intervention, averting an estimated millions of infections, though debates over infant versus adult procedures and ethical promotion in diverse cultural contexts highlight ongoing tensions between evidence-based public health and individual autonomy. [11]",pro,male,model,mixed,0,0,0,3,,,,
circumcision-and-hiv,s0012,"The studies were ethically halted early by data safety monitoring boards due to the evident protective effect, with follow-up periods ranging from 21 to 24 months. [13]",pro,male,model,pro,0,0,0,3,,,,
circumcision-and-hiv,s0015,"After 21 months, HIV incidence was 1.42% in the circumcision group versus 3.57% in the control group, yielding a relative risk reduction of 60% (adjusted hazard ratio 0.40, 95% CI 0.24-0.68).",pro,male,model,none,0,0,0,3,,,,
circumcision-and-hiv,s0016,"No significant behavioral disinhibition, such as increased sexual partners or reduced condom use, was observed. [14]",pro,male,model,none,0,0,0,3,,,,
circumcision-and-hiv,s0019,"Over 24 months, HIV incidence rates were 2.1% (95% CI 1.2-3.0) in the circumcised group and 4.2% (95% CI 3.0-5.4) in controls, corresponding to a 51% relative risk reduction (p=0.0065).",pro,male,model,none,0,0,0,3,,,,
circumcision-and-hiv,s0020,"Post-trial surveillance confirmed sustained protection, with incidence of 0.50 per 100 person-years in circumcised men versus 1.93 in uncircumcised men, and no evidence of risk compensation. [16]",pro,male,model,none,0,0,0,3,,,,
circumcision-and-hiv,s0023,"After 24 months, circumcision reduced HIV incidence by 51% (adjusted incidence rate ratio 0.49, 95% CI 0.26-0.93), with rates of 0.7% in the intervention group versus 1.3% in controls among men adhering to the protocol.",pro,male,model,pro,0,0,0,3,,,,
circumcision-and-hiv,s0024,"The trial found no increase in adverse sexual behaviors, supporting circumcision's role without compensatory risk-taking. [18]",pro,male,model,none,0,0,0,3,,,,
circumcision-and-hiv,s0026,"Meta-analyses of these RCTs confirm a consistent 50-60% reduction in HIV acquisition risk for heterosexual men, with protective effects persisting in long-term follow-up and no offsetting increases in transmission to female partners within trial data.",pro,male,model,pro,0,0,0,3,,,,
circumcision-and-hiv,s0027,"These findings, derived from double-blind randomization and intention-to-treat analyses, established circumcision as an additive prevention strategy in high-prevalence heterosexual epidemics, though generalizability to low-prevalence or non-African settings remains untested via RCTs due to ethical constraints. [13]",pro,male,model,none,0,0,0,3,,,,
circumcision-and-hiv,s0030,"A 2008 meta-analysis of 18 studies found no overall protective effect of circumcision against HIV or other sexually transmitted infections in MSM, though subgroup analyses indicated a potential association in pre-highly active antiretroviral therapy (HAART) era studies. [20]",anti,male,model,mixed,0,0,0,3,,,,
circumcision-and-hiv,s0031,"Similarly, a 2011 systematic review reported inconsistent findings across 29 studies, with some showing increased HIV odds among circumcised MSM, potentially due to confounding factors like behavioral differences or higher-risk sexual practices among uncircumcised groups.",anti,male,model,none,0,0,0,3,,,,
circumcision-and-hiv,s0033,More recent meta-analyses suggest a modest protective association.,pro,male,model,pro,0,0,0,3,,,,
circumcision-and-hiv,s0034,"A 2019 analysis of studies primarily from high-prevalence settings found circumcision linked to 23% lower odds of HIV infection overall among MSM, with stronger effects (up to 29% reduction) in regions with higher HIV endemicity, though protective estimates weakened after adjusting for confounders such as sexual role (insertive vs. receptive).30038-5/fulltext) A 2024 meta-analysis of 62 observational studies reported a 23% reduction in HIV acquisition risk for circumcised gay and bisexual men, but emphasized that this effect was primarily observed among primarily insertive (PI) MSM, with odds ratios as low as 0.57 in unadjusted models for this subgroup, compared to null or weaker effects for versatile or receptive partners where anal transmission predominates. [22]",pro,male,model,pro,0,0,0,3,,,,
circumcision-and-hiv,s0035,"These findings align with Centers for Disease Control and Prevention (CDC) pooled data from observational studies indicating partial protection against HIV acquisition in MSM, though not quantified as robustly as the 50-60% efficacy seen in heterosexual RCTs.",pro,male,model,pro,0,0,0,3,,,,
circumcision-and-hiv,s0039,"A 2025 preprint meta-analysis reinforced protection specifically for PI-MSM (OR 0.57), supporting circumcision as a potential adjunctive strategy in this subgroup, but cautioned against broad extrapolation to all MSM given predominant receptive anal intercourse risks. [25]",pro,male,model,none,0,0,0,3,,,,
circumcision-and-hiv,s0042,"Observational studies in sub-Saharan Africa, conducted before the scale-up of voluntary medical male circumcision programs, frequently reported lower HIV prevalence and incidence among circumcised men compared to uncircumcised men in heterosexual populations.",pro,male,model,pro,0,0,0,3,,,,
circumcision-and-hiv,s0043,"For example, a cohort study in Kericho, Kenya, found that circumcised men had an adjusted hazard ratio of 0.32 (95% CI 0.15–0.68) for HIV acquisition, equivalent to a two-thirds risk reduction after controlling for confounders. [1]",pro,male,model,none,0,0,0,3,,,,
circumcision-and-hiv,s0044,"Similarly, analyses from multiple cross-sectional surveys in the region, such as those in Nairobi, showed uncircumcised men with genital ulcers had over 50% higher HIV seroconversion rates than circumcised counterparts. [1]",pro,male,model,none,0,0,0,3,,,,
circumcision-and-hiv,s0045,"However, some prevalence-based studies in South Africa, Kenya, Lesotho, and Tanzania reported no significant association after adjustment, highlighting potential confounding from behavioral or socioeconomic factors.",anti,male,model,none,0,0,0,3,,,,
circumcision-and-hiv,s0047,"Meta-analyses of observational data have synthesized these findings, often confirming a protective association in heterosexual men, though with heterogeneity due to study design and epidemic context.",pro,male,model,pro,0,0,0,3,,,,
circumcision-and-hiv,s0048,"A 2020 systematic review encompassing 20 studies, including high-risk and community-based cohorts, reported pooled incidence ratios for HIV acquisition ranging from 0.29 (95% CI 0.19–0.43) in high-risk groups to 0.56 (95% CI 0.49–0.64) in community cohorts during circumcision scale-up, corresponding to relative risk reductions of 44–71%. [7]",pro,male,model,none,0,0,0,3,,,,
circumcision-and-hiv,s0049,"These estimates align with pre-scale-up community data showing a 52% reduction (pooled IR 0.48, 95% CI 0.33–0.70), but effectiveness appeared slightly attenuated in lower-incidence settings, possibly reflecting selection biases or changing sexual networks. [7]",pro,male,model,none,0,0,0,3,,,,
circumcision-and-hiv,s0052,"An early 2008 meta-analysis of pooled data from multiple studies found a nonsignificant reduction in HIV odds (OR approximately 0.80), concluding insufficient evidence for protection. [26]",anti,male,model,none,0,0,0,3,,,,
circumcision-and-hiv,s0053,"Subsequent reviews incorporating broader global data reported modest associations, with a 2019 systematic review of 62 studies estimating a 23% lower odds of HIV infection overall (OR 0.77), particularly in low- and middle-income countries and among those primarily engaging in insertive roles. [27]",pro,male,model,none,0,0,0,3,,,,
circumcision-and-hiv,s0056,"The randomized controlled trials establishing male circumcision's efficacy against HIV acquisition were conducted in high-prevalence sub-Saharan African regions, specifically South Africa, Kenya, and Uganda, where they demonstrated a consistent approximately 60% risk reduction for heterosexual men engaging primarily in vaginal sex. [1]",pro,male,model,pro,0,0,0,3,,,,
circumcision-and-hiv,s0058,"Regional ecological data from Africa further indicate an inverse correlation between baseline male circumcision prevalence—often tied to ethnic, religious, or cultural practices—and HIV prevalence, supporting but not proving causality.",pro,male,model,none,0,0,0,3,,,,
circumcision-and-hiv,s0060,"In lower-prevalence settings outside sub-Saharan Africa, such as North America and Europe, evidence relies on observational studies prone to confounders like sexual partnering patterns and condom use, yielding inconsistent associations between circumcision and reduced HIV risk. [26]",anti,male,model,pro,0,0,0,3,,,,
circumcision-and-hiv,s0066,"Across populations, adjusted relative risks from meta-analyses of incidence studies range from 0.40 to 0.60, aligning with trial efficacy but varying by baseline HIV exposure and circumcision timing (adult versus neonatal).",pro,male,model,none,0,0,0,3,,,,
circumcision-and-hiv,s0074,"Post-circumcision, removal of the inner foreskin eliminates this vulnerable portal, while the exposed mucosal surfaces undergo adaptive keratinization, thickening the epithelial barrier and reducing microbial translocation that could exacerbate local inflammation and HIV susceptibility. [41]",pro,male,model,none,0,0,0,3,,,,
circumcision-and-hiv,s0076,"These cellular and mucosal features contribute to the observed 50-60% reduction in HIV acquisition risk among circumcised heterosexual men in randomized trials, as the foreskin represents a primary entry site enriched for viral targets and deficient in protective barriers. [43] [44]",pro,male,model,pro,0,0,0,3,,,,
circumcision-and-hiv,s0077,"Experimental models confirm that foreskin-derived tissues exhibit higher HIV infectivity than keratinized penile skin, underscoring the causal role of these factors independent of behavioral confounders.",pro,male,model,none,0,0,0,3,,,,
circumcision-and-hiv,s0084,"Circumcision alters these dynamics by excising the foreskin, thereby eliminating approximately 50-70% of the penile mucosal surface area vulnerable to HIV ingress during penile-vaginal intercourse. [41]",pro,male,model,none,0,0,0,3,,,,
circumcision-and-hiv,s0085,"Post-circumcision, the exposed glans penis and coronal sulcus undergo adaptive keratinization, thickening the epithelial layer and reducing permeability to viral particles, as evidenced by increased transepithelial resistance and decreased HIV penetration in keratinized versus mucosal tissues. [49]",pro,male,model,none,0,0,0,3,,,,
circumcision-and-hiv,s0086,"This structural change, combined with reduced micro-abrasions and chronic inflammation under the foreskin—conditions that upregulate HIV co-receptors and pro-viral cytokines—lowers the density of target cells and the efficiency of viral seeding in the male genital tract. [50]",pro,male,model,none,0,0,0,3,,,,
circumcision-and-hiv,s0088,"Additionally, the removal of the foreskin diminishes the subpreputial space where smegma accumulation and bacterial overgrowth foster an inflammatory milieu that enhances HIV attachment and entry via upregulated adhesion molecules.",pro,male,model,none,0,0,0,3,,,,
circumcision-and-hiv,s0090,"Transmission dynamics are further influenced by circumcision's impact on viral trafficking: in uncircumcised men, HIV infection often localizes initially in foreskin Langerhans cells before disseminating to draining lymph nodes, whereas circumcision shifts potential entry to less permissive keratinized sites, reducing the probability of establishing a productive genital infection. [53]",pro,male,model,none,0,0,0,3,,,,
circumcision-and-hiv,s0091,"Quantitative models estimate that these biological modifications account for the observed 60% reduction in HIV acquisition risk in randomized controlled trials, primarily by curtailing the initial viral inoculum's access to high-yield target cells during the brief exposure window of intercourse. [41] [50]",pro,male,model,pro,0,0,0,3,,,,
circumcision-and-hiv,s0093,"These mechanisms, validated through histological, virological, and epidemiological convergence, underscore circumcision's role in disrupting HIV's mucosal foothold without relying solely on behavioral factors.",pro,male,model,none,0,0,0,3,,,,
circumcision-and-hiv,s0095,"In 2007, following the publication of three randomized controlled trials in South Africa, Kenya, and Uganda that demonstrated a 51–60% reduction in HIV acquisition risk among heterosexual men undergoing voluntary medical male circumcision (VMMC), the World Health Organization (WHO) and Joint United Nations Programme on HIV/AIDS (UNAIDS) jointly recommended the scale-up of safe, voluntary VMMC services as part of a comprehensive HIV prevention package in 14 priority countries in eastern and southern Africa with generalized HIV epidemics and low prevalence of male circumcision. [2] [55]",pro,male,model,pro,0,0,0,3,,,,
circumcision-and-hiv,s0096,"These trials, conducted between 2002 and 2007, involved over 10,000 participants and showed consistent efficacy against heterosexual transmission, prompting WHO to position VMMC as an additional, efficacious intervention alongside condom promotion, HIV testing, and antiretroviral therapy, while emphasizing that it offers only partial protection and does not eliminate risk.",pro,male,model,pro,0,0,0,3,,,,
circumcision-and-hiv,s0098,"WHO guidelines specify that VMMC targets males aged 10 years and older in priority settings, prioritizing adolescents and adult men aged 15–49 where HIV incidence is high, with services required to be provided by trained health professionals under aseptic conditions to minimize complications, which occur at rates below 2% in program data. [2]",pro,male,model,anti,0,0,0,3,,,,
circumcision-and-hiv,s0099,"Updated in 2020, the guidelines—""Preventing HIV through safe voluntary medical male circumcision for adolescents and adults""—incorporate evidence on surgical techniques, including device-based methods for faster procedures, adolescent-specific counseling to ensure informed consent, and integration with sexual health services, while modeling estimates that sustained VMMC scale-up could avert up to 3.3 million HIV infections in eastern and southern Africa by 2025. [56]",pro,male,model,pro,0,0,0,3,,,,
circumcision-and-hiv,s0103,"In October 2023, WHO reaffirmed VMMC's cost-effectiveness—estimated at $2,000–$4,000 per infection averted—at current coverage levels below 60% in many priority countries, urging intensified efforts to achieve 90% coverage among males aged 15–29 to maximize population-level impact amid competing prevention priorities like pre-exposure prophylaxis. [57]",pro,male,model,pro,0,0,0,3,,,,
circumcision-and-hiv,s0128,"Achievements included averting an estimated 340,000 HIV infections between 2008 and 2019 through combined program impacts, though progress varied due to supply chain logistics and cultural resistance in low-traditional-circumcision areas.",pro,male,model,none,0,0,0,3,,,,
circumcision-and-hiv,s0131,"Voluntary medical male circumcision (VMMC) programs in 15 priority sub-Saharan African countries have achieved approximately 26 million procedures between 2008 and 2019, averting an estimated 340,000 new HIV infections. [75] [76]",pro,male,model,none,0,0,0,3,,,,
circumcision-and-hiv,s0137,"Programs have demonstrated high cost-effectiveness, with analyses across multiple countries showing VMMC to be cost-saving over extended horizons, even assuming higher unit costs up to US$120. [57] [11]",pro,male,model,pro,0,0,0,3,,,,
circumcision-and-hiv,s0138,"For instance, in Tanzania, the cost per HIV infection averted was estimated at US$11,300 for 2010–2015 scaling but dropped to US$3,200 when extended to 2025, underscoring long-term fiscal benefits. [83]",pro,male,model,pro,0,0,0,3,,,,
circumcision-and-hiv,s0139,"These efficiencies arise from reduced HIV treatment burdens, though sustaining funding remains critical as antiretroviral therapy scale-up alters incidence dynamics.",pro,male,model,none,0,0,0,3,,,,
circumcision-and-hiv,s0147,"Alcena observed lower HIV rates among circumcised individuals in early screening efforts, proposing circumcision as a potential preventive factor.",pro,male,model,pro,0,0,0,3,,,,
circumcision-and-hiv,s0148,"Similarly, Fink argued that the foreskin's inner mucosa, with its thin epithelial layer and abundance of target cells for HIV, could serve as a primary entry point for the virus during heterosexual intercourse, hypothesizing that its removal would diminish susceptibility.",pro,male,model,none,0,0,0,3,,,,
circumcision-and-hiv,s0151,"Among Nairobi truck drivers in Kenya, uncircumcised men exhibited significantly higher HIV seroprevalence (13% versus 3% in circumcised men), with prospective follow-up confirming elevated incidence linked to uncircumcised status after adjusting for confounders like sexual behavior.",pro,male,model,none,0,0,0,3,,,,
circumcision-and-hiv,s0152,"These findings, replicated in studies of female sex workers' clients, indicated odds ratios of HIV infection 5- to 8-fold higher in uncircumcised men, attributing part of the risk to increased vulnerability to genital ulcers and other sexually transmitted infections that facilitate HIV entry. [92]",pro,male,model,none,0,0,0,3,,,,
circumcision-and-hiv,s0154,"Ecological analyses in the late 1980s and early 1990s reinforced these patterns at population levels across Africa, revealing an inverse correlation between male circumcision prevalence and national HIV rates.",pro,male,model,none,0,0,0,3,,,,
circumcision-and-hiv,s0155,"Countries with predominantly non-circumcising populations in East and Southern Africa reported HIV prevalences exceeding 10-20% in urban adults by the early 1990s, compared to under 2-5% in circumcising Muslim-majority nations in West Africa, despite similar sexual network structures.",pro,male,model,none,0,0,0,3,,,,
circumcision-and-hiv,s0156,"Meta-analyses of over 30 such studies estimated a consistent 50-70% lower HIV risk among circumcised men in high-risk groups, prompting hypotheses that circumcision biologically limits viral ingress by eliminating the foreskin's Langerhans cells—dendritic cells highly susceptible to HIV—and reducing mucosal trauma during sex. [94]",pro,male,model,pro,0,0,0,3,,,,
circumcision-and-hiv,s0159,"Interim analysis after 473 person-years of follow-up in the intervention group and 499 in the control group revealed 20 HIV infections in the circumcision arm versus 49 in the control arm, yielding a relative risk reduction of 60% (95% CI: 32–77%), prompting early termination of the trial on ethical grounds. [15]",pro,male,model,none,0,0,0,3,,,,
circumcision-and-hiv,s0160,"No significant increases in sexual risk behavior were observed, and adverse events were minimal (3.8% moderate or severe complications, mostly resolving without intervention).",pro,male,model,anti,0,0,0,3,,,,
circumcision-and-hiv,s0164,"Among 69 incident HIV cases (22 circumcised, 47 uncircumcised), circumcision conferred a 53% protective efficacy (95% CI: 22–72%; adjusted RR 0.47, 95% CI: 0.28–0.78), with no evidence of behavioral risk compensation—circumcised men reported similar or slightly fewer sexual partners and condom use rates. [17]",pro,male,model,pro,0,0,0,3,,,,
circumcision-and-hiv,s0165,Moderate/severe adverse events occurred in 0.3% of procedures.,pro,male,model,anti,0,0,0,3,,,,
circumcision-and-hiv,s0167,"Concurrently, the Ugandan Rakai trial by Gray et al. involved 4,996 HIV-negative uncircumcised men aged 15–49, randomized to circumcision or control with 24-month follow-up ending September 2007.60313-4/fulltext) This yielded 67 HIV seroconversions (20 circumcised, 47 control), a 51% reduction in incidence (95% CI: 16–71%; adjusted HR 0.49, 95% CI: 0.29–0.82), again without increased risk behavior or sexual activity in the intervention group.60313-4/fulltext) Surgical complications were low (0.7% severe).60313-4/fulltext) The consistency across trials—each demonstrating approximately 50–60% efficacy against heterosexual HIV acquisition in high-prevalence sub-Saharan African settings—provided robust causal evidence from RCTs, surpassing prior ecological and observational associations.",pro,male,model,mixed,0,0,0,3,,,,
circumcision-and-hiv,s0170,"In March 2007, the World Health Organization (WHO) and Joint United Nations Programme on HIV/AIDS (UNAIDS), following an expert consultation reviewing the trials, issued guidelines recognizing voluntary medical male circumcision (VMMC) as an efficacious additional intervention to reduce heterosexually transmitted HIV in men, particularly in 13 priority countries with HIV prevalence exceeding 15% in men aged 15+. [96]",pro,male,model,none,0,0,0,3,,,,
circumcision-and-hiv,s0175,"By October 2023, approximately 35 million men and adolescent boys had undergone VMMC through these initiatives, representing substantial progress toward averting new infections.",pro,male,model,none,0,0,0,3,,,,
circumcision-and-hiv,s0177,"Observational studies and long-term follow-ups from the original randomized controlled trials (RCTs) conducted in Kenya, Uganda, and South Africa have corroborated the approximately 60% reduction in heterosexual HIV acquisition risk for men observed in the 2005–2007 trials. [12] [7]",pro,male,model,none,0,0,0,3,,,,
circumcision-and-hiv,s0178,"For instance, a 2020 analysis of follow-up data from a Zimbabwean cohort reported an HIV incidence of 1.2 per 100 person-years among circumcised men compared to higher rates in uncircumcised controls, with no evidence of waning protection over time. [7]",pro,male,model,none,0,0,0,3,,,,
circumcision-and-hiv,s0179,"Population-level data from sub-Saharan Africa have similarly associated increased VMMC coverage with reduced HIV incidence, though effects vary by region due to factors like program saturation and concurrent interventions.",pro,male,model,pro,0,0,0,3,,,,
circumcision-and-hiv,s0182,"Economic evaluations have consistently deemed VMMC highly cost-effective, with models projecting millions of infections averted at costs below per-infection treatment thresholds, prompting calls in 2023 for intensified scale-up amid stagnating coverage in some areas. [11] [57]",pro,male,model,pro,0,0,0,3,,,,
circumcision-and-hiv,s0183,"Emerging data have explored VMMC's potential benefits for men who have sex with men (MSM), with a 2024 study indicating up to 91% risk reduction for predominantly insertive partners, though evidence remains limited outside heterosexual epidemics.",pro,male,model,pro,0,0,0,3,,,,
circumcision-and-hiv,s0186,"Despite these, meta-analyses and real-world assessments through 2023 continue to support VMMC's role in combination prevention, without indications of policy reversal.",pro,male,model,none,0,0,0,3,,,,
circumcision-and-hiv,s0189,"These trials reported relative risk reductions of 60% (Auvert), 51% (Bailey), and 56% (Gray), leading to early termination upon interim analyses demonstrating statistical significance. [1]",pro,male,model,none,0,0,0,3,,,,
circumcision-and-hiv,s0190,"However, methodological critiques have centered on inherent design limitations, including the impossibility of participant blinding, which introduces risks of performance bias (e.g., differential sexual risk behaviors due to knowledge of group assignment) and detection bias (e.g., influenced self-reporting or assessor expectations in HIV testing). [99]",anti,male,model,none,0,0,0,3,,,,
circumcision-and-hiv,s0191,"Proponents counter that objective HIV seroconversion outcomes and comparable self-reported behaviors across arms mitigate these concerns, as confirmed by subsequent Cochrane reviews assessing overall low risk of bias.",pro,male,model,none,0,0,0,3,,,,
circumcision-and-hiv,s0193,"Early stopping rules, applied after interim analyses at approximately 20–30% of planned enrollment, have drawn scrutiny for potentially overstating efficacy, as such decisions amplify type I errors and may capture transient effects not sustained long-term; for instance, the Auvert trial halted after 1,200 infections despite a planned sample exceeding 3,000. [100]",anti,male,model,pro,0,0,0,3,,,,
circumcision-and-hiv,s0194,"Defenses highlight prespecified statistical boundaries (e.g., Haybittle-Peto) and consistency with post-trial observational data showing persistent protection up to 5–7 years in Rakai, Uganda. [1]",pro,male,model,none,0,0,0,3,,,,
circumcision-and-hiv,s0195,"Selection bias arises from volunteer participants, who exhibited lower baseline HIV prevalence (e.g., 2–6% in trial cohorts versus 10–20% community rates) and potentially safer behaviors due to motivation for trial entry, questioning internal validity and raising doubts about randomization balancing unmeasured confounders like partner HIV status or concurrent STI treatment. [101]",anti,male,model,pro,0,0,0,3,,,,
circumcision-and-hiv,s0196,"Trial protocols addressed this via stratified randomization and intention-to-treat analyses, though attrition rates of 10–15% (higher in control arms awaiting circumcision) introduced further imbalance.",anti,male,model,none,0,0,0,3,,,,
circumcision-and-hiv,s0198,"Generalizability debates underscore the trials' restriction to high-prevalence (3–20% adult HIV), low-circumcision (<10%) sub-Saharan African settings among monogamous or low-partner-count men, limiting extrapolation to low-prevalence regions, female-to-male transmission assumptions, or populations with diverse sexual networks; observational data from diverse ecologies often yield weaker or null associations, prompting arguments that RCTs overestimate population-level causal effects absent real-world confounders like variable surgical quality or uptake barriers. [100]",anti,male,model,none,0,0,0,3,,,,
circumcision-and-hiv,s0199,"Critics also note inadequate pre-randomization counseling equipoise, with 70–80% of enrollees believing circumcision protective, potentially skewing compliance and endpoint ascertainment. [101]",anti,male,model,mixed,0,0,0,3,,,,
circumcision-and-hiv,s0200,"Rebuttals emphasize ecological consistency with pre-trial hypotheses and modeling validations, asserting that unblinded designs, while imperfect, represent pragmatic superiority over non-randomized alternatives prone to confounding. [102]",pro,male,model,none,0,0,0,3,,,,
circumcision-and-hiv,s0203,Ethical concerns surrounding voluntary medical male circumcision (VMMC) for HIV prevention primarily revolve around the adequacy of informed consent processes and the potential erosion of individual autonomy in implementation settings.,anti,male,model,anti,0,0,0,3,,,,
circumcision-and-hiv,s0205,"However, critics argue that in high-prevalence African contexts, low literacy rates, cultural norms, and program incentives can impair full comprehension and free choice, potentially transforming a preventive intervention into a coercive public health measure.",anti,male,model,anti,0,0,0,3,,,,
circumcision-and-hiv,s0208,"In countries like Tanzania and Eswatini, national policies often require parental or guardian consent for minors under 18, alongside adolescent assent, yet studies reveal frequent lapses: up to 10% of procedures on Kenyan youth aged 15-19 occurred without documented parental approval, including instances of forged signatures or absent forms. [104]",anti,male,model,none,0,0,0,3,,,,
circumcision-and-hiv,s0209,"Social dynamics exacerbate this, as cultural deference to parental authority can override adolescent preferences, with reports of boys undergoing circumcision despite personal reluctance due to familial pressure (e.g., ""my mother said I must circumcise""). [105]",anti,male,model,none,0,0,0,3,,,,
circumcision-and-hiv,s0210,"Counseling sessions often emphasize HIV prevention benefits while downplaying risks like pain or complications, leading to incomplete risk understanding; for instance, some adolescents mistakenly believed HIV testing was mandatory rather than optional.",anti,male,model,mixed,0,0,0,3,,,,
circumcision-and-hiv,s0212,"Economic and operational incentives introduce further risks of undue inducement, where compensation for time lost (e.g., transport reimbursements or small items like food) may disproportionately influence decisions among low-income participants.",anti,male,model,none,0,0,0,3,,,,
circumcision-and-hiv,s0213,"Ethical analyses contend that such payments, if exceeding actual economic losses, can act as ""substantially controlling"" factors, especially for economically vulnerable men, thereby compromising voluntariness and resembling coercion rather than reimbursement. [106]",anti,male,model,none,0,0,0,3,,,,
circumcision-and-hiv,s0214,"In Kenya, performance targets set by donors like PEPFAR—aiming for millions of procedures annually—have incentivized mobilizers to use shaming tactics against uncircumcised males or offer extraneous perks (e.g., sodas), while rushing intake to meet quotas, resulting in abbreviated counseling and circumvention of consent protocols.",anti,male,model,none,0,0,0,3,,,,
circumcision-and-hiv,s0216,Broader autonomy debates highlight the procedure's irreversibility and the ethical tension between individual bodily integrity and population-level HIV reduction goals.,anti,male,model,anti,0,0,0,3,,,,
circumcision-and-hiv,s0217,"Opponents, including bioethicists, question whether proxy interventions like VMMC adequately balance personal rights against aggregated benefits, particularly when social pressures from partners or communities—fearing HIV stigma—prompt uptake without fully autonomous deliberation. [67]",anti,male,model,mixed,0,0,0,3,,,,
circumcision-and-hiv,s0218,"Program evaluations acknowledge these issues, recommending enhanced training for providers and independent oversight to safeguard consent, though persistent target-driven metrics continue to raise doubts about prioritization of numbers over ethical rigor.",anti,male,model,none,0,0,0,3,,,,
circumcision-and-hiv,s0220,"Critics of voluntary medical male circumcision (VMMC) for HIV prevention have claimed that the procedure could induce behavioral risk compensation, whereby circumcised men perceive reduced personal risk and subsequently increase sexual risk-taking, such as engaging in more unprotected sex or having multiple partners, potentially offsetting protective benefits. [107]",anti,male,model,mixed,0,0,0,3,,,,
circumcision-and-hiv,s0221,"This concern draws from broader theories of risk homeostasis in public health interventions, where perceived safety gains lead to compensatory behaviors, as observed in some contexts like helmet laws or condom promotion. [108]",anti,male,model,none,0,0,0,3,,,,
circumcision-and-hiv,s0222,"Such claims were raised early in the debate following the 2005–2007 randomized controlled trials (RCTs), with arguments that trial designs inadequately monitored or adjusted for post-circumcision behavioral shifts, particularly resumption of sex before full healing.",anti,male,model,none,0,0,0,3,,,,
circumcision-and-hiv,s0224,"However, longitudinal data from the pivotal RCTs in South Africa, Kenya, and Uganda found no significant evidence of risk compensation.",pro,male,model,none,0,0,0,3,,,,
circumcision-and-hiv,s0225,"In the ANRS 1265 trial, circumcised participants showed no increase in sexual activity or partner numbers compared to controls over 21 months, with even slight reductions in reported unprotected sex in some subgroups. [109]",pro,male,model,none,0,0,0,3,,,,
circumcision-and-hiv,s0226,"Similarly, the Rakai trial reported stable or decreased risky behaviors post-circumcision, with no rise in HIV incidence attributable to behavioral changes. [110]",pro,male,model,none,0,0,0,3,,,,
circumcision-and-hiv,s0227,"Post-trial surveillance in implementation settings, including over 20 million VMMCs by 2020, confirmed that circumcised men did not exhibit higher rates of multiple partners or condomless sex relative to uncircumcised peers.",pro,male,model,none,0,0,0,3,,,,
circumcision-and-hiv,s0229,"Systematic reviews and meta-analyses have reinforced these findings, analyzing data from RCTs and observational studies across high-prevalence regions.",pro,male,model,none,0,0,0,3,,,,
circumcision-and-hiv,s0230,"A 2021 meta-analysis of 13 studies involving heterosexual men concluded no association between medical male circumcision and increased risky behaviors, such as condomless sex (odds ratio 0.94, 95% CI 0.82–1.07) or multiple partners (OR 1.05, 95% CI 0.92–1.20). [112]",pro,male,model,none,0,0,0,3,,,,
circumcision-and-hiv,s0231,"Another review of VMMC rollout data found minimal early resumption of sex post-procedure (median 26–40 days, aligning with healing guidelines) and no sustained uptick in risk compensation, attributing any minor perceptions of invulnerability to counseling failures rather than inherent effects. [113]",pro,male,model,none,0,0,0,3,,,,
circumcision-and-hiv,s0232,"These results hold despite potential underreporting biases in self-reported behaviors, as HIV incidence trends in circumcised cohorts remained 50–60% lower than expected without compensation.00360-0/fulltext)",pro,male,model,none,0,0,1,2,,,non-sequitur,non-sequitur
circumcision-and-hiv,s0233,"While isolated observational studies have suggested possible localized increases in partner numbers among newly circumcised youth, these lack causal controls and are outweighed by RCT evidence; critics' emphasis on hypothetical compensation has not been substantiated empirically, with modeling indicating that even moderate risk increases would erode observed HIV reductions, which persist in population data. [114]",pro,male,model,mixed,0,0,0,3,,,,
circumcision-and-hiv,s0234,"Overall, the absence of verifiable risk compensation supports VMMC's net protective role, though ongoing behavioral counseling remains recommended to mitigate any perceptual risks.",pro,male,model,pro,0,0,0,3,,,,
circumcision-and-hiv,s0236,"Opponents of voluntary medical male circumcision (VMMC) for HIV prevention have argued that the randomized controlled trials (RCTs) conducted in Africa between 2005 and 2007 overstated efficacy due to methodological flaws, such as inadequate randomization, short follow-up periods, and failure to account for confounding factors like sexual behavior or concurrent interventions. [116]",anti,male,model,mixed,0,0,0,3,,,,
circumcision-and-hiv,s0237,"These critics, including some public health advocates, contend that observational data prior to the RCTs already showed associations but lacked causation, and that the trials' early termination upon interim efficacy findings undermined full assessment of risks. [117]",anti,male,model,anti,0,0,0,3,,,,
circumcision-and-hiv,s0238,"Additionally, claims persist that VMMC promotes a false sense of security, potentially diverting resources from proven strategies like condom promotion and antiretroviral therapy (ART).",anti,male,model,none,0,0,0,3,,,,
circumcision-and-hiv,s0240,"A prominent opposition narrative centers on behavioral risk compensation, positing that circumcised men increase sexual risk-taking—such as more partners, less condom use, or earlier resumption of sex—offsetting any biological protection. [119]",anti,male,model,none,0,0,0,3,,,,
circumcision-and-hiv,s0241,"Some analyses of post-trial data in Uganda suggested circumcised men were less likely to abstain, interpreting this as disinhibition. [120]",anti,male,model,none,0,0,0,3,,,,
circumcision-and-hiv,s0242,"Ethical critiques further highlight consent issues in resource-limited settings, where community pressures or inadequate counseling may coerce participation, and argue that promoting surgery ignores bodily autonomy and potential complications like infection or pain, especially when alternatives exist. [121]",anti,male,model,anti,0,0,0,3,,,,
circumcision-and-hiv,s0243,"Groups opposing non-therapeutic circumcision extend this to VMMC, framing it as cultural imperialism rather than evidence-based policy.",anti,male,model,mixed,0,0,0,3,,,,
circumcision-and-hiv,s0245,"Rebuttals emphasize that the three pivotal RCTs (in South Africa, Kenya, and Uganda) demonstrated consistent 50-60% reduction in HIV acquisition among heterosexual men, with pooled analyses confirming biological causality via mechanisms like reduced viral entry through the foreskin. [111]",pro,male,model,pro,0,0,0,3,,,,
circumcision-and-hiv,s0246,"Long-term follow-up from the Orange Farm trial in South Africa showed sustained 58% efficacy at 72 months, aligning with initial findings and refuting decay claims. [122]",pro,male,model,none,0,0,0,3,,,,
circumcision-and-hiv,s0247,"Methodological critiques are dismissed as denialism, given the trials' rigorous design, including intention-to-treat analyses and adjustments for behavior, which found no evidence of bias invalidating results. [116]",pro,male,model,none,0,0,0,3,,,,
circumcision-and-hiv,s0249,"On risk compensation, systematic reviews and meta-analyses of post-circumcision cohorts report no substantial increase in risky behaviors; a 2021 analysis of 28 studies found higher-quality evidence showing neutral or reduced risk profiles, with circumcised men often reporting safer practices due to counseling. [112] [124]",pro,male,model,pro,0,0,0,3,,,,
circumcision-and-hiv,s0250,"Real-world programs in 15 African countries, scaling to over 30 million procedures by 2023, correlate with declining HIV incidence without offsetting surges in transmission attributable to disinhibition. [125]",pro,male,model,none,0,0,0,3,,,,
circumcision-and-hiv,s0251,"Ethical defenses note VMMC's voluntary adult nature, informed consent protocols, and WHO endorsement as a complement—not replacement—to ABC (abstinence, behavior change, condoms) strategies, with complication rates under 1% in scaled programs. [10]",pro,male,model,anti,0,0,0,3,,,,
circumcision-and-hiv,s0252,"Critics' reliance on selective or low-quality data is contrasted with the robustness of RCT evidence, underscoring VMMC's role in causal reduction of female-to-male transmission in high-prevalence heterosexual epidemics.",pro,male,model,anti,1,0,0,2,straw-man,,,straw-man
circumcision-and-hiv,s0256,Early projections from 2009 indicated that one HIV infection could be averted for every 5–15 VMMCs in high-prevalence settings over a 10-year period.,pro,male,model,none,0,0,0,3,,,,
circumcision-and-hiv,s0259,"By 2017, these efforts were estimated to have prevented 230,000 new infections, with forecasts anticipating over 1 million averted by 2030 under sustained scale-up. [130] [28]",pro,male,model,none,0,0,0,3,,,,
circumcision-and-hiv,s0260,"WHO and UNAIDS analyses projected 340,000 (range: 260,000–440,000) infections averted by 2019, including benefits to female partners through reduced prevalence. [69]",pro,male,model,pro,0,0,0,3,,,,
circumcision-and-hiv,s0261,"A 2022 evaluation using multiple models (Goals-ASM, Thembisa, EMOD) estimated up to 83,000 infections prevented from 2010–2020 in select contexts, highlighting variability due to local epidemiology and program reach.",pro,male,model,none,0,0,0,3,,,,
circumcision-and-hiv,s0263,Forward-looking simulations emphasize scale-up potential: achieving 80% circumcision coverage among HIV-negative men aged 15–49 over 15 years could avert 3.4 million infections in low- and middle-income countries. [112],pro,male,model,none,0,0,0,3,,,,
circumcision-and-hiv,s0264,"Country-specific models, such as in Malawi, predict that targeting males aged 10–29 for circumcision over 15 years would prevent 75% of projected infections in that cohort, rising to 88% if extended to age 34. [131]",pro,male,model,none,0,0,0,3,,,,
circumcision-and-hiv,s0268,"Economic evaluations of voluntary medical male circumcision (VMMC) programs for HIV prevention in sub-Saharan Africa have predominantly concluded that the intervention is cost-effective, particularly in settings with moderate to high heterosexual HIV transmission.",pro,male,model,pro,0,0,0,3,,,,
circumcision-and-hiv,s0269,"A 2022 modeling analysis across 13 countries found VMMC cost-effective (defined as less than three times the gross domestic product per capita per disability-adjusted life year averted) in 62% of scenarios with adult HIV incidence exceeding 1.5 per 100 person-years, with effectiveness increasing in higher-incidence areas due to greater absolute risk reduction.00515-0/fulltext) The World Health Organization's 2023 review of programmatic data from priority countries affirmed VMMC as highly cost-effective or cost-saving in nearly all evaluated scenarios, attributing this to low per-procedure costs (typically $50–150) and the intervention's one-time nature, which averts lifelong treatment expenses estimated at $1,000–2,000 annually per person on antiretrovirals. [57]",pro,male,model,pro,0,0,0,3,,,,
circumcision-and-hiv,s0272,"Comparisons with alternative HIV prevention strategies, such as antiretroviral therapy scale-up, position VMMC favorably in cost metrics.",pro,male,model,none,0,0,0,3,,,,
circumcision-and-hiv,s0273,"One analysis estimated VMMC's cost per infection averted at $1,096 versus $6,790 for treatment-as-prevention, reflecting VMMC's upstream preventive impact on incident cases without ongoing drug requirements. [133]",pro,male,model,none,0,0,0,3,,,,
circumcision-and-hiv,s0274,"In South Africa, where over 3 million VMMCs were performed by 2016, program costs averaged $120 per procedure, yielding net financial returns through reduced HIV-related healthcare expenditures.",pro,male,model,none,0,0,0,3,,,,
circumcision-and-hiv,s0276,Long-term projections from dynamic epidemic models underscore VMMC's potential for sustained impact if coverage reaches 90% among non-circumcised adult males in priority countries.,pro,male,model,none,0,0,0,3,,,,
circumcision-and-hiv,s0277,"UNAIDS-supported simulations forecast that maintaining VMMC through 2030 could avert 2–5 million infections across eastern and southern Africa, with cumulative savings exceeding program costs by factors of 2–10 under 3–5% discount rates, assuming stable heterosexual transmission dynamics. [134]",pro,male,model,none,0,0,0,3,,,,
circumcision-and-hiv,s0278,"A South African cohort model projected $617 net savings per VMMC performed at age 20 (discounted at 5%), escalating with earlier implementation due to extended protection periods spanning decades. [61]",pro,male,model,none,0,0,0,3,,,,
circumcision-and-law,s0003,"Empirical assessments of health outcomes inform these debates, with bodies like the American Academy of Pediatrics concluding that preventive benefits—such as reduced risks of urinary tract infections and certain sexually transmitted infections—marginally exceed procedural risks but do not warrant universal recommendation, a view echoed in legal considerations of proportionality.",pro,male,model,pro,0,0,0,3,,,,
circumcision-and-law,s0007,"These cases highlight causal trade-offs: while religious communities argue continuity of tradition outweighs deferred consent, critics invoke first-principles of non-maleficence, noting irreversible alteration without immediate medical necessity, amid source biases in advocacy-driven research that often amplify risks or understate cultural contexts.",pro,male,model,mixed,0,1,0,2,,poisoning-the-well,,poisoning-the-well
circumcision-and-law,s0035,"The 1917 Code of Canon Law, while silent on explicit bans, inherited this legacy, omitting circumcision from sacramental or obligatory practices and aligning with teachings that non-therapeutic mutilation contravenes bodily integrity under natural law.",anti,male,model,anti,0,0,0,3,,,,
circumcision-and-law,s0039,"Newborn circumcision rates increased from roughly 10% circa 1900 to peaks exceeding 80% by the 1960s, propelled by endorsements from organizations such as the American Medical Association and American Academy of Pediatrics, which cited purported preventive benefits against conditions like penile cancer and urinary tract infections, though these claims lacked robust randomized trial evidence at the time. [25]",anti,male,model,pro,0,0,0,3,,,,
circumcision-and-law,s0050,"Advocates for restricting non-therapeutic infant male circumcision argue that the procedure violates protections for bodily integrity under core international human rights instruments, as it involves the permanent removal of healthy genital tissue without the subject's informed consent or immediate medical necessity.",anti,male,model,anti,0,0,0,3,,,,
circumcision-and-law,s0051,"These claims emphasize that parental proxy consent cannot override the child's right to physical autonomy, framing circumcision as an unethical form of proxy-authorized surgery that inflicts pain and risks complications, including infection, hemorrhage, and reduced sexual sensitivity later in life.",anti,male,model,anti,0,0,0,3,,,,
circumcision-and-law,s0052,"Such arguments posit that delaying the procedure until adulthood preserves purported health benefits while respecting autonomy, rendering infant circumcision unnecessary and rights-violating. [34]",anti,male,model,mixed,0,0,0,3,,,,
circumcision-and-law,s0054,"The Universal Declaration of Human Rights (UDHR, 1948) provides foundational, though non-binding, support for these claims through Article 3, which guarantees everyone's right to life, liberty, and security of person, and Article 5, prohibiting torture or cruel, inhuman, or degrading treatment.",anti,male,model,anti,0,0,0,3,,,,
circumcision-and-law,s0055,"Proponents assert that circumcision breaches these by subjecting non-consenting infants to surgical trauma without therapeutic justification, equating it to an unjustified invasion of personal security.",anti,male,model,anti,0,0,0,3,,,,
circumcision-and-law,s0056,"Article 12's protection against arbitrary interference with privacy is also invoked, as the procedure alters genitalia—a core aspect of private bodily domain—irrevocably.",anti,male,model,pro,0,0,0,3,,,,
circumcision-and-law,s0058,Binding treaties amplify these contentions.,anti,male,model,none,0,0,0,3,,,,
circumcision-and-law,s0059,"The International Covenant on Civil and Political Rights (ICCPR, 1966), ratified by 173 states as of 2023, includes Article 7's absolute prohibition on torture or cruel, inhuman, or degrading treatment or punishment, which critics apply to circumcision's deliberate infliction of pain via incision and tissue excision.",anti,male,model,anti,0,0,0,3,,,,
circumcision-and-law,s0060,"Article 9 reinforces security of person against arbitrary deprivation of liberty, while Article 24 mandates special protections for children; advocates argue that non-therapeutic genital cutting undermines these by prioritizing cultural or parental preferences over the infant's inviolable bodily rights.",anti,male,model,anti,0,0,0,3,,,,
circumcision-and-law,s0064,"Article 24 prioritizes the child's right to the highest attainable health standard and obligates abolition of traditional practices prejudicial to health (Article 24.3), which some interpret to encompass ritual circumcision given evidence of its non-essential nature and potential harms like meatal stenosis (occurring in 5-10% of cases) and keritinization of the glans.",anti,male,model,anti,0,0,0,3,,,,
circumcision-and-law,s0065,"Articles 6 (right to life and development), 16 (privacy), and 37 (torture prohibition and detention safeguards) are further cited as infringed by irreversible genital modification without consent.",anti,male,model,anti,0,0,0,3,,,,
circumcision-and-law,s0066,"However, the UN Committee on the Rights of the Child has clarified in communications, such as CRC/C/83/D/23/2017 (adopted March 2020), that while circumcision constitutes an interference with physical integrity, it does not per se violate the CRC if demonstrably in the child's best interests, assessed case-by-case; the committee rejected a blanket prohibition in that instance, weighing factors like cultural context and low complication rates (under 1% in controlled settings).",pro,male,model,mixed,0,0,0,3,,,,
circumcision-and-law,s0067,"A subsequent view in CRC/C/96/D/169/2021 (2023) similarly held that non-medically indicated circumcision does not automatically breach rights absent aggravating factors, underscoring no general treaty-based ban. [34] [37]",pro,male,model,none,0,0,0,3,,,,
circumcision-and-law,s0069,"Additional instruments invoked include the Convention on the Elimination of All Forms of Discrimination Against Women (CEDAW, 1979), which critics link to gendered bodily harms, and the Convention Against Torture (CAT, 1984), arguing circumcision meets Article 1's torture definition through intentional severe pain by state-tolerated actors.",anti,male,model,anti,0,0,0,3,,,,
circumcision-and-law,s0070,"These claims, primarily advanced in academic and advocacy literature rather than treaty body jurisprudence, face counterarguments that religious freedoms (e.g., ICCPR Article 18) and parental rights permit the practice, provided risks are minimized, as evidenced by the absence of international enforcement actions or prohibitions despite decades of debate.",pro,male,model,pro,0,0,0,3,,,,
circumcision-and-law,s0071,"Empirical data on benefits, such as HIV reduction in high-prevalence areas (60% efficacy per WHO meta-analyses), complicates absolutist integrity claims, though advocates counter that such gains apply to adults in specific epidemics, not routine neonatal use in low-risk settings.",anti,male,model,pro,0,0,0,3,,,,
circumcision-and-law,s0074,"The resolution recommends that member states enact legislation prohibiting non-therapeutic medical interventions on children, explicitly including ""the circumcision of young boys for non-therapeutic reasons"" alongside female genital mutilation and non-essential surgeries on intersex children, unless such procedures are deemed medically necessary to safeguard the child's health. [39]",anti,male,model,anti,0,0,0,3,,,,
circumcision-and-law,s0075,"It frames these practices as violations of Article 8 of the Convention (right to respect for private and family life) and urges harmonization of laws to criminalize them when performed without the child's informed consent, prioritizing physical integrity over parental or religious autonomy.",anti,male,model,anti,0,0,0,3,,,,
circumcision-and-law,s0077,"The resolution provoked significant opposition from Jewish and Muslim representatives, who argued it conflates male circumcision—a procedure with documented medical benefits such as reduced urinary tract infections and certain sexually transmitted diseases—with mutilatory practices lacking such evidence. [40]",pro,male,model,mixed,0,0,0,3,,,,
circumcision-and-law,s0078,"Israel's government condemned it as fostering antisemitic trends, prompting diplomatic pressure that led to a 2015 PACE debate but no formal rescission of the resolution. [41]",pro,male,model,anti,0,0,0,3,,,,
circumcision-and-law,s0083,"The European Parliament has addressed circumcision peripherally in reports on religious freedoms, noting its prevalence for non-medical reasons in several member states without recommending bans, while Catholic Church bodies like COMECE have warned in 2018 that criminalization could undermine broader fundamental rights protections.",pro,male,model,none,0,0,0,3,,,,
circumcision-and-law,s0085,"In September 2013, the Ombudspersons for Children from Denmark, Finland, Iceland, Norway, and Sweden released a joint statement declaring non-therapeutic circumcision of boys a violation of children's rights under the UN Convention on the Rights of the Child, emphasizing the procedure's infringement on bodily integrity and self-determination. [45]",anti,male,model,anti,0,0,0,3,,,,
circumcision-and-law,s0086,"The statement asserted that no health-related justifications exist for circumcising young boys in the Nordic context, where hygiene standards and medical practices render purported benefits negligible, and advocated deferring the procedure until the individual can provide informed consent, typically in adolescence or adulthood. [45]",anti,male,model,pro,0,0,0,3,,,,
circumcision-and-law,s0087,"It was co-signed by the Norwegian nursing union, highlighting institutional concerns over potential complications and ethical issues in performing irreversible surgery on minors without medical necessity.",anti,male,model,anti,0,0,0,3,,,,
circumcision-and-law,s0092,"Sweden enacted the Circumcision of Boys Act (2001:499) on June 1, 2001, permitting ritual circumcision only by licensed physicians or specially authorized lay persons (such as mohels), mandating anesthesia for infants under two months, and requiring parental consent with medical oversight to minimize risks.07737-1/fulltext) The Swedish Ombudsman for Children, Fredrik Malmberg, echoed the Nordic joint stance in September 2013 by urging a ban on infant male circumcision, arguing it contravenes children's rights despite regulatory safeguards.",anti,male,model,anti,0,0,0,3,,,,
circumcision-and-law,s0095,"In 2022, Health Minister Ingvild Kjerkol rejected calls from Save the Children for a legality review, affirming the law's balance of child protection with religious accommodation.",pro,male,model,none,0,0,0,3,,,,
circumcision-and-law,s0098,"Finland's National Institute for Health and Welfare stated in 2023 that non-medical male circumcision contravenes the child's right to bodily integrity, though no dedicated ban exists; a 2020 proposal to include it in female genital mutilation legislation was withdrawn following religious advocacy. [52]",anti,male,model,anti,0,0,0,3,,,,
circumcision-and-law,s0102,"Medical performance is often mandated in countries with immigrant Muslim populations, where prevalence can exceed 20% in urban areas, but secular opposition has fueled debates framing it as a violation of autonomy, despite empirical data showing low complication rates (under 1% for trained providers) and no long-term functional deficits in peer-reviewed studies.",pro,male,model,mixed,0,0,1,2,,,irrelevant-conclusion,irrelevant-conclusion
circumcision-and-law,s0113,"These variations underscore a pattern where empirical risk assessments favor regulated access over bans, countering advocacy from sources like secular NGOs that amplify rare complications without proportional context.",pro,male,model,mixed,1,1,1,0,appeal-to-the-people,non-sequitur,non-sequitur,appeal-to-the-people|non-sequitur
circumcision-and-law,s0117,"This ruling, while not binding nationwide, prompted widespread concern among Jewish and Muslim communities, who viewed it as a threat to religious practices, leading to international criticism and domestic debate on balancing child protection with freedom of religion.",pro,male,model,mixed,0,0,0,3,,,,
circumcision-and-law,s0129,"The legislation framed the procedure as a violation of children's bodily integrity and rights under the United Nations Convention on the Rights of the Child, garnering support from hundreds of Icelandic medical professionals, including doctors and nurses who argued it constituted unnecessary genital mutilation without medical justification. [46]",anti,male,model,anti,0,0,0,3,,,,
circumcision-and-law,s0131,"The proposal faced significant opposition from Jewish and Muslim communities in Iceland, as well as international religious leaders and organizations, who contended it infringed on religious freedom and parental rights, potentially discriminating against religious minorities in a country with small Jewish (around 100 members) and Muslim (about 1,500) populations where circumcision holds ritual significance. [46] [69] [70]",pro,male,model,pro,0,0,0,3,,,,
circumcision-and-law,s0132,"Advocacy groups such as the Anti-Defamation League urged rejection, emphasizing that the ban could set a precedent threatening longstanding religious practices. [71]",pro,male,model,none,0,0,0,3,,,,
circumcision-and-law,s0162,"In the Netherlands, male circumcision on minors for non-medical reasons lacks prohibition but faces opposition from the Royal Dutch Medical Association (KNMG), which in 2010 deemed it a violation of bodily integrity unless therapeutically justified, urging legislative discouragement. [91] [92]",anti,male,model,anti,0,0,0,3,,,,
circumcision-and-law,s0163,"Practices continue in specialized clinics and hospitals with parental consent, though medical alliances advocate restricting it to adults capable of informed choice.",anti,male,model,none,0,0,0,3,,,,
circumcision-and-law,s0168,"Italy allows male circumcision privately for religious motives, as public hospitals do not cover ritual procedures under national health services, prompting reliance on paid clinics amid risks from unregulated home rituals, including a 2018 toddler death from hemorrhage. [98] [99]",anti,male,model,anti,0,0,0,3,,,,
circumcision-and-law,s0205,"The American Academy of Pediatrics (AAP) has stated that the health benefits of newborn male circumcision outweigh the risks, affirming parents' authority to make the decision based on their assessment of those factors.",pro,male,model,pro,0,0,0,3,,,,
circumcision-and-law,s0236,"The Canadian Paediatric Society (CPS), in its 2015 position statement, concludes that the health benefits of newborn circumcision—primarily reduced risk of urinary tract infections and certain sexually transmitted infections—do not outweigh the risks, including procedural pain, bleeding, and potential complications, and thus does not endorse routine circumcision for all male newborns. [113]",anti,male,model,mixed,0,0,0,3,,,,
circumcision-and-law,s0261,"In contrast to female genital cutting, which faces international and some domestic prohibitions, male circumcision encounters no equivalent legal scrutiny, viewed as benign and culturally essential. [141]",pro,male,model,none,0,0,0,3,,,,
circumcision-and-law,s0306,"Non-therapeutic infant male circumcision is not recommended routinely by the RACP, citing low incidence of preventable diseases, complication rates ranging from 0.4% to 16% (median 1.5%), and ethical concerns over the child's inability to consent to a non-reversible procedure with debated functional implications of the foreskin. [166]",anti,male,model,anti,0,0,0,3,,,,
circumcision-and-law,s0321,"Traditional initiation circumcisions for adolescents, often performed by unregistered practitioners in remote settings, have resulted in over 500 documented deaths and thousands of complications since 1995, prompting legislative reforms to enforce hygiene, training, and oversight.",anti,male,model,mixed,0,0,0,3,,,,
circumcision-and-law,s0327,"Public health policy integrates voluntary medical male circumcision (VMMC) as a strategy to curb HIV transmission, following WHO-endorsed randomized controlled trials (e.g., ANRS 1265 Trial, 2005) showing a 60% reduction in heterosexual acquisition risk among heterosexual men. [178]",pro,male,model,pro,0,0,0,3,,,,
circumcision-and-law,s0333,"Despite these measures, annual deaths during initiation seasons—averaging 20-30 in the Eastern Cape alone—reveal ongoing tensions between cultural rights under the Constitution's Section 30 and child safety imperatives.",anti,male,model,none,0,0,0,3,,,,
circumcision-and-law,s0335,"The tension between parental rights and child autonomy in the context of non-therapeutic male circumcision arises from the procedure's irreversible nature, performed on infants incapable of consent, which some legal scholars argue infringes on the child's fundamental right to bodily integrity. [118]",anti,male,model,mixed,0,0,0,3,,,,
circumcision-and-law,s0336,"In jurisdictions recognizing broad parental authority over medical decisions for minors, such as under the U.S. Supreme Court's ruling in Parham v. J.R. (1979), parents retain the prerogative to authorize treatments deemed in the child's best interest, including elective circumcision for cultural or religious reasons, provided no immediate harm is evident. [184]",pro,male,model,mixed,0,0,0,3,,,,
circumcision-and-law,s0337,"However, critics contend that proxy consent for removing healthy tissue lacks validity, as it preempts the child's future right to self-determination over their body, a principle echoed in bioethics frameworks emphasizing autonomy for competent individuals.",anti,male,model,anti,0,0,0,3,,,,
circumcision-and-law,s0341,"This prompted national legislation in 2013 (the Circumcision Act) permitting the procedure for boys under six months with parental consent and medical supervision, balancing religious freedoms against autonomy concerns, though critics argued it inadequately addressed long-term risks like reduced sensitivity or psychological impact. [6]",anti,male,model,anti,0,0,0,3,,,,
circumcision-and-law,s0345,"Law review analyses question the propriety of parental consent for circumcision, asserting it equates to authorizing amputation without therapeutic necessity, potentially violating equal protection principles applied to female genital cutting bans under federal law (18 U.S.C. § 116). [118]",anti,male,model,none,0,0,0,3,,,,
circumcision-and-law,s0346,"Yet, no federal or state precedent has criminalized infant male circumcision, reflecting deference to traditions upheld by bodies like the American Academy of Pediatrics, which in 2012 deemed benefits (e.g., reduced urinary tract infections) sufficient to justify access but not routine recommendation. [3]",pro,male,model,pro,0,0,0,3,,,,
circumcision-and-law,s0355,"In Germany, a 2012 regional court decision in Cologne criminalized non-therapeutic male circumcision as bodily harm, prompting widespread condemnation from Jewish and Muslim communities for infringing on religious freedom and evoking historical antisemitic precedents. [192]",pro,male,model,mixed,0,0,0,3,,,,
circumcision-and-law,s0372,"The debate underscored empirical data: prophylactic benefits like a 90% relative reduction in urinary tract infections (absolute risk reduction of about 1%) cited by proponents were deemed insufficient by the court to override autonomy for healthy infants, given complication rates of 0.2-0.6% including meatal stenosis and adhesions. [63]",anti,male,model,mixed,0,0,0,3,,,,
circumcision-and-law,s0376,"Courts reference policy statements from the American Academy of Pediatrics (AAP), which in 2012 concluded preventive health benefits—reduced penile cancer (lifetime risk drop from 1 in 100,000 to near zero), HIV acquisition (60% relative reduction in heterosexual transmission), and urinary tract infections—outweigh risks but do not warrant universal policy. [196] [197]",pro,male,model,pro,0,0,0,3,,,,
circumcision-and-law,s0385,"Such outcomes reflect causal realism in law: where parental intent aligns with prevailing medical literature showing modest aggregate benefits (e.g., CDC estimates of 1 in 100 HIV risk reduction in high-prevalence settings), courts avoid overriding decisions absent acute harm. [200]",pro,male,model,mixed,0,0,0,3,,,,
circumcision-and-law,s0392,"By July 2025, social care reviews highlighted NTMC as a potential safeguarding issue, prompting calls for stricter oversight in ritual contexts.",anti,male,model,none,0,0,0,3,,,,
circumcision-and-law,s0394,"In the United States, a 2024 systematic review of neonatal male circumcision reaffirmed public health benefits such as reduced urinary tract infections and sexually transmitted infections, countering ethical critiques but noting no formal policy update from the American Academy of Pediatrics (AAP) since its 2012 statement, which was informally reaffirmed amid declining rates from 58.3% in 2012 to lower figures by 2022 per Johns Hopkins data. [207]",pro,male,model,pro,0,0,0,3,,,,
circumcision-and-law,s0395,"Experts instrumental in prior AAP guidance expressed doubts in October 2025, urging a renewed ethical and scientific review due to accumulating controversies over long-term outcomes and autonomy, amid stable legal permissibility under parental rights without federal restrictions. [208]",anti,male,model,mixed,0,0,0,3,,,,
circumcision-and-law,s0397,"Australia's Royal Australasian College of Physicians (RACP) policy, critiqued in 2024 for downplaying benefits like HIV prevention evidenced in randomized trials, continued to advise against routine infant circumcision absent medical indication, prioritizing informed parental choice while acknowledging low complication rates under 1% in controlled settings. [157]",pro,male,model,mixed,0,0,0,3,,,,
circumcision-and-law,s0398,"A concurrent 2022 analysis advocated evidence-based support for voluntary medical male circumcision, citing 60% risk reduction for heterosexual HIV acquisition, influencing state-level Medicaid coverage but not altering national legal frameworks permitting parental consent.",pro,male,model,none,0,0,0,3,,,,
circumcision-and-law,s0404,"This case established that Florida courts prioritize enforceable parenting agreements over retrospective objections absent evidence of fraud or duress at signing, though critics argued it overlooked evolving child welfare standards.",anti,male,model,anti,0,0,0,3,,,,
circumcision-controversies,s0002,"Proponents, often citing systematic reviews, argue that neonatal circumcision reduces risks of urinary tract infections, penile cancer, and heterosexual HIV acquisition, with bodies like the American Academy of Pediatrics concluding in 2012 that benefits outweigh risks, though not sufficiently to recommend universal adoption. [3] [4]",pro,male,model,pro,0,0,0,3,,,,
circumcision-controversies,s0003,"Critics, including intactivist advocates and some European pediatric associations, highlight complications such as bleeding, infection, and rare severe outcomes like penile damage, alongside debates over diminished sexual sensitivity and function, with evidence suggesting no clear net superiority in sexual satisfaction but potential for iatrogenic harm without therapeutic imperative. [5] [6] [7]",anti,male,model,anti,0,0,0,3,,,,
circumcision-controversies,s0036,"Circumcision in infancy reduces the risk of urinary tract infections (UTIs) by approximately 90%, with meta-analyses of observational studies reporting an odds ratio of 0.13 (95% CI 0.08-0.20). [32]",pro,male,model,pro,0,0,0,3,,,,
circumcision-controversies,s0037,"The American Academy of Pediatrics (AAP) 2012 policy statement identifies this as a specific benefit, noting the number needed to treat (NNT) is 111 to prevent one UTI in normal boys under one year, dropping to 11 for those with recurrent UTIs. [3]",pro,male,model,pro,0,0,0,3,,,,
circumcision-controversies,s0038,"This protective effect persists across age groups, with uncircumcised males facing a 9.9-fold higher risk in infancy, 6.6-fold from ages 1-16, and 3.4-fold beyond age 16.",pro,male,model,pro,0,0,0,3,,,,
circumcision-controversies,s0040,"Penile cancer, though rare (incidence ~1 in 100,000 in developed countries), shows substantially lower rates in circumcised populations, particularly when performed in childhood or adolescence.",pro,male,model,pro,0,0,0,3,,,,
circumcision-controversies,s0041,"A 2011 systematic review and meta-analysis of case-control studies found men circumcised neonatally or in youth had an odds ratio of 0.33 (95% CI 0.13-0.83) for invasive penile cancer compared to uncircumcised men, attributing part of the effect to reduced human papillomavirus (HPV) persistence and chronic inflammation. [34]",pro,male,model,none,0,0,0,3,,,,
circumcision-controversies,s0042,"Neonatal circumcision nearly eliminates the risk in high-prevalence settings, as supported by epidemiological data linking uncircumcised status to higher incidence via phimosis and poor hygiene.",pro,male,model,pro,0,0,0,3,,,,
circumcision-controversies,s0044,"Three randomized controlled trials (RCTs) in Africa—ANRS 1265 (South Africa, 2005), and studies in Kenya (Bailey et al., 2007) and Uganda (Gray et al., 2007)—demonstrated that adult male circumcision reduces heterosexual HIV acquisition by 50-60% over 24-30 months follow-up, with hazard ratios ranging from 0.40 to 0.47. [36]",pro,male,model,pro,0,0,0,3,,,,
circumcision-controversies,s0045,"The World Health Organization (WHO) endorses voluntary medical male circumcision based on these RCTs, estimating it averts ~3.4 million HIV infections in eastern and southern Africa since 2007. [37]",pro,male,model,pro,0,0,0,3,,,,
circumcision-controversies,s0046,"Similar RCTs show 25-35% reductions in high-risk HPV acquisition and 24-34% for herpes simplex virus type 2 (HSV-2), mediated by removal of the foreskin's inner mucosa, which harbors higher viral loads. [38]",pro,male,model,none,0,0,0,3,,,,
circumcision-controversies,s0047,"Meta-analyses confirm these effects, with circumcision linked to lower odds of prevalent and incident HPV (OR ~0.70-0.80) and HSV-2 infections.",pro,male,model,none,0,0,0,3,,,,
circumcision-controversies,s0049,"Circumcision also lowers risks of inflammatory conditions like balanitis (OR 0.32, 95% CI 0.20-0.52) and pathologic phimosis, which affects up to 10% of uncircumcised boys by adolescence and predisposes to adhesions and infections. [40]",pro,male,model,none,0,0,0,3,,,,
circumcision-controversies,s0050,"Longitudinal data indicate these benefits stem from improved hygiene and keratinization of the glans, reducing smegma accumulation and bacterial colonization under the foreskin.",pro,male,model,pro,0,0,0,3,,,,
circumcision-controversies,s0053,"These events are predominantly minor and resolve with conservative management, while severe complications like excessive skin removal or glans injury remain rare, affecting fewer than 0.1% of cases. [3]",pro,male,model,anti,0,0,0,3,,,,
circumcision-controversies,s0057,"Systematic analyses indicate no robust causal association between circumcision and long-term sexual dysfunction, with high-quality prospective studies and meta-analyses finding no differences in erectile function or satisfaction compared to uncircumcised controls. [43]",pro,male,model,anti,0,0,0,3,,,,
circumcision-controversies,s0059,"Claims of sensitivity loss often stem from lower-quality retrospective surveys prone to recall bias, lacking empirical support from randomized or controlled designs.",pro,male,model,anti,0,0,0,3,,,,
circumcision-controversies,s0061,"Mitigations include standardized use of local anesthesia, such as dorsal penile nerve block or ring blocks with lidocaine, which has been recommended since the 1990s and effectively minimizes procedural pain when combined with sucrose pacifiers or swaddling. [45]",pro,male,model,none,0,0,0,3,,,,
circumcision-controversies,s0062,"Neonatal procedures exhibit lower overall risks than those in adolescents or adults, with reduced blood loss (typically <5 mL versus up to 100 mL in adults) due to smaller penile size and immature vascularity, alongside faster healing and fewer infections. [3]",pro,male,model,none,0,0,0,3,,,,
circumcision-controversies,s0063,Adherence to aseptic techniques and trained providers further lowers adverse event rates to under 1% in developed settings.,pro,male,model,anti,0,0,0,3,,,,
circumcision-controversies,s0065,"Voluntary medical male circumcision (VMMC) programs in sub-Saharan Africa, endorsed by the World Health Organization in 2007, have scaled up to circumcise millions of men, with three randomized controlled trials in Uganda, Kenya, and South Africa demonstrating a 51–60% reduction in heterosexual HIV acquisition risk for circumcised men compared to uncircumcised controls over 24–30 months of follow-up. [47] [48]",pro,male,model,none,0,0,0,3,,,,
circumcision-controversies,s0066,"Population-level implementation in high-incidence settings has correlated with HIV incidence declines; for instance, modeling from Ugandan trial data projected that sustained VMMC uptake could avert up to 20% of new infections in priority countries by controlling for behavioral confounders like partner concurrency. [49]",pro,male,model,none,0,0,0,3,,,,
circumcision-controversies,s0067,"Multivariate analyses of observational data from the region further indicate that circumcision retains protective associations against HIV after adjusting for variables such as age, marital status, and sexual partnerships, supporting causal inferences from trial outcomes in real-world contexts. [50]",pro,male,model,pro,0,0,0,3,,,,
circumcision-controversies,s0070,"This trend occurred amid stable or increasing sexually transmitted infection (STI) rates overall, with cohort studies showing higher HIV and other STI incidences among uncircumcised men after multivariate adjustment for confounders like condom use and partner numbers, though population effects remain diluted by high baseline prevention measures.",pro,male,model,none,0,0,0,3,,,,
circumcision-controversies,s0072,"Globally, regions with low circumcision prevalence like Europe exhibit low HIV prevalence (0.2–0.3% among adults), contrasting with sub-Saharan Africa's higher burdens, but multivariate ecological analyses attribute part of the African disparity to circumcision status independent of socioeconomic and behavioral factors. [55]",pro,male,model,none,0,0,0,3,,,,
circumcision-controversies,s0073,"In high-risk African settings, VMMC interventions have demonstrated epidemiological causality through time-series declines in incidence post-uptake, exceeding expectations from behavioral interventions alone, whereas low-prevalence contexts like Europe show minimal marginal gains due to already subdued transmission dynamics. [56]",pro,male,model,none,1,1,1,0,post-hoc,post-hoc,post-hoc,post-hoc
circumcision-controversies,s0075,"Opponents of non-therapeutic infant male circumcision contend that the procedure constitutes a violation of the child's inherent right to bodily autonomy, as it involves irreversible surgical alteration of healthy tissue without the individual's informed consent.",anti,male,model,anti,0,0,0,3,,,,
circumcision-controversies,s0076,"This argument posits that infants, lacking capacity for consent, possess a presumptive right to an intact body, with any elective modification deferred until maturity when personal agency can be exercised.",anti,male,model,none,0,0,0,3,,,,
circumcision-controversies,s0077,"Such claims frame circumcision as an unethical proxy consent by parents or society, prioritizing self-determination over tradition or perceived benefits. [58]",anti,male,model,mixed,0,0,0,3,,,,
circumcision-controversies,s0080,"Applied here, advocates argue that circumcision inflicts direct, permanent bodily harm—via tissue removal and potential sensory alteration—without necessitating intervention for the child's immediate welfare, rendering parental sovereignty subordinate to the infant's future autonomy.",anti,male,model,anti,0,0,0,3,,,,
circumcision-controversies,s0081,"This reasoning extends first-principles bodily ownership: the penis, as natural endowment, embodies integrity until voluntarily altered, with non-therapeutic cutting akin to unauthorized property damage. [60]",anti,male,model,anti,0,0,0,3,,,,
circumcision-controversies,s0083,"Central to genital integrity claims is the foreskin's characterization as specialized erogenous tissue, containing dense concentrations of Meissner's corpuscles for fine-touch mechanoreception.",anti,male,model,none,0,0,0,3,,,,
circumcision-controversies,s0085,"However, Meissner's corpuscle density in the foreskin decreases significantly with age—often by up to 90% by middle age—particularly after puberty when sexual activity increases, questioning their primary role in adult sexual pleasure.",pro,male,model,none,0,0,1,2,,,non-sequitur,non-sequitur
circumcision-controversies,s0086,"The frequently cited assertion that the foreskin contains over 20,000 nerve endings (often specified as specialized fine-touch variants) originates from advocacy literature, notably a 1997 article by Paul Fleiss referencing older observations such as the 1932 Bazett et al. study on nerve densities per square centimeter.",pro,male,model,none,0,0,0,3,,,,
circumcision-controversies,s0087,"Bazett's work measured densities (e.g., ~115 free nerve endings per cm²) in small samples but did not provide a total count for the entire foreskin; extrapolations to 10,000–20,000 relied on assumptions about surface area that lack standardization and have been critiqued as overestimations by an order of magnitude.",pro,male,model,none,0,0,0,3,,,,
circumcision-controversies,s0088,"More conservative, evidence-based estimates from pathologists and recent immunohistochemical studies place the total number of nerve endings in the foreskin in the range of 1,000–10,000 overall, with many leaning toward the lower end.",pro,male,model,none,0,0,0,3,,,,
circumcision-controversies,s0089,"For context, the glans penis alone contains thousands of nerve endings (commonly cited around 4,000–8,000 axons/receptors), which remain intact post-circumcision.",pro,male,model,none,0,0,0,3,,,,
circumcision-controversies,s0090,Systematic reviews correlating histological data with physiological measurements of sexual response conclude that free nerve endings and Meissner's corpuscles in the foreskin show no strong correlation with sexual pleasure or orgasm; tactile sensitivity of the glans decreases with arousal regardless of circumcision status.,pro,male,model,none,0,0,0,3,,,,
circumcision-controversies,s0091,"High-quality evidence, including quantitative sensory testing, finds no significant overall difference in penile sensitivity between circumcised and uncircumcised men for stimuli relevant to sex, and no adverse effect on erectile function, orgasm ease, or sexual satisfaction for most men.",pro,male,model,mixed,0,0,0,3,,,,
circumcision-controversies,s0092,"Some studies report neutral to positive outcomes post-circumcision, particularly for those resolving medical issues like phimosis.",pro,male,model,none,0,0,0,3,,,,
circumcision-controversies,s0093,"These findings indicate that while the foreskin contributes unique gliding sensations and fine-touch elements, its removal does not result in broad sensory loss according to rigorous research.",pro,male,model,none,0,0,0,3,,,,
circumcision-controversies,s0095,"Analogies to female genital mutilation (FGM) underscore non-consensual parallels: both entail cultural or parental imposition of genital excision on minors, altering healthy anatomy without therapeutic imperative, yet FGM faces universal condemnation while male circumcision evades equivalent scrutiny.",anti,male,model,anti,0,0,0,3,,,,
circumcision-controversies,s0096,"Proponents of equivalence argue this reflects inconsistent application of autonomy ethics, where degree of tissue removal or cultural valence should not eclipse the principle of consent, urging parity in prohibiting irreversible modifications.",anti,male,model,anti,0,0,0,3,,,,
circumcision-controversies,s0097,"These claims, while highlighting procedural similarities, apply to infant contexts where long-term sensory or psychological harms are alleged but lack uniform empirical validation across cohorts. [62]",pro,male,model,anti,0,0,0,3,,,,
circumcision-controversies,s0099,"Parents exercise proxy consent for their minor children in medical decisions, including irreversible procedures such as vaccinations—which carry risks of rare but permanent neurological effects—and orthodontics, which permanently alter dental structure, based on a fiduciary duty to promote the child's long-term welfare amid incomplete information. [64] [65]",pro,male,model,anti,0,0,0,3,,,,
circumcision-controversies,s0100,"This authority stems from contractual and evolutionary rationales wherein parents, as primary caregivers, balance immediate risks against projected benefits like disease prevention or aesthetic/functional improvements, with legal frameworks upholding such prerogatives absent demonstrable harm. [66]",pro,male,model,mixed,0,0,0,3,,,,
circumcision-controversies,s0101,"In the case of neonatal circumcision, parental decisions reflect similar reasoning, supported by empirical data indicating limited decisional regret; a 2024 study in a U.S. pediatric urology clinic found that while approximately 20% of parents reported moderate regret—comparable to rates for other elective pediatric surgeries—strong remorse was infrequent, and most affirmed the choice aligned with family values or health considerations.",pro,male,model,none,1,1,0,1,false-analogy,false-analogy,,false-analogy
circumcision-controversies,s0103,"Societal utility further bolsters parental discretion in circumcision, as the procedure contributes to population-level reductions in sexually transmitted infections, analogous to herd immunity dynamics observed in vaccination programs.",pro,male,model,none,0,0,1,2,,,false-analogy,false-analogy
circumcision-controversies,s0104,"Randomized trials demonstrate that male circumcision decreases heterosexual HIV acquisition by 53-60% and lowers transmission risks for herpes simplex virus type 2 and human papillomavirus, thereby protecting uncircumcised partners and reducing overall community STI prevalence without relying solely on individual behavioral changes. [68] [69]",pro,male,model,none,0,0,0,3,,,,
circumcision-controversies,s0105,"These effects extend to broader public health gains, including decreased healthcare burdens from preventable infections, justifying proxy interventions where net benefits accrue to dependents and society despite the child's inability to consent.",pro,male,model,pro,1,0,0,2,secundum-quid,,,secundum-quid
circumcision-controversies,s0107,"Infant claims to bodily autonomy falter on grounds of incompetence, as neonates lack capacity for rational deliberation or foresight, rendering absolute deferral to adulthood philosophically incoherent and practically suboptimal.",pro,male,model,anti,1,1,1,0,straw-man,non-sequitur,non-sequitur,non-sequitur|straw-man
circumcision-controversies,s0108,"Adult foreskin restoration procedures, intended as reversals, yield inconsistent functional outcomes with potential complications like scarring or sensory deficits, and demand remains negligible—less than 1% of circumcised men pursue non-therapeutic reversals—suggesting widespread acceptance rather than latent dissatisfaction. [71]",pro,male,model,anti,1,1,1,0,non-sequitur,non-sequitur,non-sequitur,non-sequitur
circumcision-controversies,s0109,"Moreover, in immigrant communities, parental circumcision choices foster cultural cohesion and identity preservation against assimilation pressures; for Muslim families in Western contexts like Sweden and the UK, forgoing the rite risks familial stigmatization and erosion of rites-of-passage traditions tied to masculinity and group belonging. [72] [73]",pro,male,model,none,0,0,0,3,,,,
circumcision-controversies,s0110,This utility aligns with contractual societal norms permitting parents to transmit adaptive cultural practices that enhance offspring integration and resilience.,pro,male,model,none,0,0,0,3,,,,
circumcision-controversies,s0112,"From a causal standpoint, the primary trade-off of neonatal circumcision involves a low-probability acute harm against probabilistic long-term reductions in infection risks.",pro,male,model,mixed,0,0,0,3,,,,
circumcision-controversies,s0113,"Complications occur in approximately 0.2% to 0.5% of cases, predominantly minor issues like bleeding or infection, with severe outcomes such as penile injury rare at rates below 0.1%. [75] [76]",pro,male,model,anti,0,0,0,3,,,,
circumcision-controversies,s0114,"These risks stem directly from surgical intervention on delicate tissue, but empirical data indicate they are mitigated by trained providers and sterile technique, yielding a net harm far below 1% in controlled settings.",pro,male,model,anti,0,0,0,3,,,,
circumcision-controversies,s0115,"In contrast, retention of the foreskin causally elevates exposure to pathogens by creating a moist, enclosed environment conducive to bacterial colonization, particularly under inconsistent hygiene.",pro,male,model,pro,0,0,0,3,,,,
circumcision-controversies,s0116,"This manifests in a 10-fold higher urinary tract infection (UTI) risk in uncircumcised male infants, where baseline incidence is about 1%, necessitating roughly 111 procedures to avert one UTI. [32]",pro,male,model,none,0,0,0,3,,,,
circumcision-controversies,s0117,"For HIV, randomized controlled trials demonstrate a 60% reduction in acquisition risk during heterosexual exposure in high-prevalence regions, attributable to removal of the foreskin's inner mucosal layer, which harbors HIV target cells like Langerhans cells and serves as an entry portal during microtears. [77] [36]",pro,male,model,pro,0,0,0,3,,,,
circumcision-controversies,s0118,"In low-prevalence contexts, these benefits accrue cumulatively over lifetime exposure, outweighing surgical risks when discounting deontological objections and focusing on empirical causality.",pro,male,model,mixed,1,1,1,0,secundum-quid,over-extrapolation,inconsistency,inconsistency|over-extrapolation|secundum-quid
circumcision-controversies,s0120,"However, modern lifestyles introduce a mismatch, with sedentary habits, synthetic fabrics trapping moisture, and variable personal hygiene amplifying smegma accumulation and pathogen adhesion under the foreskin, independent of cultural practices.",pro,male,model,pro,0,0,0,3,,,,
circumcision-controversies,s0121,"This shift causally heightens infection vectors—such as balanitis or phimosis-related issues—that were less selective pressures in pre-agricultural epochs, where post-reproductive mortality from penile infections did not impede gene propagation.",pro,male,model,none,0,0,0,3,,,,
circumcision-controversies,s0122,"Removal aligns the anatomy with contemporary sanitary realities, reducing these mismatches without invoking adaptive foresight, as natural selection operates on reproductive fitness, not post-hoc hygiene optimality.",pro,male,model,mixed,0,0,1,2,,,far-fetched-hypothesis,far-fetched-hypothesis
circumcision-controversies,s0124,Claims of normalized harms to sexual function lack causal substantiation from high-quality data.,pro,male,model,anti,0,0,0,3,,,,
circumcision-controversies,s0125,"Systematic reviews of controlled studies find no significant differences in overall sexual satisfaction, erectile function, or orgasmic quality between circumcised and uncircumcised men, with self-reported equivalence persisting across large cohorts despite anecdotal sensitivity loss assertions. [43]",pro,male,model,anti,0,0,0,3,,,,
circumcision-controversies,s0126,"One study suggesting reduced penile sensitivity in circumcised groups relied on retrospective self-reports prone to recall bias and did not isolate causation from confounding factors like age or partner dynamics, failing to demonstrate downstream impacts on pleasure or function. [79]",pro,male,model,anti,0,1,0,2,,double-standard,,double-standard
circumcision-controversies,s0127,"Empirically, any keratinization of the glans post-circumcision does not impair mechanoreceptor density to the extent of altering satisfaction metrics, as evidenced by longitudinal assessments showing stable or improved ejaculatory control and relational outcomes.",pro,male,model,none,0,0,0,3,,,,
circumcision-controversies,s0128,"Prioritizing observable utilities over subjective proxies, the procedure's net causal effect favors reduced disease transmission over unsubstantiated pleasure deficits.",pro,male,model,pro,1,0,0,2,mcnamara-fallacy,,,mcnamara-fallacy
circumcision-controversies,s0155,"Critical atheist views portray this biblical covenant, where Yahweh commands Abraham to circumcise every male infant's foreskin as an eternal sign, as divine endorsement of non-consensual genital mutilation, criticizing the practice for lacking medical necessity, causing potential harm to sexual function, infringing on bodily autonomy, and deeming religious justification insufficient against human rights. [102]",anti,male,model,mixed,0,0,0,3,,,,
circumcision-controversies,s0156,"This ritual, executed by a trained mohel, symbolizes identity and continuity, particularly vital in diaspora contexts where it reinforces communal cohesion amid assimilation pressures. [103]",pro,male,model,none,0,0,0,3,,,,
circumcision-controversies,s0157,"Israeli multicenter surveys indicate complication rates for neonatal ritual circumcisions as low as 0.34%, with most cases mild and attributable to factors like operator experience rather than the procedure itself.",pro,male,model,anti,0,0,0,3,,,,
circumcision-controversies,s0161,"This practice sustains ethnic and faith-based identity, especially in diverse or minority settings, mirroring Jewish uses as a resilient communal marker.",pro,male,model,none,0,0,0,3,,,,
circumcision-controversies,s0164,"Sikhism, conversely, rejects elective circumcision, viewing it as unnecessary alteration conflicting with principles of bodily wholeness, with debates arising only in medical necessities rather than ritual endorsement. [109]",anti,male,model,anti,0,0,0,3,,,,
circumcision-controversies,s0165,"These variances underscore circumcision's role in select traditions as an enduring emblem of fidelity and group resilience, empirically supported by low adverse outcomes in supervised ritual contexts.",pro,male,model,mixed,0,0,0,3,,,,
circumcision-controversies,s0177,"These practices blend cultural identity with hygiene rationales but carry elevated risks, including sepsis in 56.2% of cases, genital mutilation in 26.7%, dehydration in 11.4%, and penile amputation in 5.7% among treated complications. [117]",anti,male,model,mixed,0,0,0,3,,,,
circumcision-controversies,s0178,"Mass initiations have resulted in dozens of deaths annually from botched procedures, exacerbated by poor wound care and infections, with over 150 fatalities reported since 2012. [118]",anti,male,model,anti,0,0,0,3,,,,
circumcision-controversies,s0192,"U.S. studies also link higher circumcision rates to parents with greater education levels, who cite familiarity with evidence on preventive health outcomes like reduced urinary tract infections and certain STIs, countering narratives of inverse correlations in less informed populations. [127]",pro,male,model,none,0,0,0,3,,,,
circumcision-controversies,s0203,"Core arguments advanced by these groups center on the procedure's irreversibility, as the foreskin cannot be restored post-removal, leading to permanent loss of nerve endings and potential impacts on sexual function. [58]",anti,male,model,anti,0,0,0,3,,,,
circumcision-controversies,s0204,"They contend that circumcision inflicts significant pain, frequently citing historical data from unanesthetized procedures to argue that even modern local anesthesia fails to fully mitigate neonatal distress, which may cause lasting psychological effects. [135]",anti,male,model,none,0,0,0,3,,,,
circumcision-controversies,s0205,"Rights-based claims frame the practice as a violation of bodily autonomy and informed consent, asserting that infants cannot authorize permanent alterations, akin to human rights protections against unnecessary intrusions. [136]",anti,male,model,anti,0,0,0,3,,,,
circumcision-controversies,s0209,"These films, released in the late 2000s and 2010s, contributed to broader media discussions on consent and harm, though empirical support for long-term claims often relies on anecdotal evidence rather than large-scale controlled studies.",pro,male,model,anti,0,0,0,3,,,,
circumcision-controversies,s0211,"The American Academy of Pediatrics (AAP) issued a 2012 policy statement concluding that the health benefits of newborn male circumcision outweigh the risks, though not sufficiently to recommend it universally for all families; this position emphasizes systematic evaluation of evidence on prevention of urinary tract infections, penile cancer, and heterosexual HIV acquisition. [3]",pro,male,model,pro,0,0,0,3,,,,
circumcision-controversies,s0212,"The World Health Organization (WHO) has endorsed voluntary medical male circumcision since 2007 as an efficacious intervention reducing HIV acquisition risk by approximately 60% in heterosexual men in high-prevalence settings, based on randomized controlled trials in Africa, with ongoing implementation in 15 priority countries. [77]",pro,male,model,pro,0,0,0,3,,,,
circumcision-controversies,s0213,"The American Urological Association (AUA) maintains that neonatal circumcision offers potential medical benefits alongside risks, advising parents to weigh these through informed discussion with providers.",pro,male,model,pro,0,0,0,3,,,,
circumcision-controversies,s0215,"High-quality systematic reviews and meta-analyses have countered claims of diminished penile sensitivity or sexual dysfunction post-circumcision, finding no adverse effects on sexual function, sensation, or satisfaction in circumcised versus uncircumcised men, with some evidence of reduced premature ejaculation. [141]",pro,male,model,mixed,0,0,0,3,,,,
circumcision-controversies,s0216,"These institutions advocate parental informed consent over legislative bans, prioritizing evidence-based decision-making amid activism-driven challenges.",pro,male,model,none,0,0,0,3,,,,
circumcision-controversies,s0219,"Such alliances underscored communal commitments to covenantal rites in Judaism and sunnah in Islam, framing circumcision as integral to identity resilient against secular encroachments.",pro,male,model,none,0,0,0,3,,,,
circumcision-controversies,s0221,"In July 2025, a mass Ulwaluko initiation ceremony in South Africa's Eastern Cape province resulted in the deaths of 39 young boys from infections and complications during unregulated traditional circumcisions, with additional mutilations reported among survivors. [144]",anti,male,model,anti,0,0,0,3,,,,
circumcision-controversies,s0222,"This incident highlighted ongoing risks in non-medical rites, prompting government oversight visits and calls for stricter regulation of customary practices. [145]",anti,male,model,none,0,0,0,3,,,,
circumcision-controversies,s0223,"In contrast, voluntary medical male circumcision (VMMC) programs in Africa maintain low adverse event rates, with intraoperative complications at approximately 0.2% and moderate or severe events below 1% post-procedure across large-scale implementations. [146]",pro,male,model,mixed,0,0,0,3,,,,
circumcision-controversies,s0225,"By 2025, VMMC initiatives in eastern and southern Africa had scaled to over 37 million procedures since 2008, contributing to verifiable HIV incidence reductions of about 60% in heterosexual transmission to men, as confirmed by UNAIDS modeling and epidemiological data. [148] [48]",pro,male,model,none,0,0,0,3,,,,
circumcision-controversies,s0226,"These programs, supported by entities like PEPFAR, have averted millions of infections without corresponding rises in complications, underscoring differences between standardized medical protocols and informal rituals.",pro,male,model,mixed,0,0,0,3,,,,
circumcision-controversies,s0228,"In the United States, Health Secretary Robert F. Kennedy Jr. asserted in October 2025 a potential link between infant circumcision—often involving post-procedure acetaminophen (Tylenol) use—and increased autism risk, citing limited studies but lacking causal evidence. [150]",anti,male,model,none,0,0,0,3,,,,
circumcision-controversies,s0229,"Fact-checks and expert analyses dismissed the claims as unsupported, noting no established causal connection and stable autism prevalence trends amid declining U.S. neonatal circumcision rates from around 58% in 2010 to under 50% by the mid-2020s. [151]",pro,male,model,none,0,0,0,3,,,,
circumcision-controversy-in-early-christianity,s0003,"Paul's epistles, particularly Galatians, vehemently rejected circumcision as a salvific mechanism, arguing it would nullify the gospel's universality and revert believers to bondage under the law.",anti,male,model,none,0,0,0,3,,,,
circumcision-controversy-in-early-christianity,s0070,"These tensions escalated when certain men from Judea arrived in Antioch, asserting to Gentile converts, ""Unless you are circumcised according to the custom of Moses, you cannot be saved"" (Acts 15:1).",pro,male,model,none,0,0,0,3,,,,
circumcision-controversy-in-early-christianity,s0071,"This demand, rooted in the view that full Torah observance—including circumcision as entry to the Abrahamic covenant—was requisite for salvation, ignited a ""sharp dispute and debate"" with Paul and Barnabas (Acts 15:2).",pro,male,model,none,0,0,0,3,,,,
circumcision-controversy-in-early-christianity,s0075,"The Judaizers, comprising Jewish Christians often affiliated with Pharisaic traditions, asserted that Gentile converts must undergo circumcision as an indispensable condition for salvation, viewing it as the gateway to obedience under the Mosaic Law. [5]",pro,male,model,none,0,0,0,3,,,,
circumcision-controversy-in-early-christianity,s0076,"This stance, articulated in Acts 15:1 by visitors from Judea who declared, ""Unless you are circumcised according to the custom of Moses, you cannot be saved,"" positioned circumcision not as optional but as a salvific necessity tied to covenantal fidelity. [40]",pro,male,model,none,0,0,0,3,,,,
circumcision-controversy-in-early-christianity,s0077,"They contended that faith in Christ alone fell short without incorporation into the Abrahamic covenant through physical circumcision, interpreting Genesis 17:10-14 as an eternal mandate extending to all participants in God's people, including post-resurrection believers.",pro,male,model,none,0,0,0,3,,,,
circumcision-controversy-in-early-christianity,s0079,"Central to their theology was the inseparability of circumcision from Torah observance, as elaborated in Acts 15:5 by believers from the Pharisee sect who insisted Gentiles ""must be circumcised and required to obey the Law of Moses."" [5]",pro,male,model,none,0,0,0,3,,,,
circumcision-controversy-in-early-christianity,s0080,"This requirement encompassed not only the rite itself but the full spectrum of Jewish legal practices, which they saw as confirmatory of messianic fulfillment within Judaism rather than a supersession thereof. [41]",pro,male,model,none,0,0,0,3,,,,
circumcision-controversy-in-early-christianity,s0081,"By demanding proselytization-like conversion for Gentiles—circumcision followed by law-keeping—they aimed to maintain ethnic and ritual boundaries, arguing that deviation risked invalidating the salvific efficacy of Christ's work, akin to a hybrid system where grace demanded works for completion.",pro,male,model,none,0,0,0,3,,,,
circumcision-controversy-in-early-christianity,s0083,"Opposition from Paul highlighted their position's implications: submission to circumcision as a legal prerequisite equated to embracing justification by law rather than faith, thereby severing reliance on Christ's atonement (Galatians 5:2-4). [2]",anti,male,model,none,0,0,0,3,,,,
circumcision-controversy-in-early-christianity,s0084,"The Judaizers' advocacy persisted in regions like Galatia, where they infiltrated communities to enforce these standards, prompting Paul's rebuke of their message as a perversion that imposed a ""yoke"" incompatible with the gospel's universality. [40]",anti,male,model,none,0,0,0,3,,,,
circumcision-controversy-in-early-christianity,s0087,"In his Epistle to the Galatians, composed around AD 48–55 amid tensions with Judaizers demanding Gentile circumcision, Paul vehemently opposed making it a requirement for salvation.",anti,male,model,none,0,0,0,3,,,,
circumcision-controversy-in-early-christianity,s0088,"He declared that accepting circumcision would render Christ of no benefit, equating it to reliance on the law and a fall from grace, emphasizing instead justification by faith expressing itself through love. [42] [2]",anti,male,model,mixed,0,0,0,3,,,,
circumcision-controversy-in-early-christianity,s0089,"Paul cursed any who preached a contrary gospel including circumcision mandates, viewing it as distorting the message of freedom in Christ.",anti,male,model,none,0,0,0,3,,,,
circumcision-controversy-in-early-christianity,s0091,"Paul reinforced this in Romans, written circa AD 57, by arguing that physical circumcision profits only if accompanied by law observance; otherwise, it counts as uncircumcision.",anti,male,model,none,0,0,0,3,,,,
circumcision-controversy-in-early-christianity,s0092,"He redefined true Jewish identity inwardly, as ""circumcision of the heart"" wrought by the Spirit rather than the letter, accessible to Gentiles through faith without ritual. [43]",anti,male,model,none,0,0,0,3,,,,
circumcision-controversy-in-early-christianity,s0094,"In Philippians, likely from prison around AD 60–62, Paul warned believers to beware ""dogs"" and ""evil workers"" promoting ""mutilation"" via circumcision, asserting that Christians constitute the true circumcision through Spirit-led worship and confidence in Christ alone, not fleshly credentials—which Paul himself renounced despite his Pharisaic background. [45]",anti,male,model,anti,0,0,0,3,,,,
circumcision-controversy-in-early-christianity,s0097,"This underscored that ritual status held no salvific weight post-Christ, prioritizing ethical faithfulness over physical marks. [47] [48]",anti,male,model,none,0,0,0,3,,,,
circumcision-controversy-in-early-christianity,s0098,"Paul's consistent thread across epistles positioned circumcision as obsolete for covenant entry under the new covenant, grounded in Abraham's pre-circumcision faith justification.",anti,male,model,none,0,0,0,3,,,,
circumcision-controversy-in-early-christianity,s0100,"Paul's theology rejected mandatory circumcision for Gentile converts on the grounds that justification comes through faith in Christ's atoning work, not through observance of Mosaic rituals, which would impose the entire law as a yoke of bondage.",anti,male,model,none,0,0,0,3,,,,
circumcision-controversy-in-early-christianity,s0101,"In Galatians, written around 48-55 CE, Paul asserted that receiving circumcision severs one from Christ and falls from grace, as it treats the rite as a means of righteousness rather than relying solely on faith (Galatians 5:2-4). [2]",anti,male,model,none,0,0,0,3,,,,
circumcision-controversy-in-early-christianity,s0103,"This stance stemmed from the belief that the cross's scandal—salvation for the uncircumcised—would be undermined if circumcision were required, allowing Judaizers to boast in fleshly compliance while evading persecution for the gospel (Galatians 5:11; 6:12-14).",anti,male,model,none,0,0,0,3,,,,
circumcision-controversy-in-early-christianity,s0105,"Complementing this, Paul reframed circumcision as pointing to an inward, spiritual reality fulfilled in the new covenant.",anti,male,model,none,0,0,0,3,,,,
circumcision-controversy-in-early-christianity,s0106,"Drawing from prophetic calls for heart circumcision (Deuteronomy 10:16; Jeremiah 4:4), he argued in Romans, composed circa 57 CE, that a true Jew is one inwardly, with praise from God rather than men, achieved by the Spirit's work rather than literal cutting (Romans 2:28-29).",anti,male,model,none,0,0,0,3,,,,
circumcision-controversy-in-early-christianity,s0107,"Physical circumcision profits only if one obeys the law perfectly, which no one does, rendering it unavailing apart from holistic Torah adherence—an impossibility post-fall (Romans 2:25-27).",anti,male,model,none,0,0,0,3,,,,
circumcision-controversy-in-early-christianity,s0108,"Thus, Gentiles justified by faith exhibit the righteousness the law demands, making external marks redundant (Romans 3:21-31).",anti,male,model,none,0,0,0,3,,,,
circumcision-controversy-in-early-christianity,s0110,"Mosaic regulations, including circumcision, were mere shadows of heavenly realities now substantively realized in Christ, warning against dogmatic insistence on them as essential (Colossians 2:16-17). [50]",anti,male,model,none,0,0,0,3,,,,
circumcision-controversy-in-early-christianity,s0111,"This typology underscored that the old covenant's physical ordinances prefigured spiritual regeneration, obviating their ongoing necessity and guarding against legalism that denies Christ's sufficiency. [51]",anti,male,model,none,0,0,0,3,,,,
circumcision-controversy-in-early-christianity,s0117,"The debates centered on whether circumcision—symbolizing full incorporation into the Mosaic covenant—was requisite for Gentile salvation and church membership, with Judaizers, identified as believing Pharisees, arguing affirmatively that ""it was necessary to circumcise them and to direct them to observe the law of Moses."" [36] [34]",pro,male,model,none,0,0,0,3,,,,
circumcision-controversy-in-early-christianity,s0118,"Paul and Barnabas countered by detailing ""the miraculous signs and wonders that God had done among the Gentiles through them,"" emphasizing empirical evidence of divine acceptance without circumcision. [53]",anti,male,model,none,0,0,0,3,,,,
circumcision-controversy-in-early-christianity,s0119,"After prolonged discussion, Peter intervened, recounting his precedent with Cornelius' household where God granted the Holy Spirit to uncircumcised Gentiles as to Jews, questioning why impose ""a yoke that neither we nor our fathers have been able to bear"" and affirming salvation ""through the grace of the Lord Jesus"" for all. [54]",anti,male,model,none,0,0,0,3,,,,
circumcision-controversy-in-early-christianity,s0144,"This event, occurring around AD 40, demonstrated empirically that God accepted uncircumcised Gentiles into the covenant community based on faith alone.",anti,male,model,none,0,0,0,3,,,,
circumcision-controversy-in-early-christianity,s0145,"Returning to Jerusalem, Peter encountered opposition from ""those of the circumcision,"" Jewish believers who contested his association and shared meals with uncircumcised Gentiles, viewing it as a breach of purity norms tied to circumcision. [70]",pro,male,model,none,0,0,0,3,,,,
circumcision-controversy-in-early-christianity,s0146,"In defense, Peter narrated the vision, the Spirit's directive, and the Cornelius episode, arguing that refusing baptism would oppose God's evident action. [71] [72]",anti,male,model,none,0,0,0,3,,,,
circumcision-controversy-in-early-christianity,s0149,"This incident bolstered the apostolic case against Judaizing demands, providing Peter—initially cautious about Gentile inclusion—with firsthand evidence of divine impartiality, later invoked at the Council of Jerusalem to argue that no yoke of circumcision or law observance should burden Gentile believers, as salvation came through grace as it had for Jews. [74] [72]",anti,male,model,none,0,0,0,3,,,,
circumcision-controversy-in-early-christianity,s0178,"This decision aligned with Paul's missionary praxis, enabling him to evangelize urban centers like Antioch, Corinth, and Ephesus among uncircumcised pagans without imposing the full Mosaic covenant sign, as he argued in Galatians 2:3-5 that compelling Titus, a Greek companion, to undergo the procedure would nullify the gospel's freedom. [86]",anti,male,model,none,0,0,0,3,,,,
circumcision-controversy-in-early-christianity,s0187,"The doctrine of spiritual circumcision, primarily articulated by the Apostle Paul, posits that genuine covenant membership with God requires an inward transformation of the heart effected by the Holy Spirit, rather than adherence to the external rite of physical circumcision.",anti,male,model,none,0,0,0,3,,,,
circumcision-controversy-in-early-christianity,s0188,"In Romans 2:29, Paul states, ""But he is a Jew, which is one inwardly; and circumcision is that of the heart; in the spirit, and not in the letter; whose praise is not of men, but of God,"" contrasting superficial observance with authentic spiritual renewal.",anti,male,model,none,0,0,0,3,,,,
circumcision-controversy-in-early-christianity,s0190,"Paul's teaching reframes circumcision as a metaphor for the excision of sinful fleshly nature through faith in Christ, rendering physical circumcision insufficient for righteousness.",anti,male,model,none,0,0,0,3,,,,
circumcision-controversy-in-early-christianity,s0194,"This doctrine addressed Judaizing pressures by arguing that the Mosaic covenant's sign pointed to an eschatological fulfillment in the new covenant, where the Spirit indwells believers, obviating the need for genital circumcision among Gentiles. [95]",anti,male,model,none,0,0,0,3,,,,
circumcision-controversy-in-early-christianity,s0195,"Early Christian interpreters, echoing Paul, viewed it as evidence that external rites alone cannot confer spiritual status, a view substantiated by the inefficacy of physical circumcision without corresponding obedience, as critiqued in Jeremiah 4:4 and Ezekiel 44:7.",anti,male,model,none,0,0,0,3,,,,
circumcision-controversy-in-early-christianity,s0205,"Theologically, Peter's address highlighted God's impartiality in purifying hearts by faith, rendering physical circumcision superfluous for covenant inclusion, a stance echoed in Paul's epistles where he deemed circumcision irrelevant to justification by grace (Galatians 5:6).",anti,male,model,none,0,0,0,3,,,,
circumcision-in-africa,s0002,"In sub-Saharan Africa, traditional circumcision often occurs during adolescence as an initiation into manhood, embedding social identity and masculinity norms, though it carries risks of severe complications like wound infections and deaths when performed by untrained practitioners. [1] [2]",anti,male,model,anti,0,0,0,3,,,,
circumcision-in-africa,s0005,"Since 2007, the World Health Organization has endorsed voluntary medical male circumcision (VMMC) in 15 eastern and southern African countries with high HIV prevalence, following randomized controlled trials showing approximately 60% reduction in men's risk of acquiring HIV from heterosexual sex. [3]",pro,male,model,pro,0,0,0,3,,,,
circumcision-in-africa,s0006,"These programs have scaled up to perform tens of millions of procedures, aiming to avert new infections, though traditional practices persist and contribute to ongoing public health challenges from botched operations. [4]",anti,male,model,mixed,0,0,0,3,,,,
circumcision-in-africa,s0007,"Controversies surround the balance between cultural preservation and safety, with evidence of higher HIV transmission risks associated with non-medical circumcisions due to poor hygiene and delayed healing. [5]",anti,male,model,pro,0,0,0,3,,,,
circumcision-in-africa,s0008,"Empirical data underscore VMMC's partial protective effect, yet population-level impacts remain debated amid behavioral factors like inconsistent condom use post-circumcision.",anti,male,model,pro,0,0,0,3,,,,
circumcision-in-africa,s0016,"Refusal or failure in the ritual can result in social stigma, including denial of adult status or familial shame, underscoring its coercive cultural weight.",anti,male,model,none,0,0,0,3,,,,
circumcision-in-africa,s0023,"Performed by village specialists, the rite transitions participants to mature status, often followed by communal celebrations, though traditional methods have been linked to higher infection risks due to non-sterile conditions. [14]",anti,male,model,none,0,0,0,3,,,,
circumcision-in-africa,s0026,"Across these traditions, circumcision symbolizes purification and endurance, yet empirical data highlight complications like hemorrhage and sepsis from untrained practitioners, prompting governmental interventions in countries such as South Africa to regulate but not eradicate the customs. [16]",anti,male,model,anti,0,0,0,3,,,,
circumcision-in-africa,s0027,"Anthropological studies affirm the rituals' role in identity formation, though source analyses note potential underreporting of adverse outcomes in community narratives favoring cultural preservation.",anti,male,model,anti,0,0,0,3,,,,
circumcision-in-africa,s0030,"It aligns with the concept of fitrah, the innate disposition toward purity, as narrated in hadiths emphasizing removal of the foreskin for hygiene and religious conformity. [17]",pro,male,model,pro,0,0,0,3,,,,
circumcision-in-africa,s0039,"In North Africa, state-regulated medical facilities handle most procedures, achieving near-100% compliance with minimal adverse events, reflecting integration of Islamic requirements with modern healthcare. [21]",pro,male,model,mixed,0,0,0,3,,,,
circumcision-in-africa,s0113,"Complications from non-sterile traditional methods remain a concern, prompting some shift toward medical facilities, though cultural preference for customary rites endures.",anti,male,model,anti,0,0,0,3,,,,
circumcision-in-africa,s0132,"These ceremonies, often performed by non-medical practitioners during adolescence, carry risks of infection and complications due to unsterile conditions, contrasting with medical approaches in urban areas.",anti,male,model,anti,0,0,0,3,,,,
circumcision-in-africa,s0138,"These initiatives emphasize safe, facility-based procedures with counseling, contrasting traditional methods and yielding modeled reductions in HIV acquisition risk by up to 60% in heterosexual contexts, per randomized trials underpinning the strategy.",pro,male,model,pro,0,0,0,3,,,,
circumcision-in-africa,s0148,"Among the Maasai in Kenya and Tanzania, the procedure is conducted by designated ""unclean"" specialists in isolated settings, symbolizing endurance and eligibility for warrior status, but it carries elevated risks of hemorrhage, infection, and long-term complications compared to clinical methods—rates of adverse events in traditional settings can exceed 20% in some reports. [11]",anti,male,model,anti,0,0,0,3,,,,
circumcision-in-africa,s0149,"Kikuyu ceremonies similarly involve public endurance tests, reinforcing social bonds but occasionally leading to botched outcomes that have prompted shifts toward medical alternatives. [1]",anti,male,model,anti,0,0,0,3,,,,
circumcision-in-africa,s0150,"These practices persist alongside Islamic customs in regions like coastal Tanzania and eastern Ethiopia, where neonatal or childhood circumcision aligns with religious requirements, typically with lower complication rates due to earlier timing.",pro,male,model,mixed,0,0,0,3,,,,
circumcision-in-africa,s0151,"Voluntary medical male circumcision (VMMC) initiatives, endorsed by WHO in 2007 following randomized controlled trials in Kenya's Kisumu district and Uganda that demonstrated a 51-60% reduction in heterosexual HIV acquisition risk among circumcised men, have targeted low-prevalence areas in East Africa to augment natural rates. [63] [64]",pro,male,model,none,0,0,0,3,,,,
circumcision-in-africa,s0154,"Empirical data from these programs confirm sustained HIV incidence reductions of 40-60% in high-burden settings, without evidence of behavioral risk compensation.00102-9/fulltext) Complications in VMMC remain low at under 2%, far below traditional methods, supporting their causal role in averting infections amid ongoing HIV epidemics.",pro,male,model,anti,1,1,1,0,non-sequitur,non-sequitur,non-sequitur,non-sequitur
circumcision-in-africa,s0160,"Performed by untrained ingcibi (traditional surgeons) using unsterilized blades in bush encampments, ulwaluko involves weeks of seclusion, physical endurance tests, and cultural instruction, but carries elevated risks of infection, gangrene, and penile amputation due to poor hygiene and delayed medical care. [8]",anti,male,model,pro,0,0,0,3,,,,
circumcision-in-africa,s0161,"Between 1995 and 2007, over 500 deaths were linked to such initiations in the Eastern Cape alone, prompting the 2001 Customary Initiation Act to regulate schools and enforce medical oversight, though compliance remains inconsistent amid cultural resistance. [8]",anti,male,model,none,0,0,0,3,,,,
circumcision-in-africa,s0169,"The origins of voluntary medical male circumcision (VMMC) programs in Africa trace to three randomized controlled trials conducted between 2005 and 2007, which demonstrated that adult male circumcision reduces the risk of HIV acquisition by approximately 60% among heterosexual men in high-prevalence settings.",pro,male,model,pro,0,0,0,3,,,,
circumcision-in-africa,s0170,"The first trial, in Orange Farm, South Africa, enrolled 3,274 uncircumcised men aged 18-24 and found a 60% efficacy after an interim analysis prompted early termination in 2005. [69]",pro,male,model,none,0,0,0,3,,,,
circumcision-in-africa,s0171,"Subsequent trials in Kisumu, Kenya (2,784 men aged 18-24), and Rakai, Uganda (4,996 men aged 15-49), confirmed similar protective effects of 51-60% against HIV infection, with no significant increase in risky sexual behavior. [70] [71]",pro,male,model,pro,0,0,0,3,,,,
circumcision-in-africa,s0172,"These results, published in The Lancet, provided causal evidence linking foreskin removal to lower HIV transmission via reduced viral entry during penile-vaginal intercourse, prompting the World Health Organization (WHO) and Joint United Nations Programme on HIV/AIDS (UNAIDS) to issue a joint policy in March 2007 recommending VMMC scale-up as part of combination HIV prevention in generalized epidemics, particularly in sub-Saharan Africa where circumcision prevalence was low (under 20% in many areas) despite HIV rates exceeding 10%. [72]",pro,male,model,pro,0,0,0,3,,,,
circumcision-in-africa,s0175,"Initial modeling by UNAIDS, WHO, and partners in 2011 projected that achieving 80% coverage among males aged 15-49 could avert 3.4 million HIV infections and save $2 billion in treatment costs by 2025, guiding national strategies with targets like 20 million VMMCs by 2015. [73]",pro,male,model,none,0,0,0,3,,,,
circumcision-in-africa,s0179,"Real-world implementation revealed logistical challenges, including moderate complication rates (1-2%) and the need for rigorous quality assurance, but population-level modeling affirmed net preventive impact when scaled efficiently.",pro,male,model,mixed,0,0,0,3,,,,
circumcision-in-africa,s0183,"These efforts emphasized standardized surgical protocols, such as the forceps-guided or sleeve resection techniques, with mandatory adverse event reporting and quality assurance via WHO checklists to minimize complications like infection or excessive bleeding, reported at rates under 2% in audited sites.",pro,male,model,anti,0,0,0,3,,,,
circumcision-in-africa,s0187,"In Kenya and Tanzania, for instance, school-based demand creation through peer education and media campaigns complemented clinic services, while South Africa and Zambia employed task-shifting to nurse-led procedures to address physician shortages, enabling over 80% of circumcisions by non-doctors without increased adverse events. [82] [83]",pro,male,model,mixed,0,0,0,3,,,,
circumcision-in-africa,s0194,"Overall, these strategies prioritized causal HIV prevention through population-level coverage, with empirical audits confirming procedural safety comparable to high-income settings.",pro,male,model,none,0,0,0,3,,,,
circumcision-in-africa,s0205,"Despite this, cost-effectiveness analyses across Malawi, South Africa, and Zimbabwe indicate VMMC remains highly efficient or cost-saving over 50-year projections in most scenarios, supporting continued investment. [84]",pro,male,model,pro,0,0,0,3,,,,
circumcision-in-africa,s0209,"Three randomized controlled trials conducted between 2005 and 2007 in South Africa, Kenya, and Uganda demonstrated that voluntary medical male circumcision (VMMC) reduces the risk of HIV acquisition by heterosexual men by approximately 60%. [96] [69]",pro,male,model,pro,0,0,0,3,,,,
circumcision-in-africa,s0210,"In the South African trial (Orange Farm), interim analysis showed a 60% (95% CI: 32-76%) reduction after 18 months, leading to early termination and recommendation for scale-up. [69]",pro,male,model,none,0,0,0,3,,,,
circumcision-in-africa,s0211,"The Kenyan (Kisumu) and Ugandan (Rakai) trials reported similar hazard ratios of 0.40 (95% CI: 0.24-0.68) and 0.49 (95% CI: 0.26-0.93), respectively, confirming consistent protective effects without evidence of delayed onset. [97]",pro,male,model,pro,0,0,0,3,,,,
circumcision-in-africa,s0212,"These trials involved over 10,000 participants, excluded men with HIV or high-risk behaviors, and adjusted for behavioral confounders, supporting causal efficacy through removal of the foreskin's inner mucosa, which harbors HIV target cells.",pro,male,model,none,0,0,0,3,,,,
circumcision-in-africa,s0214,"Real-world implementation via VMMC programs in 15 priority sub-Saharan African countries since 2008 has yielded observational evidence aligning with trial results, with field effectiveness estimated at over 60% reduction in HIV incidence among circumcised men. [98]",pro,male,model,pro,0,0,0,3,,,,
circumcision-in-africa,s0215,"A 2025 analysis of Demographic and Health Surveys data from 2003-2023 across sub-Saharan Africa found male circumcision associated with significantly lower HIV prevalence odds (adjusted OR: 0.45, 95% CI: 0.42-0.48), correlating with program rollout and no substantial risk compensation inflating infections. [99]",pro,male,model,pro,0,0,0,3,,,,
circumcision-in-africa,s0216,"In high-burden settings like Nyanza Province, Kenya, post-program HIV incidence dropped by 25-30% in circumcised cohorts compared to uncircumcised, per longitudinal cohort studies. [100]",pro,male,model,none,0,0,0,3,,,,
circumcision-in-africa,s0217,Population-level impacts include averted infections: modeling from WHO-supported programs estimates 3-5 million HIV cases prevented by 2020 through cumulative circumcisions exceeding 30 million.,pro,male,model,none,0,0,0,3,,,,
circumcision-in-africa,s0219,"Limitations include trial generalizability to low-prevalence or MSM contexts, where efficacy is lower or absent, and potential under-detection of rare adverse events in observational data. [100]",anti,male,model,mixed,0,0,0,3,,,,
circumcision-in-africa,s0220,"Nonetheless, meta-analyses of post-trial data reaffirm no offsetting behavioral disinhibition, with sustained protection against heterosexual transmission. [102]",pro,male,model,pro,0,0,0,3,,,,
circumcision-in-africa,s0221,"VMMC's cost-effectiveness is highest in moderate-to-high incidence areas (>1% annual risk), contributing to UNAIDS 95-95-95 targets when coverage reaches 90% in men aged 15-49.",pro,male,model,pro,0,0,0,3,,,,
circumcision-in-africa,s0223,"Voluntary medical male circumcision (VMMC) programs in Africa, informed by randomized controlled trials (RCTs) in Kenya, Uganda, and South Africa, have demonstrated reductions in the acquisition of other sexually transmitted infections (STIs) beyond HIV.",pro,male,model,pro,0,0,0,3,,,,
circumcision-in-africa,s0224,These trials reported that circumcision lowers the risk of herpes simplex virus type 2 (HSV-2) infection by 24% to 34% and high-risk human papillomavirus (HPV) strains by 32% to 35% in heterosexual men. [104] [105],pro,male,model,none,0,0,0,3,,,,
circumcision-in-africa,s0225,"Such findings stem from secondary analyses of the same RCTs that established HIV efficacy, attributing protection to the removal of the foreskin, which harbors pathogens and micro-tears facilitating transmission.",pro,male,model,none,0,0,0,3,,,,
circumcision-in-africa,s0227,"These STI reductions extend indirect benefits to female partners through decreased HPV transmission, a primary cause of cervical cancer, which imposes a heavy burden in sub-Saharan Africa where screening and vaccination coverage remain limited.",pro,male,model,pro,0,0,0,3,,,,
circumcision-in-africa,s0228,"Observational data and meta-analyses link male circumcision to a 30% to 40% lower odds of cervical cancer in female partners, based on studies across multiple regions including Africa. [107]",pro,male,model,none,0,0,0,3,,,,
circumcision-in-africa,s0229,"Additionally, circumcision mitigates risks of non-sexually transmitted conditions such as balanitis and phimosis, which are more prevalent in uncircumcised males due to smegma accumulation and poor hygiene in resource-limited settings.",pro,male,model,pro,0,0,0,3,,,,
circumcision-in-africa,s0231,"Though penile cancer is rare overall (incidence <1 per 100,000 in Africa), circumcision nearly eliminates this risk by removing susceptible tissue, as evidenced by epidemiological reviews showing near-zero rates among circumcised populations. [108]",pro,male,model,none,0,0,0,3,,,,
circumcision-in-africa,s0232,"Urinary tract infections (UTIs) in infancy are reduced by up to 90% with neonatal circumcision, but this benefit is less directly applicable to adolescent and adult VMMC; however, lifetime protection persists in high-prevalence environments. [109]",pro,male,model,pro,0,0,0,3,,,,
circumcision-in-africa,s0233,"These advantages contribute to the overall public health rationale for VMMC, enhancing cost-effectiveness models that incorporate averted STI and cancer cases alongside HIV prevention.",pro,male,model,pro,0,0,0,3,,,,
circumcision-in-africa,s0237,"Overall AE rates in routine implementations often fall within or below this range, though mild events like transient pain, edema, and minor bleeding are more common but rarely reportable.",pro,male,model,none,0,0,0,3,,,,
circumcision-in-africa,s0240,"In operational programs, a systematic review of 40 studies (2005–2019) across sub-Saharan Africa found moderate and severe AE incidence at 0.30 per 100 procedures, comparable to trial benchmarks but with variations by age and setting. [114]",pro,male,model,none,0,0,0,3,,,,
circumcision-in-africa,s0241,"For example, in Zimbabwe (2014–2017), adolescents aged 10–14 experienced 0.35 moderate/severe AEs per 100, including elevated infection risks threefold higher than adults aged 20 and older.",anti,male,model,none,0,0,0,3,,,,
circumcision-in-africa,s0248,"Risk factors include younger age (e.g., higher dehiscence in boys under 15), provider inexperience, and suboptimal follow-up, potentially leading to underreporting of mild-to-moderate events in resource-limited settings. [114] [112]",anti,male,model,none,0,0,0,3,,,,
circumcision-in-africa,s0252,"These ceremonies, prevalent in ethnic groups across eastern and southern Africa, carry cultural significance tied to identity, social status, and community bonding, but are associated with elevated complication rates ranging from 35% to 48% in observed studies, including infections, excessive bleeding, and penile injuries. [115] [2]",anti,male,model,anti,0,0,0,3,,,,
circumcision-in-africa,s0253,"In contrast, voluntary medical male circumcision (VMMC) programs, promoted by organizations like WHO since 2007, involve trained surgeons in clinical settings with anesthesia and post-operative care, yielding complication rates below 2% and emphasizing HIV prevention through a demonstrated 50-60% reduction in heterosexual transmission risk. [96]",pro,male,model,mixed,0,0,0,3,,,,
circumcision-in-africa,s0256,"Proponents of medical circumcision argue that the empirical safety advantages and public health benefits, including averting an estimated 3.3 million HIV infections by 2020 through scaled programs, justify prioritization, particularly given documented severe wound infections and deaths linked to traditional methods in regions like South Africa and Eastern Cape. [117] [118]",pro,male,model,pro,0,0,0,3,,,,
circumcision-in-africa,s0263,"In traditional male circumcision rites across sub-Saharan Africa, such as those among the Xhosa in South Africa's Eastern Cape, the procedure is conducted on adolescent boys, typically aged 12-18, as a mandatory initiation into manhood, often bypassing individual informed consent due to overriding cultural and peer pressures that stigmatize uncircumcised males. [122]",anti,male,model,none,0,0,0,3,,,,
circumcision-in-africa,s0264,"South Africa's Application of Health Standards in Traditional Circumcision Act of 2001 mandates parental informed consent for participants under 16, yet frequent violations occur, with boys presenting secretly to traditional surgeons without parental knowledge, exposing them to unqualified practitioners and heightened risks of complications like septicemia and death—over 200 initiates died in Eastern Cape between 1995 and 2005. [122]",anti,male,model,anti,0,0,0,3,,,,
circumcision-in-africa,s0265,"This communal coercion, where refusal invites social ostracism, undermines personal autonomy, framing the decision as a collective rite rather than an individual choice, despite boys' legal minority status.",anti,male,model,anti,0,0,0,3,,,,
circumcision-in-africa,s0267,"Voluntary medical male circumcision (VMMC) programs, rolled out since 2007 in high-HIV-prevalence countries like Kenya, Eswatini, and South Africa under WHO guidance, emphasize adolescent assent alongside parental consent to affirm voluntariness, targeting boys aged 10-15 for HIV risk reduction of approximately 60%. [124]",pro,male,model,none,0,0,0,3,,,,
circumcision-in-africa,s0268,"However, empirical assessments reveal persistent consent deficiencies: in Eswatini, males aged 10-19 exhibited limited grasp of procedure risks post-counseling, with sessions disproportionately highlighting benefits while downplaying adverse events like infection or excessive skin removal, and misconceptions persisted that HIV testing was obligatory rather than optional. [125]",anti,male,model,mixed,0,0,0,3,,,,
circumcision-in-africa,s0269,"Program incentives, such as sports kits or transport reimbursements, and performance targets—e.g., Kenya's annual goals of over 300,000 circumcisions—can subtly coerce participation, eroding true autonomy amid familial expectations and community campaigns.",anti,male,model,anti,0,0,0,3,,,,
circumcision-in-africa,s0272,"In adolescent VMMC, developmental limits on risk appraisal—evident in lower knowledge retention among younger cohorts—further question capacity for meaningful assent, prompting calls for deferral to adulthood where comprehension aligns with permanence. [125]",anti,male,model,none,0,0,0,3,,,,
circumcision-in-africa,s0273,"Cultural relativism, prevalent in African contexts, posits rites as enhancing social autonomy via group identity, yet this subordinates personal rights to tradition, yielding ethical inconsistencies when complications arise without recourse.",anti,male,model,mixed,0,0,0,3,,,,
circumcision-in-africa,s0275,"Western anti-circumcision advocates, including organizations such as Doctors Opposing Circumcision, have drawn criticism for opposing voluntary medical male circumcision (VMMC) programs in sub-Saharan Africa despite randomized controlled trials (RCTs) from 2005–2007 in South Africa, Kenya, and Uganda demonstrating a 51–60% reduction in HIV acquisition risk among heterosexual men. [98]",pro,male,model,mixed,0,0,0,3,,,,
circumcision-in-africa,s0276,"These trials, involving over 10,000 participants, established VMMC as an evidence-based intervention endorsed by the World Health Organization since 2007, with mathematical models estimating 1.1 million HIV infections averted by 2020 through scale-up efforts in 15 priority countries. [127]",pro,male,model,none,0,0,0,3,,,,
circumcision-in-africa,s0277,"Opponents' arguments, often emphasizing ethical concerns over consent for minors or unsubstantiated risks of psychological trauma, have been characterized as relying on low-quality evidence, such as ecological studies or anecdotal reports, while disregarding the causal mechanisms—reduced epithelial surface area and Langerhans cells vulnerable to HIV—supported by histological and virological data. [128]",pro,male,model,anti,0,0,0,3,,,,
circumcision-in-africa,s0279,"Critics contend that Western anti-circumcision advocacy imposes ethnocentric bodily autonomy norms on African contexts, where HIV epidemiology differs markedly from low-prevalence Western settings, and where heterosexual transmission predominates.",pro,male,model,mixed,0,0,0,3,,,,
circumcision-in-africa,s0280,"Surveys across sub-Saharan Africa report 50–87% male acceptance of VMMC for HIV prevention, reflecting local prioritization of empirical health benefits amid cultural traditions that already include circumcision in many ethnic groups. [55]",pro,male,model,pro,0,0,0,3,,,,
circumcision-in-africa,s0281,"Advocacy against VMMC, including claims of neocolonial experimentation akin to the Tuskegee syphilis study, overlooks the voluntary nature of programs targeting adolescent and adult males with informed consent, as well as post-trial observational data confirming sustained protective effects without significant risk compensation. [130]",pro,male,model,pro,0,0,0,3,,,,
circumcision-in-africa,s0282,"Such positions, advanced by advocacy groups rather than peer-reviewed consensus, risk undermining combination prevention strategies, potentially elevating HIV incidence in high-burden regions.",pro,male,model,none,0,0,1,2,,,genetic-fallacy,genetic-fallacy
circumcision-in-africa,s0284,"Additional scrutiny highlights selective cultural relativism and misinformation tactics by anti-circumcision activists, who aggressively oppose male procedures while supporting interventions against female genital mutilation (FGM), despite FGM's greater documented harms like urinary issues and childbirth complications.",pro,male,model,mixed,0,0,0,3,,,,
circumcision-in-africa,s0285,"In 2012, intactivists coordinated negative Amazon reviews to demote a book synthesizing evidence for circumcision's role in HIV control, illustrating ideological efforts to suppress data-driven discourse over scientific merit. [132]",pro,male,model,anti,1,1,0,1,nut-picking,nut-picking,,nut-picking
circumcision-in-africa,s0286,"These actions, from sources with apparent conflicts tied to advocacy rather than epidemiological expertise, contrast with African-led implementation, where VMMC integration with education and testing has correlated with incidence declines, such as a 30–40% drop in modeled HIV cases in high-uptake areas by 2017. [127]",pro,male,model,none,1,0,1,1,circumstantial-ad-hominem,,circumstantial-ad-hominem,circumstantial-ad-hominem
circumcision-in-africa,s0287,"Overall, critiques emphasize that prioritizing unverified autonomy claims over verifiable causal reductions in HIV transmission disregards the agency of African communities facing acute public health crises.",pro,male,model,mixed,0,0,0,3,,,,
circumcision-in-brunei,s0042,"Such non-sterile practices in the pre-modern era carried inherent risks, including potential infections from unsterilized instruments and environments.",anti,male,model,none,0,0,0,3,,,,
circumcision-in-brunei,s0049,"In Brunei, national strategies for HIV prevention incorporate voluntary medical male circumcision (VMMC), aligning with World Health Organization recommendations that endorse the procedure for reducing heterosexual HIV acquisition risk in men by approximately 60%. [17] [18]",pro,male,model,pro,0,0,0,3,,,,
circumcision-in-brunei,s0050,"This approach adapts global evidence to Brunei's context, where male circumcision prevalence is estimated at 51.9% due to religious norms, potentially amplifying protective effects against HIV and other sexually transmitted infections.",pro,male,model,pro,0,0,0,3,,,,
circumcision-in-brunei,s0052,"General medical assessments indicate that circumcision confers benefits such as lowered urinary tract infection rates in infancy, though Brunei-specific epidemiological data on post-bersunat outcomes remain limited in public records. [20]",pro,male,model,pro,0,0,0,3,,,,
circumcision-in-brunei,s0053,"Complications, including minor bleeding or infection, occur in under 3% of cases globally, with no localized incidence rates detailed in Bruneian health ministry publications.",pro,male,model,anti,0,0,0,3,,,,
circumcision-in-china,s0019,"In traditional Han Chinese society, Confucian philosophy underscored the importance of bodily integrity and filial piety, regarding non-essential modifications to the body—such as circumcision—as disruptions to natural harmony and the filial duty to preserve one's inherited form. [8]",anti,male,model,anti,0,0,0,3,,,,
circumcision-in-china,s0022,"Folk attitudes in mainstream Chinese culture further reinforced the view of circumcision as superfluous or foreign, with traditional medicine perceiving the body as a holistic system where each part served a purposeful function, discouraging elective removals like foreskin excision. [10]",anti,male,model,none,0,0,0,3,,,,
circumcision-in-china,s0060,"Adherence to these measures, including avoidance of strenuous activity, contributes to high satisfaction rates exceeding 97% in reported cohorts.",pro,male,model,none,0,0,0,3,,,,
circumcision-in-the-bible,s0010,"He emphasized that faith in Christ fulfills the covenant promises made to Abraham, rendering physical circumcision non-salvific and even a potential hindrance if trusted for righteousness. [2]",anti,male,model,none,0,0,0,3,,,,
circumcision-in-the-bible,s0012,"Thus, under the New Covenant, external circumcision is superseded by the inward transformation accomplished through faith in Jesus.",anti,male,model,none,0,0,0,3,,,,
circumcision-in-the-bible,s0050,"Collectively, these prophetic teachings underscore that physical circumcision, while a covenant sign, holds no value apart from the corresponding spiritual reality of a transformed heart devoted to God.",anti,male,model,none,0,0,0,3,,,,
circumcision-in-the-bible,s0085,"In Galatians 5:1–6, Paul warns the Galatian churches against submitting to circumcision as a requirement for salvation, asserting that Christ has set believers free and that they should stand firm in that liberty without returning to a yoke of slavery.",anti,male,model,none,0,0,0,3,,,,
circumcision-in-the-bible,s0086,"He states that if anyone accepts circumcision as necessary for justification, Christ will be of no benefit to them, and they will be obligated to keep the entire law, severing themselves from Christ and falling from grace.",anti,male,model,mixed,0,0,0,3,,,,
circumcision-in-the-bible,s0129,"In the New Covenant inaugurated by Jesus Christ, physical circumcision ceases to be a requirement for covenant membership or a means of salvation, as its typological significance is fully realized in the spiritual transformation effected through faith in Christ.",anti,male,model,none,0,0,0,3,,,,
circumcision-in-the-bible,s0131,"Physical circumcision thus gives way to the spiritual reality it foreshadowed, where the removal of the sinful nature occurs not by human hands but through divine action in Christ. [27]",anti,male,model,none,0,0,0,3,,,,
circumcision-in-the-bible,s0134,"Believers are united with Christ in his death, where the ""body of the flesh"" is put off, and are raised to new life, rendering external circumcision unnecessary and non-salvific.",anti,male,model,anti,0,0,0,3,,,,
circumcision-surgical-procedure,s0004,"Empirical evidence from systematic reviews indicates preventive benefits, such as a 90-100% reduction in urinary tract infections during infancy, decreased incidence of penile cancer, and lowered heterosexual transmission of HIV and other sexually transmitted infections. [3] [4]",pro,male,model,pro,0,0,0,3,,,,
circumcision-surgical-procedure,s0005,"Complication rates in neonatal settings are low, typically under 0.5-1%, encompassing minor issues like bleeding or infection, though severe outcomes such as excessive skin removal or necrosis occur rarely when performed by trained providers. [3] [5]",pro,male,model,anti,0,0,0,3,,,,
circumcision-surgical-procedure,s0020,"These procedures are usually conducted in hospital or outpatient settings under local anesthesia like dorsal penile nerve block, with complication rates ranging from 0.2% to 0.6%, primarily minor bleeding or swelling. [9]",pro,male,model,anti,0,0,0,3,,,,
circumcision-surgical-procedure,s0034,"Circumcision in male infants reduces the risk of urinary tract infections (UTIs) during the first year of life by approximately 90%, with meta-analyses indicating a number needed to treat (NNT) of 111 to prevent one UTI in otherwise healthy boys. [15]",pro,male,model,pro,0,0,0,3,,,,
circumcision-surgical-procedure,s0035,"This protective effect stems from the removal of the foreskin, which can harbor bacteria under suboptimal hygiene conditions, as evidenced by cohort studies showing a 10-fold lower incidence in circumcised versus uncircumcised infants. [16]",pro,male,model,pro,0,0,0,3,,,,
circumcision-surgical-procedure,s0036,"The benefit persists into later childhood, with a 6.6-fold risk reduction observed in boys aged 1-16 years.",pro,male,model,pro,0,0,0,3,,,,
circumcision-surgical-procedure,s0038,"In adulthood, circumcision substantially lowers the incidence of invasive penile cancer, with systematic reviews and meta-analyses reporting odds ratios as low as 0.33 for men circumcised in childhood or adolescence compared to uncircumcised men. [17]",pro,male,model,none,0,0,0,3,,,,
circumcision-surgical-procedure,s0039,"This reduction is attributed to decreased chronic inflammation, phimosis-related issues, and human papillomavirus (HPV) persistence under the foreskin, conditions that facilitate carcinogenesis; penile cancer remains rare overall, with annual U.S. incidence rates of 1 in 100,000 uncircumcised men versus near-zero in circumcised populations. [17]",pro,male,model,none,0,0,0,3,,,,
circumcision-surgical-procedure,s0041,"Randomized controlled trials (RCTs) conducted in sub-Saharan Africa demonstrate that adult male circumcision reduces heterosexual HIV acquisition by 50-60%, with three major trials (involving over 10,000 participants) showing sustained efficacy over 5-6 years of follow-up. [19]",pro,male,model,pro,0,0,0,3,,,,
circumcision-surgical-procedure,s0042,"Meta-analyses confirm this effect, attributing it to the foreskin's vulnerability to microtears and epithelial disruption during intercourse, which increases HIV entry points; the protective estimate holds in high-prevalence settings but requires consideration of behavioral and epidemiological context for generalizability. [20] [19]",pro,male,model,pro,0,0,0,3,,,,
circumcision-surgical-procedure,s0043,"Similar evidence supports reductions in HPV (by 30-35%) and herpes simplex virus type 2 (HSV-2) acquisition (by 25-30%), both linked to foreskin biology.",pro,male,model,none,0,0,0,3,,,,
circumcision-surgical-procedure,s0045,"Circumcision also mitigates risks of phimosis, balanitis, and paraphimosis, with longitudinal data indicating these conditions affect up to 10% of uncircumcised males versus negligible rates post-neonatal circumcision. [1]",pro,male,model,none,0,0,0,3,,,,
circumcision-surgical-procedure,s0046,"The American Academy of Pediatrics (AAP) 2012 policy, reaffirmed in subsequent reviews, concludes that these cumulative benefits—encompassing UTI prevention, STI reduction, and lower cancer risk—outweigh procedural risks in newborns, supporting informed parental decision-making without universal recommendation. [21]",pro,male,model,pro,0,0,0,3,,,,
circumcision-surgical-procedure,s0047,"The U.S. Centers for Disease Control and Prevention (CDC) echoes this, estimating neonatal circumcision averts 1 in 100 UTIs and contributes to long-term STI prevention based on systematic evidence reviews.",pro,male,model,none,0,0,0,3,,,,
circumcision-surgical-procedure,s0063,"In contemporary public health, the World Health Organization endorsed voluntary medical male circumcision (VMMC) in 2007 for high-HIV-prevalence regions in sub-Saharan Africa, citing randomized trials showing 50–60% reduction in heterosexual acquisition risk, leading to over 30 million procedures by 2023 in 15 priority countries to curb epidemics where prevalence exceeds 10%. [34]",pro,male,model,pro,0,0,0,3,,,,
circumcision-surgical-procedure,s0092,"Ethical debates persist, with some legal scholars arguing that non-therapeutic infant circumcision infringes bodily autonomy and should require adult consent, but prevailing medical and legal standards uphold parental proxy decision-making for minors' procedures absent imminent harm. [52] [50]",pro,male,model,anti,0,0,0,3,,,,
circumcision-surgical-procedure,s0264,"Empirical data from large cohorts emphasize that while complications are infrequent in controlled environments, vigilance for hemostasis and asepsis mitigates most risks.",pro,male,model,anti,0,0,0,3,,,,
circumcision-surgical-procedure,s0266,"Meatal stenosis, a narrowing of the urethral opening, represents one of the most commonly reported long-term complications following circumcision, with incidence rates estimated at 8-10% globally among circumcised males, particularly when the procedure is performed in the first year of life. [115]",anti,male,model,anti,0,0,0,3,,,,
circumcision-surgical-procedure,s0267,"Screening studies have detected asymptomatic cases in up to 17.9% of circumcised boys, with risks elevated twofold if circumcision occurs before age one compared to later. [116] [117]",anti,male,model,none,0,0,0,3,,,,
circumcision-surgical-procedure,s0270,"Studies on sexual function and sensitivity yield mixed but predominantly neutral to positive findings in high-quality reviews; systematic analyses of randomized trials and cohort studies indicate that circumcision does not adversely affect penile sensitivity, erectile function, orgasm ease, or overall sexual satisfaction, with some reports of enhanced satisfaction post-procedure. [119] [120] [121]",pro,male,model,pro,0,0,0,3,,,,
circumcision-surgical-procedure,s0271,"Earlier observational data suggesting reduced sensitivity or erectile issues have been contradicted by prospective studies controlling for confounders, which show no significant differences or improvements in sexual drive and performance. [122] [123]",pro,male,model,anti,0,0,0,3,,,,
circumcision-surgical-procedure,s0278,"Claims of psychological trauma, such as links to autism spectrum disorder via stress hormone accumulation, lack empirical support from controlled studies examining glucocorticoid levels.",pro,male,model,anti,0,0,0,3,,,,
circumcision-surgical-procedure,s0282,"For sexual function concerns, preoperative counseling on expected sensory adaptations and device-assisted methods in adults may enhance outcomes, though evidence supports overall low risk with proper execution.",pro,male,model,none,0,0,0,3,,,,
circumcision-surgical-procedure,s0308,"The ethical debate on consent and autonomy in neonatal circumcision centers on the procedure's performance on infants incapable of providing informed consent, raising questions about violations of bodily integrity and the right to self-determination over irreversible modifications to healthy tissue. [139]",anti,male,model,anti,0,0,0,3,,,,
circumcision-surgical-procedure,s0309,"Proponents of infant circumcision, including the American Academy of Pediatrics (AAP) in its 2012 policy statement, argue that parents hold proxy decision-making authority, justified by potential preventive health benefits such as reduced urinary tract infections and sexually transmitted diseases, which they contend outweigh ethical concerns when weighed against the child's best interests. [3]",pro,male,model,mixed,0,0,0,3,,,,
circumcision-surgical-procedure,s0310,"However, critics contend that proxy consent is ethically invalid for non-therapeutic interventions lacking immediate medical necessity, as it substitutes parental preferences—often cultural or religious—for the child's autonomous right to an intact body, paralleling prohibitions on other non-consensual genital alterations. [140]",anti,male,model,anti,0,0,0,3,,,,
circumcision-surgical-procedure,s0312,"From a first-principles ethical framework emphasizing autonomy as a core principle in bioethics, infant circumcision contravenes the requirement for voluntary, informed agreement to procedures altering functional anatomy, as the foreskin serves protective, sensory, and immunological roles without posing inherent harm if left intact. [141]",anti,male,model,mixed,0,0,0,3,,,,
circumcision-surgical-procedure,s0313,"Ethicists like J. Steven Svoboda argue that such acts infringe on the infant's fundamental human right to bodily integrity, comparable to female genital cutting, which is universally condemned despite analogous cultural rationales; they assert that deferring the decision until adulthood respects the principle of non-maleficence by avoiding unnecessary risks like infection (occurring in up to 10% of cases per some reviews) or surgical complications. [139] [140]",anti,male,model,anti,0,0,0,3,,,,
circumcision-surgical-procedure,s0314,"In contrast, defenders invoke parental rights under frameworks like the ""best interests"" standard, positing that evolutionary and epidemiological data on benefits—such as a 60% reduction in HIV acquisition in heterosexual men per randomized trials—permit anticipatory consent, though these benefits are contested as overstated for low-risk populations in non-endemic areas. [50]",anti,male,model,mixed,0,0,0,3,,,,
circumcision-surgical-procedure,s0316,"Legal-ethical analyses further highlight tensions, noting that while U.S. courts generally uphold parental consent for circumcision absent abuse, international bodies like the Royal Dutch Medical Association (2010) deem routine neonatal circumcision a violation of children's rights under the UN Convention on the Rights of the Child, prioritizing autonomy over tradition. [52]",anti,male,model,anti,0,0,0,3,,,,
circumcision-surgical-procedure,s0317,"This perspective aligns with bioethical reviews arguing that true proxy consent requires demonstrable net benefit without alternatives, a threshold unmet by circumcision's modest, proxy-derived advantages versus certain sensory losses and psychological impacts reported in adult surveys. [142]",anti,male,model,pro,0,0,0,3,,,,
circumcision-surgical-procedure,s0318,"Sources opposing routine practice, often from European and Australian ethicists, emphasize empirical scrutiny over institutional biases favoring tradition, critiquing U.S.-centric policies like the AAP's for underweighting autonomy amid declining procedure rates (from 80% in 1979 to 58% by 2010). [143]",anti,male,model,anti,0,0,0,3,,,,
circumcision-surgical-procedure,s0319,"Ultimately, the autonomy argument posits that ethical practice demands postponement until the individual can consent, preserving causal agency over one's body absent compelling therapeutic imperatives. [141]",anti,male,model,anti,0,0,0,3,,,,
circumcision-surgical-procedure,s0321,"Proponents of routine male circumcision argue that empirical evidence from randomized controlled trials (RCTs) and meta-analyses demonstrates net public health benefits, including a 50-60% reduction in heterosexual HIV acquisition among men in high-prevalence settings, as evidenced by three RCTs conducted in South Africa, Kenya, and Uganda between 2005 and 2007. [34] [35]",pro,male,model,pro,0,0,0,3,,,,
circumcision-surgical-procedure,s0322,"These trials prompted World Health Organization (WHO) recommendations in 2007 for voluntary medical male circumcision (VMMC) programs in 15 priority sub-Saharan African countries with HIV prevalence exceeding 15% among adolescent girls and young women, estimating potential prevention of 3.4 million HIV infections and 1.3 million deaths by 2025 if scaled appropriately. [144]",pro,male,model,none,0,0,0,3,,,,
circumcision-surgical-procedure,s0323,"However, critics contend that these findings have limited applicability to low-prevalence populations like those in the United States or Europe, where HIV transmission dynamics differ (predominantly via men who have sex with men rather than heterosexual contact), and observational studies yield inconsistent results, potentially overestimating benefits due to confounding factors such as behavioral differences. [145]",anti,male,model,mixed,0,0,0,3,,,,
circumcision-surgical-procedure,s0325,"Additional claimed benefits include a 10-fold reduction in urinary tract infections (UTIs) during the first year of life, with meta-analyses estimating an absolute risk reduction from 1% in uncircumcised infants to 0.1% in circumcised ones, potentially averting rare long-term renal damage. [147]",pro,male,model,pro,0,0,0,3,,,,
circumcision-surgical-procedure,s0326,"Circumcision is also associated with lower risks of penile cancer (odds ratio 0.33 in meta-analysis of case-control studies) and human papillomavirus (HPV)-related outcomes, though penile cancer remains exceedingly rare (1 in 100,000 annually in developed nations), necessitating over 900 circumcisions to prevent one case when performed neonatally. [17] [148]",anti,male,model,none,0,0,0,3,,,,
circumcision-surgical-procedure,s0327,"Opponents highlight that these absolute risk reductions are marginal in hygienic contexts with access to modern sanitation and treatments like antibiotics for UTIs or HPV vaccination for cancer prevention, arguing that non-surgical interventions suffice without procedural risks.",anti,male,model,mixed,0,0,0,3,,,,
circumcision-surgical-procedure,s0329,"Complication rates from meta-analyses range from 1-3% for non-therapeutic neonatal procedures, predominantly minor issues like bleeding or infection, compared to 7% for therapeutic circumcisions in older males, with severe outcomes (e.g., penile amputation) under 0.1%. [150] [108]",pro,male,model,anti,0,0,0,3,,,,
circumcision-surgical-procedure,s0330,Risk-benefit analyses estimate benefits outweighing risks by ratios of 100:1 to 200:1 when aggregating lifetime protections against infections and cancers. [151],pro,male,model,pro,0,0,0,3,,,,
circumcision-surgical-procedure,s0331,"Disputes arise over underreporting in provider surveys and long-term effects like keratinization potentially reducing sensitivity, though prospective data show no consistent impact on sexual function.",pro,male,model,anti,0,0,0,3,,,,
circumcision-surgical-procedure,s0333,"Major medical organizations reflect these tensions: the American Academy of Pediatrics (AAP) 2012 policy (reaffirmed without major revision as of 2022) states preventive benefits outweigh risks but stops short of universal recommendation, deferring to parental choice amid cultural and ethical variances. [3]",pro,male,model,pro,0,0,0,3,,,,
circumcision-surgical-procedure,s0334,"The U.S. Centers for Disease Control and Prevention (CDC) endorses counseling on benefits for HIV/STI reduction, particularly in high-risk groups, but acknowledges insufficient evidence for routine infant circumcision in the general population. [138]",anti,male,model,pro,0,0,0,3,,,,
circumcision-surgical-procedure,s0335,"In contrast, bodies like the Royal Australasian College of Physicians emphasize rarity of diseases prevented and advocate against routine practice outside therapeutic need, citing high numbers needed to treat (e.g., 111 for UTIs, 900+ for penile cancer).",anti,male,model,none,0,0,0,3,,,,
circumcision-surgical-procedure,s0336,"Public health modeling supports VMMC scale-up in epidemic epicenters for cost-effective HIV control (cost per infection averted: $200-600), but in low-incidence settings, critics argue resources are better allocated to education, condoms, and PrEP, given circumcision's incomplete protection (40-50% residual risk) and reliance on high coverage rates unachievable without compulsion. [153]",anti,male,model,mixed,0,0,0,3,,,,
clitoridectomy,s0004,"The procedure carries no empirical health benefits and inflicts immediate risks such as severe pain, hemorrhage, and infection due to its typical execution without anesthesia by non-medical practitioners using rudimentary tools. [4] [5]",anti,FGM,model,mixed,0,0,0,3,,,,
clitoridectomy,s0005,"Long-term consequences include urinary and menstrual difficulties, keloid scarring, chronic pelvic pain, obstetric complications like prolonged labor and postpartum hemorrhage, and reduced sexual sensation from nerve damage. [5] [6]",anti,FGM,model,anti,0,0,0,3,,,,
clitoridectomy,s0008,"Efforts to eradicate clitoridectomy face resistance from entrenched social structures that perpetuate it as a prerequisite for marriageability or community acceptance, despite near-universal condemnation by medical bodies and bans under international human rights frameworks. [8] [9]",anti,FGM,model,mixed,0,0,0,3,,,,
clitoridectomy,s0009,"Medicalization by clinicians in some regions has been proposed to mitigate harms but empirically fails to eliminate risks and may normalize the practice, underscoring causal links between the procedure's irreversibility and lifelong physiological and psychological detriment. [10]",anti,FGM,model,mixed,1,0,0,2,non-sequitur,,,non-sequitur
clitoridectomy,s0016,"Practitioners in affected regions often employ neutral or affirmative terms like sunna (from Islamic tradition meaning ""customary practice"") to frame it as a rite of passage analogous to male circumcision, rejecting ""mutilation"" as a culturally biased imposition by Western observers. [16]",pro,FGM,model,pro,0,0,0,3,,,,
clitoridectomy,s0036,"Soranus of Ephesus, a prominent physician active around 98–138 CE, detailed the procedure in his Gynaecology, advocating excision of the protruding portion of an oversized clitoris using a scalpel after cauterization to prevent hemorrhage, specifically to mitigate friction-induced discomfort or nymphomania-like symptoms. [24] [25]",pro,FGM,model,anti,0,0,0,3,,,,
clitoridectomy,s0037,"Contemporaries like Rufus of Ephesus (circa 100 CE) echoed this rationale, prescribing removal for analogous conditions in female patients, framing it as a corrective measure grounded in humoral pathology rather than ritual. [26]",pro,FGM,model,none,0,0,0,3,,,,
clitoridectomy,s0041,"Among groups such as the Dogon or Mandinka, the procedure—often termed sunna for partial clitoral removal—was executed post-menarche using non-sterile tools like knives or thorns, justified by beliefs in enhancing marital fidelity or averting infertility through genital ""purification."" [23] [16]",pro,FGM,model,pro,0,0,0,3,,,,
clitoridectomy,s0046,"Brown, who began performing the procedure in the early 1860s, detailed its application in his 1866 monograph On the Curative Treatment of Certain Uterine and Ovarian Diseases by Cauterisation, claiming success in 38 of 40 cases for conditions like locomotor ataxy and insanity, often excising the clitoris and sometimes adjacent nymphae under chloroform anesthesia. [31]",pro,FGM,model,none,0,0,0,3,,,,
clitoridectomy,s0047,"His rationale rested on the prevailing medical view that clitoral irritation caused reflex nervous disorders, a theory rooted in earlier works linking female masturbation to moral and physical degeneration.",pro,FGM,model,none,0,0,0,3,,,,
clitoridectomy,s0053,"Controversy erupted in 1867 when the Obstetrical Society of London investigated Brown's practices, censuring him for operating without patient consent—often on institutionalized women—and for unsubstantiated claims of efficacy, leading to his professional ostracism and death in obscurity in 1873. [30]",anti,FGM,model,anti,0,0,0,3,,,,
clitoridectomy,s0055,"By the mid-20th century, the procedure fell into disrepute amid advancing psychiatric understanding and ethical scrutiny, supplanted by less invasive therapies, though its historical use underscores era-specific causal attributions of genital anatomy to neuropsychiatric symptoms without empirical validation beyond anecdotal reports.",anti,FGM,model,pro,0,0,0,3,,,,
clitoridectomy,s0140,"These occur across contexts but vary in severity; a systematic review of 56 observational studies involving over 133,000 females reported each of pain, bleeding, swelling, impaired wound healing, and urine retention affecting more than 1 in 10 cases, with limited differentiation by procedure type including clitoridectomy.",anti,FGM,model,none,0,0,0,3,,,,
clitoridectomy,s0144,"Mortality, though rare, stems from exsanguination or overwhelming infection, with estimates suggesting a 0.2% death rate in some traditional settings.",anti,FGM,model,anti,0,0,0,3,,,,
clitoridectomy,s0147,"In traditional non-medical contexts, absence of pain control and hygiene amplifies all hazards, underscoring higher complication burdens per available evidence. [69]",anti,FGM,model,mixed,0,0,0,3,,,,
clitoridectomy,s0149,"Clitoridectomy, whether performed in medical contexts such as clitoral cancer treatment or cultural practices classified as Type I female genital mutilation/cutting (FGM/C), results in permanent loss of clitoral tissue and associated nerve endings, leading to diminished or absent clitoral sensation. [70]",anti,FGM,model,none,0,0,0,3,,,,
clitoridectomy,s0150,"Studies on FGM/C Type I report reduced sexual arousal, lubrication, and orgasmic capacity, with affected women experiencing lower overall sexual satisfaction compared to uncircumcised controls. [71] [72]",anti,FGM,model,none,0,0,0,3,,,,
clitoridectomy,s0151,"Scar formation at the surgical site can cause chronic vulvar pain, neuromas, or clitoral cysts, persisting for years post-procedure. [73]",anti,FGM,model,none,0,0,0,3,,,,
clitoridectomy,s0155,"Systematic reviews of FGM/C physical outcomes, predominantly Type I and II, indicate elevated risks of recurrent infections, menstrual difficulties, and obstetric complications like prolonged labor, though Type I confers relatively lower severity than infibulation. [76]",anti,FGM,model,anti,0,0,0,3,,,,
clitoridectomy,s0157,"Psychologically, women subjected to clitoridectomy exhibit higher prevalence of post-traumatic stress disorder (PTSD), depression, and anxiety, attributed to procedural trauma, chronic pain, and cultural stigma. [78] [79]",anti,FGM,model,anti,0,0,0,3,,,,
clitoridectomy,s0158,"Meta-analyses link FGM/C, including clitoridectomy, to increased mental health disorders, with odds ratios for PTSD up to 1.92 and depression 1.89 in affected populations. [72]",anti,FGM,model,anti,0,0,0,3,,,,
clitoridectomy,s0159,"Sexual dysfunction correlates with diminished self-esteem and relational distress, as loss of genital pleasure fosters feelings of incompleteness or inadequacy. [80]",anti,FGM,model,anti,0,0,0,3,,,,
clitoridectomy,s0161,"Longitudinal data from African cohorts underscore intergenerational psychological transmission, where affected mothers report heightened guilt or fear regarding daughters' experiences.",anti,FGM,model,none,0,0,0,3,,,,
clitoridectomy,s0172,"In the Middle East, practices are less widespread but persistent in Yemen (19% national rate, higher in rural areas) and Iraqi Kurdistan (8-38% varying by governorate), where milder Type I forms (e.g., clitoral hood nicking) predominate under ""sunna"" nomenclature, often justified by selective interpretations of Islamic texts despite lacking endorsement from major religious authorities. [83]",anti,FGM,model,pro,0,0,0,3,,,,
clitoridectomy,s0180,"In certain cultural and traditional contexts, particularly among communities in parts of Africa, the Middle East, and Asia where clitoridectomy (classified as Type I female genital mutilation/cutting) is practiced, proponents state that the procedure promotes hygiene by removing tissue believed to harbor dirt, smegma, or foul odors, thereby enhancing bodily cleanliness and social acceptability. [85] [86]",pro,FGM,model,pro,0,0,0,3,,,,
clitoridectomy,s0181,"Another common rationale is the reduction of female sexual desire to curb promiscuity, ensure premarital virginity, and foster marital fidelity, with the clitoris viewed as a source of excessive arousal that could lead to infidelity or social dishonor. [85] [87]",pro,FGM,model,none,0,0,0,3,,,,
clitoridectomy,s0182,"Additional stated purposes include aesthetic modification to align with ideals of feminine beauty, initiation into womanhood as a rite of passage, and conformity to group norms for marriageability or ethnic identity. [85]",pro,FGM,model,pro,0,0,0,3,,,,
clitoridectomy,s0184,"Empirical evaluations of these hygiene claims reveal no supporting evidence; studies of gynecological outcomes in affected populations indicate that clitoridectomy does not confer protective effects against infections or improve sanitation, and instead correlates with heightened risks of urinary tract infections, bacterial vaginosis, and wound complications due to tissue trauma and scarring. [89] [90]",anti,FGM,model,mixed,0,0,0,3,,,,
clitoridectomy,s0185,"Regarding sexual behavior, longitudinal and cross-sectional analyses, including nationally representative surveys from regions like Ethiopia and Nigeria, find no causal link between clitoridectomy and reduced promiscuity or increased fidelity; rates of extramarital sex and orgasm achievement remain comparable between cut and uncut women, with behavioral patterns more strongly influenced by socioeconomic, educational, and normative factors than by the procedure itself. [87] [91]",anti,FGM,model,none,0,1,0,2,,inconsistency,,inconsistency
clitoridectomy,s0186,"Claims of aesthetic or ritual benefits lack quantitative validation, as qualitative accounts from practitioners emphasize subjective cultural value over measurable health or social outcomes, while quantitative data consistently document adverse effects like dyspareunia and reduced clitoral sensitivity without offsetting gains. [89] [88]",anti,FGM,model,mixed,0,0,0,3,,,,
clitoridectomy,s0187,"Overall, peer-reviewed assessments affirm that stated rationales do not withstand scrutiny against clinical and epidemiological evidence, which prioritizes documented harms over unsubstantiated cultural assertions. [90]",anti,FGM,model,anti,0,0,0,3,,,,
clitoridectomy,s0189,"Proponents within practicing communities, such as those in parts of Africa, the Middle East, and Asia, often claim that clitoridectomy serves as a rite of passage conferring social status and eligibility for marriage, asserting it fosters community belonging and fidelity in women. [1]",pro,FGM,model,none,0,0,0,3,,,,
clitoridectomy,s0190,"These assertions stem from traditional beliefs that the procedure marks maturity and reduces perceived promiscuity, with supporters in Ethiopian, Kenyan, and Indonesian contexts citing it as essential for cultural identity and family honor. [85]",pro,FGM,model,none,0,0,0,3,,,,
clitoridectomy,s0191,"Empirical assessments, however, reveal no causal link between the procedure and enhanced marital stability or reduced infidelity; longitudinal studies in affected regions attribute such outcomes to broader socioeconomic and patriarchal structures rather than the cutting itself, with no randomized or controlled data supporting the claim. [92]",anti,FGM,model,anti,0,0,0,3,,,,
clitoridectomy,s0193,"Hygiene is another frequently invoked justification, with advocates maintaining that removal of the clitoris and surrounding tissue prevents infections or odors deemed unclean in hot climates. [93]",pro,FGM,model,mixed,0,0,0,3,,,,
clitoridectomy,s0194,"Medical reviews contradict this, documenting elevated short-term risks of urinary tract infections, wound sepsis, and tetanus—rates up to 20-30% in non-sterile settings—without evidence of long-term preventive benefits over standard sanitation practices. [94]",anti,FGM,model,mixed,0,0,0,3,,,,
clitoridectomy,s0195,"Peer-reviewed analyses from cohorts in Sudan and Nigeria show no reduction in vulvar infections post-procedure compared to uncut controls, attributing any perceived cleanliness to post-operative scarring rather than inherent efficacy.",anti,FGM,model,mixed,0,0,0,3,,,,
clitoridectomy,s0197,"Some proponents argue for aesthetic or sexual moderation benefits, positing that clitoridectomy aligns genitalia with cultural ideals of femininity and curbs excessive desire, potentially easing childbirth or preserving virginity. [1]",pro,FGM,model,pro,0,0,0,3,,,,
clitoridectomy,s0198,"Prospective studies, including those tracking sexual function in over 1,000 women across Mali and Sierra Leone, find no improvement in obstetric outcomes—infant mortality remains comparable or higher due to infibulation complications—and report diminished clitoral sensation in 70-80% of cases, challenging moderation claims without substantiating fidelity effects. [96]",anti,FGM,model,anti,0,0,0,3,,,,
clitoridectomy,s0199,"Claims of evolutionary advantages, such as higher fertility in cut women, derive from correlational data in small samples but fail replication under controlled analysis, confounded by variables like polygamy and nutrition.",anti,FGM,model,none,0,0,0,3,,,,
clitoridectomy,s0201,"Medicalization by trained providers is defended by a subset of supporters as mitigating harms while upholding tradition, with anecdotal reports from Kenyan clinics suggesting fewer immediate complications. [94]",pro,FGM,model,mixed,0,0,0,3,,,,
clitoridectomy,s0202,"Yet, systematic reviews of medicalized versus traditional FGM in Egypt and Indonesia indicate persistent long-term issues like dyspareunia (painful intercourse) in 50-60% of cases and no elimination of psychological trauma, as the procedure's core invasiveness remains unaddressed. [98]",anti,FGM,model,mixed,0,0,0,3,,,,
clitoridectomy,s0203,"Overall, proponent evidence relies on ethnographic testimony rather than rigorous trials, with global health data consistently demonstrating net harms outweighing unsubstantiated gains.",anti,FGM,model,mixed,0,0,0,3,,,,
clitoridectomy,s0205,"From a medical perspective, clitoridectomy, classified as Type I female genital mutilation (FGM) involving partial or total removal of the clitoral prepuce and/or glans, carries significant immediate risks including severe pain, hemorrhage, infection, urinary retention, and tetanus, with mortality rates reported up to 1-2% in some non-sterile settings due to sepsis or shock. [1] [6]",anti,FGM,model,anti,0,0,0,3,,,,
clitoridectomy,s0206,"Long-term physical complications encompass chronic urinary tract infections, keloid scar formation, dyspareunia, and obstetric issues such as prolonged labor and increased cesarean section needs, evidenced by meta-analyses showing odds ratios of 1.3-1.5 for perinatal mortality in affected women compared to unaffected controls. [76] [99]",anti,FGM,model,anti,0,0,0,3,,,,
clitoridectomy,s0207,"Systematic reviews confirm these outcomes persist even in less extensive Type I procedures, with no offsetting health benefits, as the practice lacks any therapeutic rationale and disrupts normal genital anatomy and function. [100]",anti,FGM,model,mixed,0,0,0,3,,,,
clitoridectomy,s0209,"Psychological sequelae are also pronounced, with empirical studies linking clitoridectomy to elevated rates of post-traumatic stress disorder (PTSD), anxiety, depression, and somatization disorders, particularly when performed without anesthesia on prepubescent girls, fostering long-term trauma responses including flashbacks and avoidance behaviors documented in cohort studies of African immigrant women. [71] [101]",anti,FGM,model,anti,0,0,0,3,,,,
clitoridectomy,s0210,"These effects arise causally from acute pain, loss of bodily autonomy, and cultural stigmatization, with severity correlating to procedural invasiveness, though even Type I cases show adjusted odds ratios of 1.5-2.0 for mood disorders relative to non-mutilated peers. [102]",anti,FGM,model,anti,0,0,0,3,,,,
clitoridectomy,s0212,"Rights-based critiques frame clitoridectomy as a profound violation of bodily integrity and the right to be free from torture or cruel, inhuman treatment, as articulated in UN conventions, since it is typically inflicted on minors incapable of informed consent, perpetuating female subordination and gender-based discrimination without cultural relativism justifying harm. [103] [104]",anti,FGM,model,mixed,0,0,0,3,,,,
clitoridectomy,s0213,"Organizations like WHO and UNICEF emphasize its incompatibility with universal human rights standards, including the Convention on the Rights of the Child, arguing it reinforces patriarchal control over female sexuality and denies equal protection under law, with over 230 million affected girls and women globally underscoring systemic rights abuses. [1] [20]",anti,FGM,model,anti,0,0,0,3,,,,
clitoridectomy,s0214,"Empirical assessments reveal no evidence of purported benefits like reduced promiscuity, positioning the practice as discriminatory violence rather than neutral tradition. [105]",anti,FGM,model,mixed,0,0,0,3,,,,
clitoridectomy,s0226,"The World Health Organization supports these frameworks through its 2024 guidelines on FGM prevention, classifying the practice as a human rights violation with no health benefits, and collaborates with UN agencies to advocate for treaty implementation, though it lacks binding enforcement authority. [1]",anti,FGM,model,mixed,0,0,0,3,,,,
cost-of-circumcision-surgery-in-chaozhou,s0026,"Culturally, male circumcision is often viewed as unfamiliar and sensitive in Chinese society, with many parents and individuals expressing reluctance toward early infant or childhood procedures due to misconceptions about its necessity, benefits, or risks. [11] [10]",pro,male,model,pro,0,0,0,3,,,,
cultural-views-on-circumcision-aesthetics,s0003,"Some women prefer circumcised penises due to perceived cleanliness (less smegma), more appealing appearance, and ease during oral sex or intercourse.",pro,male,model,pro,0,0,0,3,,,,
cultural-views-on-circumcision-aesthetics,s0004,"Others prefer uncircumcised for the natural look, foreskin gliding sensation, and potentially greater stimulation.",anti,male,model,none,0,0,0,3,,,,
cultural-views-on-circumcision-aesthetics,s0006,"Conversely, ancient civilizations like the Greeks emphasized the beauty of the intact prepuce, viewing it as integral to physical harmony and natural integrity, in contrast to emerging practices in Jewish and Muslim traditions. [2]",anti,male,model,none,0,0,0,3,,,,
cultural-views-on-circumcision-aesthetics,s0013,"Greek and Roman societies idealized the uncircumcised prepuce for its aesthetic harmony with bodily proportions, particularly in athletic contexts where the covered glans was seen as enhancing visual balance and modesty during nudity in gymnasia and competitions. [6]",anti,male,model,none,0,0,0,3,,,,
cultural-views-on-circumcision-aesthetics,s0014,"Circumcision was often viewed as mutilating this natural form, prompting practices like foreskin restoration (epispasm) or the kynodesme to conceal scars and restore the preferred preputial appearance. [7]",anti,male,model,anti,0,0,0,3,,,,
cultural-views-on-circumcision-aesthetics,s0015,"Literary and artistic sources, including statues and texts, reinforced this preference for the intact foreskin as emblematic of civilized beauty and virility.",anti,male,model,none,0,0,0,3,,,,
cultural-views-on-circumcision-aesthetics,s0020,"In Islamic traditions during the medieval period, hadith collections such as those in Sunan al-Fitra emphasized male circumcision (khitan) as one of the natural inclinations (fitrah) promoting bodily cleanliness and purity, aligning with broader ideals of hygiene that extended to aesthetic perceptions of a refined, groomed appearance. [9]",pro,male,model,pro,0,0,0,3,,,,
cultural-views-on-circumcision-aesthetics,s0021,"This framing positioned the circumcised state as enhancing overall bodily harmony in line with prophetic practices, though explicit visual descriptors remained tied to ritual purity rather than isolated aesthetics.",pro,male,model,none,0,0,0,3,,,,
cultural-views-on-circumcision-aesthetics,s0024,"Such omissions reflected theological preferences for portraying Christ in a gentile-compatible intact state, viewing circumcision as a disfiguring mark that contrasted with ideals of bodily wholeness. [12]",anti,male,model,none,0,0,0,3,,,,
cultural-views-on-circumcision-aesthetics,s0030,"In the United States and Canada, cultural preferences have long favored the circumcised penis for its perceived visual tidiness, uniformity, and reduced foreskin prominence, often framed as aligning with modern hygiene standards.",pro,male,model,pro,0,0,0,3,,,,
cultural-views-on-circumcision-aesthetics,s0031,"Post-World War II hospital routines normalized neonatal circumcision as a standard procedure, with parenting magazines portraying the result as a streamlined, aesthetically preferable form compared to the intact state. [16]",pro,male,model,none,0,0,0,3,,,,
cultural-views-on-circumcision-aesthetics,s0032,Pediatric advice in outlets like Redbook reinforced this by endorsing early circumcision for its purported cleanliness and conformity to societal norms.,pro,male,model,pro,0,0,0,3,,,,
cultural-views-on-circumcision-aesthetics,s0034,"Surveys among Americans reveal a majority preference for circumcised aesthetics, frequently citing enhanced symmetry and a neater appearance over the uncircumcised form's perceived redundancy.",pro,male,model,none,0,0,0,3,,,,
cultural-views-on-circumcision-aesthetics,s0035,"For example, studies of women's partner preferences indicate around 69% favoring circumcision for visual and tactile appeal. [18]",pro,male,model,none,0,0,0,3,,,,
cultural-views-on-circumcision-aesthetics,s0036,"This aligns with broader cultural normalization, where the circumcised state is viewed as standard and desirable in social and intimate contexts.",pro,male,model,none,0,0,0,3,,,,
cultural-views-on-circumcision-aesthetics,s0038,"Indigenous North American communities present a contrasting perspective, where the uncircumcised penis retains traditional aesthetic and cultural value as the unaltered, natural form integral to pre-colonial identity.",anti,male,model,none,0,0,0,3,,,,
cultural-views-on-circumcision-aesthetics,s0039,Circumcision was absent from most tribal practices prior to European contact and is often regarded as an imposition of settler medical norms rather than an enhancement.,anti,male,model,none,0,0,0,3,,,,
cultural-views-on-circumcision-aesthetics,s0041,"In much of Europe, cultural perceptions emphasize the uncircumcised penis as the aesthetically natural and unaltered form, with routine circumcision often critiqued for disrupting visual harmony and proportions without compelling non-religious justification.",anti,male,model,none,0,0,0,3,,,,
cultural-views-on-circumcision-aesthetics,s0042,"French medical and societal discourse has historically resisted widespread adoption despite occasional endorsements, maintaining low prevalence rates that underscore views of the procedure as visually unnecessary for hygiene or appeal in secular contexts.",anti,male,model,mixed,0,0,0,3,,,,
cultural-views-on-circumcision-aesthetics,s0043,"Similarly, in Germany, cultural norms render non-therapeutic circumcision rare among the general population, prioritizing the intact state as standard and opposing interventions seen as imposing artificial modifications.",anti,male,model,anti,0,0,0,3,,,,
cultural-views-on-circumcision-aesthetics,s0045,"This resistance gained prominence in a 2012 Cologne regional court ruling, which classified circumcision on minors for non-medical reasons as a breach of bodily integrity, framing it as an infringement on the child's natural physical autonomy and sparking debates that highlighted aesthetic and ethical concerns over genital alteration. [22] [23]",anti,male,model,anti,0,0,0,3,,,,
cultural-views-on-circumcision-aesthetics,s0046,"In Scandinavian countries and the UK, preferences lean toward the foreskin as contributing to a complete, less invasive visual profile, aligning with broader continental sentiments that affirm uncircumcised aesthetics as normative and proportionate.",anti,male,model,none,0,0,0,3,,,,
cultural-views-on-circumcision-aesthetics,s0049,"In Islamic traditions, male circumcision is regarded as enhancing bodily perfection and cleanliness, aligning with the concept of fitrah, the innate disposition of humans, by removing the foreskin to prevent accumulation of impurities like smegma and urine residues, thereby promoting a purified and refined appearance. [25]",pro,male,model,pro,0,0,0,3,,,,
cultural-views-on-circumcision-aesthetics,s0050,"This practice is seen as emulating prophetic ideals, where the circumcised state is culturally normalized as the ""natural"" form, while uncircumcised genitalia may be perceived as abnormal or incomplete. [25]",pro,male,model,none,0,0,0,3,,,,
cultural-views-on-circumcision-aesthetics,s0055,"Similar narratives in Arab societies, such as in Saudi Arabia and Egypt, associate circumcision with aesthetic maturity, where the procedure's visible cleanliness is linked to hygiene standards valued in marital and social contexts, reinforcing perceptions of tidiness and conformity.",pro,male,model,pro,0,0,0,3,,,,
cultural-views-on-circumcision-aesthetics,s0067,"Hindu perspectives in India prioritize the intact body as integral to its inherent wholeness, discouraging non-therapeutic alterations that could disrupt this natural integrity and often associating circumcision with extraneous practices.",anti,male,model,anti,0,0,0,3,,,,
cultural-views-on-circumcision-aesthetics,s0084,"Early Christian patristic writings, such as those of John Chrysostom, echo the Apostle Paul's characterization of physical circumcision advocates as promoters of ""mutilation,"" portraying the procedure as an unnecessary alteration of the flesh that contrasts with God's original design redeemed through Christ's spiritual circumcision. [48]",anti,male,model,anti,0,0,0,3,,,,
cultural-views-on-circumcision-aesthetics,s0086,"In Islam, a hadith recorded in Sahih Muslim lists circumcision among the five practices of fitrah, the innate human disposition ordained by Allah, framing the timely removal of the foreskin—ideally on or near the seventh day—as a sunnah act that aligns the body with divine perfection and completes natural creation. [50]",pro,male,model,none,0,0,0,3,,,,
cultural-views-on-circumcision-aesthetics,s0088,"In Hindu traditions, male circumcision lacks scriptural endorsement and is often regarded as contrary to the natural integrity of the body, which is seen as divinely ordained without need for such modifications, implying a cultural preference for the unaltered genital form as the normative aesthetic. [52]",anti,male,model,none,0,0,0,3,,,,
cultural-views-on-circumcision-aesthetics,s0089,"This perspective aligns with broader principles of preserving the body's inherent wholeness, where genital alteration is not tied to ritual purity or visual enhancement but viewed as superfluous to spiritual harmony.",anti,male,model,none,0,0,0,3,,,,
cultural-views-on-circumcision-aesthetics,s0099,"In 20th-century United States medical discourse, circumcision was frequently advocated for enhancing genital hygiene by minimizing smegma accumulation beneath the foreskin, which was portrayed as promoting a cleaner appearance compared to the intact state. [57]",pro,male,model,pro,0,0,0,3,,,,
cultural-views-on-circumcision-aesthetics,s0100,"This perspective positioned the exposed glans of circumcised penises as visually tidier and less susceptible to perceived uncleanliness, influencing routine neonatal procedures amid broader campaigns against masturbation and infections.",pro,male,model,none,0,0,0,3,,,,
cultural-views-on-circumcision-aesthetics,s0102,"The World Health Organization (WHO) and Centers for Disease Control and Prevention (CDC) have shaped narratives in sub-Saharan Africa through voluntary medical male circumcision (VMMC) programs aimed at HIV prevention, where hygiene benefits are emphasized alongside reduced infection risk, implicitly linking the circumcised form to a more sanitary aesthetic in public health visuals. [59]",pro,male,model,pro,0,0,0,3,,,,
cultural-views-on-circumcision-aesthetics,s0103,"These initiatives highlight circumcision's role in elective hygiene improvements, framing the removal of the foreskin as diminishing opportunities for debris buildup that could detract from a clean visual presentation.",pro,male,model,pro,0,0,0,3,,,,
cultural-views-on-circumcision-aesthetics,s0105,"A 2014 qualitative study of 30 sexually active women in Kisumu, Kenya, found that 77% preferred circumcised men, primarily due to perceived better hygiene (less dirt, odor, and smegma).",pro,male,model,pro,0,0,0,3,,,,
cultural-views-on-circumcision-aesthetics,s0106,One participant stated she would not perform oral sex on an uncircumcised man due to perceived dirtiness but would on a circumcised man; hygiene perceptions strongly influenced such sexual behaviors.,pro,male,model,pro,0,0,0,3,,,,
cultural-views-on-circumcision-aesthetics,s0108,"In contrast, European medical perspectives typically assert that adequate hygiene of the intact foreskin can be maintained through regular cleaning, obviating the aesthetic alterations associated with circumcision without compromising cleanliness. [62]",anti,male,model,mixed,0,0,0,3,,,,
cultural-views-on-circumcision-aesthetics,s0109,"This view underscores that visual perceptions of genital normality need not prioritize foreskin removal, as proper care suffices to prevent smegma-related concerns.",anti,male,model,none,0,0,0,3,,,,
cultural-views-on-circumcision-aesthetics,s0114,"In Europe, where routine circumcision is rare, intact pride initiatives within intactivist communities emphasize the natural form's aesthetic and functional integrity, countering external pressures for alteration and promoting self-acceptance among uncircumcised men.",anti,male,model,anti,0,0,0,3,,,,
cultural-views-on-circumcision-aesthetics,s0117,"Some women prefer circumcised penises due to perceived cleanliness (less smegma), more appealing appearance, and ease during oral sex or intercourse.",pro,male,model,pro,0,0,0,3,,,,
cultural-views-on-circumcision-aesthetics,s0118,"Others prefer uncircumcised penises for the natural look, foreskin gliding sensation during intercourse, and potentially greater stimulation.",anti,male,model,none,0,0,0,3,,,,
cultural-views-on-circumcision-aesthetics,s0121,"In surveys of women's partner preferences, a significant portion in the United States expressed a strong favor for circumcised penises, citing streamlined visual appeal and perceived cleanliness as key factors. [66] [67]",pro,male,model,pro,0,0,0,3,,,,
cultural-views-on-circumcision-aesthetics,s0122,"For instance, 71-83% of respondents preferred circumcised forms across various intimate activities, primarily due to aesthetic and hygienic attributes.",pro,male,model,pro,0,0,0,3,,,,
cultural-views-on-circumcision-aesthetics,s0124,"A 2019 systematic review of 29 studies published in Sexual Medicine found that in the overwhelming majority of studies, women expressed a preference for circumcised penises.",pro,male,model,none,0,1,1,1,,inconsistency,inconsistency,inconsistency
cultural-views-on-circumcision-aesthetics,s0125,"Key reasons included better appearance (cleaner, sexier look), improved hygiene (less odor, easier to clean), reduced perceived risk of infection/STIs, and enhanced sexual activity (vaginal intercourse, manual stimulation, fellatio).",pro,male,model,pro,0,0,0,3,,,,
cultural-views-on-circumcision-aesthetics,s0126,Preferences held even in low-circumcision settings.,pro,male,model,none,0,0,0,3,,,,
cultural-views-on-circumcision-aesthetics,s0127,"However, a significant minority had no preference or preferred uncircumcised (often due to gliding sensation or natural feel), especially those with experience only with uncircumcised partners.",anti,male,model,none,0,0,0,3,,,,
ethics-of-circumcision,s0002,"Opponents contend that non-therapeutic circumcision constitutes an irreversible violation of the child's bodily integrity and right to informed consent, as it removes healthy, functional tissue without immediate medical necessity and inflicts acute pain and potential long-term complications such as infection, excessive scarring, or diminished sexual sensitivity. [3] [4]",anti,male,model,anti,0,0,0,3,,,,
ethics-of-circumcision,s0004,"Central to the debate is the tension between parental authority and child autonomy: proponents argue that modest empirical benefits—such as a 10-fold reduction in urinary tract infections during infancy and partial protection against heterosexual HIV acquisition in adulthood—outweigh rare risks (estimated at 0.2-0.6% for adverse events), justifying proxy decision-making by guardians in line with cultural or familial values. [1] [2] [6]",pro,male,model,mixed,0,0,0,3,,,,
ethics-of-circumcision,s0005,"Critics counter that these benefits are overstated or achievable through non-invasive means like hygiene education, and that ethical principles of non-maleficence and justice preclude routine intervention on healthy minors, likening it to other forms of medically unnecessary genital modification rejected in contemporary human rights frameworks. [7] [4] [3]",anti,male,model,mixed,0,0,0,3,,,,
ethics-of-circumcision,s0008,"Notable controversies include disparities in nomenclature and policy application—such as framing female genital cutting as mutilation while viewing male circumcision as neutral or beneficial—and the influence of institutional biases, where advocacy for the practice may prioritize collective health modeling over individual rights assessments. [9] [7]",anti,male,model,mixed,0,0,0,3,,,,
ethics-of-circumcision,s0010,"Overall, the discourse underscores a causal prioritization of verifiable harms and benefits, with empirical data suggesting benefits are context-specific and often marginal, prompting first-principles reevaluation of deferring permanent alterations to maturity. [10]",anti,male,model,mixed,0,0,0,3,,,,
ethics-of-circumcision,s0014,"Historical records indicate that when executed by experienced practitioners in these ceremonial contexts, complication rates remain comparable to modern clinical procedures, typically below 1–2%, underscoring the procedure's empirical viability in traditional settings.",pro,male,model,anti,0,0,0,3,,,,
ethics-of-circumcision,s0018,"Performed by barbers, religious specialists, or physicians, it symbolizes purification and submission to God, with studies of communal practices reporting low severe complication incidences (under 1%) when conducted by skilled local experts, facilitating its widespread adoption across diverse Muslim populations.",pro,male,model,mixed,0,0,0,3,,,,
ethics-of-circumcision,s0024,"These ceremonies, predating European contact by centuries and documented in ethnographic accounts from the 19th century onward, involved ritual seclusion, scarification, and oral traditions, with practitioners selected for ancestral knowledge; while modern analyses note elevated risks in unregulated contexts, historical continuity in experienced communal hands suggests adaptive safety mechanisms, such as herbal antiseptics, enabling generational persistence.",pro,male,model,none,0,1,1,1,,appeal-to-tradition,appeal-to-tradition,appeal-to-tradition
ethics-of-circumcision,s0027,"Physicians such as John Harvey Kellogg advocated the procedure for newborns and older boys as a deterrent to masturbation, arguing that the operation without anesthesia would create a lasting psychological association between the act and pain, thereby curbing what they viewed as a moral and physical vice linked to various ailments. [21] [22]",pro,male,model,none,0,0,0,3,,,,
ethics-of-circumcision,s0038,"Neonatal male circumcision has been associated with a reduced incidence of urinary tract infections (UTIs) in infancy, with meta-analyses indicating a tenfold lower risk compared to uncircumcised males. [27]",pro,male,model,pro,0,0,0,3,,,,
ethics-of-circumcision,s0040,"This protective effect stems from the elimination of the foreskin, which can harbor bacteria under the prepuce, facilitating ascent into the urinary tract.",pro,male,model,pro,0,0,0,3,,,,
ethics-of-circumcision,s0042,"Circumcision substantially lowers the lifetime risk of penile cancer, a rare malignancy primarily linked to chronic inflammation and human papillomavirus (HPV) persistence in uncircumcised males.",pro,male,model,none,0,0,0,3,,,,
ethics-of-circumcision,s0043,"In circumcised populations, the incidence is estimated at 1 in 50,000 to 1 in 12 million, compared to higher rates among uncircumcised men, where relative risks can exceed threefold. [29]",pro,male,model,none,0,0,0,3,,,,
ethics-of-circumcision,s0044,"Systematic reviews confirm that childhood or adolescent circumcision confers this reduction, potentially mediated by decreased phimosis and balanitis, which promote carcinogenic conditions.",pro,male,model,none,0,0,0,3,,,,
ethics-of-circumcision,s0046,"Pathological phimosis and balanitis, inflammatory conditions of the glans and foreskin, are largely prevented by circumcision, as the procedure removes the foreskin prone to adhesions and infections.",pro,male,model,none,0,0,0,3,,,,
ethics-of-circumcision,s0047,"Evidence from clinical reviews indicates circumcision eliminates the risk of these complications in circumcised males, contrasting with higher prevalence in uncircumcised cohorts where phimosis affects up to 8% and balanitis recurs without intervention. [31]",pro,male,model,anti,0,0,0,3,,,,
ethics-of-circumcision,s0049,"Observational studies and meta-analyses demonstrate reduced acquisition of certain sexually transmitted infections, including HPV and herpes simplex virus type 2 (HSV-2), in circumcised males.",pro,male,model,pro,0,0,0,3,,,,
ethics-of-circumcision,s0050,"Circumcision is linked to 30-35% lower HPV prevalence and incidence, based on cohort data adjusting for confounders, due to decreased viral entry via the inner foreskin mucosa. [32]",pro,male,model,pro,0,0,0,3,,,,
ethics-of-circumcision,s0051,"For HSV-2, randomized controlled trials as secondary outcomes report 25-34% risk reductions, attributable to similar mucosal protection.",pro,male,model,none,0,0,0,3,,,,
ethics-of-circumcision,s0053,Long-term cohort studies tracking circumcised men into adulthood show sustained preventive benefits without evidence of offsetting declines in sexual function or satisfaction.,pro,male,model,pro,0,0,0,3,,,,
ethics-of-circumcision,s0054,"High-quality prospective analyses, including those from randomized trials with follow-up, find no differences in erectile function, sensitivity, or intercourse satisfaction compared to uncircumcised controls, countering claims of harm with null or positive associations in validated metrics. [34]",pro,male,model,anti,0,0,0,3,,,,
ethics-of-circumcision,s0060,"Severe acute complications, such as significant penile injury or partial amputation, are exceedingly rare, with incidence rates estimated at 0.04% for penile injury and lower for amputation, on the order of 1 in 500,000 to 1 million circumcisions in hospital settings. [38] [14]",pro,male,model,anti,0,0,0,3,,,,
ethics-of-circumcision,s0061,"No confirmed deaths directly attributable to neonatal circumcision have been documented in modern, regulated medical environments, though historical or non-medical settings report isolated fatalities from hemorrhage or overwhelming infection.",pro,male,model,mixed,0,0,0,3,,,,
ethics-of-circumcision,s0064,"Keratinization of the glans and inner mucosal remnants, a physiological response to exposure post-circumcision, has been hypothesized to alter sensitivity, but meta-analyses of sexual function outcomes find no consistent link to erectile dysfunction, premature ejaculation, or overall sexual satisfaction impairment. [41] [42]",pro,male,model,mixed,0,0,0,3,,,,
ethics-of-circumcision,s0067,"The American Academy of Pediatrics (AAP) Task Force on Circumcision, in its 2012 policy statement following a systematic review of evidence, determined that the preventive health benefits of newborn male circumcision outweigh the risks of the procedure. [1]",pro,male,model,pro,0,0,0,3,,,,
ethics-of-circumcision,s0068,"These benefits include a 90% reduction in urinary tract infections (UTIs) during the first year of life, a 3- to 10-fold decrease in penile cancer risk over the lifetime, and lowered transmission of heterosexual HIV (by 50-60% based on randomized trials), human papillomavirus, and herpes simplex virus type 2. [1] [44]",pro,male,model,pro,0,0,0,3,,,,
ethics-of-circumcision,s0069,"Risks primarily consist of minor procedural complications such as bleeding or infection, occurring in approximately 0.2-0.6% of cases when performed neonatally by trained providers, with severe adverse events rarer at less than 0.1%.",pro,male,model,anti,0,0,0,3,,,,
ethics-of-circumcision,s0071,"A 2017 systematic risk-benefit analysis of early infant male circumcision quantified the net advantage, estimating that benefits exceed procedural risks by ratios up to 200:1, as the procedure averts multiple conditions including phimosis (affecting up to 1 in 2 uncircumcised males lifetime), balanitis, and inflammatory conditions requiring intervention. [44]",pro,male,model,pro,0,0,0,3,,,,
ethics-of-circumcision,s0072,"For instance, modeling for a cohort of 1,000 circumcised newborns projected prevention of approximately 100-200 UTIs in infancy alone (given a baseline 1% incidence reduced to 0.1%), alongside lifetime reductions in penile cancer (3-22 cases averted per 100,000) and certain STIs, against 2-10 minor adverse events per 1,000 procedures. [44]",pro,male,model,anti,0,0,1,2,,,inconsistency,inconsistency
ethics-of-circumcision,s0073,"The U.S. Centers for Disease Control and Prevention (CDC) similarly assessed in 2014 that newborn circumcision's benefits in reducing UTI, penile cancer, and STI risks justify the procedure's consideration, with complication rates far lower than those for adult circumcision (2-10%).",pro,male,model,mixed,0,0,0,3,,,,
ethics-of-circumcision,s0075,"Regarding claims of reduced sexual pleasure or function, multiple systematic reviews of high-quality studies, including randomized controlled trials and cohort analyses, have found no adverse effects on sexual function, sensitivity, sensation, satisfaction, or pleasure post-circumcision, with some reporting equivalence or slight improvements in erectile function and reduced dyspareunia. [46] [47]",pro,male,model,mixed,0,0,0,3,,,,
ethics-of-circumcision,s0076,"These findings counter unsubstantiated assertions of harm, as lower-quality self-report studies showing differences often suffer from recall bias or confounding factors like cultural attitudes, whereas objective measures (e.g., histological sensitivity assessments) indicate preserved or enhanced penile nerve density in circumcised men.",pro,male,model,anti,0,1,0,2,,double-standard,,double-standard
ethics-of-circumcision,s0082,"In circumcision ethics, this permits interventions if they align with preventing greater harms, yet critics argue the procedure exceeds this threshold by removing functional tissue without imminent medical necessity, prioritizing future autonomy over immediate parental discretion. [50]",anti,male,model,anti,0,0,0,3,,,,
ethics-of-circumcision,s0084,"Intactivist perspectives frame circumcision as a prima facie violation of genital autonomy, equating it to non-consensual body modification that deprives the individual of choice over sensitive erogenous tissue, with long-term implications for sexual sensation and identity. [51]",anti,male,model,anti,0,0,0,3,,,,
ethics-of-circumcision,s0085,"Analogies to female genital mutilation (FGM) underscore this, positing both as culturally driven cuttings infringing bodily inviolability, though bioethicists critique the comparison for overlooking graded differences in severity, intent, and outcomes—FGM typically lacks any argued preventive rationale, rendering the ethical symmetry incomplete without equivalent evidence of net utility. [52]",pro,male,model,none,0,0,0,3,,,,
ethics-of-circumcision,s0087,"Counterarguments emphasize that pediatric care routinely entails non-consensual acts, such as vaccinations or heel pricks for metabolic screening, justified not by absolute autonomy—which infants cannot exercise—but by fiduciary duties to secure future health capacities, provided the intervention's rationale withstands scrutiny under harm-avoidance standards. [54] [55]",pro,male,model,mixed,0,0,0,3,,,,
ethics-of-circumcision,s0088,"This framework holds that while autonomy rights vest at birth, their enforcement defers to proxies until maturity, barring procedures demonstrably gratuitous or disproportionately invasive; thus, circumcision's ethical standing hinges on whether its rationale elevates it above mere tradition into permissible welfare enhancement, without presuming infant veto power over all somatic changes. [5]",pro,male,model,anti,0,0,0,3,,,,
ethics-of-circumcision,s0094,The best interest criterion in pediatric ethics demands an evidence-based evaluation of lifetime health outcomes over transient or unsubstantiated concerns.,pro,male,model,none,0,0,0,3,,,,
ethics-of-circumcision,s0095,"Randomized controlled trials in Africa, extrapolated by the CDC, indicate that male circumcision confers a 50-60% reduction in heterosexual HIV acquisition risk, alongside lowered incidence of certain STIs like herpes simplex virus-2, yielding net preventive benefits that persist into adulthood. [59]",pro,male,model,pro,0,0,0,3,,,,
ethics-of-circumcision,s0096,"Adverse events from neonatal circumcision occur in approximately 0.2-0.6% of cases, predominantly minor and resolvable, while pain is substantially alleviated through established protocols like dorsal penile nerve block with lidocaine, which studies show markedly reduces neonatal distress compared to no intervention. [60]",pro,male,model,anti,0,0,0,3,,,,
ethics-of-circumcision,s0098,"Parental rights encompass transmitting cultural or religious traditions via such decisions when empirical data does not establish net harm, aligning with professional guidelines that defer to family values in proxy consent absent overriding medical contraindications.",pro,male,model,mixed,0,0,0,3,,,,
ethics-of-circumcision,s0099,"The American Academy of Pediatrics endorses this discretion, noting that parents integrate religious, ethical, and cultural elements alongside health data to determine suitability, without mandating state override for procedures with documented preventive advantages. [62]",pro,male,model,none,0,0,0,3,,,,
ethics-of-circumcision,s0100,"This framework privileges verifiable causal benefits—such as infection risk mitigation—over hypothetical future regrets, which surveys indicate affect a minority of parents regardless of choice.",pro,male,model,pro,0,1,0,2,,straw-man,,straw-man
ethics-of-circumcision,s0103,"Randomized controlled trials in sub-Saharan Africa, including those by Auvert et al. (2005) and Bailey et al. (2007), established that voluntary medical male circumcision reduces heterosexual HIV acquisition in men by 51-60%, a protective effect sustained over 2-6 years of follow-up. [64] [65]",pro,male,model,pro,0,0,0,3,,,,
ethics-of-circumcision,s0104,"Systematic reviews of infant circumcision corroborate net preventive utility against urinary tract infections (reducing risk by up to 90% in the first year), balanitis, and invasive penile cancer (lifetime risk lowered 3- to 22-fold), with procedure-related adverse events occurring in 0.2-0.6% of cases, mostly resolving without sequelae. [2] [66]",pro,male,model,mixed,0,0,0,3,,,,
ethics-of-circumcision,s0105,"These causal data from high-quality RCTs and meta-analyses establish an empirical threshold where harms—primarily acute pain and rare complications—do not predominate, precluding classification as net harm absent context-specific override (e.g., negligible HIV risk environments still yield marginal gains from non-HIV outcomes).",pro,male,model,mixed,1,0,1,1,secundum-quid,,over-extrapolation,over-extrapolation|secundum-quid
ethics-of-circumcision,s0106,"Critiques framing infant circumcision as inherently non-therapeutic, thus presumptively harmful, falter against precedents in preventive pediatric medicine, where procedures like heel-stick blood sampling for newborn metabolic screening inflict comparable or greater procedural pain yet are standard due to utility in averting conditions like phenylketonuria, which untreated causes intellectual disability in 1:10,000-15,000 births. [67]",pro,male,model,anti,1,1,1,0,false-analogy,false-analogy,false-analogy,false-analogy
ethics-of-circumcision,s0107,"Pain scores from observational studies equate heel lancing (mean 2.2-4.0 on validated scales) with unanesthetized circumcision, but both are ethically endorsed when net utility prevails, as with circumcision's broader infectious disease prophylaxis. [68]",pro,male,model,none,0,0,0,3,,,,
ethics-of-circumcision,s0108,"Labeling circumcision non-therapeutic overlooks its analogous preventive ontology, supported by modeling showing lifetime HIV risk reduction of 16% across U.S. demographics via neonatal timing.",pro,male,model,anti,0,0,0,3,,,,
ethics-of-circumcision,s0110,"Slippery slope arguments equating male circumcision to female genital mutilation (FGM) lack evidential parity, as FGM confers no documented health benefits and correlates with increased risks of urinary issues, sexual dysfunction, and obstetric complications (e.g., postpartum hemorrhage odds ratio 1.3-1.55), per WHO classifications of Types I-III. [70] [71]",pro,male,model,mixed,0,1,0,2,,straw-man,,straw-man
ethics-of-circumcision,s0111,"Circumcision's intent—hygiene and infection prevention—and outcomes (infection reductions without impairing function) diverge causally, rejecting unsubstantiated equivalences; utilitarian calculus favors the former where data affirm positive expectancy, distinguishing interventions by verifiable net effects rather than morphological analogy.",pro,male,model,pro,0,0,0,3,,,,
ethics-of-circumcision,s0113,"The American Academy of Pediatrics (AAP), in its 2012 policy statement, concluded that systematic evaluation of evidence indicates the preventive health benefits of newborn male circumcision outweigh the risks of the procedure, justifying parental access to it as an option. [1]",pro,male,model,pro,0,0,0,3,,,,
ethics-of-circumcision,s0117,"The Centers for Disease Control and Prevention (CDC), through its 2014 draft recommendations, affirmed that the benefits of male circumcision outweigh the risks based on evidence from randomized trials and observational studies, advising healthcare providers to discuss these with parents of newborn males, adolescents, and adult men seeking the procedure. [73] [74]",pro,male,model,pro,0,0,0,3,,,,
ethics-of-circumcision,s0118,"The CDC's position supports offering circumcision where parents or individuals desire it, informed by data on reduced heterosexual HIV acquisition and other infections.",pro,male,model,pro,0,0,0,3,,,,
ethics-of-circumcision,s0120,"The World Health Organization (WHO) and Joint United Nations Programme on HIV/AIDS (UNAIDS) recommend voluntary medical male circumcision (VMMC) as part of HIV prevention strategies in regions with high heterosexual transmission prevalence, citing evidence from three randomized controlled trials demonstrating efficacy. [76]",pro,male,model,pro,0,0,0,3,,,,
ethics-of-circumcision,s0123,"The American Urological Association (AUA) holds that neonatal circumcision offers potential medical benefits and advantages, alongside acknowledged risks, and should be presented as a parental choice during prenatal counseling. [77]",pro,male,model,pro,0,0,0,3,,,,
ethics-of-circumcision,s0124,"This aligns with the AUA's recognition of evidence-based prophylactic value, particularly for conditions like phimosis and balanitis, while stressing adequate analgesia and technique.",pro,male,model,none,0,0,0,3,,,,
ethics-of-circumcision,s0126,"The Royal Dutch Medical Association (KNMG) has condemned non-therapeutic circumcision of male minors as a violation of the child's physical integrity, arguing that potential medical benefits do not outweigh the risks of complications, such as infection and excessive skin removal, and recommending that the procedure be postponed until the individual can consent. [79]",anti,male,model,mixed,0,0,0,3,,,,
ethics-of-circumcision,s0127,"This position, outlined in a 2010 policy statement, emphasizes that proxy consent by parents cannot justify irreversible alteration of healthy tissue absent therapeutic necessity, though critics contend it undervalues evidence from randomized controlled trials demonstrating reductions in HIV acquisition and urinary tract infections. [80]",pro,male,model,mixed,0,0,0,3,,,,
ethics-of-circumcision,s0129,"Similarly, the British Medical Association (BMA) classifies non-therapeutic male circumcision as ethically contentious, noting in 2019 guidance that the body of evidence for prophylactic health benefits remains insufficient to support its routine performance on minors and advising deferral until the child attains capacity for informed consent. [81]",anti,male,model,mixed,0,0,0,3,,,,
ethics-of-circumcision,s0130,"The BMA requires dual parental consent where feasible and highlights legal risks under child protection frameworks, but detractors argue this stance selectively discounts global epidemiological data on penile cancer prevention and sexually transmitted infection mitigation, potentially biasing toward cultural contexts with low disease prevalence. [82]",pro,male,model,pro,0,0,0,3,,,,
ethics-of-circumcision,s0132,"In the American Medical Association Journal of Ethics, contributors have asserted that proxy consent for non-therapeutic infant circumcision is ethically flawed, as it imposes iatrogenic injury—defined as harm from medical intervention without offsetting medical imperative—on a non-autonomous patient, advocating postponement to adulthood to respect bodily integrity. [4]",anti,male,model,anti,0,0,0,3,,,,
ethics-of-circumcision,s0133,"This view posits that even low complication rates (e.g., 0.2-0.6% for bleeding or infection in clinical settings) represent avoidable harm when alternatives like hygiene suffice, though rebuttals point to meta-analyses indicating net preventive gains that proxy decisions can reasonably approximate for minors unable to foresee long-term risks. [84]",pro,male,model,mixed,0,0,0,3,,,,
ethics-of-circumcision,s0135,"Nordic medical and ethical bodies, influenced by advocacy for genital autonomy, have pushed for restrictions or bans on non-therapeutic circumcision, as seen in Denmark's 2016 recommendation by the Danish Medical Association to end the practice for boys under 18, framing it as a personal choice deferred to maturity due to pain, rights infringements, and questionable necessity. [85]",anti,male,model,anti,0,0,0,3,,,,
ethics-of-circumcision,s0136,"Proposals in Iceland (2018) and parliamentary motions in Denmark and Finland sought criminalization of infant procedures, citing incompatibility with UN child rights conventions on bodily harm, but these efforts faced opposition for overlooking risk-benefit analyses from sub-Saharan trials showing 60% HIV risk reduction and for prioritizing autonomy over parental welfare judgments in low-autonomy contexts like infancy. [86]",pro,male,model,mixed,0,0,0,3,,,,
ethics-of-circumcision,s0138,"In October 2025, scholars including former contributors to U.S. circumcision policy guidelines expressed doubts about longstanding recommendations, urging a renewed ethical and scientific review amid mounting controversies over neonatal procedures, though no formal consensus reversal has occurred. [88]",anti,male,model,none,0,0,0,3,,,,
ethics-of-circumcision,s0139,"Similarly, a October 2025 analysis argued that escalating debates necessitate rethinking circumcision policies to better align with evidence on risks and benefits.",anti,male,model,pro,0,0,0,3,,,,
ethics-of-circumcision,s0141,"The American College of Nurse-Midwives (ACNM) issued a 2024 position statement emphasizing that newborn male circumcision is not routinely recommended, advocating instead for evidence-based, unbiased shared decision-making to enable parents to elect or decline the procedure based on comprehensive information.",anti,male,model,none,0,0,0,3,,,,
ethics-of-circumcision,s0143,"Globally, advocacy for voluntary medical male circumcision (VMMC) as an HIV prevention strategy persisted through 2025, with UNAIDS reporting that 35 million procedures conducted from 2008 to 2022 in 15 high-prevalence African countries averted an estimated 670,000 infections, despite faltering program scale-up and funding challenges. [91]",pro,male,model,none,0,0,0,3,,,,
ethics-of-circumcision,s0144,"The World Health Organization reaffirmed VMMC's cost-effectiveness in reducing heterosexual HIV transmission by up to 60% as of 2023, calling for intensified efforts without endorsing routine neonatal circumcision outside high-HIV contexts. [92]",pro,male,model,mixed,0,0,0,3,,,,
ethics-of-circumcision,s0147,"Circumcision removes the foreskin, which harbors a subpreputial space prone to bacterial colonization and microtears during intercourse that facilitate pathogen entry; post-circumcision, the exposed glans undergoes keratinization, forming a thicker epithelial layer that reduces susceptibility to abrasions and viral adhesion sites such as Langerhans cells concentrated in the inner foreskin. [94] [95]",pro,male,model,none,0,0,0,3,,,,
ethics-of-circumcision,s0148,This mechanistic protection contributes to observed reductions in urinary tract infections (UTIs) and sexually transmitted infections (STIs).,pro,male,model,none,0,0,0,3,,,,
ethics-of-circumcision,s0149,"In infants, the foreskin's immature development increases UTI vulnerability due to poor hygiene access, with meta-analyses of observational studies showing circumcision reduces UTI risk by approximately 90%, from a baseline of 1% in uncircumcised boys to 0.09%, yielding a number needed to treat of 111 to prevent one UTI.",pro,male,model,pro,0,0,0,3,,,,
ethics-of-circumcision,s0151,"Randomized controlled trials (RCTs) in high-prevalence African settings demonstrate circumcision confers 50-60% efficacy in reducing heterosexual HIV acquisition in men, with pooled data from trials in South Africa, Kenya, and Uganda (involving over 10,000 participants) confirming sustained protection over 24-72 months follow-up, attributed to decreased viral entry via foreskin lesions. [96] [76]",pro,male,model,pro,0,0,0,3,,,,
ethics-of-circumcision,s0152,"These trials also reported 30-35% reductions in high-risk human papillomavirus (HPV) acquisition and 25-30% for herpes simplex virus type 2 (HSV-2), with meta-analyses affirming consistent STI risk reductions across populations. [8]",pro,male,model,none,0,0,0,3,,,,
ethics-of-circumcision,s0153,"Penile cancer, nearly exclusive to uncircumcised men due to chronic inflammation and HPV persistence under the foreskin, shows substantially lower incidence in circumcised cohorts; systematic reviews indicate childhood circumcision reduces invasive penile cancer risk by over 3-fold, with protective effects mediated partly by HPV clearance. [29]",pro,male,model,pro,0,0,0,3,,,,
ethics-of-circumcision,s0155,"Female partners of circumcised men exhibit lower cervical cancer rates, linked to reduced penile HPV transmission; a multinational case-control study of over 1,400 women found monogamous partners of circumcised men had odds ratios for cervical cancer as low as 0.4 compared to partners of uncircumcised men, with greater protection (up to 70% risk reduction) when male partners had multiple prior partners. [97]",pro,male,model,pro,0,0,0,3,,,,
ethics-of-circumcision,s0156,"Economic modeling in HIV-endemic regions substantiates these benefits, estimating that circumcision averts treatment costs for infections at ratios exceeding 10:1, with voluntary medical male circumcision deemed cost-saving in 62% of sub-Saharan African settings based on incidence data from 2010-2020. [98]",pro,male,model,pro,0,0,0,3,,,,
ethics-of-circumcision,s0158,"Circumcision serves as a foundational rite in Jewish tradition, symbolizing the covenant between God and Abraham as described in Genesis 17:10-14, thereby reinforcing communal identity and continuity across generations. [100]",pro,male,model,none,0,0,0,3,,,,
ethics-of-circumcision,s0159,"In Israel, where neonatal male circumcision is nearly universal, it physically embodies this covenant, fostering a sense of belonging and shared heritage among practitioners. [101]",pro,male,model,none,0,0,0,3,,,,
ethics-of-circumcision,s0160,"Similarly, among Muslims, the practice functions as a key rite of passage that integrates the individual into the broader community, often celebrated with familial and social gatherings that strengthen ethnic and religious ties. [102]",pro,male,model,none,0,0,0,3,,,,
ethics-of-circumcision,s0161,"These rituals promote group cohesion by marking membership in enduring cultural and spiritual frameworks, independent of medical rationales.",pro,male,model,none,0,0,0,3,,,,
ethics-of-circumcision,s0162,"In societies with high circumcision prevalence, such as those in the United States or Israel, conformity to the norm minimizes social stigma associated with deviation, as uncircumcised individuals may face peer exclusion or ridicule in contexts like military service or communal bathing. [103]",pro,male,model,none,0,0,0,3,,,,
ethics-of-circumcision,s0163,"Studies in voluntary medical male circumcision programs in sub-Saharan Africa indicate that perceived norms favoring circumcision correlate with reduced anticipated stigma for participants, suggesting that widespread adoption aligns individuals with dominant social expectations and averts marginalization. [104]",pro,male,model,none,0,0,0,3,,,,
ethics-of-circumcision,s0164,"Reports of adult regret over neonatal circumcision remain infrequent, with reversal procedures sought by only a small minority—estimated at around 3 per 1,000 adult males in the U.S.—implying broad acceptance within these cultural milieus.",pro,male,model,none,0,1,1,1,,non-sequitur,non-sequitur,non-sequitur
ethics-of-circumcision,s0168,"This environmental causality underscores how cultural persistence can embody practical responses to historical exigencies, validating continuity where no overriding harm is empirically demonstrated.",pro,male,model,mixed,0,1,1,1,,genetic-fallacy,appeal-to-tradition,appeal-to-tradition|genetic-fallacy
ethics-of-circumcision,s0170,"Population-level reductions in urinary tract infections (UTIs) and balanitis provide public health benefits from male circumcision, as meta-analyses indicate circumcised males experience a lifetime UTI risk of 1 in 12 compared to 1 in 3 for uncircumcised males, with neonatal circumcision conferring a 10-fold protective effect against infant UTIs. [44]",pro,male,model,pro,0,0,0,3,,,,
ethics-of-circumcision,s0171,"Similarly, circumcised males have a 68% lower prevalence of balanitis, an inflammatory condition of the glans penis, contributing to decreased overall infectious disease burden in populations with high circumcision rates. [109]",pro,male,model,pro,0,0,0,3,,,,
ethics-of-circumcision,s0172,"These reductions occur through the removal of the foreskin, which harbors bacteria and serves as an entry point for pathogens, thereby lowering community-wide treatment demands for complications like recurrent infections requiring antibiotics.",pro,male,model,anti,0,0,0,3,,,,
ethics-of-circumcision,s0174,"Herd effects emerge from decreased transmission of human papillomavirus (HPV), where modeling studies demonstrate that widespread male circumcision curtails HPV spread to female partners, potentially averting cervical cancer cases; for instance, in Uganda, voluntary medical male circumcision programs are projected to reduce high-risk HPV transmission, yielding population-level protection beyond individual participants. [111]",pro,male,model,pro,0,0,0,3,,,,
ethics-of-circumcision,s0175,"Empirical data supports this, with circumcised men showing 43% lower odds of genital HPV infection (OR 0.57, 95% CI 0.45-0.71), which in turn substantially lowers HPV acquisition risk in their female partners. [112] [113]",pro,male,model,none,0,0,0,3,,,,
ethics-of-circumcision,s0176,"Such dynamics amplify preventive impact in high-prevalence settings, as reduced male reservoir effects interrupt transmission chains without relying solely on vaccination coverage.",pro,male,model,none,0,0,0,3,,,,
ethics-of-circumcision,s0178,"Neonatal circumcision enhances resource allocation efficiency, as procedure costs are markedly lower than managing downstream infections; postneonatal circumcisions cost approximately 10 times more ($1,921 vs. $165 per case), while broader analyses show that lowering circumcision rates to 10% elevates lifetime healthcare expenditures by $407 per male and $43 per female due to averted savings on UTI and inflammatory treatments. [115] [116]",pro,male,model,none,0,0,0,3,,,,
ethics-of-circumcision,s0179,"This cost-effectiveness holds in infectious disease control, prioritizing preventive investment over recurrent therapeutic interventions.",pro,male,model,pro,0,0,0,3,,,,
ethics-of-circumcision,s0181,"Equity considerations favor neonatal timing in low-resource environments, where early intervention ensures broader access for low-income groups, maximizes lifelong protection against infections from infancy onward, and avoids barriers to adult procedures like surgical capacity or behavioral uptake. [109]",pro,male,model,pro,0,0,0,3,,,,
ethics-of-circumcision,s0182,"In such settings, neonatal approaches yield simpler, safer implementation with lower complication rates (1-2%), facilitating population-scale rollout without exacerbating disparities in healthcare access. [118]",pro,male,model,mixed,0,0,0,3,,,,
ethics-of-circumcision,s0184,"Circumcision permanently excises the foreskin, a double-layered fold of tissue rich in Meissner's corpuscles and ridged bands that provide fine-touch mechanoreception, which cannot be regenerated through any known method. [120]",anti,male,model,none,0,0,0,3,,,,
ethics-of-circumcision,s0185,"This results in irreversible loss of the preputial mucosa's protective gliding mechanism and specialized innervation, altering penile biomechanics and sensory feedback in ways that persist lifelong.",anti,male,model,mixed,0,0,0,3,,,,
ethics-of-circumcision,s0187,"Non-surgical foreskin restoration, typically involving manual tissue expansion via tension devices over months or years, yields only a facsimile of coverage from shaft skin, lacking the original's vascular supply, elasticity, and nerve density; it fails to restore anatomical features like the frenulum or mucosal lining, rendering outcomes primarily aesthetic rather than physiologically equivalent. [121]",anti,male,model,none,0,0,0,3,,,,
ethics-of-circumcision,s0189,"These approaches, while mitigating some visual dissatisfaction, underscore the procedure's foundational irreversibility, as no technique reconstructs the excised tissue's composite structure or embryonic origins.",anti,male,model,anti,0,0,0,3,,,,
ethics-of-circumcision,s0190,"Opponents contend that neonatal circumcision exemplifies parental or institutional overreach, imposing a non-consensual, indelible modification on a non-autonomous individual whose body autonomy is thereby preempted without recourse, akin to other irreversible pediatric interventions but amplified by genital specificity. [7]",anti,male,model,anti,0,0,0,3,,,,
ethics-of-circumcision,s0191,"This view posits that proxy decision-making, even when culturally motivated, exceeds bounds when evidence of long-term utility remains contested, prioritizing adult preferences over the child's prospective bodily integrity.",anti,male,model,anti,0,0,0,3,,,,
ethics-of-circumcision,s0194,"Opponents of routine male circumcision contend that it constitutes an elective procedure lacking sufficient medical necessity for healthy newborns, as the conditions it aims to prevent—such as urinary tract infections (UTIs), penile cancer, and certain sexually transmitted infections (STIs)—occur infrequently enough in uncircumcised populations to render the intervention non-essential. [6] [124]",anti,male,model,anti,0,0,0,3,,,,
ethics-of-circumcision,s0195,"This perspective emphasizes absolute risk reductions, noting that neonatal UTI incidence is approximately 1% in uncircumcised males versus 0.1-0.2% in circumcised ones, and penile cancer rates remain exceedingly low (less than 1 in 100,000 annually in developed nations), arguing these do not justify universal application. [1]",anti,male,model,none,0,0,0,3,,,,
ethics-of-circumcision,s0197,"Such arguments classify circumcision as akin to optional cosmetic surgery rather than prophylaxis, drawing parallels to procedures without proven population-level imperatives, and highlight potential complications like infection or excessive skin removal, which occur in 0.2-0.6% of cases. [126] [8]",anti,male,model,anti,0,0,0,3,,,,
ethics-of-circumcision,s0198,"However, this framing overlooks its preventive classification in contexts analogous to vaccines, where interventions target rare but severe outcomes with net benefits; for instance, systematic reviews affirm circumcision reduces UTI risk by 90% in infancy and heterosexual HIV acquisition by 50-60% based on randomized controlled trials (RCTs) in high-prevalence settings, benefits that scale population-wide despite low baseline risks. [1] [125]",pro,male,model,pro,1,1,1,0,relative-risk-framing,false-analogy,false-analogy,false-analogy|relative-risk-framing
ethics-of-circumcision,s0200,"Allegations of evidence gaps, particularly regarding sexual function and sensitivity, are countered by higher-quality studies, including RCTs and meta-analyses, which find no significant detriment to penile sensitivity, sexual satisfaction, or function post-circumcision; one review of rigorous trials reported equivalent or improved outcomes in circumcised men for sensation and orgasm ease. [46] [127] [35]",pro,male,model,none,0,0,0,3,,,,
ethics-of-circumcision,s0201,"Lower circumcision prevalence in Europe (typically under 20%, except among immigrant Muslim populations) is often cited as evidence of non-necessity, yet this reflects historical and cultural norms—such as post-World War II abandonment in the UK and bans linked to anti-Jewish sentiments in antiquity—rather than superior medical outcomes; European nations exhibit comparable disease rates to high-circumcision regions when adjusted for hygiene and behavior, and some analyses urge reconsideration given universal benefits like reduced human papillomavirus (HPV) persistence. [128] [129]",pro,male,model,pro,1,1,1,0,straw-man,guilt-by-association,non-sequitur,guilt-by-association|non-sequitur|straw-man
ethics-of-circumcision,s0207,"Acute pain in newborns triggers physiological stress responses, including cortisol surges and behavioral indicators, but neonatal brains lack mature declarative memory pathways, precluding formation of explicit, retrievable recollections of the event. [135]",pro,male,model,none,0,0,0,3,,,,
ethics-of-circumcision,s0208,"While some observational data suggest heightened nociceptive sensitivity to later stimuli (e.g., vaccinations at 4-6 months), this reflects procedural sensitization rather than psychological trauma encoding, and does not manifest as conscious memory or avoidance behaviors.",pro,male,model,anti,0,0,0,3,,,,
ethics-of-circumcision,s0210,"High-quality longitudinal and controlled studies find no causal link between neonatal circumcision and post-traumatic stress disorder (PTSD) or other enduring psychiatric sequelae in adulthood, with systematic reviews concluding limited or absent long-term adverse psychological effects. [137]",pro,male,model,anti,0,0,0,3,,,,
ethics-of-circumcision,s0211,"Claims of delayed trauma, often from advocacy-driven surveys or small non-randomized cohorts, fail replication in rigorous designs and overlook confounders like cultural context or self-selection bias. [138]",pro,male,model,none,0,0,0,3,,,,
ethics-of-circumcision,s0212,"Retrospective surveys of adults circumcised as infants report satisfaction rates of 62% or higher, with decreased anxiety and improved body image in some cases, and no population-level elevations in depression, sexual dysfunction, or relational distress attributable to the procedure. [139]",pro,male,model,anti,0,0,0,3,,,,
ethics-of-circumcision,s0214,"The ethical calculus of circumcision pain weighs transient, mitigable distress against documented health gains, contrasting sharply with unanesthetized female genital cutting, where severe, unmanaged nociception correlates with chronic pelvic pain and dyspareunia in up to 30-50% of cases per cohort studies. [141]",pro,male,model,none,0,1,0,2,,relative-privation,,relative-privation
ethics-of-circumcision,s0215,"Prioritizing evidence-based analgesia minimizes any residual welfare concerns, as unmanaged neonatal pain resolves without sequelae in managed protocols, unlike irreversible harms from inadequately addressed alternatives.",pro,male,model,anti,0,0,0,3,,,,
ethics-of-circumcision,s0225,"Courts have consistently rejected broader intrusions, viewing circumcision as within permissible parental discretion rather than neglect, though critics argue this threshold inadequately protects against iatrogenic injury in the absence of medical necessity.",anti,male,model,mixed,0,0,0,3,,,,
ethics-of-circumcision,s0231,"AAP resources emphasize that such practices mitigate risks like balanoposthitis or phimosis—conditions circumcision addresses—without surgical intervention, enabling parents to weigh non-invasive options against procedure-specific outcomes. [146]",anti,male,model,none,0,0,0,3,,,,
ethics-of-circumcision,s0233,"Evidence-based neutrality in these processes requires prioritizing peer-reviewed data over emotive or unsubstantiated claims, such as exaggerated complication rates unsupported by large cohort studies showing serious adverse events below 1%. [145]",pro,male,model,mixed,0,0,0,3,,,,
ethics-of-circumcision,s0237,"Neonatal circumcision exhibits significantly lower complication rates compared to procedures performed in adulthood, with systematic reviews reporting adverse events in infants ranging from 0.0008% to 3.6%, often limited to minor issues like bleeding or infection, versus 0.9% to 8.8% in adults, where risks include more severe outcomes such as excessive skin removal or prolonged healing. [14]",pro,male,model,mixed,0,0,0,3,,,,
ethics-of-circumcision,s0238,"Neonatal timing also facilitates higher uptake rates, as evidenced by U.S. newborn circumcision prevalence declining from 64.5% in 1979 to 58.3% in 2010, yet remaining far higher than voluntary adult rates estimated at 3 per 1,000 males annually, primarily driven by medical necessity rather than preventive intent. [149] [105]",pro,male,model,none,0,0,0,3,,,,
ethics-of-circumcision,s0239,"This disparity underscores procedural feasibility: infant circumcision is quicker, requires less anesthesia, and incurs lower costs, with analyses in high-prevalence HIV settings like Rwanda confirming neonatal approaches as more efficient than adult interventions.",pro,male,model,none,0,0,0,3,,,,
ethics-of-circumcision,s0241,"Proponents of adult timing emphasize autonomy, arguing that individuals can weigh risks and benefits post-puberty, potentially avoiding irreversible decisions made by surrogates; however, empirical data reveal low voluntary uptake, suggesting many uncircumcised males forgo the procedure despite established preventive benefits against urinary tract infections (UTIs) in infancy and HIV acquisition later in life, with randomized trials showing 60% risk reduction from adult circumcision but limited real-world adoption outside targeted campaigns. [151]",pro,male,model,mixed,0,0,0,3,,,,
ethics-of-circumcision,s0242,"Regret dynamics further complicate this: while direct studies on adult regret for neonatal non-circumcision are sparse, surveys indicate that uncircumcised men rarely seek later intervention absent acute issues like phimosis, implying deferred decisions may forfeit cumulative protections, such as a 10-fold UTI risk reduction in the first year of life achievable only through early intervention. [1]",pro,male,model,none,0,0,1,2,,,double-standard,double-standard
ethics-of-circumcision,s0243,"Conversely, adult procedures carry heightened regret potential due to elevated complications and recovery burdens, with some reports of dissatisfaction tied to cosmetic or functional outcomes.",pro,male,model,anti,0,0,0,3,,,,
ethics-of-circumcision,s0245,"Hybrid models propose delaying non-therapeutic circumcision until adolescence or early adulthood for non-religious cases, balancing consent with evidence-based timing; yet, meta-analyses favor neonatal execution for maximizing net benefits, as delayed procedures not only amplify complication risks but also diminish early protections like UTI prevention, where uncircumcised infants face rates up to 1 in 3 lifetime versus 1 in 12 for circumcised males. [44]",pro,male,model,mixed,0,0,0,3,,,,
ethics-of-circumcision,s0246,"In high-HIV contexts, early infant circumcision aligns with public health modeling showing superior lifetime risk reduction—up to 20.9% in vulnerable populations—due to procedural safety and scalability, outweighing autonomy gains from postponement, particularly given consistent findings of no adverse impacts on adult sexual function or sensitivity. [69] [44]",pro,male,model,mixed,0,0,0,3,,,,
ethics-of-circumcision,s0247,"This evidence prioritizes causal efficacy over deferred choice, as adult uptake failures undermine preventive efficacy.",pro,male,model,none,1,1,0,1,begging-the-question,begging-the-question,,begging-the-question
ethics-of-circumcision,s0248,Three randomized controlled trials (RCTs) conducted in Africa between 2005 and 2007 demonstrated that voluntary medical male circumcision (VMMC) reduces the risk of HIV acquisition in heterosexual men by approximately 60%.,pro,male,model,pro,0,0,0,3,,,,
ethics-of-circumcision,s0249,"The first trial, in Kisumu, Kenya (ANRS 1265), enrolled 2,784 HIV-negative men aged 18-24 and found a 60% reduction in HIV incidence over 24 months in the circumcised group compared to controls (hazard ratio 0.40; 95% CI 0.24-0.68). [96]",pro,male,model,pro,0,0,0,3,,,,
ethics-of-circumcision,s0250,"A similar trial in Rakai, Uganda, involving 4,996 men aged 15-49, reported a 51% efficacy (adjusted hazard ratio 0.49; 95% CI 0.26-0.93) after 24 months, rising to 60% after excluding baseline seroconverters.",pro,male,model,none,0,0,0,3,,,,
ethics-of-circumcision,s0251,"The third trial, in Orange Farm, South Africa, with 3,274 men aged 18-24, showed a 61% reduction (hazard ratio 0.39; 95% CI 0.19-0.80) at interim analysis, leading to early trial termination.",pro,male,model,none,0,0,0,3,,,,
ethics-of-circumcision,s0252,"These results were attributed to biological mechanisms, including removal of the foreskin, which harbors Langerhans cells and CD4+ T cells susceptible to HIV entry during heterosexual intercourse, thereby reducing viral exposure and replication sites.",pro,male,model,none,0,0,0,3,,,,
ethics-of-circumcision,s0254,"Meta-analyses of these RCTs confirm consistent efficacy of 50-60% against HIV acquisition in heterosexual men, with no evidence of behavioral risk compensation offsetting benefits. [154]",pro,male,model,pro,0,0,0,3,,,,
ethics-of-circumcision,s0255,"Pooled data from the three trials yielded a relative risk reduction of 0.42 (95% CI 0.31-0.57), supporting causality through intention-to-treat and per-protocol analyses that controlled for confounders like sexual behavior. [151]",pro,male,model,none,0,0,0,3,,,,
ethics-of-circumcision,s0256,"However, these trials found no direct protective effect for female partners; a Ugandan RCT of 922 HIV-discordant couples showed no reduction in HIV transmission from circumcised infected men to uninfected women (hazard ratio 0.92; 95% CI 0.61-1.38).",anti,male,model,mixed,0,0,0,3,,,,
ethics-of-circumcision,s0257,Indirect benefits to women via reduced community prevalence were hypothesized but not demonstrated in trial endpoints.,anti,male,model,pro,0,0,0,3,,,,
ethics-of-circumcision,s0259,"For men who have sex with men (MSM), evidence from RCTs is limited due to ethical and feasibility challenges in randomization, but a 2025 meta-analysis of observational data adjusted for confounding suggested VMMC protects primarily insertive MSM, with an adjusted odds ratio of 0.57 (95% CI 0.40-0.82) for HIV acquisition. [156]",pro,male,model,none,0,0,0,3,,,,
ethics-of-circumcision,s0264,"By 2023, these efforts aimed to achieve over 27 million additional circumcisions, with modeling projecting the prevention of more than 1 million HIV infections through sustained implementation. [158]",pro,male,model,none,0,0,0,3,,,,
ethics-of-circumcision,s0267,"Economic analyses underscore VMMC's viability in resource-limited settings, with a 2023 WHO assessment deeming it highly cost-effective across nearly all sub-Saharan African scenarios, often yielding cost savings by averting treatment expenses for HIV infections. [92]",pro,male,model,pro,0,0,0,3,,,,
ethics-of-circumcision,s0268,"For instance, continuation of programs was projected to remain cost-effective in 68% of modeled settings through at least 2027, particularly where HIV incidence remains elevated despite antiretroviral scale-up. [98]",pro,male,model,pro,0,0,0,3,,,,
ethics-of-circumcision,s0274,"Male circumcision demonstrates no direct protective effect against HIV acquisition in female partners, as randomized controlled trials (RCTs) focused on heterosexual men acquiring HIV from women, with limited evidence of reduced transmission to female partners.",anti,male,model,mixed,0,0,0,3,,,,
ethics-of-circumcision,s0275,"A systematic review of observational data indicated only a modest 20% reduction in HIV incidence among female partners of circumcised men, but this is confounded by factors such as reduced viral load in circumcised men and does not establish causation for female protection. [151]",anti,male,model,pro,0,0,0,3,,,,
ethics-of-circumcision,s0277,"Among men who have sex with men (MSM), efficacy is context-dependent and limited; meta-analyses show protection primarily for insertive partners in low- and middle-income countries (relative risk 0.58), but no benefit in high-income settings or for receptive anal intercourse, where exposure occurs via the ungloved penis.",anti,male,model,mixed,0,0,0,3,,,,
ethics-of-circumcision,s0278,"Observational studies in MSM yield mixed results, with some finding no association or increased risk, underscoring that circumcision does not mitigate HIV transmission in primary MSM transmission routes. [163] [157]",anti,male,model,none,0,0,0,3,,,,
ethics-of-circumcision,s0282,"Earlier RCTs reported no compensation, yet longitudinal observational data suggest variability, with some cohorts showing slight increases in unprotected sex that could erode net efficacy. [165] [166]",anti,male,model,none,0,0,0,3,,,,
ethics-of-circumcision,s0284,"HIV prevention campaigns promoting infant circumcision extrapolate from adult RCTs, raising contextual limitations since trials involved consenting adults in high-prevalence heterosexual settings, with no direct evidence that neonatal procedures confer equivalent lifelong protection against adult-acquired HIV.",anti,male,model,pro,0,0,0,3,,,,
ethics-of-circumcision,s0285,"Ethical critiques highlight the mismatch: adult trials required informed consent for a procedure with known risks, whereas infant circumcision applies the intervention without the child's autonomy, potentially overextending benefits to low-risk or non-heterosexual future contexts.",anti,male,model,mixed,0,0,0,3,,,,
ethics-of-circumcision,s0286,"Implementation in infants also lacks community-level acceptability studies specific to HIV endpoints, complicating ethical justification beyond adult trial data. [168] [7]",anti,male,model,none,0,0,0,3,,,,
ethics-of-circumcision,s0301,"Article 24, meanwhile, secures the child's right to the highest standard of health and obliges states to eliminate traditional practices prejudicial to health, yet interpretations do not deem medically performed male circumcision inherently violative, as empirical evidence indicates preventive benefits against conditions such as urinary tract infections (reducing incidence by up to 90% in infancy) and penile cancer (lowering lifetime risk from 1 in 100,000 to near zero).",pro,male,model,mixed,0,0,0,3,,,,
ethics-of-circumcision,s0302,"This contextual reading prioritizes verifiable health outcomes over absolutist interpretations of bodily integrity, as the UNCRC's silence on condemnation reflects an acknowledgment that proxy parental decisions can align with overall child welfare when risks are minimized through sterile procedures. [176] [177]",pro,male,model,anti,1,1,1,0,argument-from-silence,argument-from-ignorance,argument-from-ignorance,argument-from-ignorance|argument-from-silence
ethics-of-circumcision,s0304,"Distinctions in human rights applications arise starkly between male circumcision and female genital mutilation/cutting (FGM/C), rooted in divergent empirical profiles of harm and utility.",pro,male,model,anti,0,0,0,3,,,,
ethics-of-circumcision,s0306,"Male circumcision, by contrast, yields documented protective effects, including a 50-60% reduction in heterosexual HIV acquisition per three randomized controlled trials in Africa involving over 10,000 participants, alongside decreased human papillomavirus transmission and balanitis risk, without equivalent long-term morbidity when conducted neonatally under medical standards.",pro,male,model,pro,0,0,0,3,,,,
ethics-of-circumcision,s0307,"UN bodies, including the World Health Organization, thus endorse voluntary adult and infant male circumcision in high-HIV-prevalence settings as a public health measure, eschewing equivalence to FGM/C due to these asymmetries. [70] [179]",pro,male,model,none,0,0,0,3,,,,
ethics-of-circumcision,s0309,"Rights interpretations under these frameworks emphasize empirical balancing over ideological purity, weighing irreversible alteration against causal evidence of net health gains.",pro,male,model,anti,0,0,0,3,,,,
ethics-of-circumcision,s0310,"Absolutist claims equating male circumcision to mutilation overlook data showing complication rates below 0.5% in hospital settings versus higher non-medical ritual risks, and fail to account for evolutionary and physiological roles of the foreskin that, while sensitive, do not preclude overall utility in disease prevention.",pro,male,model,anti,0,0,0,3,,,,
ethics-of-circumcision,s0311,"Parental prerogative under Article 14 persists absent demonstrable net harm, as affirmed in UNCRC analyses rejecting outright bans in favor of regulated practice, thereby integrating religious freedoms with health imperatives grounded in randomized trial outcomes rather than speculative autonomy projections. [144] [83]",pro,male,model,anti,0,0,0,3,,,,
ethics-of-circumcision,s0317,"Advocacy responses to the decline have emphasized education on established health benefits, such as reduced urinary tract infections and certain sexually transmitted infections, while urging policymakers to address coverage gaps. [184]",pro,male,model,pro,0,0,0,3,,,,
ethics-of-circumcision,s0318,"In 2024, the American College of Nurse-Midwives reaffirmed support for informed parental choice in newborn male circumcision, citing the American Academy of Pediatrics' assessment that benefits outweigh risks, amid calls to standardize access across insurance programs.",pro,male,model,pro,0,0,0,3,,,,
ethics-of-circumcision,s0320,"By 2025, some former members of the AAP's 2012 Circumcision Task Force called for a renewed ethical and scientific review of U.S. guidance, arguing that evolving evidence on long-term outcomes and bodily autonomy warrants transparent reevaluation, though major medical bodies have not altered their pro-circumcision stances. [88]",anti,male,model,anti,0,0,0,3,,,,
ethics-of-circumcision,s0327,"European pediatric societies and bioethicists maintain strong opposition to non-therapeutic infant circumcision, prioritizing the child's right to bodily autonomy and physical integrity over cultural or marginal preventive benefits.",anti,male,model,mixed,0,0,0,3,,,,
female-genital-mutilation,s0008,"Immediate health risks include severe pain, hemorrhage, infection, and shock, while long-term consequences encompass chronic urinary issues, menstrual problems, obstetric complications like fistula and newborn death, sexual dysfunction, and psychological trauma such as depression and post-traumatic stress. [3] [7]",anti,FGM,model,anti,0,0,0,3,,,,
female-genital-mutilation,s0009,"Medicalization—performing FGM in clinical settings by health workers—has increased in some areas, potentially reducing certain immediate risks but failing to mitigate long-term harms or address the practice's underlying violations of bodily autonomy. [5]",anti,FGM,model,mixed,0,0,0,3,,,,
female-genital-mutilation,s0017,"Proponents of the term 'female genital mutilation', including human rights groups and medical bodies, maintain it precisely conveys the procedure's causality in lifelong physical and psychological sequelae—evidenced by studies showing up to 30% complication rates in acute phases—distinguishing it from male circumcision's purported benefits like reduced HIV transmission (supported by randomized trials in Africa). [11]",anti,FGM,model,mixed,0,0,0,3,,,,
female-genital-mutilation,s0020,"A subset of ethicists critiques the nomenclature disparity with male genital cutting, positing gender bias in ethical framing—male procedures are normalized as ""circumcision"" despite non-consensual infant application, while FGM's all forms are pathologized—yet empirical comparisons reveal FGM's greater tissue loss (up to 80% in Type III) and zero net health gains, justifying the terminological distinction on harm-based grounds. [13] [14]",anti,FGM,model,anti,1,1,1,0,hasty-generalization,cherry-picking,hasty-generalization,cherry-picking|hasty-generalization
female-genital-mutilation,s0040,"This procedure is classified by the World Health Organization (WHO) as the least severe form of FGM, though it still results in permanent alteration of female genitalia with associated health risks.",anti,FGM,model,none,0,0,0,3,,,,
female-genital-mutilation,s0041,"The clitoris, comprising erectile tissue analogous to the male penis, is excised to varying degrees, often without medical justification, leading to loss of sexual sensation and potential complications such as infection, hemorrhage, and chronic pain.",anti,FGM,model,anti,0,0,0,3,,,,
female-genital-mutilation,s0044,"Variations include sunna circumcision, which targets only the prepuce, and more extensive forms removing the entire glans; the former is sometimes defended as a minor ritual akin to male circumcision, but empirical evidence shows it impairs clitoral function regardless.",anti,FGM,model,pro,0,0,0,3,,,,
female-genital-mutilation,s0045,"Health consequences of Type I FGM include immediate risks like severe bleeding and urinary retention, alongside long-term issues such as dyspareunia, keloid scarring, and increased susceptibility to urinary tract infections.",anti,FGM,model,anti,0,0,0,3,,,,
female-genital-mutilation,s0046,"A 2016 systematic review of 29 studies found that even partial clitoridectomy correlates with reduced sexual satisfaction and orgasmic capacity, challenging claims of negligible impact.",anti,FGM,model,none,0,0,0,3,,,,
female-genital-mutilation,s0047,"Psychological effects, including post-traumatic stress, have been documented in survivor testimonies and cohort studies from regions like Kenya and Sudan, where Type I predominates.",anti,FGM,model,anti,0,0,0,3,,,,
female-genital-mutilation,s0056,"The operation occurs predominantly on girls from infancy through adolescence, often in non-clinical settings, heightening risks of immediate complications like hemorrhage, infection, and shock due to the invasive nature of the tissue resection. [2]",anti,FGM,model,anti,0,0,0,3,,,,
female-genital-mutilation,s0058,"Long-term sequelae specific to excision include chronic urinary tract infections from scarred urethral orifices, dyspareunia arising from tissue loss and fibrosis, and obstetric challenges such as prolonged labor and perineal tears, as the removal of labial structures impairs natural vulvar elasticity and lubrication. [17] [3]",anti,FGM,model,anti,0,0,0,3,,,,
female-genital-mutilation,s0059,"Empirical studies document elevated rates of bacterial vaginosis and menstrual retention in excised women, attributable to altered genital architecture that obstructs normal physiological functions. [18]",anti,FGM,model,none,0,0,0,3,,,,
female-genital-mutilation,s0070,"Health consequences are severe and distinct due to the extensive scarring: immediate risks include hemorrhage (up to 20% in some cohorts), shock, and tetanus from unsterile tools, while long-term effects encompass chronic urinary tract infections, keloid formation, and obstetric complications like vesicovaginal fistulas, with a 2020 meta-analysis linking infibulation to a 30-50% increased cesarean section rate and neonatal mortality.",anti,FGM,model,anti,0,0,0,3,,,,
female-genital-mutilation,s0071,"Sexual dysfunction, including dyspareunia and reduced lubrication, affects over 70% of infibulated women per clinical reports from Sudanese refugees.",anti,FGM,model,anti,0,0,0,3,,,,
female-genital-mutilation,s0075,"Unlike more extensive cuttings, Type IV procedures typically involve minimal tissue removal but can still cause pain, infection, scarring, and long-term complications like urinary issues or sexual dysfunction.",anti,FGM,model,anti,0,0,0,3,,,,
female-genital-mutilation,s0079,These acts differ from consensual adult body modifications by occurring non-consensually on minors and serving sociocultural control functions rather than aesthetic preferences.,anti,FGM,model,pro,0,0,0,3,,,,
female-genital-mutilation,s0083,"These methods risk severe bleeding, ulceration, and chronic vaginal narrowing, exacerbating reproductive health issues.",anti,FGM,model,none,0,0,0,3,,,,
female-genital-mutilation,s0117,"Medicalization trends have emerged, with procedures shifting from traditional practitioners to health workers in nations like Kenya (up to 20% of cases by 2022) and Egypt (15% increase since 2014), potentially reducing immediate complications but perpetuating the practice under a veneer of legitimacy.",anti,FGM,model,mixed,0,0,0,3,,,,
female-genital-mutilation,s0125,"Female genital mutilation (FGM) functions as a tool of social control in practicing communities, primarily by regulating female sexuality and enforcing premarital chastity to uphold family honor and marriage prospects.",anti,FGM,model,pro,0,0,0,3,,,,
female-genital-mutilation,s0127,"This practice reinforces patriarchal authority, as families believe it curbs female promiscuity and ensures fidelity, thereby preserving lineage purity and economic alliances through bride price systems.",anti,FGM,model,mixed,0,0,0,3,,,,
female-genital-mutilation,s0128,"Empirical studies from Sudan and Somalia indicate that communities view FGM as essential for controlling women's sexual desire, with many women reporting it as a means to prevent ""immoral"" behavior.",pro,FGM,model,none,0,0,0,3,,,,
female-genital-mutilation,s0129,Claims of improved hygiene or aesthetics are cited in some communities but lack scientific basis.,anti,FGM,model,pro,0,0,0,3,,,,
female-genital-mutilation,s0131,"Gender norms perpetuated by FGM emphasize female subordination and docility, positioning the procedure as a prerequisite for social acceptance and moral standing.",anti,FGM,model,none,0,0,0,3,,,,
female-genital-mutilation,s0134,"This self-perpetuation highlights how FGM embeds gender hierarchies, where women's agency is channeled into upholding collective norms rather than individual autonomy, with non-compliance risking divorce, violence, or economic deprivation for families.",anti,FGM,model,anti,0,0,0,3,,,,
female-genital-mutilation,s0135,"Critiques from anthropological analyses underscore that FGM's persistence stems from causal dynamics of social enforcement rather than isolated cultural preference, as peer pressure and community surveillance deter deviation.",anti,FGM,model,none,0,0,0,3,,,,
female-genital-mutilation,s0136,"In Kenyan Maasai and Somali groups, surveys reveal that fear of gossip and loss of marriageability drives many procedures, illustrating how the practice sustains unequal power structures by commodifying female bodies within kinship networks.",anti,FGM,model,pro,0,0,0,3,,,,
female-genital-mutilation,s0137,"While some advocacy sources frame FGM as empowering within local contexts, empirical data counters this by linking it to reduced female bargaining power in marriages and heightened vulnerability to domestic control, with no verifiable evidence of net social benefits for women.",anti,FGM,model,pro,0,0,0,3,,,,
female-genital-mutilation,s0138,"Regional variations, such as less invasive forms in Indonesia tied to Islamic purity norms, still serve similar control functions, adapting to local gender ideologies without altering the underlying coercive logic.",anti,FGM,model,mixed,0,0,0,3,,,,
female-genital-mutilation,s0140,"Certain hadiths have been interpreted as permitting or recommending a mild form, such as the narration from Umm Atiyyah in Sunan Abi Dawud stating that the Prophet Muhammad instructed a female circumciser: ""Do not cut severely as that is better for a woman and more desirable for a husband,"" though this hadith is classified as weak (da'if) by scholars including Abu Dawud and Al-Iraqi due to interrupted chains and unreliable narrators. [23]",anti,FGM,model,pro,0,0,0,3,,,,
female-genital-mutilation,s0141,"Another hadith, ""Female circumcision is an act of Sunna for men and an honorable act for women,"" attributed to the Prophet but narrated through Al-Haggag ibn Artaa—a figure deemed a liar by hadith critics—has similarly been deemed inauthentic by authorities like Al-Bayhaqi and Ibn al-Barr. [23]",anti,FGM,model,mixed,0,0,0,3,,,,
female-genital-mutilation,s0142,Misconceptions persist in some Muslim communities linking FGM to religious requirements despite these textual weaknesses.,anti,FGM,model,none,0,0,0,3,,,,
female-genital-mutilation,s0144,"The Shafi'i school regards female circumcision as obligatory (wajib) for both sexes, equating it to male circumcision as a religious duty, as articulated in works like Imam al-Nawawi's Al-Majmu'. [24]",pro,FGM,model,pro,0,0,0,3,,,,
female-genital-mutilation,s0145,"The Hanbali school views it as obligatory for males but an honorable (makrumah) act for females, per Ibn Qudamah's Al-Mughni, while the Hanafi and Maliki schools classify it as recommended (sunnah) or honorable without mandating it. [23]",pro,FGM,model,pro,0,0,0,3,,,,
female-genital-mutilation,s0146,"Historical fatwas reflect this, such as Egypt's former Grand Mufti Sheikh Hussein Mohammad Makhlouf's endorsement of mild excision as permissible under Shafi'i principles, and a 1959 Egyptian decree by religious scholars including Grand Mufti Hassan Ma'mun regulating it as a partial procedure for health reasons rather than outright banning it. [23]",pro,FGM,model,pro,0,0,0,3,,,,
female-genital-mutilation,s0147,"These interpretations persist in regions like parts of Egypt, Sudan, and Indonesia, where local clerics cite them to justify FGM as preserving chastity or fulfilling prophetic tradition, even as global bodies like Al-Azhar's 2006 conference deemed it unsupported by authentic sources and harmful. [25]",anti,FGM,model,mixed,0,0,0,3,,,,
female-genital-mutilation,s0148,"Similar misconceptions appear in some Christian, Jewish, and traditional groups, associating FGM with religious purity or requirements absent from core doctrines.",anti,FGM,model,pro,0,0,0,3,,,,
female-genital-mutilation,s0150,"Among Coptic Christians in Egypt, historical prevalence reached about 10-15% in the 20th century, often framed locally as aligning with Old Testament purity rites or patriarchal norms akin to male circumcision in Genesis 17, though the Coptic Orthodox Church officially condemned it in 2007 under Pope Shenouda III, stating it contradicts Christian teachings on bodily integrity. [26]",anti,FGM,model,mixed,0,0,0,3,,,,
female-genital-mutilation,s0151,"In Ethiopia, where Orthodox Christianity predominates, FGM rates among Christians mirrored national averages of 74% as of 2016 surveys, with some clergy historically tolerating Type I or II procedures as customary rites of passage tied to biblical covenants, but the Ethiopian Orthodox Tewahedo Church has since 2013 rung church bells in campaigns against it, issuing declarations that it violates Christ's emphasis on wholeness in Mark 7:18-19. [27]",anti,FGM,model,none,0,0,0,3,,,,
female-genital-mutilation,s0152,"Protestant and Catholic leaders in sub-Saharan Africa, including the Anglican Communion's 2008 resolution, reject any religious basis, attributing persistence to syncretic folk beliefs rather than doctrine.",anti,FGM,model,none,0,0,0,3,,,,
female-genital-mutilation,s0155,"In Judaism, Ethiopian Beta Israel communities practiced excision pre-migration, interpreting it through Levitical purity laws (Leviticus 12), but Israeli rabbis and the Chief Rabbinate have prohibited it since the 1990s as mutilation absent halakhic warrant. [26]",anti,FGM,model,pro,0,0,0,3,,,,
female-genital-mutilation,s0156,"Traditional African religions often invoke ancestral spirits or initiation rituals without centralized texts, framing FGM as divinely sanctioned for fertility or clan purity, as documented in ethnographic studies of Kenyan and Nigerian groups where shamans cite oral traditions predating Abrahamic influences. [6]",pro,FGM,model,pro,0,0,0,3,,,,
female-genital-mutilation,s0162,"Supporters in these communities view FGM as enhancing marriage prospects by ensuring perceived purity and chastity, with uncut girls deemed unmarriageable or unclean.",pro,FGM,model,pro,0,0,0,3,,,,
female-genital-mutilation,s0164,"Women in FGM-prevalent societies often endorse the practice, with data revealing higher approval rates among older generations who view it as essential for cultural continuity and female virtue.",pro,FGM,model,pro,0,0,0,3,,,,
female-genital-mutilation,s0166,"Similarly, in Kenya's Kisii community, surveys find many mothers support FGM for their daughters, citing beliefs in enhanced marriage prospects and suppression of premarital sexuality as causal drivers, with endorsement correlating positively with lower education levels and rural residence.",pro,FGM,model,none,0,0,0,3,,,,
female-genital-mutilation,s0167,"These attitudes persist because women, having undergone FGM themselves, normalize it as a shared experience that confers social capital, as qualitative data from Mali indicate that circumcised women report stronger community bonds and perceived moral standing.",pro,FGM,model,none,0,0,0,3,,,,
female-genital-mutilation,s0172,"Immediate physical risks of female genital mutilation (FGM) arise primarily from procedures conducted without anesthesia, using non-sterile instruments, and by untrained practitioners, resulting in acute trauma to genital tissues. [2]",anti,FGM,model,none,0,0,0,3,,,,
female-genital-mutilation,s0173,"These risks manifest during or shortly after the cutting and affect more than one in ten girls undergoing FGM, often occurring simultaneously.",anti,FGM,model,none,0,0,0,3,,,,
female-genital-mutilation,s0175,"Common immediate complications include severe pain, excessive hemorrhage, swelling, impaired wound healing, and urine retention. [29]",anti,FGM,model,anti,0,0,0,3,,,,
female-genital-mutilation,s0176,"Hemorrhage can be profuse due to vascular damage in the clitoris or labia, potentially leading to hypovolemic shock or death if untreated; case reports document fatalities from uncontrolled bleeding in type II and III procedures. [2] [17]",anti,FGM,model,anti,0,0,0,3,,,,
female-genital-mutilation,s0177,"Infections, including tetanus (especially in areas with low vaccination coverage), sepsis, and transmission of HIV or hepatitis via shared blades, frequently develop from open wounds. [2]",anti,FGM,model,anti,0,0,0,3,,,,
female-genital-mutilation,s0179,"Risk severity varies by FGM type: type I (clitoridectomy) and type IV (piercings or scraping) carry lower but still significant bleeding and infection risks from minimal tissue disruption, while type III (infibulation) elevates dangers through extensive suturing, fostering urinary obstruction and necrotic tissue formation. [29]",anti,FGM,model,anti,0,0,0,3,,,,
female-genital-mutilation,s0180,"Additional acute injuries encompass genital ulcers, lacerations to adjacent structures like the urethra or vagina, and fracture of the clitoris during excision. [2]",anti,FGM,model,anti,0,0,0,3,,,,
female-genital-mutilation,s0183,"Long-term physical consequences of female genital mutilation (FGM) include chronic genital infections, such as recurrent vaginal and urinary tract infections, as well as pelvic inflammatory disease resulting from scarring and obstructed anatomy. [30]",anti,FGM,model,anti,0,0,0,3,,,,
female-genital-mutilation,s0184,"Genital ulcers, dermoid cysts, and keloid scarring are also common, particularly in types II and III FGM, where extensive tissue removal promotes abnormal healing. [30]",anti,FGM,model,none,0,0,0,3,,,,
female-genital-mutilation,s0185,"These complications arise causally from the non-sterile procedures and loss of protective mucosal barriers, leading to persistent inflammation and tissue damage over decades.",anti,FGM,model,mixed,0,0,0,3,,,,
female-genital-mutilation,s0187,"Urinary and menstrual dysfunctions persist lifelong, with women experiencing painful urination, urethral strictures, and fistulas that cause incontinence or retention. [31]",anti,FGM,model,anti,0,0,0,3,,,,
female-genital-mutilation,s0188,"Menstrual issues, including dysmenorrhea and hematocolpos from infibulation, exacerbate chronic pain and increase risks of ascending infections. [30]",anti,FGM,model,anti,0,0,0,3,,,,
female-genital-mutilation,s0189,"A 2014 review documented these effects across African cohorts, attributing them directly to anatomical alterations that impede normal physiological function.",anti,FGM,model,none,0,0,0,3,,,,
female-genital-mutilation,s0191,"Reproductive health is severely impaired, with FGM associated with infertility through mechanisms like tubal blockages from infections or anatomical barriers preventing intercourse. [33]",anti,FGM,model,anti,0,0,0,3,,,,
female-genital-mutilation,s0193,"Obstetric risks include prolonged labor (by up to 2.3 times in type III FGM), postpartum hemorrhage, perineal tears, and elevated cesarean needs, alongside newborn outcomes like stillbirths and early neonatal deaths, as evidenced in prospective studies from Sudan and Ethiopia. [30]",anti,FGM,model,anti,0,0,0,3,,,,
female-genital-mutilation,s0195,"Chronic pain syndromes, including vulvodynia and neuropathic pain from nerve damage or neuromas, affect up to 30% of survivors in clinical reports, persisting due to irreversible sensory alterations. [30]",anti,FGM,model,anti,0,0,0,3,,,,
female-genital-mutilation,s0196,"A 2025 WHO-led study across multiple countries confirmed these multifaceted risks, emphasizing higher morbidity in infibulated women and calling for longitudinal data to quantify prevalence accurately. [35]",anti,FGM,model,none,0,0,0,3,,,,
female-genital-mutilation,s0197,"While some studies highlight data limitations from recall bias in retrospective designs, the consistency across prospective cohorts supports causal links via tissue excision and fibrosis.",anti,FGM,model,none,0,0,0,3,,,,
female-genital-mutilation,s0199,"Women subjected to female genital mutilation (FGM) exhibit elevated risks of psychological disorders, including post-traumatic stress disorder (PTSD), depression, and anxiety, according to systematic reviews of empirical studies.",anti,FGM,model,anti,0,0,0,3,,,,
female-genital-mutilation,s0200,"A 2019 review of 16 studies found that 14 reported significant associations between FGM and at least one adverse mental health outcome, with odds ratios indicating 1.5 to 3 times higher prevalence of PTSD and depressive symptoms among affected women compared to controls. [36]",anti,FGM,model,anti,0,0,0,3,,,,
female-genital-mutilation,s0201,"These effects stem from the traumatic nature of the procedure, often performed without anesthesia in childhood, leading to chronic emotional suppression and panic disorders as documented in qualitative and quantitative analyses. [37]",anti,FGM,model,anti,0,0,0,3,,,,
female-genital-mutilation,s0202,"A 2023 analysis across African cohorts further confirmed higher PTSD rates (pooled OR 2.1) and anxiety (OR 1.8) linked to FGM types II and III, though evidence gaps persist for type I due to fewer controlled studies. [38]",anti,FGM,model,anti,0,0,0,3,,,,
female-genital-mutilation,s0204,"Sexual dysfunction is prevalent among FGM survivors, manifesting as dyspareunia, reduced arousal, lubrication deficits, and diminished orgasmic capacity, as measured by the Female Sexual Function Index (FSFI) in comparative studies.",anti,FGM,model,anti,0,0,0,3,,,,
female-genital-mutilation,s0205,"In a 2023 Sudanese study of 200 rural women, those with FGM scored significantly lower on FSFI domains (mean total score 18.4 vs. 26.7 for non-FGM; p<0.001), with pronounced impairments in desire, satisfaction, and pain subscales across types I-III. [40]",anti,FGM,model,none,0,0,0,3,,,,
female-genital-mutilation,s0206,"A 2009 clinical evaluation reported adverse alterations in sexual function for FGM women versus uncircumcised peers, including higher rates of anorgasmia (up to 40% in type III cases) and marital discord tied to pain during intercourse. [41]",anti,FGM,model,none,0,0,0,3,,,,
female-genital-mutilation,s0207,"These outcomes correlate with anatomical damage—such as clitoral excision and infibulation scarring—causally impairing nerve function and vaginal elasticity, though self-reported data may confound cultural stigma with physiological limits.",anti,FGM,model,none,0,0,0,3,,,,
female-genital-mutilation,s0208,"A 2023 comparison of FGM types I and II in Iranian women showed type II yielding worse FSFI scores (p=0.02), underscoring dose-response patterns.",anti,FGM,model,none,0,0,0,3,,,,
female-genital-mutilation,s0209,"Intersections of psychological and sexual effects compound morbidity, with FGM-linked trauma exacerbating sexual aversion and low libido, per cohort data from sub-Saharan Africa.",anti,FGM,model,none,0,0,0,3,,,,
female-genital-mutilation,s0210,"Reviews note that while associations hold in observational designs, confounding factors like socioeconomic status and community norms necessitate cautious inference; nonetheless, the procedure's invasive trauma provides a plausible causal pathway absent in controls.",anti,FGM,model,none,0,0,1,2,,,cum-hoc,cum-hoc
female-genital-mutilation,s0211,"Longitudinal evidence remains limited, but short-term post-FGM anxiety spikes (up to 60% in some samples) transition to enduring dysphoria without intervention.",anti,FGM,model,anti,0,0,0,3,,,,
female-genital-mutilation,s0213,"Practitioners and communities where female genital mutilation (FGM) is prevalent often cite purported benefits rooted in cultural and social beliefs, including enhanced hygiene by removing tissue believed to produce offensive discharge or odors, improved aesthetics for a smoother genital appearance, and preservation of virginity through reduced female sexual desire to curb promiscuity and safeguard family honor. [42]",pro,FGM,model,pro,0,0,0,3,,,,
female-genital-mutilation,s0214,"These claims extend to purported fertility advantages, such as preventing infant death during childbirth by avoiding clitoral contact with the baby's head, and better marriage prospects, as uncut women are deemed ineligible or less desirable in patrilineal societies where FGM signals conformity and eligibility for resources controlled by men. [42]",pro,FGM,model,none,0,0,0,3,,,,
female-genital-mutilation,s0215,Some interpretations also posit enhanced male sexual pleasure from a narrowed vaginal opening and alignment with femininity by excising perceived masculine clitoral features.,pro,FGM,model,none,0,0,0,3,,,,
female-genital-mutilation,s0217,"Empirical assessments refute these health-related claims, with the World Health Organization concluding that FGM confers no medical benefits and instead entails risks like hemorrhage, infection, and urinary issues without offsetting gains in hygiene or disease prevention. [2]",anti,FGM,model,mixed,0,0,0,3,,,,
female-genital-mutilation,s0218,"Unlike male circumcision, which has evidence for reducing certain infections, studies find no comparable protective effects for FGM against HIV or other pathogens, with correlations sometimes cited by proponents dismissed as inconclusive due to confounding factors like overall healthcare access.",anti,FGM,model,mixed,0,0,0,3,,,,
female-genital-mutilation,s0220,"A 2017 study in Nature Ecology & Evolution suggested an evolutionary angle, analyzing Demographic and Health Surveys from five West African countries and finding that, in high-prevalence ethnic groups, cut women had more surviving children by age 40, attributing this to social conformity aiding marriage and resource access. [44]",pro,FGM,model,none,0,0,0,3,,,,
female-genital-mutilation,s0221,"Critiques highlight methodological flaws, including non-causal associations, exclusion of maternal deaths skewing fertility data, insufficient sample size across countries, and reliance on single-timepoint surveys amid declining FGM trends, rendering the findings unproven and potentially misleading for policy. [44]",anti,FGM,model,none,0,0,0,3,,,,
female-genital-mutilation,s0222,"Social ""benefits"" like marriageability reflect coercive norms rather than intrinsic value, perpetuating gender control without evidence of net welfare improvement, as uncut women in low-prevalence groups show reproductive advantages.",anti,FGM,model,mixed,0,0,0,3,,,,
female-genital-mutilation,s0224,"Overall, peer-reviewed consensus emphasizes that purported benefits lack rigorous support, often serving to medicalize cultural practices amid documented harms, with attempts to frame mild forms (e.g., ritual nicks) as low-risk overlooking ethical issues of non-consensual alteration and inconsistent standards compared to intact genitalia preservation.",anti,FGM,model,mixed,0,0,0,3,,,,
female-genital-mutilation,s0249,"In Egypt, British physician William Willcocks advocated against pharaonic circumcision in 1900, linking it to obstetric complications based on hospital data showing elevated maternal mortality rates of up to 20% in infibulated women.",anti,FGM,model,anti,0,0,0,3,,,,
female-genital-mutilation,s0253,"In Kenya, for instance, Jomo Kenyatta, the nation's founding president, explicitly promoted FGM in the 1950s and 1960s as a symbol of resistance against colonial suppression, linking group ceremonies to anti-colonial nationalism and embedding the practice deeper in post-independence ethnic rituals. [48]",pro,FGM,model,none,0,0,0,3,,,,
female-genital-mutilation,s0255,"This shift, accelerating in the 1970s, involved health professionals like nurses and doctors, ostensibly to reduce immediate dangers such as hemorrhage and infection, though long-term harms remained unaddressed.",anti,FGM,model,anti,0,0,0,3,,,,
female-genital-mutilation,s0262,"International opposition to female genital mutilation (FGM) frames it as a violation of human rights and gender equality, constituting gender-based violence, child abuse, and discrimination.",anti,FGM,model,anti,0,0,0,3,,,,
female-genital-mutilation,s0263,It contravenes conventions such as the Convention on the Rights of the Child and the Convention on the Elimination of All Forms of Discrimination Against Women by denying bodily autonomy and reinforcing patriarchal control over female sexuality without equivalent male practices.,anti,FGM,model,anti,0,0,0,3,,,,
female-genital-mutilation,s0264,The United Nations deems FGM a human rights violation.,anti,FGM,model,anti,0,0,0,3,,,,
female-genital-mutilation,s0309,"Cultural relativists contend that FGM constitutes a longstanding tradition embedded in social structures of certain communities, particularly in parts of Africa and the Middle East, where it serves functions such as marking rites of passage, ensuring chastity, or fostering group identity, and thus should not be condemned through external moral lenses that risk ethnocentrism. [66]",pro,FGM,model,mixed,0,0,0,3,,,,
female-genital-mutilation,s0310,"This view, advanced by some anthropologists, posits that interventions must respect local norms to avoid alienating practitioners, advocating instead for gradual, culturally attuned modifications like less invasive forms to mitigate risks while preserving communal values. [67]",pro,FGM,model,pro,0,0,0,3,,,,
female-genital-mutilation,s0311,"Proponents argue that labeling FGM as ""mutilation"" imposes Western individualism over collective cultural agency, potentially overlooking how some women in practicing societies report perceived benefits, such as enhanced marriage prospects or social acceptance.",pro,FGM,model,pro,0,0,0,3,,,,
female-genital-mutilation,s0313,"In opposition, advocates of universal human rights assert that FGM violates fundamental principles of bodily integrity and non-discrimination, as enshrined in instruments like the Universal Declaration of Human Rights (1948) and the Convention on the Elimination of All Forms of Discrimination Against Women (1979), which prioritize individual autonomy over cultural justifications for harm. [69]",anti,FGM,model,anti,0,0,0,3,,,,
female-genital-mutilation,s0314,"The World Health Organization classifies FGM into four types—ranging from clitoridectomy to infibulation—and documents empirical health consequences including immediate risks of severe pain, hemorrhage, tetanus, and sepsis, alongside long-term issues such as urinary incontinence, infertility, cysts, and childbirth complications with increased newborn death by 15% and stillbirth by 55%. [2]",anti,FGM,model,anti,0,0,0,3,,,,
female-genital-mutilation,s0315,"Studies indicate that up to 50% of women subjected to certain FGM types in regions like Sudan experience sexual dysfunction, with procedures often conducted without anesthesia on minors using unsterilized tools, leading to documented deaths from excessive bleeding.",anti,FGM,model,anti,0,0,0,3,,,,
female-genital-mutilation,s0317,"Critiques of cultural relativism highlight its tendency to subordinate empirical evidence of harm to abstract tolerance, effectively excusing non-consensual procedures on girls as young as infancy that perpetuate gender inequality and male dominance, regardless of cultural framing. [70]",anti,FGM,model,mixed,0,0,0,3,,,,
female-genital-mutilation,s0318,"While acknowledging potential biases in Western advocacy, such as selective outrage, universalist frameworks emphasize causal realities: FGM inflicts verifiable physical and psychological damage without health benefits, undermining claims of cultural equivalence when individual rights to life and security are at stake. [2]",anti,FGM,model,mixed,0,0,0,3,,,,
female-genital-mutilation,s0322,"However, empirical evidence highlights fundamental differences in procedure, health outcomes, and functional impacts, rendering the practices non-equivalent in severity.",anti,FGM,model,none,1,0,0,2,irrelevant-conclusion,,,irrelevant-conclusion
female-genital-mutilation,s0323,"FGM, as classified by the World Health Organization into types I (clitoridectomy), II (excision of clitoris and labia), and III (infibulation, involving narrowing of the vaginal opening), often removes or damages the clitoris and surrounding nerve-rich tissue, leading to permanent loss of sexual sensation and pleasure in a majority of cases. [35]",anti,FGM,model,none,0,0,0,3,,,,
female-genital-mutilation,s0324,"In contrast, male circumcision removes the foreskin (prepuce), which contains nerve endings but does not impair erectile function, ejaculation, or overall sexual capability; studies indicate no meaningful reduction in sexual satisfaction or performance post-procedure.",anti,FGM,model,none,0,0,0,3,,,,
female-genital-mutilation,s0326,"Health risks further diverge: FGM, typically performed without anesthesia in non-sterile conditions, carries high rates of immediate complications such as hemorrhage (up to 15% in some cohorts), infection, and death, alongside long-term issues including urinary tract infections, chronic pain, keloid scarring, and obstetric complications like vesicovaginal fistulas during childbirth, which affect over 10% of infibulated women. [35]",anti,FGM,model,anti,0,0,0,3,,,,
female-genital-mutilation,s0327,"Male circumcision, when conducted in clinical settings, has complication rates below 1%, primarily minor bleeding or infection, and is associated with protective effects against urinary tract infections in infancy (reduced by 90%) and heterosexual HIV acquisition (by 60%, per randomized trials in Africa). [73]",anti,FGM,model,mixed,0,0,0,3,,,,
female-genital-mutilation,s0328,"These disparities stem from anatomical realities: the clitoris is the primary female sexual organ analogous to the penis, with excision equating to partial penile amputation, whereas foreskin removal affects a protective sheath without excising core genital tissue.",anti,FGM,model,pro,0,1,0,2,,cherry-picking,,cherry-picking
female-genital-mutilation,s0333,"Ethically, while both male circumcision and Western modifications raise autonomy concerns for minors or cultural pressures, the irreversible, pleasure-denying harm of FGM justifies distinct condemnation, as non-equivalence is grounded in verifiable physiological and epidemiological data rather than moral relativism.",anti,FGM,model,mixed,0,0,0,3,,,,
female-genital-mutilation-act-2003,s0007,"Critics, including a 2016 parliamentary committee, have described the absence of earlier convictions as a ""national scandal,"" pointing to systemic failures in investigation and prosecution amid rising immigration from high-prevalence regions in Africa and the Middle East, where FGM serves non-therapeutic cultural or ritual purposes often justified by unsubstantiated claims of hygiene or maturity despite empirical evidence of long-term physical and psychological harm. [7]",anti,FGM,model,mixed,0,0,0,3,,,,
female-genital-mutilation-act-2003,s0018,"Concurrently, medical reports from bodies such as the British Medical Association documented FGM's severe health consequences, including hemorrhage, infection, and long-term psychological trauma, fueling parliamentary and governmental calls for reform to extend jurisdiction extraterritorially and enhance deterrence. [11]",anti,FGM,model,anti,0,0,0,3,,,,
female-genital-mutilation-act-2003,s0021,"These acts, rooted in traditional practices, inflict direct physical trauma to healthy tissue, resulting in immediate complications including severe pain, hemorrhage, and infection due to the invasive cutting often performed without anesthesia or sterile conditions. [13]",anti,FGM,model,anti,0,0,0,3,,,,
female-genital-mutilation-act-2003,s0023,"Long-term health effects stem causally from the anatomical disruption, including chronic urinary tract infections, menstrual difficulties, keloid scar formation, and increased obstetric risks such as postpartum hemorrhage and neonatal mortality, as documented in cohort studies across affected populations. [15]",anti,FGM,model,anti,0,0,0,3,,,,
female-genital-mutilation-act-2003,s0024,"Sexual dysfunction arises from nerve damage and tissue loss, impairing sensation and lubrication, while psychological sequelae like post-traumatic stress disorder emerge from the non-consensual violation of bodily integrity during childhood. [13] [14]",anti,FGM,model,anti,0,0,0,3,,,,
female-genital-mutilation-act-2003,s0025,"Empirical data from medical reviews confirm no health benefits, with harms persisting lifelong and exacerbating in contexts of inadequate healthcare access, underscoring the procedure's incompatibility with physiological function.",anti,FGM,model,mixed,0,0,0,3,,,,
female-genital-mutilation-act-2003,s0030,"Cultural drivers include beliefs that FGM preserves chastity, enhances marriage prospects by curbing female sexuality, and fulfills social obligations for family honor, as reported in ethnographic accounts from Somali and Egyptian diasporas. [18]",pro,FGM,model,pro,0,0,0,3,,,,
female-genital-mutilation-act-2003,s0032,"Such motivations prioritize collective conformity and patriarchal control over individual autonomy, yielding causal persistence in unintegrated enclaves where assimilation pressures are low, as evidenced by continued covert performances. [16]",anti,FGM,model,anti,0,0,0,3,,,,
female-genital-mutilation-act-2003,s0033,"These norms, while culturally embedded, do not mitigate the empirically verified physical and psychological damages, which override relativistic defenses by violating innate rights to bodily integrity.",anti,FGM,model,mixed,0,0,0,3,,,,
female-genital-mutilation-act-2003,s0035,"The Prohibition of Female Circumcision Act 1985 had failed to deter female genital mutilation (FGM) in the UK, with no prosecutions recorded despite evidence of ongoing cases in immigrant communities, prompting calls for reform based on medical reports documenting severe, irreversible health complications such as hemorrhage, infection, chronic pain, and obstetric fistula. [20]",anti,FGM,model,anti,0,0,0,3,,,,
female-genital-mutilation-act-2003,s0037,"This evidentiary push emphasized the practice's non-therapeutic nature and causal links to long-term physical and psychological damage, overriding unsubstantiated cultural rationales through first-hand clinical observations rather than anecdotal defenses.",anti,FGM,model,anti,0,0,0,3,,,,
female-genital-mutilation-act-2003,s0044,"This enactment prioritized empirical harm documentation over relativist accommodations for custom, informed by interdisciplinary input from health experts and international bodies underscoring the practice's incompatibility with bodily integrity.",anti,FGM,model,mixed,0,0,0,3,,,,
female-genital-mutilation-act-2003,s0055,"The Act distinguishes female genital mutilation from male circumcision by focusing on the former's inherently non-therapeutic intent and disproportionate harms, absent in the latter when medically indicated. [18]",anti,FGM,model,anti,0,0,0,3,,,,
female-genital-mutilation-act-2003,s0056,"Anatomically, FGM often involves clitoridectomy or infibulation, severing the clitoris—which contains over 8,000 nerve endings analogous to penile tissue but concentrated for primary sexual pleasure—resulting in permanent loss of sensation, chronic pain, and dyspareunia. [18]",anti,FGM,model,none,0,0,0,3,,,,
female-genital-mutilation-act-2003,s0057,"Epidemiologically, FGM correlates with immediate risks like hemorrhage and sepsis, plus long-term issues including urinary retention, infertility, and heightened maternal/neonatal mortality during delivery (e.g., fourfold increase in postpartum hemorrhage), with no offsetting benefits. [18]",anti,FGM,model,mixed,0,0,0,3,,,,
female-genital-mutilation-act-2003,s0058,"In contrast, male circumcision removes the foreskin (with fewer nerve endings and partial sensory role) and, when voluntary and hygienic, reduces heterosexual HIV acquisition by 60% per randomized trials, alongside lower UTI and penile cancer rates, rendering it non-equivalent in harm-benefit calculus.",anti,FGM,model,mixed,0,0,1,2,,,double-standard,double-standard
female-genital-mutilation-act-2003,s0161,"Female genital mutilation (FGM) is associated with immediate and long-term physical health risks, including severe bleeding, infection, and urinary issues during the procedure, with systematic reviews confirming higher mortality rates in severe forms like infibulation. [18]",anti,FGM,model,anti,0,0,0,3,,,,
female-genital-mutilation-act-2003,s0162,Longitudinal data from the World Health Organization (WHO) indicate that Type III FGM increases the risk of neonatal death by up to 15% due to obstructed labor and related complications. [64],anti,FGM,model,anti,0,0,0,3,,,,
female-genital-mutilation-act-2003,s0163,"A 2025 WHO-commissioned meta-analysis of over 50 studies further documents elevated incidences of keloid scarring, chronic pain, and fistulas, with no evidence of offsetting medical advantages.",anti,FGM,model,anti,0,0,0,3,,,,
female-genital-mutilation-act-2003,s0165,"Obstetric outcomes are particularly compromised, as evidenced by a WHO multicenter prospective study across six African countries involving 28,393 deliveries, which found women with FGM faced a 32% higher likelihood of postpartum hemorrhage, 66% increased need for instrumental delivery, and 55% greater risk of stillbirth or early neonatal death compared to uncircumcised women. [64]",anti,FGM,model,anti,0,0,0,3,,,,
female-genital-mutilation-act-2003,s0166,"Infertility risks are substantiated by cohort studies linking FGM to tubal blockages and dyspareunia, with one review of Egyptian and Sudanese data reporting odds ratios of 2.5 for primary infertility in women with Type II or III procedures. [66]",anti,FGM,model,none,0,0,0,3,,,,
female-genital-mutilation-act-2003,s0167,"These harms stem from anatomical disruption of the vulva and clitoris, which contains over 8,000 nerve endings essential for normal function, yielding no hygienic or preventive benefits analogous to those sometimes claimed for male circumcision, per neuroanatomical analyses.",anti,FGM,model,mixed,0,0,0,3,,,,
female-genital-mutilation-act-2003,s0169,"In the UK context, National Health Service (NHS) data from the FGM Enhanced Dataset, covering over 25,000 identified cases since 2015, reveal frequent presentations for complications such as recurrent infections (affecting 20-30% of cases) and deinfibulation surgeries, underscoring lifelong morbidity that drives annual treatment costs exceeding £20 million. [62]",anti,FGM,model,anti,0,0,0,3,,,,
female-genital-mutilation-act-2003,s0170,"Psychological sequelae, including depression and post-traumatic stress disorder, are corroborated by meta-analyses showing prevalence rates up to 50% higher in FGM survivors, independent of cultural factors. [68]",anti,FGM,model,anti,0,0,0,3,,,,
female-genital-mutilation-act-2003,s0171,"Comprehensive reviews affirm zero net health benefits from FGM across all types, debunking claims of reduced promiscuity or enhanced cleanliness through empirical null findings in controlled comparisons. [18]",anti,FGM,model,pro,0,0,0,3,,,,
female-genital-mutilation-act-2003,s0185,"The debate over cultural relativism in relation to female genital mutilation (FGM) posits that the practice should be understood within its cultural context, with some anthropologists arguing it serves social cohesion or rites of passage akin to male circumcision, thereby resisting universal condemnation as a Western imposition. [69]",pro,FGM,model,mixed,0,0,0,3,,,,
female-genital-mutilation-act-2003,s0186,"However, empirical evidence from medical studies demonstrates FGM's disproportionate harms, including types I-III procedures that involve partial or total excision of external genitalia, leading to chronic pain, urinary complications, obstetric fistula, and increased maternal mortality risks—outcomes not comparable to the typically less invasive male circumcision, which lacks equivalent long-term sexual dysfunction or infertility rates.",anti,FGM,model,mixed,0,0,0,3,,,,
female-genital-mutilation-act-2003,s0188,"The UK's Female Genital Mutilation Act 2003 embodies a human rights universalism by criminalizing FGM regardless of cultural justification, aligning with UN conventions such as the Convention on the Elimination of All Forms of Discrimination Against Women (CEDAW, 1979) and the Convention on the Rights of the Child (CRC, 1989), which frame FGM as a violation of bodily integrity, non-discrimination, and protection from harmful traditional practices.",anti,FGM,model,anti,0,0,0,3,,,,
female-genital-mutilation-act-2003,s0189,"These instruments reject relativist defenses, emphasizing due diligence obligations for states to prohibit practices causing severe physical and psychological harm, supported by WHO classifications of FGM as having no health benefits.",anti,FGM,model,mixed,0,0,0,3,,,,
female-genital-mutilation-act-2003,s0191,"This backlash, evident in responses to campaigns like the 2014 Guardian initiative and parliamentary inquiries, underscores tensions where source credibility is questioned: relativist advocacy from select anthropological works overlooks causal links between FGM and documented health sequelae, prioritizing narrative over data-driven harm assessment. [69]",anti,FGM,model,mixed,0,0,0,3,,,,
female-genital-mutilation-in-india,s0004,"While proponents within the community frame it as a religious rite paralleling male circumcision, promoting purity and discipline, critics highlight associated health risks including immediate pain, bleeding, infection, and potential long-term complications such as scarring and sexual dysfunction, notwithstanding claims of minimal harm in its localized form. [3] [4]",anti,FGM,model,mixed,0,0,0,3,,,,
female-genital-mutilation-in-india,s0005,"Legally, no dedicated statute prohibits it, but a 2017 public interest litigation before the Supreme Court argues its unconstitutionality under Articles 14, 15, and 21 for infringing bodily integrity and gender equality; the case was referred to a constitution bench in 2018 and remains unresolved as of 2024. [5]",anti,FGM,model,anti,0,0,0,3,,,,
female-genital-mutilation-in-india,s0015,"Unlike male circumcision, which epidemiological studies link to reduced risks of urinary tract infections, penile cancer, and heterosexual HIV transmission in high-prevalence settings, FGM lacks any verifiable medical justification and consistently correlates with adverse outcomes, including immediate risks of hemorrhage, infection, and shock, as well as long-term issues like chronic pain, urinary problems, sexual dysfunction, and increased maternal mortality from childbirth complications. [4] [10]",anti,FGM,model,anti,0,0,0,3,,,,
female-genital-mutilation-in-india,s0016,"These effects stem from the targeted injury to highly innervated sexual anatomy without offsetting benefits, underscoring a fundamental disparity in rationale and consequences.",anti,FGM,model,mixed,0,0,0,3,,,,
female-genital-mutilation-in-india,s0021,"In Indian contexts, particularly within the Dawoodi Bohra community—a Shia Muslim sect with approximately one million members in India—the practice is commonly termed khatna, khafz, or khafd, referring to a ritual procedure involving the removal or nicking of the clitoral prepuce for purposes of religious purity and tradition, rather than intentional harm or disfigurement. [14] [15]",pro,FGM,model,mixed,0,0,0,3,,,,
female-genital-mutilation-in-india,s0022,"These terms, derived from Arabic and Gujarati linguistic influences, frame the act as a sunna (customary religious rite) analogous to male circumcision, emphasizing its role in curbing perceived promiscuity and ensuring moral hygiene without connotations of mutilation. [6]",pro,FGM,model,pro,0,0,0,3,,,,
female-genital-mutilation-in-india,s0023,"Community adherents often describe it as a ""tiny cut"" or symbolic prick performed in secrecy by female elders using rudimentary tools, distinguishing it semantically and procedurally from broader Western or international classifications.",pro,FGM,model,pro,0,0,0,3,,,,
female-genital-mutilation-in-india,s0025,"Bohra representatives and supporters consistently reject equivalence to severe forms of female genital mutilation, such as African infibulation (WHO Type III), portraying khatna instead as a benign, non-deforming ritual confined to the prepuce without removal of the clitoris or labia, and arguing that anti-FGM campaigns conflate it with more harmful variants to impose external moral judgments. [16] [17]",pro,FGM,model,anti,0,0,0,3,,,,
female-genital-mutilation-in-india,s0026,"For instance, Bohra advocacy groups have defended the ""right to practice khafz (female circumcision)"" on religious freedom grounds, highlighting its limited scope as a ""minor modification"" rather than a procedure causing lasting genital alteration. [16]",pro,FGM,model,pro,0,0,0,3,,,,
female-genital-mutilation-in-india,s0027,"This self-framing contrasts with activist terminology like ""FGM/C"" (female genital mutilation/cutting), which some organizations adopt to align the practice with global bans and WHO classifications, despite empirical surveys indicating that 75-85% prevalence among Bohra women involves primarily Type I procedures without widespread infibulation or extensive excision. [2] [18]",pro,FGM,model,none,0,0,0,3,,,,
female-genital-mutilation-in-india,s0029,"The terminological divergence underscores perceptual gaps: while international bodies and Indian activists invoke ""mutilation"" to evoke harm and advocate prohibition, community narratives prioritize cultural continuity, with khatna invoked in intra-community discourse as an innocuous rite of passage, not a violation warranting the pejorative ""FGM"" label that homogenizes disparate practices. [19]",pro,FGM,model,anti,0,0,0,3,,,,
female-genital-mutilation-in-india,s0030,"This framing persists despite opposition, as evidenced by Bohra women's testimonies in surveys describing the procedure as a ""small prick"" for spiritual eligibility, rejecting mutilation rhetoric as culturally alien. [9]",pro,FGM,model,none,0,0,0,3,,,,
female-genital-mutilation-in-india,s0050,"This resilience stemmed primarily from internal religious imperatives rather than external legal pressures, with successive Dai al-Mutlaq endorsing the ritual—Daim al-Islam citing benefits like hygiene and urge control post-age seven—outweighing nascent secular influences until diaspora activism intensified scrutiny in the 2010s. [25]",pro,FGM,model,pro,0,0,0,3,,,,
female-genital-mutilation-in-india,s0079,"Anesthesia is absent in most cases, rendering the 1-2 minute intervention acutely painful, with post-procedure application of substances like black powder to staunch bleeding rather than medical dressings. [14] [22]",anti,FGM,model,anti,0,0,0,3,,,,
female-genital-mutilation-in-india,s0080,"Girls undergo it without informed consent, typically restrained or deceived into compliance.",anti,FGM,model,anti,0,0,0,3,,,,
female-genital-mutilation-in-india,s0083,"Legal petitions and forensic reviews, including anatomical imaging from affected individuals, corroborate these mechanics as confined excisions yielding minimal scarring, absent the extensive tissue loss seen in global Type II/III variants.",pro,FGM,model,none,0,0,0,3,,,,
female-genital-mutilation-in-india,s0095,"Community accounts highlight this coercion, where opting out invites isolation, underscoring the practice's role in maintaining intra-group conformity despite growing internal debates.",anti,FGM,model,anti,0,0,0,3,,,,
female-genital-mutilation-in-india,s0097,"Immediate physical risks of khatna, the form of female genital cutting practiced in the Dawoodi Bohra community, include severe pain due to the absence of anesthesia during the procedure, which involves excision of the clitoral hood using a non-sterile razor by untrained community women on girls typically aged 6-8. [16] [32]",anti,FGM,model,none,0,0,0,3,,,,
female-genital-mutilation-in-india,s0098,"Excessive bleeding can occur, as evidenced by a 2017 case in India where a Bohra girl bled heavily post-procedure, soaking three bedsheets and necessitating hospital intervention.",anti,FGM,model,none,0,0,0,3,,,,
female-genital-mutilation-in-india,s0100,"Infections arise from unsterile tools and home settings, with vulnerability heightened by the immature anatomy of prepubescent girls, potentially leading to urinary retention or shock from pain and blood loss, though mortality remains low. [7]",anti,FGM,model,anti,0,0,0,3,,,,
female-genital-mutilation-in-india,s0101,"A 2018 survivor-led survey of 83 Bohra women across Indian states found 50% experienced post-procedure irritation and 30% reported immediate discomfort during urination or walking, indicating complication rates of 10-50% in small samples, contrasting claims by community advocates of a ""minor nick"" with negligible harms. [16] [32]",anti,FGM,model,mixed,0,0,0,3,,,,
female-genital-mutilation-in-india,s0104,"Long-term medical complications from khatna, the form of female genital cutting practiced primarily in India's Dawoodi Bohra community and classified by the World Health Organization (WHO) as Type 1 (partial or total removal of the clitoral prepuce), include scarring, keloid formation, and chronic infections due to tissue damage and impaired healing. [7]",anti,FGM,model,anti,0,0,0,3,,,,
female-genital-mutilation-in-india,s0105,"These effects arise from the procedure's disruption of sensitive nerve endings and skin integrity, potentially leading to neuromas—abnormal nerve growths causing localized pain or hypersensitivity—though India-specific longitudinal data remains limited to small cohort studies rather than randomized controlled trials (RCTs). [33]",anti,FGM,model,none,0,0,0,3,,,,
female-genital-mutilation-in-india,s0106,"Dyspareunia, or painful intercourse, is reported in up to 30-50% of affected women in global Type 1 cases, attributed to scar contracture and reduced lubrication, with analogous findings in Bohra surveys where participants described ongoing discomfort during sexual activity. [34]",anti,FGM,model,anti,0,0,0,3,,,,
female-genital-mutilation-in-india,s0108,"Chronic urinary and menstrual issues, such as dysuria or dysmenorrhea, may persist from adhesions or altered anatomy, exacerbating infection risks like recurrent urinary tract infections (UTIs), as documented in WHO classifications for Type 1 procedures where even minimal excision alters vulvar function without medical benefit. [7]",anti,FGM,model,mixed,0,0,0,3,,,,
female-genital-mutilation-in-india,s0111,"Psychological effects encompass trauma responses, with survivor accounts from a 2016-2017 Sahiyo survey of over 400 Bohra women in India revealing elevated reports of anxiety, shame, and sexual dissatisfaction linked to the procedure's violation of bodily autonomy, though self-selection bias in activist-led sampling tempers generalizability. [37]",anti,FGM,model,anti,0,0,0,3,,,,
female-genital-mutilation-in-india,s0112,"Peer-reviewed analyses indicate potential for post-traumatic stress disorder (PTSD), depression, and low self-esteem, stemming from the procedure's early age (typically 6-7 years) and secrecy, which fosters dissociation and long-term emotional suppression. [38] [39]",anti,FGM,model,anti,0,0,0,3,,,,
female-genital-mutilation-in-india,s0113,"Countervailing community narratives, often from Bohra leaders, assert minimal psychological harm due to normalized cultural framing, yet these lack empirical validation against survivor testimonies and overlook causality debates where stigma may confound self-reported distress rather than the cutting itself. [35]",anti,FGM,model,mixed,0,0,0,3,,,,
female-genital-mutilation-in-india,s0114,"No comprehensive Indian cohorts exist to quantify prevalence, highlighting reliance on global meta-analyses that associate Type 1 FGM with 1.5-2 times higher odds of mood disorders, adjusted for confounders like socioeconomic status.",anti,FGM,model,none,0,0,0,3,,,,
female-genital-mutilation-in-india,s0116,"In Dawoodi Bohra Ismaili doctrine, female genital cutting—termed khafd or khatna—constitutes an esoteric rite for achieving spiritual purity and chastity, with roots in Fatimid-era traditions as codified in the 10th-century jurisprudential text Da‘a’im al-Islam by Al-Qadi al-Nu’man, which emphasizes genital cutting for both sexes to foster moral discipline. [41]",pro,FGM,model,pro,0,0,0,3,,,,
female-genital-mutilation-in-india,s0119,"Community interpretations parallel khafd with male circumcision (khatna), viewing both as complementary rites of passage performed around age seven that instill self-control and sectarian loyalty, thereby sustaining high adherence rates—evidenced by 56% of surveyed Bohra women attributing the practice to doctrinal requirements—which bolsters intra-community cohesion and obedience to the Dai's interpretive authority. [44]",pro,FGM,model,none,0,0,0,3,,,,
female-genital-mutilation-in-india,s0121,"Doctrinally, the female variant underscores modesty by mitigating desires, enabling Bohra women to access sacred sites like mosques, cemeteries, and the Kaaba—privileges tied to demonstrated purity—while distinguishing the sect's esoteric causality from broader Islamic norms. [44]",pro,FGM,model,pro,0,0,0,3,,,,
female-genital-mutilation-in-india,s0124,"Practitioners within the Dawoodi Bohra community justify khatna, or the ritual nicking of the clitoral hood, as a means to promote female purity and modesty by dampening excessive sexual desires and preventing promiscuity.",pro,FGM,model,pro,0,0,0,3,,,,
female-genital-mutilation-in-india,s0125,"Community members describe the procedure as a way to ""keep young girls on the right path,"" associating the clitoris with a ""sinful"" appendage whose removal fosters moral superiority and chastity. [32]",pro,FGM,model,pro,0,0,0,3,,,,
female-genital-mutilation-in-india,s0126,"This belief aligns with broader rationales cited in surveys of Bohra women, where moderating or curbing sexual desire is invoked to ensure lifelong fidelity and uphold family honor.",pro,FGM,model,none,0,0,0,3,,,,
female-genital-mutilation-in-india,s0127,"The practice is also framed as enhancing cleanliness and hygiene, paralleling male circumcision (khatna for boys) and removing perceived impurities to prepare girls for womanhood.",pro,FGM,model,pro,0,0,0,3,,,,
female-genital-mutilation-in-india,s0128,"Bohra adherents link khafd to religious obligations derived from Ismaili traditions, viewing it as essential for spiritual purity and distinguishing their sect from other Muslims who do not perform it.",pro,FGM,model,pro,0,0,0,3,,,,
female-genital-mutilation-in-india,s0131,"Socially, khatna serves as a marker of community identity and integration, increasing marriageability within the endogamous Bohra group by signaling adherence to norms of chastity and readiness for marital roles.",pro,FGM,model,pro,0,0,0,3,,,,
female-genital-mutilation-in-india,s0132,"Proponents claim it enriches prospects for stable unions and family cohesion, with some anecdotal reports from Bohra women indicating personal satisfaction and no disruption to marital harmony.",pro,FGM,model,none,0,0,0,3,,,,
female-genital-mutilation-in-india,s0133,"Opposition to the practice is often portrayed by defenders as an external imposition, influenced by Western-educated reformists or global anti-FGC campaigns, which they see as eroding minority religious autonomy rather than addressing verifiable harms from the minimal Type 1a procedure. [6] [32]",pro,FGM,model,anti,0,0,0,3,,,,
female-genital-mutilation-in-india,s0160,"The petition contended that the practice constitutes gender discrimination by subjecting girls to non-consensual cutting of genital tissue, violating equality under Article 14 and the right to life and personal liberty under Article 21 of the Constitution, while also contravening international commitments like the UN Convention on the Rights of the Child.",anti,FGM,model,anti,0,0,0,3,,,,
female-genital-mutilation-in-india,s0164,"Petitioners highlighted empirical evidence of physical and psychological harm, drawing on World Health Organization classifications of FGM as a violation causing immediate risks like hemorrhage and long-term issues including infections and trauma.",anti,FGM,model,anti,0,0,0,3,,,,
female-genital-mutilation-in-india,s0165,"Community representatives defended khatna as a minimal, hygienic ritual integral to their faith, not equivalent to global FGM forms and performed only on pre-pubescent girls without severe consequences, arguing state interference would infringe on essential religious practices.",pro,FGM,model,mixed,0,0,0,3,,,,
female-genital-mutilation-in-india,s0169,"Subsequent interim proceedings in November 2019 saw the court acknowledge documented health hazards, including pain and potential complications, while probing the practice's scriptural basis and societal impact.",anti,FGM,model,anti,0,0,0,3,,,,
female-genital-mutilation-in-india,s0172,"![Supreme Court of India][float-right] On October 11, 2025, Chief Justice of India B.R. Gavai publicly acknowledged the practice of female genital mutilation (FGM) in India, condemning it as a grave human rights violation and calling for stronger legal protections for girls. [64] [65]",anti,FGM,model,anti,0,0,0,3,,,,
female-genital-mutilation-in-india,s0183,"These campaigns prioritize survivor testimonies to underscore long-term physical and psychological effects, such as pain, infections, and diminished sexual function, over religious rationales.",anti,FGM,model,anti,0,0,0,3,,,,
female-genital-mutilation-in-india,s0187,"Efforts extended to challenging community fatwas endorsing the rite, with public critiques in 2018 highlighting inconsistencies between claims of minimal harm and documented complications like scarring.",anti,FGM,model,mixed,0,0,0,3,,,,
female-genital-mutilation-in-india,s0199,"Dawoodi Bohra community defenders have critiqued these NGO partnerships as instances of external interference, arguing that they impose outsider cultural norms on a religious rite distinct from severe African FGM variants and disrupt internal community harmony. [77] [78]",pro,FGM,model,none,0,0,0,3,,,,
female-genital-mutilation-in-india,s0200,"Such accusations frame activism as biased advocacy that overlooks practitioner claims of minimal harm and familial consent, though empirical health studies contradict assertions of benignity.",anti,FGM,model,mixed,0,0,0,3,,,,
female-genital-mutilation-in-india,s0202,"Communities practicing female genital mutilation, or khatna, in India have defended the rite as an essential religious practice protected under Article 25 of the Constitution, which guarantees freedom of conscience and the right to profess, practice, and propagate religion. [5]",pro,FGM,model,none,0,0,0,3,,,,
female-genital-mutilation-in-india,s0203,"In interventions before the Supreme Court in the Sunita Tiwari v. Union of India case (WP (C) No. 286/2017, filed in 2017 and referred to a Constitution Bench in September 2018), representatives argued that khatna constitutes a core tenet of their faith, equivalent to male circumcision, and thus falls within the scope of constitutionally permissible religious observances rather than arbitrary customs subject to state prohibition. [5]",pro,FGM,model,none,0,0,0,3,,,,
female-genital-mutilation-in-india,s0204,"They contended that any legislative or judicial ban would infringe on communal autonomy in managing internal religious affairs, emphasizing that the practice predates modern scrutiny and aligns with scriptural sunnah traditions.",pro,FGM,model,anti,0,0,0,3,,,,
female-genital-mutilation-in-india,s0206,"Proponents have asserted that the procedure involves minimal intervention, described as a ""minuscule nick at the prepuce"" above the clitoris, causing no long-term harm such as sexual dysfunction, and comparable in scope to male circumcision. [22]",pro,FGM,model,mixed,0,0,0,3,,,,
female-genital-mutilation-in-india,s0207,"Community advocates, including legal counsel in the 2018 hearings, distinguished khatna from more invasive forms of genital cutting outlined by the World Health Organization, positioning it as a safe, non-mutilatory rite performed discreetly by trained practitioners. [5]",pro,FGM,model,none,0,0,0,3,,,,
female-genital-mutilation-in-india,s0208,"In response to petitions seeking bans, such as the 2016 online campaign against the practice, defenders highlighted the absence of widespread formal complaints from within the community, attributing this to the rite's normalization and lack of public debate rather than coercion.",pro,FGM,model,anti,0,0,0,3,,,,
female-genital-mutilation-in-india,s0212,"Advocates have petitioned for continued autonomy, arguing that external campaigns misrepresent the practice and overlook internal consensus, as evidenced by low reported dissatisfaction in India compared to heightened scrutiny abroad.",pro,FGM,model,anti,0,0,0,3,,,,
female-genital-mutilation-in-india,s0214,"Dawoodi Bohra Women for Religious Freedom (DBWRF), established in May 2017 by women from India's Dawoodi Bohra community, campaigns to safeguard khafz—a ritual entailing the excision of the clitoral prepuce—as an integral religious and cultural observance tied to spiritual purification and hygiene. [81]",pro,FGM,model,pro,0,0,0,3,,,,
female-genital-mutilation-in-india,s0215,"The group distinguishes khafz from female genital mutilation, which it denounces, portraying the former as a non-harmful procedure comparable to male circumcision that confers community cohesion and personal fulfillment without impairing function or health.",pro,FGM,model,mixed,0,0,0,3,,,,
female-genital-mutilation-in-india,s0217,"DBWRF maintains that the rite embodies women's autonomy, with community members attesting in adulthood to its voluntary affirmation as a tradition fostering social bonds, mental resilience, and religious identity, rather than coercion or detriment. [81]",pro,FGM,model,anti,0,0,0,3,,,,
female-genital-mutilation-in-india,s0218,"Opposing legislative prohibitions, the organization asserts that such measures violate India's constitutional guarantees of religious practice (Articles 25 and 26), cultural minority rights (Article 29), and gender equality (Article 14), as male circumcision remains unregulated despite analogous bodily alteration.",pro,FGM,model,none,0,0,0,3,,,,
female-genital-mutilation-in-india,s0220,"In July 2018, DBWRF intervened as a party in the Supreme Court of India during hearings on Sunita Tiwari v. Union of India, representing thousands of Bohra women through an accepted impleadment application that underscored khafz's divergence from mutilative practices and its affirmative role in communal well-being.",pro,FGM,model,none,0,0,0,3,,,,
female-genital-mutilation-in-india,s0222,"The United Nations, through agencies like the World Health Organization (WHO) and UNICEF, classifies female genital mutilation (FGM) as a violation of human rights, encompassing procedures that involve partial or total removal of external female genitalia or other injury for non-medical reasons. [7] [12]",anti,FGM,model,anti,0,0,0,3,,,,
female-genital-mutilation-in-india,s0223,"This stance frames FGM universally as harmful, with WHO emphasizing risks including severe pain, hemorrhage, infection, and long-term complications such as urinary issues and childbirth difficulties. [7]",anti,FGM,model,anti,0,0,0,3,,,,
female-genital-mutilation-in-india,s0228,"This universalist approach prioritizes individual rights over cultural relativism, critiqued by some as overlooking variations in procedure severity—such as Type I cuttings in Bohra contexts, which involve clitoral hood removal without broader excision—and potential community benefits claimed in religious or purity rituals.",pro,FGM,model,pro,0,0,0,3,,,,
female-genital-mutilation-in-india,s0232,"This tension underscores a causal divide: UN absolutism assumes uniform harm across contexts, yet empirical gaps in Asia-specific prevalence data—reliant on self-reported surveys—limit verification, with India's non-endorsement of targeted conventions preserving space for community defenses rooted in religious freedom.",pro,FGM,model,mixed,1,1,1,0,straw-man,straw-man,straw-man,straw-man
female-genital-mutilation-in-india,s0240,"These developments reflect a causal response to anti-FGM campaigns, where communities adapt by professionalizing rituals to claim hygiene and reduced severity, yet data from survivor testimonies and health audits reveal no diminution in outcomes like urinary issues, scarring, and psychological trauma.",anti,FGM,model,mixed,0,0,0,3,,,,
female-genital-mutilation-in-india,s0242,"On October 8, 2025, the World Health Organization, alongside FIGO, UNFPA, and regional bodies, issued the ""Do No Harm"" joint statement explicitly condemning medicalization in the Asia-Pacific, asserting that no form of FGM is safe or ethical when performed by health workers, as it violates medical oaths and perpetuates harm without evidence of benefit. [88] [67]",anti,FGM,model,mixed,0,0,0,3,,,,
female-genital-mutilation-in-india,s0243,"This position underscores empirical realities: medicalized FGM evades traditional detection methods like community monitoring, fosters perceived legitimacy that hinders advocacy, and sustains complications including hemorrhage and dyspareunia, as documented in longitudinal studies across affected Asian cohorts. [89] [90]",anti,FGM,model,mixed,0,0,0,3,,,,
female-genital-mutilation-in-india,s0244,"Despite these trends, gaps in standardized prevalence surveys—reliant on self-reported data from biased community sources—persist, complicating causal attribution but affirming that medical involvement does not alter the procedure's inherent risks.",anti,FGM,model,none,0,0,0,3,,,,
female-genital-mutilation-in-india,s0251,"Equality Now's 2025 policy brief warns that such medicalization entrenches the practice by lending it professional legitimacy, potentially normalizing it among educated urban Bohras despite lacking empirical evidence of harm reduction. [58]",anti,FGM,model,mixed,0,0,0,3,,,,
female-genital-mutilation-in-india,s0254,"Despite these shifts, medicalized khatna—typically involving clitoral hood removal—yields the same core harms as non-medical forms, including acute pain, bleeding, infection risks, and long-term complications like scarring, sexual dysfunction, and psychological trauma, as evidenced by global studies on Type I FGM/C. [92] The World Health Organization's April 2025 guidelines emphasize that clinician involvement does not mitigate these outcomes and may hinder elimination efforts by eroding ethical standards in medicine. [92]",anti,FGM,model,mixed,0,0,0,3,,,,
female-genital-mutilation-in-india,s0258,"Proponents within affected communities assert that the procedure, often described as a superficial ""nick"" to the clitoral hood, yields no long-term fertility impairments or sexual dysfunction, citing anecdotal community surveys and self-reported data from participants who deny significant trauma. [93]",pro,FGM,model,anti,0,0,0,3,,,,
female-genital-mutilation-in-india,s0259,"Critics counter that even minimal cuttings inflict irreversible clitoral damage, as evidenced by MRI scans of Bohra women showing scarring and tissue alteration, and argue for universal recognition of psychological and physical harm irrespective of intent or severity. [94]",anti,FGM,model,mixed,0,0,0,3,,,,
female-genital-mutilation-in-new-zealand,s0012,"These practices are performed primarily on girls between infancy and age 15, often without anesthesia, using tools ranging from glass shards to medical scalpels, and result in irreversible physical and psychological harm.",anti,FGM,model,anti,0,0,0,3,,,,
female-genital-mutilation-in-new-zealand,s0024,"Immediate health risks include severe pain, excessive bleeding (hemorrhage), shock, urinary retention due to swelling and inflammation, wound infection, tetanus, and sepsis from unsterile conditions. [3]",anti,FGM,model,anti,0,0,0,3,,,,
female-genital-mutilation-in-new-zealand,s0025,"Long-term effects, documented in systematic reviews and cohort studies, encompass chronic urinary tract infections, vaginal fistulas, keloid scar formation, menstrual difficulties, infertility, obstetric complications such as perineal tears and postpartum hemorrhage, increased neonatal mortality, dyspareunia, reduced sexual satisfaction, and mental health disorders including anxiety, depression, and post-traumatic stress. [5] [6]",anti,FGM,model,anti,0,0,0,3,,,,
female-genital-mutilation-in-new-zealand,s0026,"Empirical analyses confirm no therapeutic benefits, with all observed outcomes stemming from trauma rather than any physiological advantage, directly refuting unsubstantiated claims of improved hygiene or social maturity.",anti,FGM,model,mixed,0,0,0,3,,,,
female-genital-mutilation-in-new-zealand,s0028,"FGM lacks endorsement in core religious texts of Islam, Christianity, or other faiths where it occurs, functioning instead as a pre-Islamic cultural tradition in patriarchal societies to enforce chastity, deter premarital sex, and symbolize family honor through control of female sexuality.",anti,FGM,model,mixed,0,0,0,3,,,,
female-genital-mutilation-in-new-zealand,s0030,"Female genital mutilation (FGM) is driven primarily by social coercion mechanisms embedded in patriarchal community norms, where procedures serve to enforce gender hierarchies by controlling female sexuality and ensuring marriageability.",anti,FGM,model,mixed,0,0,0,3,,,,
female-genital-mutilation-in-new-zealand,s0034,"A core motivation is the deliberate reduction of female sexual pleasure to promote premarital virginity and postmarital fidelity, distinguishing FGM from male circumcision, which lacks equivalent intent or physiological impact on pleasure.",anti,FGM,model,none,0,0,0,3,,,,
female-genital-mutilation-in-new-zealand,s0035,"Types I and II FGM, involving clitoridectomy or excision, sever nerve-rich tissues, with clinical evidence indicating long-term dyspareunia and diminished libido in up to 70% of survivors, effects absent in male counterparts.68589-5/fulltext) This outcome aligns with explicit rationales in practicing communities, where elders cite ""sealing"" female desire to prevent infidelity, reinforcing male authority without reciprocal controls on men.",anti,FGM,model,none,0,0,0,3,,,,
female-genital-mutilation-in-new-zealand,s0036,"Relativist arguments portraying FGM as culturally empowering or analogous to Western body modifications—such as piercings or cosmetic surgeries—fail causal scrutiny, as they overlook the procedure's coercive involuntariness and subjugative ends, unlike elective adult choices.",anti,FGM,model,mixed,0,0,0,3,,,,
female-genital-mutilation-in-new-zealand,s0037,"Ethnographic analyses reveal no evidence of female agency in initiations, which occur pre-puberty without informed consent, contrasting voluntary practices; instead, FGM causally entrenches dependency by linking women's social value to mutilated bodies, incompatible with individual autonomy principles.",anti,FGM,model,anti,0,0,0,3,,,,
female-genital-mutilation-in-new-zealand,s0038,"Critics of equivalence, drawing from cross-cultural data, note FGM's unique permanence and health risks (e.g., chronic infections in 20-30% of cases) as markers of control, not equivalence.",anti,FGM,model,anti,0,0,0,3,,,,
female-genital-mutilation-in-new-zealand,s0107,"Through periodic reporting to the CEDAW and CRC committees, New Zealand affirms compliance via domestic frameworks and initiatives, though the treaties underscore an unqualified duty to eradicate FGM, rejecting exemptions that prioritize tradition over empirical harms to physical and psychological well-being.",anti,FGM,model,anti,0,0,0,3,,,,
female-genital-mutilation-in-new-zealand,s0118,"In New Zealand's multicultural society, FGM is deeply embedded in cultural, social, and religious beliefs for some immigrant communities, particularly from Somalia, Sudan, and other high-prevalence regions, where it is supported by families believing it to be in the child's best interests, tied to norms of purity and marriageability. [26]",pro,FGM,model,pro,0,0,0,3,,,,
female-genital-mutilation-in-new-zealand,s0119,"For instance, some individuals recount Type 1 FGM as a non-traumatic family ritual akin to celebratory traditions, framing opposition as cultural insensitivity rather than harm prevention. [27]",pro,FGM,model,anti,0,0,0,3,,,,
female-genital-mutilation-in-new-zealand,s0120,"However, such perspectives falter against empirical evidence of FGM's physical and psychological harms, which persist regardless of cultural framing: Types 2 and 3 involve removal of clitoral tissue and labia, leading to chronic urinary infections, pelvic pain, and obstetric complications like prolonged labor and hemorrhage, as documented in clinical cases among New Zealand's affected women.",anti,FGM,model,anti,0,0,0,3,,,,
female-genital-mutilation-in-new-zealand,s0122,"Universal human rights frameworks, including New Zealand's obligations under the Convention on the Rights of the Child, assert bodily integrity as non-negotiable, overriding claims when data shows victim suffering—such as lifelong sexual dysfunction and mental health disorders—outweighs purported communal benefits like enhanced social cohesion. [26]",anti,FGM,model,mixed,0,0,0,3,,,,
female-genital-mutilation-in-new-zealand,s0125,"Critics from empirical and assimilationist viewpoints emphasize that FGM's harms—evidenced by the need for surgical reversals in New Zealand clinics and global studies linking it to increased maternal mortality—transcend cultural boundaries, demanding policy focus on integration and deterrence rather than equivocal ""dialogue"" that risks normalizing violence. [27]",anti,FGM,model,anti,0,0,0,3,,,,
female-genital-mutilation-in-new-zealand,s0126,"This clash underscores a causal reality: cultural practices causing verifiable injury cannot claim moral equivalence, as first-hand accounts from reformed community members affirm that abandoning FGM preserves heritage without mutilation, aligning with bodily integrity as a universal baseline uncompromised by multiculturalism's excesses.",anti,FGM,model,mixed,0,0,0,3,,,,
female-genital-mutilation-in-nigeria,s0004,"Common forms include Type I (clitoridectomy, removing the clitoral prepuce and/or glans) and Type II (excision, removing the clitoris and labia minora, sometimes with labia majora trimming), with rarer instances of Type IV variants like symbolic nicking or scraping; these are typically conducted by traditional practitioners on infants or girls under 15 using unsterilized tools, leading to immediate risks of hemorrhage, infection, and shock, alongside long-term complications such as chronic pain, urinary and menstrual disorders, sexual dysfunction, and obstructed labor increasing maternal and neonatal mortality. [4] [5] [6]",anti,FGM,model,mixed,0,0,0,3,,,,
female-genital-mutilation-in-nigeria,s0005,"Rooted in beliefs about preserving virginity, enhancing marriageability, and enforcing social norms, FGM persists despite empirical evidence of zero health benefits and demonstrable causal harm from anatomical disruption and psychological trauma. [7]",anti,FGM,model,mixed,0,0,0,3,,,,
female-genital-mutilation-in-nigeria,s0013,"Over time, FGM evolved from primarily ritualistic modifications to mechanisms for regulating female sexuality, with communities invoking beliefs in preserving premarital chastity and postmarital fidelity to justify continuation.",pro,FGM,model,pro,0,0,0,3,,,,
female-genital-mutilation-in-nigeria,s0015,"Historical narratives contain no verifiable endorsements of health, fertility, or hygienic benefits, attributing persistence instead to normative enforcement for social conformity.",anti,FGM,model,pro,0,0,0,3,,,,
female-genital-mutilation-in-nigeria,s0017,"The absence of doctrinal causation is evident in FGM's uniform occurrence across animist, Muslim, and Christian populations, with no scriptural imperatives in Abrahamic faiths linking it to piety or salvation; attributions to religion often stem from conflation with cultural syncretism rather than causal origins.",anti,FGM,model,none,0,0,1,2,,,inconsistency,inconsistency
female-genital-mutilation-in-nigeria,s0021,"These practices reinforced clan identity and marriage eligibility, with families voluntarily arranging the procedures to ensure daughters' perceived fidelity, chastity, and social integration, often justified by beliefs in controlling female sexuality and preventing promiscuity. [12]",pro,FGM,model,pro,0,0,0,3,,,,
female-genital-mutilation-in-nigeria,s0052,"Practitioners and communities in Nigeria often justify female genital mutilation (FGM) as a means to curb female promiscuity and ensure premarital virginity or marital fidelity, believing it reduces sexual desire and makes women more suitable wives. [18] [4]",pro,FGM,model,none,0,0,0,3,,,,
female-genital-mutilation-in-nigeria,s0054,"Additional rationales include purported enhancements to fertility, hygiene, and social status, with some viewing FGM as essential to fulfilling womanhood or ritual purity. [18]",pro,FGM,model,pro,0,0,0,3,,,,
female-genital-mutilation-in-nigeria,s0056,"These beliefs lack religious mandate, as neither the Quran nor the Bible prescribes FGM, and major Islamic and Christian doctrines remain silent on it, with some clerics issuing fatwas against the practice. [4] [18]",anti,FGM,model,none,0,0,0,3,,,,
female-genital-mutilation-in-nigeria,s0059,"Empirical studies contradict these claims, finding no association between FGM and delayed sexual debut, preserved virginity, or increased marital fidelity, thus debunking causal links to reduced promiscuity. [25]",anti,FGM,model,none,0,0,0,3,,,,
female-genital-mutilation-in-nigeria,s0060,"Similarly, assertions of hygiene or fertility benefits hold no validation, as FGM damages healthy tissue without conferring advantages and instead introduces risks like infections and reproductive complications. [4]",anti,FGM,model,mixed,0,0,0,3,,,,
female-genital-mutilation-in-nigeria,s0095,"Hemorrhage represents a primary acute risk of FGM procedures in Nigeria, occurring in 17% to 62% of cases due to vascular damage from cutting without hemostatic measures, with profuse bleeding documented in local case reports. [35]",anti,FGM,model,anti,0,0,0,3,,,,
female-genital-mutilation-in-nigeria,s0096,"Severe pain, unmitigated by analgesia, affects over 50% of affected girls immediately post-procedure, as evidenced by surveys in Nigerian communities. [35]",anti,FGM,model,none,0,0,0,3,,,,
female-genital-mutilation-in-nigeria,s0097,"Urinary retention arises shortly after from edema, clitoral swelling, or obstructive tissue flaps, impacting up to 60% in comparable African datasets incorporating Nigerian experiences. [35]",anti,FGM,model,none,0,0,0,3,,,,
female-genital-mutilation-in-nigeria,s0098,"Shock may ensue from blood loss or acute pain, contributing to immediate morbidity.",anti,FGM,model,none,0,0,0,3,,,,
female-genital-mutilation-in-nigeria,s0100,"Infections, facilitated by unsterilized blades and razors commonly used by traditional practitioners, include sepsis at rates of 1.4% to 7.6% and tetanus at 0.18% to 2.3%, with Nigerian case series reporting fatalities such as tetanus deaths in infants and a septic adult woman. [35]",anti,FGM,model,anti,0,0,0,3,,,,
female-genital-mutilation-in-nigeria,s0101,"These carry case fatality rates of approximately 1-2% in documented instances, underscoring the causal role of contamination in non-medical settings. [35]",anti,FGM,model,anti,0,0,0,3,,,,
female-genital-mutilation-in-nigeria,s0102,"Wound healing delays, observed in 0% to 54% of cases per aggregated hospital and community data from Nigeria-inclusive studies, prolong vulnerability to secondary infections. [35]",anti,FGM,model,anti,0,0,0,3,,,,
female-genital-mutilation-in-nigeria,s0103,"Southeast Nigerian surveys confirm practitioner and community awareness of bleeding and infection as frequent immediate sequelae, though underreporting persists due to home-based procedures.",anti,FGM,model,anti,0,0,0,3,,,,
female-genital-mutilation-in-nigeria,s0105,"Female genital mutilation (FGM) in Nigeria leads to chronic physical complications primarily through fibrosis and scarring from tissue excision, resulting in keloid formation and clitoral cysts.",anti,FGM,model,anti,0,0,0,3,,,,
female-genital-mutilation-in-nigeria,s0106,"These outcomes stem from non-sterile procedures using rudimentary tools, promoting excessive collagen deposition during healing.",anti,FGM,model,none,0,0,0,3,,,,
female-genital-mutilation-in-nigeria,s0107,"Nigerian clinical observations document keloid scars as a frequent long-term issue, causing chronic pain, itching, and functional impairment in the genital area.",anti,FGM,model,none,0,0,0,3,,,,
female-genital-mutilation-in-nigeria,s0108,"Clitoral neuromas or cysts, arising from buried nerve endings and residual tissue, further contribute to persistent discomfort and require surgical intervention in severe cases.",anti,FGM,model,none,0,0,0,3,,,,
female-genital-mutilation-in-nigeria,s0110,"Chronic urinary tract infections (UTIs) affect women with FGM at elevated rates, linked to urethral distortion and poor hygiene due to scarred, narrowed anatomy.",anti,FGM,model,mixed,0,0,0,3,,,,
female-genital-mutilation-in-nigeria,s0111,"In Nigeria, where Type I and II FGM predominate, anatomical changes impede complete bladder emptying, fostering bacterial retention and recurrent infections.",anti,FGM,model,anti,0,0,0,3,,,,
female-genital-mutilation-in-nigeria,s0112,"Studies indicate UTI prevalence is significantly higher among circumcised women, with dysuria and vaginal discharge commonly reported as sequelae.",anti,FGM,model,none,0,0,0,3,,,,
female-genital-mutilation-in-nigeria,s0113,"Menstrual obstruction occurs particularly in Type II and III procedures, where labial excision or apposition creates vaginal narrowing, leading to hematocolpos, dysmenorrhea, and secondary pelvic infections. [7]",anti,FGM,model,anti,0,0,0,3,,,,
female-genital-mutilation-in-nigeria,s0115,"Reproductively, FGM correlates with prolonged labor durations, often 1.5 to 2 times longer in affected Nigerian women, due to inelastic scar tissue resisting cervical dilation and fetal descent.",anti,FGM,model,none,0,0,0,3,,,,
female-genital-mutilation-in-nigeria,s0116,This increases perineal tear risks and neonatal distress from hypoxia during extended parturition.,anti,FGM,model,none,0,0,0,3,,,,
female-genital-mutilation-in-nigeria,s0117,A cross-sectional study at Federal Teaching Hospital Abakaliki found FGM independently raised odds of perineal trauma in laboring women.,anti,FGM,model,none,0,0,0,3,,,,
female-genital-mutilation-in-nigeria,s0118,"Obstetric hemorrhage odds ratios of 1.5-2.0 have been associated with FGM in Nigerian cohorts, reflecting vascular damage and coagulopathy from scarred tissues.",anti,FGM,model,anti,0,0,0,3,,,,
female-genital-mutilation-in-nigeria,s0119,"Vesicovaginal fistulas, resulting from ischemic necrosis during obstructed labor, show 20-30% higher prevalence among Nigerian women with FGM, particularly in northern regions practicing more severe forms.",anti,FGM,model,anti,0,0,0,3,,,,
female-genital-mutilation-in-nigeria,s0120,"Demographic and Health Survey analyses confirm this fistula-FGM link, attributing it to compounded pelvic floor trauma. [37] [38]",anti,FGM,model,anti,0,0,0,3,,,,
female-genital-mutilation-in-nigeria,s0122,"Studies in Nigeria have documented impaired sexual functioning among women subjected to female genital mutilation (FGM), including reduced vaginal lubrication and dyspareunia during intercourse.",anti,FGM,model,none,0,0,0,3,,,,
female-genital-mutilation-in-nigeria,s0123,"In a 2024 cross-sectional study of 400 women in Ibadan, those with FGM reported significantly lower scores on sexual function indices, encompassing arousal, lubrication, and orgasm domains, compared to uncircumcised controls (p<0.05). [40]",anti,FGM,model,none,0,0,0,3,,,,
female-genital-mutilation-in-nigeria,s0124,"Prevalence of pain during intercourse ranged from 40% to 60% in affected cohorts, attributed to scar tissue formation and nerve damage, with overall sexual satisfaction markedly diminished and no supporting data for claims of heightened pleasure or behavioral control. [41]",anti,FGM,model,none,0,0,0,3,,,,
female-genital-mutilation-in-nigeria,s0126,"Mental health sequelae include elevated risks of post-traumatic stress disorder (PTSD), depression, and anxiety, with systematic reviews indicating odds ratios of 2 to 4 times higher among FGM survivors relative to unaffected women across African populations. [42] [43]",anti,FGM,model,anti,0,0,0,3,,,,
female-genital-mutilation-in-nigeria,s0128,"In Nigerian surveys, FGM correlates with 25-35% increased anxiety prevalence, exacerbated by perceptions of familial betrayal and normalized violence, fostering intergenerational transmission of trauma through perpetuated acceptance of ritual harm. [42] [44]",anti,FGM,model,anti,0,0,0,3,,,,
female-genital-mutilation-in-nigeria,s0129,"No empirical evidence supports psychological benefits, underscoring the practice's net adverse impact on psyche and intimacy.",anti,FGM,model,pro,0,0,0,3,,,,
female-genital-mutilation-in-nigeria,s0188,"Proponents of female genital mutilation (FGM) in Nigeria, particularly community elders in ethnic groups like the Yoruba, Igbo, and Hausa-Fulani, defend the practice as a vital tradition that upholds moral standards by curbing female promiscuity and ensuring chastity for marriage.",pro,FGM,model,pro,0,0,0,3,,,,
female-genital-mutilation-in-nigeria,s0189,"These arguments frame FGM as a rite of passage fostering social cohesion and cultural identity, with surveys in practicing regions revealing that approximately 20-30% of respondents endorse it for preserving virginity or instilling discipline. [63] [21]",pro,FGM,model,none,0,0,0,3,,,,
female-genital-mutilation-in-nigeria,s0190,"However, such defenses lack empirical substantiation, as no controlled studies demonstrate causal reductions in sexual activity or moral lapses attributable to FGM; perceived benefits appear rooted in unverified social norms rather than measurable outcomes.",anti,FGM,model,pro,0,0,0,3,,,,
female-genital-mutilation-in-nigeria,s0192,"Cultural relativist claims that FGM's harms are context-dependent overlook objective physiological data, including universal indicators of acute pain and tissue damage during procedures performed without anesthesia.",anti,FGM,model,mixed,0,0,0,3,,,,
female-genital-mutilation-in-nigeria,s0193,"The World Health Organization (WHO) explicitly states that FGM yields no health advantages, with Nigerian cohort studies confirming associations with heightened infertility risks—contradicting assertions of fertility enhancement—and no improvements in genital hygiene, as scarring often exacerbates bacterial infections rather than preventing them. [4] [64]",anti,FGM,model,mixed,0,0,0,3,,,,
female-genital-mutilation-in-nigeria,s0194,"Lifetime complication rates in affected Nigerian populations exceed 10-15%, encompassing urinary tract obstructions, keloid scarring, and dyspareunia, based on cross-sectional analyses of women aged 15-49. [65]",anti,FGM,model,anti,0,0,0,3,,,,
female-genital-mutilation-in-nigeria,s0196,"Opposing viewpoints from FGM survivors and health researchers emphasize verifiable net harms, including elevated maternal mortality from obstructed labor, documented in prospective Nigerian hospital data showing cut women 1.3-2 times more likely to require emergency cesareans. [67]",anti,FGM,model,anti,0,0,0,3,,,,
female-genital-mutilation-in-nigeria,s0197,"Elders' insistence on tradition contrasts with evidence that communities historically abandon injurious customs through internal reckoning, as seen in declining voluntary cessation rates predating formal bans in select Nigerian locales, prioritizing causal evidence of suffering over unsubstantiated cultural imperatives. [19]",anti,FGM,model,anti,0,0,0,3,,,,
female-genital-mutilation-in-nigeria,s0200,"This shift reduces immediate risks like infection and hemorrhage compared to traditional methods, but empirical evidence indicates no elimination of long-term complications, including chronic pain, urinary issues, sexual dysfunction, and increased maternal mortality during childbirth, as these stem from the procedure's inherent tissue damage rather than the performer's training. [70] [71]",anti,FGM,model,anti,0,0,0,3,,,,
female-genital-mutilation-in-nigeria,s0201,"Medicalization thus entrenches the practice by lending it a veneer of legitimacy through medical authority, complicating eradication efforts, as families view clinic-based FGM as a benign cultural rite rather than harm.",anti,FGM,model,mixed,0,0,0,3,,,,
female-genital-mutilation-in-nigeria,s0208,"Proponents of absolutism emphasize causal links between FGM and irreversible harms, rejecting medicalization as a false safeguard that sustains demand, while enforcement advocates call for enhanced surveillance of clinics and community reporting incentives to avoid underground proliferation without excusing the practice's persistence. [70]",anti,FGM,model,mixed,0,0,0,3,,,,
female-genital-mutilation-in-sudan,s0005,"Infibulation, involving narrowing of the vaginal opening through stitching or other means, constitutes nearly 80% of cases, often accompanied by reinfibulation after childbirth to restore tightness, while less severe Type I (sunna) forms are reported but frequently overstated, masking underlying mutilation upon clinical examination. [2]",anti,FGM,model,pro,0,0,0,3,,,,
female-genital-mutilation-in-sudan,s0006,"These procedures, conducted by traditional practitioners without anesthesia, carry immediate risks of hemorrhage, infection, and shock, alongside long-term complications including chronic pain, urinary issues, and obstetric trauma.",anti,FGM,model,anti,0,0,0,3,,,,
female-genital-mutilation-in-sudan,s0030,"By the late 1930s, following the 1936 Anglo-Egyptian Treaty, efforts intensified under figures like Elaine Hills-Young, who banned all circumcision by trained midwives in 1937 and emphasized the practice's unhygienic and damaging effects through education. [9]",anti,FGM,model,none,0,0,0,3,,,,
female-genital-mutilation-in-sudan,s0048,"This contrasted with internal medical opposition, as health professionals increasingly documented complications like hemorrhage and obstetric fistula, integrating anti-FGM education into nursing curricula by the late 1990s. [11]",anti,FGM,model,anti,0,0,0,3,,,,
female-genital-mutilation-in-sudan,s0052,"In Sudanese communities, particularly in the northern regions, female genital mutilation (FGM) is primarily justified as a means to control female sexuality and ensure premarital chastity, with families and practitioners believing it curbs perceived excessive sexual desire and promotes fidelity within marriage. [12] [14]",pro,FGM,model,mixed,0,0,0,3,,,,
female-genital-mutilation-in-sudan,s0053,"This rationale stems from the view that uncircumcised women are at higher risk of promiscuity, thereby reducing potential infidelity risks in familial alliances, as reported in ethnographic surveys where such control is seen as essential for maintaining social order.",pro,FGM,model,none,0,0,0,3,,,,
female-genital-mutilation-in-sudan,s0055,"A core justification is the enhancement of marriageability, where FGM is regarded as a prerequisite for securing dowries, marital alliances, and social acceptance, with uncircumcised girls often deemed impure or ineligible for marriage. [12] [11]",pro,FGM,model,pro,0,0,0,3,,,,
female-genital-mutilation-in-sudan,s0056,"In northern areas like Haj-Yousif and Shendi, surveys indicate that 69-75% of supporting women cite adherence to social custom as the key driver, linking the practice directly to improved prospects in arranged unions and community integration.",pro,FGM,model,none,0,0,0,3,,,,
female-genital-mutilation-in-sudan,s0058,"Symbolic purity and aesthetic standards further underpin the practice, with communities perceiving FGM as a way to achieve cleanliness and beauty by removing what is viewed as unclean external genitalia, thus symbolizing moral and physical refinement. [15] [11]",pro,FGM,model,pro,0,0,0,3,,,,
female-genital-mutilation-in-sudan,s0075,"Female genital mutilation (FGM) lacks any explicit endorsement in the Quran, with proponents in Sudan and broader Islamic contexts instead relying on certain hadiths that analogize it to male circumcision (khitan) for purposes of cleanliness and moral purification. [18]",anti,FGM,model,pro,0,0,0,3,,,,
female-genital-mutilation-in-sudan,s0076,"These hadiths, such as narrations attributed to Umm Atiyyah describing a ""sunna"" cutting for women, are classified by many scholars as weak (da'if) due to issues in their chains of transmission and lack of corroboration in authentic sources like Sahih Bukhari or Muslim. [18]",anti,FGM,model,pro,0,0,0,3,,,,
female-genital-mutilation-in-sudan,s0077,"In Sudanese discourse, such texts are invoked to frame FGM—particularly Type I or ""sunna"" circumcision—as a recommended (mustahabb) practice akin to male ritual, though critics emphasize that even if authentic, they do not mandate excision or infibulation prevalent in the region.",anti,FGM,model,mixed,0,0,0,3,,,,
female-genital-mutilation-in-sudan,s0079,"Influential institutions like Egypt's Al-Azhar University have issued mixed fatwas on the matter, with earlier rulings in the 1980s and 1990s permitting mild forms of female ""circumcision"" (khitan al-banat) as culturally acceptable if not excessive, influencing Sudanese clerics who view it as permissible under fiqh traditions. [20]",pro,FGM,model,pro,0,0,0,3,,,,
female-genital-mutilation-in-sudan,s0080,"However, by 2007, Al-Azhar's Grand Mufti Ali Gomaa declared FGM forbidden (haram) as it contravenes Islamic principles against harming the body without medical necessity, a stance echoed in broader scholarly debates rejecting any obligatory status. [21]",anti,FGM,model,pro,0,0,0,3,,,,
female-genital-mutilation-in-sudan,s0081,"In Sudan, Sufi tariqas and some Salafi-leaning groups have historically promoted FGM as a sunnah act tied to pre-Islamic Arab customs assimilated into local Islam, with endorsements from certain imams in the 2010s framing it as essential for female piety and marriage eligibility.",pro,FGM,model,none,0,0,0,3,,,,
female-genital-mutilation-in-sudan,s0083,"Reformist voices within Sudanese Islam, including imams engaged in anti-FGM campaigns like UNICEF's Saleema initiative since 2008, argue that FGM has no sharia mandate, citing the absence of prophetic compulsion and potential violation of maqasid al-sharia (objectives of Islamic law) protecting life and progeny. [22]",anti,FGM,model,none,0,0,0,3,,,,
female-genital-mutilation-in-sudan,s0084,"These scholars highlight that authentic hadiths prioritize male circumcision while female practices stem from cultural ijma' rather than divine imperative, urging abandonment to align with Islam's emphasis on harm prevention. [18]",anti,FGM,model,anti,0,0,0,3,,,,
female-genital-mutilation-in-sudan,s0096,"Sunna is distinguished as a ritualistic procedure akin to male circumcision, often promoted by health advocates and communities as a culturally acceptable substitute to eradicate infibulation while retaining perceived purity benefits. [12]",pro,FGM,model,mixed,0,0,0,3,,,,
female-genital-mutilation-in-sudan,s0103,"The absence of pain relief or medical oversight amplifies risks of shock, infection, and incomplete healing, with procedures sometimes involving multiple cuts or stitching using thread or thorns in traditional settings. [25]",anti,FGM,model,anti,0,0,0,3,,,,
female-genital-mutilation-in-sudan,s0144,"Immediate complications of female genital mutilation (FGM) in Sudan include excessive hemorrhage, severe infections, and shock, often arising from procedures performed without anesthesia or sterile conditions by traditional practitioners. [15]",anti,FGM,model,anti,0,0,0,3,,,,
female-genital-mutilation-in-sudan,s0145,"Case reports document life-threatening infections such as necrotizing fasciitis in young girls post-FGM, requiring hospitalization and intensive treatment. [15]",anti,FGM,model,anti,0,0,0,3,,,,
female-genital-mutilation-in-sudan,s0146,Urinary retention and acute pain frequently necessitate medical intervention shortly after the procedure.,anti,FGM,model,none,0,0,0,3,,,,
female-genital-mutilation-in-sudan,s0148,"Chronic physical effects encompass keloid scarring, chronic urinary tract infections, and difficulties with urination due to anatomical distortion, particularly in Type III FGM (infibulation), the predominant form in Sudan affecting approximately 87% of women aged 15-49 as of the 2014 survey. [31] [1]",anti,FGM,model,anti,0,0,0,3,,,,
female-genital-mutilation-in-sudan,s0149,"Pelvic organ prolapse affects up to 87% of women with pelvic floor dysfunction who have undergone FGM, with Type 3 increasing symptomatic prolapse risk by 17-fold compared to uncircumcised women. [31]",anti,FGM,model,none,0,0,0,3,,,,
female-genital-mutilation-in-sudan,s0150,"Incontinence, predominantly mixed type, is most prevalent among those with Type 3 FGM, alongside hydronephrosis from obstructed urinary flow.",anti,FGM,model,none,0,0,0,3,,,,
female-genital-mutilation-in-sudan,s0152,"Reproductive physical harms include vesico-vaginal fistulas, postpartum hemorrhage, and obstructed labor, exacerbated by FGM-related scarring that impedes vaginal delivery. [15]",anti,FGM,model,anti,0,0,0,3,,,,
female-genital-mutilation-in-sudan,s0153,"Sudanese hospital data indicate cesarean section rates of 33.8% for Type 3 FGM cases, versus 10.8% for Type 2, reflecting heightened risks of prolonged labor and emergency interventions. [31]",anti,FGM,model,none,0,0,0,3,,,,
female-genital-mutilation-in-sudan,s0154,"Deep perineal tears and increased hemorrhage during childbirth are documented, with FGM contributing to anatomical barriers that elevate maternal morbidity. [31]",anti,FGM,model,anti,0,0,0,3,,,,
female-genital-mutilation-in-sudan,s0156,"A prospective cohort study of 420 primigravida women at Omdurman Maternity Hospital in Sudan found that 76.9% of those who had undergone FGM reported dyspareunia, compared to significantly lower rates in uncircumcised women (p < 0.001), with type III infibulation (prevalent in 67.8% of cases) contributing to scarring and adhesions that exacerbate painful intercourse. [32]",anti,FGM,model,mixed,0,0,0,3,,,,
female-genital-mutilation-in-sudan,s0157,"This sexual dysfunction often results in reduced libido (62.6% affected) and marital discord, as chronic pain hinders intimacy and satisfaction, leading to relational strain documented in qualitative reports from Sudanese communities.",anti,FGM,model,anti,0,0,0,3,,,,
female-genital-mutilation-in-sudan,s0159,"Regarding fertility, while scarring from infibulation can theoretically obstruct menstrual flow or facilitate ascending infections potentially linked to tubal damage, a case-control study of 603 Sudanese women found no significant association between childhood FGM and primary infertility after adjusting for confounders (odds ratio ≈1.0). [33]",pro,FGM,model,anti,0,0,0,3,,,,
female-genital-mutilation-in-sudan,s0160,"Nonetheless, indirect reproductive impacts persist through dyspareunia-induced avoidance of intercourse, which may delay conception or exacerbate secondary infertility risks in affected populations.",anti,FGM,model,none,0,0,0,3,,,,
female-genital-mutilation-in-sudan,s0161,"Psychologically, FGM in Sudan correlates with heightened anxiety and depression, with a study of 66 African immigrant women (including Sudanese) reporting 30% meeting criteria for anxiety disorders and 33% for depression, particularly among those with infibulation—a form dominant in Sudan—where vivid procedural memories predict worse outcomes (p < 0.05). [34]",anti,FGM,model,anti,0,0,0,3,,,,
female-genital-mutilation-in-sudan,s0162,"PTSD prevalence reached 17.5% in similar cohorts, attributed to the trauma of cutting without anesthesia, often between ages 6–8 in Sudanese practice.",anti,FGM,model,anti,0,0,0,3,,,,
female-genital-mutilation-in-sudan,s0164,"These effects compound in marital contexts, where dyspareunia-related discord amplifies psychological distress, including feelings of inadequacy and isolation.",anti,FGM,model,anti,0,0,0,3,,,,
female-genital-mutilation-in-sudan,s0165,"In Sudanese communities practicing female genital mutilation (FGM), proponents often assert benefits such as enhanced hygiene through removal of external genitalia, which they claim reduces odor and infection risks, and diminished sexual desire to curb promiscuity and preserve family honor. [35] [6]",pro,FGM,model,mixed,0,0,0,3,,,,
female-genital-mutilation-in-sudan,s0166,"These claims lack empirical support; World Health Organization (WHO) analyses of global FGM data, including Sudanese cases, identify no verifiable health advantages, with procedures instead correlating to elevated risks of urinary tract infections, bacterial vaginosis, and menstrual complications due to altered anatomy and scarring.",anti,FGM,model,anti,0,0,0,3,,,,
female-genital-mutilation-in-sudan,s0168,"Regarding promiscuity reduction, no causal evidence links FGM to lower infidelity rates in Sudan or comparable settings; cross-cultural studies indicate that sexual behavior is primarily regulated by social norms, religious edicts, and community enforcement rather than anatomical modification, as evidenced by low promiscuity in non-FGM-practicing societies with analogous cultural controls. [37]",anti,FGM,model,pro,0,0,0,3,,,,
female-genital-mutilation-in-sudan,s0169,"Sudanese surveys, such as those from the Population Council, further reveal that perceived fidelity benefits stem from perceived social signaling—FGM as a marker of conformity—rather than physiological deterrence, with abandonment rates rising in communities without such rituals yet maintaining traditional values.",anti,FGM,model,mixed,0,0,0,3,,,,
female-genital-mutilation-in-sudan,s0171,"The persistence of FGM in Sudan despite documented harms underscores its role in collective social utility, such as reinforcing group identity and marriage market value, over individual welfare; qualitative research in rural areas shows transmission driven by intergenerational pressure for conformity, not substantiated personal gains, with over 87% prevalence historically tied to these dynamics rather than hygiene or behavioral outcomes. [6]",anti,FGM,model,mixed,0,0,0,3,,,,
female-genital-mutilation-in-sudan,s0172,"WHO meta-reviews confirm zero net positive effects across Types I-III prevalent in Sudan, attributing continuation to normative inertia rather than evidence-based merits.",anti,FGM,model,none,0,0,0,3,,,,
female-genital-mutilation-in-sudan,s0227,"In Sudan, community resistance to FGM eradication efforts often stems from entrenched socio-cultural norms associating the practice with family honor, marriageability, and perceived hygiene benefits, leading to opposition against comprehensive bans.",pro,FGM,model,mixed,0,0,0,3,,,,
female-genital-mutilation-in-sudan,s0229,"Religious groups, such as Ansar Sunna, have resisted full abandonment by advocating milder ""Sunna"" circumcision (Type I), framing it as Islamically permissible and opposing punitive legislation as contrary to Sharia, which contributed to the 2010 removal of anti-FGM provisions from the Child Act. [50]",pro,FGM,model,mixed,0,0,0,3,,,,
female-genital-mutilation-in-sudan,s0242,"Families in unstable regions have resorted to FGM alongside child marriage, perceiving it as a safeguard against sexual assault or to preserve perceived virginity amid rampant conflict-related sexual violence perpetrated by RSF militias.",pro,FGM,model,none,0,0,0,3,,,,
female-genital-mutilation-in-sudan,s0252,"Family networks and traditional beliefs framing FGM as essential for purity and marriageability sustain the practice amid displacement, exacerbated by conflict trauma and limited monitoring in camp settings.",pro,FGM,model,pro,0,0,0,3,,,,
female-genital-mutilation-in-sudan,s0255,"Intent to subject daughters to FGM is driven by extended family pressures, community hubs dubbed ""Small Sudan"" that connect families to practitioners, and perceptions of it as protection against sexual violence in unstable environments. [56] [57]",pro,FGM,model,pro,0,0,0,3,,,,
female-genital-mutilation-in-sudan,s0259,"In urban refugee settings, such as Greater Cairo, slight declines emerge among educated mothers and youth exposed to legal and health education, with some citing personal harms or marital issues to reject continuation, contrasting persistent intent in more insular camp or network-driven groups. [57]",anti,FGM,model,anti,0,0,0,3,,,,
female-genital-mutilation-in-sudan,s0262,"Cultural relativists argue that female genital mutilation (FGM) in Sudan functions as an adaptive cultural practice reinforcing social cohesion, family honor, and marriage eligibility within tightly knit communities, where deviation risks ostracism and economic disadvantage for girls and their kin. [58]",pro,FGM,model,pro,0,0,0,3,,,,
female-genital-mutilation-in-sudan,s0263,"Anthropological studies emphasize that such customs evolve from local contexts of modesty and group identity, and external prohibitions often provoke defensiveness by evoking historical impositions, such as the British colonial administration's failed 1946 ban attempt in Sudan, which fueled nationalist backlash and entrenched the practice further. [59]",pro,FGM,model,pro,0,0,0,3,,,,
female-genital-mutilation-in-sudan,s0264,"Relativists critique universalist interventions for hypocrisy, noting Western tolerance of analogous body modifications—like male circumcision, performed on over a million U.S. infants annually without equivalent condemnation, or elective cosmetic surgeries such as labiaplasty—while selectively targeting non-Western traditions, thereby revealing culturally biased standards rather than consistent ethical principles.",pro,FGM,model,mixed,0,0,0,3,,,,
female-genital-mutilation-in-sudan,s0266,"In contrast, universal human rights advocates maintain that FGM constitutes a fundamental violation of bodily autonomy and dignity, transcending cultural boundaries, as affirmed by international frameworks Sudan has engaged with, including its 2006 ratification of the Convention on the Elimination of All Forms of Discrimination Against Women (CEDAW), which prohibits practices discriminating against women. [61]",anti,FGM,model,anti,0,0,0,3,,,,
female-genital-mutilation-in-sudan,s0267,"These proponents assert that empirical patterns of coercion—evident in Sudanese communities where girls face familial pressure irrespective of personal consent—justify overriding relativist deference to sovereignty, prioritizing protections akin to those against child labor or forced marriage, with UN bodies like UNICEF framing FGM as incompatible with the universal right to physical integrity under the Convention on the Rights of the Child.",anti,FGM,model,mixed,0,0,0,3,,,,
female-genital-mutilation-in-sudan,s0284,"The persistence of female genital mutilation (FGM) in Sudan entrenches gender imbalances by embedding cultural norms that tie women's social value to perceived chastity and family honor, often resulting in stigma, harassment, and reduced marriage prospects for uncircumcised girls, thereby limiting female autonomy and perpetuating intergenerational cycles of control by elder women. [2] [6]",anti,FGM,model,mixed,0,0,0,3,,,,
female-genital-mutilation-in-sudan,s0285,"This sustains broader societal disparities, as affected women face chronic health complications—including urogenital disorders, obstetric risks during childbirth, and psychological trauma—that impair productivity and impose ongoing burdens on limited healthcare resources. [64]",anti,FGM,model,anti,0,0,0,3,,,,
female-genital-mutilation-in-the-gambia,s0008,"Predominantly Type I (clitoridectomy) or Type II (excision), with 16.6% involving infibulation (Type III), the practice correlates with elevated health risks including hemorrhage, urinary issues, and obstetric complications—studies indicate 77% of adverse neonatal outcomes link to FGM-affected mothers—compounded by a reported 34.3% lifetime health problems among cut women. [2] [1]",anti,FGM,model,anti,1,0,1,1,base-rate-fallacy,,base-rate-fallacy,base-rate-fallacy
female-genital-mutilation-in-the-gambia,s0017,"It is justified culturally to ensure virginity, prevent promiscuity, control female sexuality, enhance cleanliness and aesthetic beauty, and uphold family honor, with uncut girls facing stigma as immature or unclean, often barring them from social ceremonies. [6] [7]",pro,FGM,model,mixed,0,0,0,3,,,,
female-genital-mutilation-in-the-gambia,s0018,"Among the Sarahule, it occurs in infancy without elaborate ceremony but is viewed as essential for purity; Fula subgroups similarly emphasize sealing to guarantee fidelity.",pro,FGM,model,pro,0,0,0,3,,,,
female-genital-mutilation-in-the-gambia,s0021,"These beliefs prioritize marriageability and communal acceptance, with grandmothers often deciding based on norms that equate FGM with a girl's status and her family's reputation, perpetuated by elder women circumcisers who derive authority from the tradition. [5]",pro,FGM,model,pro,0,0,0,3,,,,
female-genital-mutilation-in-the-gambia,s0029,"The cutting occurs without anesthesia or sterile conditions, using rudimentary sharp instruments such as knives or razors, often leading to imprecise excision that may extend beyond the targeted tissues. [6]",anti,FGM,model,none,0,0,0,3,,,,
female-genital-mutilation-in-the-gambia,s0058,"Physical effects of female genital mutilation/cutting (FGM/C) in The Gambia include immediate complications such as hemorrhage, acute anemia, and infections like tetanus, cystitis, and septicaemia, reported in 12.6% of cases seeking prompt medical attention after the procedure. [12]",anti,FGM,model,anti,0,0,0,3,,,,
female-genital-mutilation-in-the-gambia,s0059,"Long-term physical consequences encompass chronic gynecological issues, with women subjected to type I FGM/C (clitoridectomy, comprising 66.2% of cases) experiencing dysmenorrhea in 58.2% of instances, recurrent urinary tract infections in 19.6%, and painful intercourse in 29.3%, while type II (excision, 26.3% of cases) shows elevated rates of 67.6%, 44.2%, and 57.1%, respectively, compared to 34.5%, 14.4%, and 12.9% in uncut women (all p < 0.001). [6] [12]",anti,FGM,model,anti,0,0,0,3,,,,
female-genital-mutilation-in-the-gambia,s0060,"Anomalous healing manifests as fibrosis (15.8–19.4%), keloid formation (13.3–35.6% on clitoris, up to 21.6% on labia), synechia (7.1–54.4%), and clitoral neuroma (8.1–20.6%), absent in uncut controls.",anti,FGM,model,none,0,0,0,3,,,,
female-genital-mutilation-in-the-gambia,s0062,"Obstetric complications are markedly increased, with 39.0% of type I and 65.9% of type II cases facing delivery issues like perineal tears (27.8–48.8%), prolonged labor (15.6–36.6%), and episiotomy needs (20.0–30.5%), yielding odds ratios of 4.82–9.06 relative to uncut women (11.7% complications); fresh stillbirths occur in 2.9–6.1% of affected deliveries versus 0%. [6]",anti,FGM,model,anti,0,0,0,3,,,,
female-genital-mutilation-in-the-gambia,s0063,"Newborns of cut mothers experience higher rates of fetal distress (8.8–26.8%) and caput succedaneum (14.6–34.2%), with overall complications in 15.6–37.8% versus 5.3% (odds ratio 5.17). [6]",anti,FGM,model,anti,0,0,0,3,,,,
female-genital-mutilation-in-the-gambia,s0064,"Overall, 34.3% of Gambian women examined for FGM/C-related issues report either immediate or delayed physical effects, including persistent scarring and dyspareunia across all types.",anti,FGM,model,none,0,0,0,3,,,,
female-genital-mutilation-in-the-gambia,s0066,"Psychological effects in Gambian girls post-FGC include probable post-traumatic stress disorder (PTSD) at 19.2% prevalence among 12-year-olds, though only 4.2% attribute it directly to FGC, with 95.8% linked to confounding serious life events like violence or bereavement (average 4.5 events per girl). [13]",pro,FGM,model,anti,0,0,0,3,,,,
female-genital-mutilation-in-the-gambia,s0067,"Girls citing FGC as most bothersome (16.8%) show lower PTSD rates (4.8%) and better functioning than those affected by other traumas (22.1%), indicating FGC's trauma may be overshadowed by broader adversities; physical complications like genital pain do not significantly correlate with PTSD attribution in this cohort. [13]",pro,FGM,model,mixed,0,0,0,3,,,,
female-genital-mutilation-in-the-gambia,s0068,"General literature on FGM/C notes associations with anxiety, depression, and sexual dysfunction, potentially exacerbated by physical sequelae, but Gambia-specific data emphasize multifactorial mental health burdens rather than isolated FGC causation.",pro,FGM,model,anti,0,0,0,3,,,,
female-genital-mutilation-in-the-gambia,s0070,"In The Gambia, female genital mutilation (FGM), locally termed ""female circumcision,"" is often justified as a rite of passage marking a girl's transition to womanhood and social maturity, particularly among ethnic groups like the Mandinka, where it forms part of the nyaakaa initiation ritual for girls aged four to ten.",pro,FGM,model,none,0,0,0,3,,,,
female-genital-mutilation-in-the-gambia,s0071,"This process, involving seclusion and instruction from elder women, is believed to instill essential virtues such as respect (horomo), secrecy (suturo), and endurance (sabati), collectively known as ""knowing the eye,"" preparing girls for roles in marriage and motherhood while reinforcing community values of obedience and discretion. [15]",pro,FGM,model,none,0,0,0,3,,,,
female-genital-mutilation-in-the-gambia,s0072,"Proponents argue that the pain endured during the procedure teaches resilience and discipline, with respondents in qualitative studies describing it as a ""school"" for proper behavior among elders, thereby enhancing a girl's social standing and eligibility for inclusion in communal events.",pro,FGM,model,none,0,0,0,3,,,,
female-genital-mutilation-in-the-gambia,s0074,"Local beliefs emphasize FGM's role in controlling female sexuality to preserve purity and prevent promiscuity, with many Gambians asserting that uncut girls ""like men too much"" or risk premarital sex, pregnancy, or infidelity, thus safeguarding family honor and marital fidelity. [16]",pro,FGM,model,pro,0,0,0,3,,,,
female-genital-mutilation-in-the-gambia,s0075,"It is perceived to reduce excessive sexual desire, making women less demanding in marriage and averting risks like divorce or prostitution, while also ensuring physical ""sealing"" of virginity until wedlock in practices akin to Type III FGM among groups like the Sarahule and some Fula. [15]",pro,FGM,model,none,0,0,0,3,,,,
female-genital-mutilation-in-the-gambia,s0076,"Hygiene and aesthetic ideals further underpin justifications, as the procedure is said to eliminate ""bad smells,"" prevent abnormal clitoral growth, and promote cleanliness aligned with Islamic purity norms, rendering uncut women (solima in Mandinka) impure, disrespectful, or unfit for prayer and social interactions. [16]",pro,FGM,model,pro,0,0,0,3,,,,
female-genital-mutilation-in-the-gambia,s0079,"Religious rationales, though not explicitly mandated by the Quran, draw on select hadiths referencing ""female circumcision"" as a virtuous Islamic practice (sunna), with leaders like Imam Abdoulie Fatty and the Gambia Supreme Islamic Council framing it as essential for piety and cultural preservation against external impositions. [18]",pro,FGM,model,pro,0,0,0,3,,,,
female-genital-mutilation-in-the-gambia,s0080,"Defenders, including lawmakers and practitioners, equate it to male circumcision and argue that bans infringe on constitutional rights to religious and ethnic traditions, viewing abandonment as a threat to societal norms upheld across generations. [17]",pro,FGM,model,anti,0,0,0,3,,,,
female-genital-mutilation-in-the-gambia,s0089,"This legislation marked the first national ban, prompted by President Yahya Jammeh's public declaration in November 2015 that FGM was ""un-Islamic"" and would no longer be tolerated, framing the prohibition in religious terms to align with the country's predominantly Muslim population.",anti,FGM,model,none,0,0,0,3,,,,
female-genital-mutilation-in-the-gambia,s0122,"Proponents of female genital mutilation (FGM) in The Gambia defend the practice as an integral component of cultural identity and social cohesion, viewing it as a rite of passage that marks a girl's transition to womanhood and ensures her eligibility for marriage within ethnic communities such as the Mandinka, Fula, and Jola. [18]",pro,FGM,model,none,0,0,0,3,,,,
female-genital-mutilation-in-the-gambia,s0123,"Local beliefs hold that FGM preserves virginity, curbs promiscuity, and maintains family honor by controlling female sexuality, with uncut women often stigmatized as impure or capable of contaminating food, rendering it haram under traditional interpretations. [18]",pro,FGM,model,none,0,0,0,3,,,,
female-genital-mutilation-in-the-gambia,s0124,"Cutters, typically respected elderly women, derive social status from performing the procedure, which is passed down generationally and reinforces community bonds, as evidenced by statements from practitioners who refuse to abandon it despite incentives.",pro,FGM,model,anti,0,0,0,3,,,,
female-genital-mutilation-in-the-gambia,s0126,"Religious justifications form a core defense, with many Gambians, including 53% of women surveyed in 2019-2020, believing FGM fulfills an Islamic obligation derived from certain hadiths, despite its absence from the Quran and pre-Islamic origins. [17]",pro,FGM,model,none,0,0,0,3,,,,
female-genital-mutilation-in-the-gambia,s0127,"The Gambia Supreme Islamic Council issued a fatwa in September 2023 declaring female circumcision a ""virtue of Islam,"" urging reconsideration of the 2015 ban, while Imam Abdoulie Fatty has campaigned to ""restore"" it, equating opposition to an assault on Islam and paying fines for convicted cutters in 2023. [18]",pro,FGM,model,none,0,0,0,3,,,,
female-genital-mutilation-in-the-gambia,s0128,"Proponents like National Assembly Member Sulayman Saho distinguish it from mutilation, advocating only the removal of the clitoral tip—analogous to male circumcision—while questioning the relevance of global data to Gambian contexts.",pro,FGM,model,none,0,0,0,3,,,,
female-genital-mutilation-in-the-gambia,s0131,"Supporters frame the law as a Western imposition eroding sovereignty, with protests chanting ""Gambia is not for sale"" and decrying it as colonial interference, leading to legal challenges citing constitutional rights to religious and cultural freedoms under Sections 25 and 32. [31]",pro,FGM,model,none,0,0,0,3,,,,
female-genital-mutilation-in-the-gambia,s0145,"In March 2024, National Assembly Member Fatoumata Ceesay-Jallow introduced a private member's bill to repeal sections of the 2015 Act banning FGM, arguing it violated cultural and religious norms; the assembly voted 31-4 to advance it for debate despite committee recommendations against. [37]",pro,FGM,model,none,0,0,0,3,,,,
female-genital-mutilation-in-the-gambia,s0146,"This sparked international condemnation from UNICEF, UNFPA, and Human Rights Watch, who cited risks to girls' health and rights, with prevalence data showing over 70% of women aged 15-49 still affected. [38]",anti,FGM,model,anti,0,0,0,3,,,,
female-genital-mutilation-in-the-united-kingdom,s0085,"These encounters highlighted the procedure's health risks, including infections, hemorrhage, and long-term urinary and sexual dysfunction, and raised alarms about its occurrence within British communities.",anti,FGM,model,anti,0,0,0,3,,,,
female-genital-mutilation-in-the-united-kingdom,s0088,"Introduced as a private member's bill by Conservative MP Marion Roe, the legislation addressed documented instances of FGM being conducted by community practitioners on UK soil, often on girls under 15, and aimed to protect minors from what was described in debates as a harmful cultural import incompatible with British values.",anti,FGM,model,anti,0,0,0,3,,,,
female-genital-mutilation-in-the-united-kingdom,s0184,"Female genital mutilation (FGM) causes immediate physical complications such as severe pain, haemorrhage, genital swelling, infections (including tetanus), urinary retention, and wound disruption, which can result in shock or death, particularly when performed without anaesthesia or sterile instruments. [47] [7]",anti,FGM,model,anti,0,0,0,3,,,,
female-genital-mutilation-in-the-united-kingdom,s0185,"These risks apply across WHO-classified types of FGM, from partial clitoral removal (Type 1) to infibulation (Type 3), with higher severity correlating to greater immediate harm.",anti,FGM,model,anti,0,0,0,3,,,,
female-genital-mutilation-in-the-united-kingdom,s0187,"Long-term physical effects include chronic urinary tract infections, painful urination, menstrual difficulties due to obstructed flow, vaginal infections, sexual pain and reduced satisfaction, keloid scarring, and reproductive issues like infertility or cysts. [47] [7]",anti,FGM,model,anti,0,0,0,3,,,,
female-genital-mutilation-in-the-united-kingdom,s0188,"Obstetric complications are prominent, encompassing prolonged labour, excessive postpartum bleeding, higher caesarean rates, and elevated newborn mortality; women with Type 3 FGM often require deinfibulation surgeries for safe delivery. [47]",anti,FGM,model,anti,0,0,0,3,,,,
female-genital-mutilation-in-the-united-kingdom,s0189,"In the United Kingdom, National Health Service (NHS) records document affected women presenting with these sequelae, including recurrent infections and childbirth emergencies, prompting specialized gynaecological interventions and antenatal screening protocols.",anti,FGM,model,anti,0,0,0,3,,,,
female-genital-mutilation-in-the-united-kingdom,s0191,"Psychological impacts manifest as post-traumatic stress disorder (PTSD), anxiety disorders, depression, and diminished self-esteem, often stemming from the non-consensual trauma and lifelong bodily alterations. [47]",anti,FGM,model,anti,0,0,0,3,,,,
female-genital-mutilation-in-the-united-kingdom,s0192,"Systematic reviews confirm associations between FGM and adverse mental health outcomes, including panic disorders, somatization, and emotional suppression, with 14 of 16 studies reporting at least one such link. [48]",anti,FGM,model,none,0,0,0,3,,,,
female-genital-mutilation-in-the-united-kingdom,s0193,"UK-based survivors frequently report flashbacks, nightmares, sleep disturbances, and self-harm, exacerbating isolation and complicating mental health access within communities where FGM persists culturally.",anti,FGM,model,anti,0,0,0,3,,,,
female-genital-mutilation-in-the-united-kingdom,s0195,"The National Health Service (NHS) in England and Wales faces substantial long-term healthcare expenditures attributable to female genital mutilation (FGM), estimated at £100 million annually based on 2015/16 data, encompassing treatment for complications among an estimated 137,000 affected women and girls. [49]",anti,FGM,model,anti,0,0,0,3,,,,
female-genital-mutilation-in-the-united-kingdom,s0199,"These healthcare demands impose a persistent fiscal strain on public resources, as FGM-related conditions often require lifelong management, including de-infibulation procedures (£343,000 annually) and unquantified issues like cysts, infertility, and heightened HIV transmission risks due to insufficient UK-specific evidence. [49]",anti,FGM,model,none,0,0,0,3,,,,
female-genital-mutilation-in-the-united-kingdom,s0200,"Obstetric costs are amplified by FGM's association with prolonged labor, hemorrhage, and tears, necessitating specialized maternity care that exceeds standard deliveries and contributes to broader NHS pressures in specialties like gynaecology and urology. [49]",anti,FGM,model,anti,0,0,0,3,,,,
female-genital-mutilation-in-the-united-kingdom,s0201,"The predominance of psychological and chronic physical burdens underscores a societal cost beyond acute interventions, with potential underestimation from unmet needs, as enhanced FGM datasets from 2015 onward reveal only partial attendance patterns.",anti,FGM,model,none,0,0,0,3,,,,
female-genital-mutilation-in-the-united-kingdom,s0204,"Intergenerational persistence exacerbates long-term liabilities, as untreated complications in mothers correlate with adverse birth outcomes, perpetuating cycles of healthcare dependency and straining social services for affected families.",anti,FGM,model,anti,0,0,0,3,,,,
female-genital-mutilation-in-the-united-states,s0003,"While the procedure offers no health benefits and inflicts immediate and long-term physical and psychological harm, including pain, infection, urinary issues, sexual dysfunction, and increased childbirth complications, enforcement remains challenging due to underreporting, victim reluctance, and cultural secrecy. [2]",anti,FGM,model,mixed,0,0,0,3,,,,
female-genital-mutilation-in-the-united-states,s0006,"This figure underscores a persistent public health and human rights issue, concentrated in urban areas with large diasporas from nations like Somalia, Egypt, and Nigeria, where prevalence can approach 90 percent in origin populations. [5]",anti,FGM,model,anti,0,0,0,3,,,,
female-genital-mutilation-in-the-united-states,s0031,"Claims minimizing FGM/C as voluntary cultural choice lack empirical support, as procedures target non-consenting minors—often infants or young girls—causing immediate risks like hemorrhage and infection alongside long-term complications such as urinary issues, sexual dysfunction, and psychological trauma, corroborated by clinical outcomes in affected communities. [2] [16]",anti,FGM,model,anti,0,0,0,3,,,,
female-genital-mutilation-in-the-united-states,s0032,"Hospital data from immigrant-heavy regions reveal elevated presentations for FGM/C-related complications, underscoring non-voluntary imposition without evidence of affirmative minor consent in documented cases.",anti,FGM,model,anti,0,0,0,3,,,,
female-genital-mutilation-in-the-united-states,s0141,"Female genital mutilation (FGM) encompasses procedures that cause immediate physical trauma, including severe pain, excessive bleeding, and hemorrhage leading to shock, as classified by the World Health Organization (WHO) into types I, II, and III.",anti,FGM,model,anti,0,0,0,3,,,,
female-genital-mutilation-in-the-united-states,s0142,"Type I (clitoridectomy) involves partial or total removal of the clitoral glans and/or prepuce, resulting in acute tissue damage and risk of infection from unsterile instruments.",anti,FGM,model,anti,0,0,0,3,,,,
female-genital-mutilation-in-the-united-states,s0143,"Type II (excision) extends removal to the labia minora, with or without partial or total excision of the labia majora, amplifying blood loss and open wound exposure.",anti,FGM,model,none,0,0,0,3,,,,
female-genital-mutilation-in-the-united-states,s0144,"These harms arise from cutting healthy genital tissue without anesthesia or medical oversight, often using rudimentary tools. [25]",anti,FGM,model,anti,0,0,0,3,,,,
female-genital-mutilation-in-the-united-states,s0146,"Type III (infibulation) inflicts the most severe procedural damage by narrowing the vaginal orifice through cutting and repositioning the labia minora or majora, with or without clitoridectomy, frequently causing urinary retention, genital ulcers, and delayed wound healing due to stitched or scarred tissue.",anti,FGM,model,none,0,0,0,3,,,,
female-genital-mutilation-in-the-united-states,s0147,"Immediate complications include sepsis, tetanus, and abscess formation from bacterial entry in non-sterile conditions, as evidenced by clinical observations of post-procedural infections.",anti,FGM,model,anti,0,0,0,3,,,,
female-genital-mutilation-in-the-united-states,s0148,"In the United States, where FGM persists among certain immigrant groups, these risks are exacerbated in clandestine home settings lacking hygiene protocols, leading to documented cases of severe infections requiring hospitalization. [25] [66]",anti,FGM,model,mixed,0,0,0,3,,,,
female-genital-mutilation-in-the-united-states,s0150,"Longitudinal health data refute purported hygienic benefits of FGM, revealing instead heightened vulnerability to recurrent urinary tract infections and chronic pelvic inflammation attributable to altered anatomy and scarring.",anti,FGM,model,mixed,0,0,0,3,,,,
female-genital-mutilation-in-the-united-states,s0151,"Studies tracking affected women demonstrate no reduction in genital infections and elevated complication rates compared to uncircumcised peers, underscoring the procedure's net physical detriment without empirical support for preventive claims.",anti,FGM,model,mixed,0,0,0,3,,,,
female-genital-mutilation-in-the-united-states,s0152,"In U.S. clinical contexts, immigrant patients present with sepsis and wound dehiscence linked to Type III procedures performed domestically or abroad, per hospital management reports. [66] [67]",anti,FGM,model,none,0,0,0,3,,,,
female-genital-mutilation-in-the-united-states,s0154,"Women affected by female genital mutilation/cutting (FGM/C) in the United States face chronic reproductive health challenges, including increased requirements for cesarean sections and heightened risks of infertility, with severity linked to procedure type.",anti,FGM,model,none,0,0,0,3,,,,
female-genital-mutilation-in-the-united-states,s0155,"Type III FGM/C (infibulation), prevalent among immigrants from countries like Somalia and Sudan, causes extensive scarring that obstructs vaginal delivery, elevating cesarean delivery odds by approximately 55% according to systematic reviews of obstetric outcomes applicable to affected U.S. populations. [69]",anti,FGM,model,none,0,0,0,3,,,,
female-genital-mutilation-in-the-united-states,s0156,"The 2021 Women's Health Needs Study (WHNS), surveying communities with high FGM/C prevalence, found affected women reported significantly more childbirth-related health concerns compared to unaffected peers. [70]",anti,FGM,model,none,0,0,0,3,,,,
female-genital-mutilation-in-the-united-states,s0157,"Among Somali women in the U.S., FGM/C correlates with adverse reproductive sequelae, including complications from scarred tissue impeding natural labor.",anti,FGM,model,anti,0,0,0,3,,,,
female-genital-mutilation-in-the-united-states,s0159,"Long-term urogenital issues persist, such as vesicovaginal and rectovaginal fistulas resulting from prolonged obstructed labor, alongside keloid formation from unhealed excision sites, particularly in Types II and III.",anti,FGM,model,anti,0,0,0,3,,,,
female-genital-mutilation-in-the-united-states,s0160,"These conditions contribute to recurrent urinary tract infections and chronic pelvic pain, documented in U.S. healthcare encounters among immigrant women from FGM/C-practicing regions. [4]",anti,FGM,model,anti,0,0,0,3,,,,
female-genital-mutilation-in-the-united-states,s0161,"Sexual dysfunction, including dyspareunia, reduced arousal, and lubrication deficits, is prevalent; WHNS data indicate affected U.S. women experience more sexual health problems, causally tied to clitoral removal and vaginal narrowing in higher-type procedures.",anti,FGM,model,anti,0,0,0,3,,,,
female-genital-mutilation-in-the-united-states,s0163,"Mental health sequelae include elevated rates of post-traumatic stress disorder (PTSD) and depressive symptoms, with U.S. studies linking FGM/C trauma to memory impairments and psychological distress among survivors. [71]",anti,FGM,model,anti,0,0,0,3,,,,
female-genital-mutilation-in-the-united-states,s0164,"WHNS participants with FGM/C were more likely to report persistent sadness, reflecting ongoing emotional impacts. [70]",anti,FGM,model,none,0,0,0,3,,,,
female-genital-mutilation-in-the-united-states,s0165,"While comprehensive U.S.-specific emergency room visit data for 2016–2024 remains limited due to underreporting, inpatient analyses show FGM/C patients require interventions for genital complications, underscoring the procedure's enduring toll. [72]",anti,FGM,model,anti,0,0,0,3,,,,
female-genital-mutilation-in-the-united-states,s0166,"Causal mechanisms stem from anatomical disruption and associated trauma, independent of confounding social factors in migrant contexts.",anti,FGM,model,none,0,0,0,3,,,,
female-genital-mutilation-in-the-united-states,s0168,"In Somali immigrant communities in cities like Minneapolis, female genital mutilation (FGM) is frequently justified as a mechanism to regulate female sexuality by diminishing sexual desire and deterring premarital or extramarital relations. [73]",pro,FGM,model,none,0,0,0,3,,,,
female-genital-mutilation-in-the-united-states,s0169,"Participants in a phenomenological study of Somalian women residing in Minneapolis described the procedure as removing the clitoris to prevent ""uncontrolled sexual behavior and prostitution,"" thereby promoting fidelity and safeguarding family reputation within tightly knit enclaves.",pro,FGM,model,none,0,0,0,3,,,,
female-genital-mutilation-in-the-united-states,s0171,"The practice is also tied to enhancing marriage eligibility, with uncircumcised girls reportedly facing rejection by potential suitors and social ostracism, as it is perceived as a prerequisite for acceptable unions and securing bride prices that uphold family status. [73]",pro,FGM,model,none,0,0,0,3,,,,
female-genital-mutilation-in-the-united-states,s0172,"This rationale persists through intergenerational transmission, where mothers view FGM as essential preparation for adulthood and integration into community norms, even amid U.S. legal prohibitions enacted in 1996. [4]",pro,FGM,model,none,0,0,0,3,,,,
female-genital-mutilation-in-the-united-states,s0175,"Variations in form, such as the ""Sunna"" type involving partial clitoral excision, are defended in these groups as milder alternatives that align with cultural expectations without the severity of infibulation, though community members frame it as a non-harmful rite comparable to male circumcision. [73]",pro,FGM,model,mixed,0,0,0,3,,,,
female-genital-mutilation-in-the-united-states,s0180,"Specific narrations, such as those in Sunan Abi Dawud attributed to Umm Atiyyah describing a form of female cutting as recommended (mustahabb), are invoked by proponents to frame FGM as a sunnah practice promoting ritual purity and restraint of sexual desire. [76]",pro,FGM,model,pro,0,0,0,3,,,,
female-genital-mutilation-in-the-united-states,s0181,"These interpretations persist despite classifications of the hadiths as weak (da'if) by many Islamic jurists and the absence of any health-related empirical foundation, prioritizing communal tradition over verifiable causal evidence of benefits.",anti,FGM,model,pro,0,0,0,3,,,,
female-genital-mutilation-in-the-united-states,s0184,"In these unassimilated enclaves, such rationales emphasize spiritual cleanliness and fidelity, overriding empirical data showing no physiological advantages and associating the rite with pre-Islamic tribal customs syncretized into local Islamic observance. [80]",anti,FGM,model,pro,0,0,0,3,,,,
female-genital-mutilation-in-the-united-states,s0185,"Traditional tribal justifications, evident in African immigrant groups, portray FGM as an initiatory passage conferring social legitimacy and averting promiscuity, with continuity maintained through elder authority despite migration. [81]",pro,FGM,model,none,0,0,0,3,,,,
female-genital-mutilation-in-the-united-states,s0188,"In 2010, the American Academy of Pediatrics (AAP) issued a policy statement suggesting that a ""ritual genital nick"" of minimal extent might serve as a culturally sensitive compromise to discourage more severe forms of female genital cutting among immigrant families, framing it as a potential harm-reduction strategy. [83]",pro,FGM,model,anti,0,0,0,3,,,,
female-genital-mutilation-in-the-united-states,s0189,"This position drew immediate backlash from critics, including medical ethicists and advocacy groups, who argued it undermined opposition to any non-therapeutic genital alteration and risked normalizing harm under the guise of cultural accommodation. [84]",anti,FGM,model,anti,0,0,0,3,,,,
female-genital-mutilation-in-the-united-states,s0190,"Within weeks, the AAP retracted the suggestion, clarifying that it did not endorse any form of female genital cutting and reaffirming its opposition to procedures lacking medical justification.",anti,FGM,model,none,0,0,0,3,,,,
female-genital-mutilation-in-the-united-states,s0192,"Subsequent AAP guidance, including a 2020 clinical report, classifies female genital mutilation/cutting (FGM/C) as medically unnecessary and harmful, emphasizing the need for pediatricians to educate against it and report suspected cases as child abuse. [68]",anti,FGM,model,anti,0,0,0,3,,,,
female-genital-mutilation-in-the-united-states,s0193,"The American College of Obstetricians and Gynecologists (ACOG) maintains a firm stance against all forms of FGM/C, defining it as procedures involving partial or total removal of external female genitalia or other injury for non-medical reasons, with no health benefits and significant risks including infection, hemorrhage, and psychological trauma. [85]",anti,FGM,model,mixed,0,0,0,3,,,,
female-genital-mutilation-in-the-united-states,s0194,"ACOG explicitly opposes medicalization or accommodation, supporting federal and state laws criminalizing the practice and urging providers to advocate for prevention.",anti,FGM,model,pro,0,0,0,3,,,,
female-genital-mutilation-in-the-united-states,s0196,"The American Medical Association (AMA) condemns FGM/C as a form of child sexual abuse and gender-based violence, rejecting any medical role in its performance and calling for enhanced education, research, and enforcement to eradicate it. [87]",anti,FGM,model,anti,0,0,0,3,,,,
female-genital-mutilation-in-the-united-states,s0197,"In the 2020s, these organizations have endorsed legislative efforts like the STOP FGM Act expansions, aligning with empirical evidence from systematic reviews showing that even Type IV procedures (e.g., pricking or nicking) carry risks of immediate complications such as pain, bleeding, and infection, alongside long-term issues like scarring and sexual dysfunction. [67] [25]",anti,FGM,model,anti,0,0,0,3,,,,
female-genital-mutilation-in-the-united-states,s0198,"Internal debates within pediatrics and obstetrics have centered on rejecting harm-reduction rationales, with consensus that no level of cutting yields benefits outweighing harms, prioritizing evidence-based opposition over cultural relativism.",anti,FGM,model,mixed,0,0,0,3,,,,
female-genital-mutilation-in-the-united-states,s0200,"Critiques of multicultural relativism argue that elevating cultural traditions above assessments of harm undermines fundamental protections for children, allowing practices like female genital mutilation (FGM) to persist under the pretext of tolerance.",anti,FGM,model,mixed,0,0,0,3,,,,
female-genital-mutilation-in-the-united-states,s0201,"Proponents of relativism often frame FGM as a private cultural rite, such as informal ""cutting ceremonies"" conducted in immigrant enclaves, thereby excusing non-consensual procedures on minors as beyond external judgment. [88] [89]",pro,FGM,model,pro,0,0,0,3,,,,
female-genital-mutilation-in-the-united-states,s0202,"This approach fails on first-principles grounds by subordinating observable physical and psychological damage to girls—evidenced by immediate risks of hemorrhage and infection—to unexamined communal norms, effectively normalizing irreversible bodily alteration without the child's agency. [90]",anti,FGM,model,anti,0,0,0,3,,,,
female-genital-mutilation-in-the-united-states,s0209,"Relativism's claim of cultural equivalence debunks under scrutiny, as no parental ""right"" extends to mutilating minors, paralleling the historical rejection of other traditions like Chinese foot-binding or Indian sati, which were prohibited despite entrenched rationales of honor and purity. [88] [89]",anti,FGM,model,pro,0,0,0,3,,,,
female-genital-mutilation-in-the-united-states,s0210,"These precedents affirm that universal thresholds of harm—rooted in child autonomy and bodily integrity—override relativist defenses, with FGM similarly lacking consent or medical necessity. [90]",anti,FGM,model,mixed,0,0,0,3,,,,
female-genital-mutilation-in-the-united-states,s0220,"Child protection perspectives prioritize universal application of U.S. law over relativist exemptions, noting that accommodations erode assimilation imperatives and expose minors to irreversible harm, as cultural justifications lack empirical health benefits and conflict with constitutional protections for children.",anti,FGM,model,mixed,0,0,0,3,,,,
female-genital-mutilation-laws-by-country,s0013,"This type is the least extensive but still results in permanent alteration and associated complications such as pain, infection, and reduced sexual function.",anti,FGM,model,anti,0,0,0,3,,,,
female-genital-mutilation-laws-by-country,s0017,"More invasive than Type I, it accounts for a significant portion of cases in regions like West Africa and is linked to higher risks of hemorrhage, urinary issues, and childbirth complications.",anti,FGM,model,anti,0,0,0,3,,,,
female-genital-mutilation-laws-by-country,s0021,"Prevalent in parts of East Africa and the Horn (e.g., Somalia, Sudan), it is the most severe form, often necessitating deinfibulation for intercourse or delivery, though reinfibulation post-childbirth persists despite WHO discouragement due to exacerbated health risks. [9]",anti,FGM,model,none,0,0,0,3,,,,
female-genital-mutilation-laws-by-country,s0024,"Though sometimes viewed as less invasive, these acts carry risks of infection and psychological trauma; legislation in banning countries typically proscribes them to prevent normalization of any genital alteration.",anti,FGM,model,mixed,0,0,0,3,,,,
female-genital-mutilation-laws-by-country,s0030,"This terminology emphasizes the intentional harm and lack of therapeutic value, supported by empirical evidence of immediate risks such as hemorrhage, infection, and urinary issues, as well as long-term consequences including chronic pain, sexual dysfunction, and obstetric complications. [1]",anti,FGM,model,anti,0,0,0,3,,,,
female-genital-mutilation-laws-by-country,s0033,"Critics counter that such neutral phrasing minimizes the procedure's severity and medical harm, potentially undermining efforts to eradicate it, as evidenced in legal contexts like the 2017 U.S. case against Dr. Jumana Nagarwala, where terminology influenced debates on prosecutorial framing. [15] [16]",anti,FGM,model,anti,0,0,0,3,,,,
female-genital-mutilation-laws-by-country,s0034,"Peer-reviewed analyses highlight that softening language correlates with tolerance for continuation, contrasting with data showing no health benefits across any variant.",anti,FGM,model,mixed,0,0,0,3,,,,
female-genital-mutilation-laws-by-country,s0037,"Some proponents of harm reduction view symbolic pricking as a culturally sensitive alternative to more severe forms, potentially easing abandonment by fulfilling social norms with minimal physical alteration. [18]",pro,FGM,model,mixed,0,0,0,3,,,,
female-genital-mutilation-laws-by-country,s0038,"However, epidemiological studies indicate even these procedures carry risks of infection, psychological trauma, and normalization of genital intervention, perpetuating cycles of expectation without causal justification beyond tradition. [18]",anti,FGM,model,anti,0,0,0,3,,,,
female-genital-mutilation-laws-by-country,s0041,"WHO's 2025 guidelines explicitly reject this, citing evidence that professional involvement legitimizes the practice, entrenches social norms, and fails to mitigate long-term harms like dyspareunia or fistula, while diverting health resources. [19] [20]",anti,FGM,model,anti,0,0,0,3,,,,
female-genital-mutilation-laws-by-country,s0042,"Pro-medicalization arguments, often rooted in cultural accommodation, lack empirical support for safety gains and overlook how such shifts reinforce gender-based control mechanisms absent in male counterparts. [21] [22]",anti,FGM,model,pro,0,0,0,3,,,,
female-genital-mutilation-laws-by-country,s0043,"These debates underscore tensions between universal rights frameworks, which prioritize bodily integrity based on verifiable harms, and relativistic views prioritizing local customs, though the former aligns with cross-cultural data on adverse outcomes exceeding 200 million cases globally. [7]",anti,FGM,model,mixed,0,0,0,3,,,,
female-genital-mutilation-laws-by-country,s0048,"WHO maintains that FGM confers no health benefits and inflicts immediate risks including severe bleeding, excessive pain, shock, and urine retention, alongside long-term consequences such as recurrent infections, cysts, infertility, complications during childbirth (including increased risk of newborn deaths), chronic pain, sexual dysfunction, and psychological issues like depression and anxiety. [1]",anti,FGM,model,mixed,0,0,0,3,,,,
female-genital-mutilation-laws-by-country,s0064,"The comment underscores FGM's incompatibility with human rights standards, citing immediate and long-term health risks like hemorrhage, infection, and psychological trauma, and calls for harmonization of laws across borders to address cross-community practices.",anti,FGM,model,anti,0,0,0,3,,,,
female-genital-mutilation-laws-by-country,s0087,"The 1990s marked the onset of coordinated international advocacy against female genital mutilation, driven by health organizations recognizing its severe physical and psychological harms without any medical benefits.",anti,FGM,model,mixed,0,0,0,3,,,,
female-genital-mutilation-laws-by-country,s0098,"In 2008, an updated interagency statement signed by ten United Nations entities, including UNAIDS, UNDP, and UNHCR, reiterated the 1997 call while addressing medicalization trends, where health providers increasingly performed procedures under false claims of safety.",anti,FGM,model,pro,0,0,0,3,,,,
female-genital-mutilation-laws-by-country,s0239,"Cultural norms deeply embedded in communities practicing female genital mutilation (FGM) often override legal prohibitions, as the procedure is viewed as an essential rite of passage conferring social status, marriageability, and adherence to ancestral traditions.",pro,FGM,model,pro,0,0,0,3,,,,
female-genital-mutilation-laws-by-country,s0240,"In northern Ghana, despite national bans, FGM persists at rates of 61% in areas like Bawku Municipality due to beliefs that it preserves virginity, reduces promiscuity, and distinguishes tribal identities, with uncircumcised girls facing ridicule, isolation, and exclusion from social events. [124]",pro,FGM,model,none,0,0,0,3,,,,
female-genital-mutilation-laws-by-country,s0241,"Similarly, in southern Ethiopia, where a 2004 criminal code prohibits FGM, families continue the practice to avoid community stigma and ensure respect, perceiving uncircumcised women as violating longstanding obligations tied to peer and familial pressures.",pro,FGM,model,none,0,0,0,3,,,,
female-genital-mutilation-laws-by-country,s0253,"Universalism posits that female genital mutilation (FGM) violates inherent human rights, such as bodily autonomy and protection from harm, which transcend cultural boundaries and justify global prohibition.",anti,FGM,model,anti,0,0,0,3,,,,
female-genital-mutilation-laws-by-country,s0254,"International bodies like the World Health Organization (WHO) and UNICEF frame FGM as a non-therapeutic procedure performed without consent, primarily on girls under 15, resulting in documented risks including hemorrhage (up to 15% in some procedures), urinary tract infections, infertility, and obstetric complications like fistula (prevalence 10-20% higher in affected women). [1] [12]",anti,FGM,model,anti,0,0,0,3,,,,
female-genital-mutilation-laws-by-country,s0255,"These organizations cite no empirical evidence of benefits, positioning FGM as a form of gender-based violence incompatible with conventions like the UN Convention on the Rights of the Child (ratified by 196 states as of 2023), which mandates safeguarding children from traditional practices prejudicial to their health.",anti,FGM,model,mixed,0,0,0,3,,,,
female-genital-mutilation-laws-by-country,s0257,"Cultural relativism counters that universalist bans reflect ethnocentric imposition of external values, disregarding FGM's embedded role in communal identity, marriage eligibility, and social cohesion in practicing societies, where it may symbolize purity or maturity.",pro,FGM,model,pro,0,0,0,3,,,,
female-genital-mutilation-laws-by-country,s0258,"Anthropological analyses argue that condemning FGM overlooks its voluntary acceptance by some adult women in contexts like certain West African groups, framing eradication campaigns as cultural imperialism that erodes local agency and provokes resistance, as observed in Nigeria where relativist defenses have slowed compliance with 2015 federal laws. [127] [128]",pro,FGM,model,mixed,0,0,0,3,,,,
female-genital-mutilation-laws-by-country,s0260,"Critiques of relativism emphasize that cultural defenses fail against objective harm metrics: WHO data from 30 high-prevalence countries show FGM correlates with 20-30% higher maternal mortality in affected cohorts, undermining claims of net social utility. [1]",anti,FGM,model,mixed,0,0,0,3,,,,
female-genital-mutilation-laws-by-country,s0261,"Relativist arguments, often drawn from qualitative ethnographic studies rather than large-scale health outcomes, are faulted for prioritizing adult rationalizations over minors' incapacity to consent, with surveys in practicing communities revealing 70-90% of procedures coerced on girls aged 0-14. [7]",anti,FGM,model,mixed,0,0,0,3,,,,
female-genital-mutilation-laws-by-country,s0266,"Ultimately, causal analysis favors universalism, as relativist tolerance sustains intergenerational harm without verifiable compensatory cultural gains.",anti,FGM,model,mixed,0,1,0,2,,cum-hoc,,cum-hoc
female-genital-mutilation-laws-by-country,s0267,"Proponents of female genital mutilation (FGM) in practicing communities often cite cultural and social benefits, including the preservation of virginity, reduction of female sexual desire to prevent promiscuity, enhancement of marriageability and social status, promotion of cleanliness or hygiene, and fulfillment of aesthetic or ritual requirements for rites of passage. [130]",pro,FGM,model,pro,0,0,0,3,,,,
female-genital-mutilation-laws-by-country,s0269,"Anthropological accounts from regions like sub-Saharan Africa describe FGM as a mechanism for enforcing chastity and community cohesion, with some elders asserting it curbs infidelity or aligns with religious interpretations, though such views lack endorsement from mainstream Islamic or Christian doctrines.",anti,FGM,model,pro,0,0,0,3,,,,
female-genital-mutilation-laws-by-country,s0271,"Empirical evidence, however, demonstrates no health, psychological, or social benefits from FGM across all types (I-IV), as confirmed by systematic reviews and global health assessments. [1]",anti,FGM,model,pro,0,0,0,3,,,,
female-genital-mutilation-laws-by-country,s0272,Claims of improved hygiene or reduced sexual promiscuity are unsubstantiated; studies show FGM does not lower sexually transmitted infection rates and may elevate HIV transmission risks due to tissue damage and unsafe practices. [133],anti,FGM,model,mixed,0,0,0,3,,,,
female-genital-mutilation-laws-by-country,s0273,"Longitudinal data from affected populations indicate that social advantages, such as better marriage prospects, are perceptual rather than causal, often perpetuated by peer pressure rather than inherent procedure effects, with abandonment movements in countries like Senegal reporting no resultant increase in promiscuity or social disruption after cessation.",anti,FGM,model,anti,0,0,0,3,,,,
female-genital-mutilation-laws-by-country,s0275,Documented physical harms are extensive and vary by type and severity but consistently outweigh any asserted gains.,anti,FGM,model,mixed,0,0,0,3,,,,
female-genital-mutilation-laws-by-country,s0276,"Immediate complications include severe pain, hemorrhage (affecting up to 15% of cases in some studies), urinary retention, wound infections, and sepsis, with tetanus reported in non-sterile settings. [134]",anti,FGM,model,anti,0,0,0,3,,,,
female-genital-mutilation-laws-by-country,s0277,"Long-term effects encompass chronic pelvic pain, keloid scars, urinary tract infections (odds ratio 2.6 in meta-analyses), menstrual disorders, infertility (linked to adhesions and vaginal narrowing), and obstetric issues such as prolonged labor, perineal tears, and postpartum hemorrhage, contributing to a 55% higher risk of newborn mortality in type III cases. [133]",anti,FGM,model,anti,0,0,0,3,,,,
female-genital-mutilation-laws-by-country,s0279,Sexual and psychological sequelae further underscore the net harm.,anti,FGM,model,anti,0,0,0,3,,,,
female-genital-mutilation-laws-by-country,s0280,"Women with FGM experience reduced sexual satisfaction and dyspareunia at rates 2-3 times higher than uncircumcised peers, per quantitative reviews, with type III (infibulation) correlating to pain during intercourse in over 70% of cases. [136]",anti,FGM,model,none,0,0,0,3,,,,
female-genital-mutilation-laws-by-country,s0281,"Mental health impacts include post-traumatic stress disorder (prevalence up to 30% in affected cohorts), depression, and anxiety, often exacerbated by the procedure's traumatic nature rather than mitigated by cultural acceptance. [135]",anti,FGM,model,anti,0,0,0,3,,,,
female-genital-mutilation-laws-by-country,s0282,"A 2025 WHO-commissioned study synthesizing data from over 50 countries affirmed that FGM impairs nearly all health domains—reproductive, sexual, urinary, and mental—without compensatory advantages, reinforcing that cultural rationales do not align with causal health outcomes.",anti,FGM,model,none,0,0,0,3,,,,
female-genital-mutilation-laws-by-country,s0297,"Proponents of the repeal argued that the practice held cultural and religious significance, framing the ban as an imposition of foreign values that undermined traditional authority structures. [75]",pro,FGM,model,none,0,0,0,3,,,,
female-genital-mutilation-laws-by-country,s0298,"However, following widespread domestic and international opposition, including from human rights organizations citing evidence of severe health complications such as hemorrhage, infection, and long-term psychological trauma associated with the procedure, the Assembly rejected the bill on July 15, 2024, preserving the criminal prohibition. [145]",anti,FGM,model,anti,0,0,0,3,,,,
female-genital-mutilation-laws-by-country,s0309,"This trend, observed particularly in Egypt, Kenya, Indonesia, Nigeria, and Sudan, stems from perceptions among some communities that medical involvement reduces risks compared to traditional methods, though evidence shows it perpetuates harm without mitigating long-term complications like infection, pain, and childbirth difficulties. [4] [148]",anti,FGM,model,mixed,0,0,0,3,,,,
female-genital-mutilation-laws-by-country,s0312,"From 2020 to 2025, global FGM cases rose 15% to over 230 million, partly fueled by medicalized forms in urbanizing areas, underscoring how professional involvement legitimizes the practice rather than eroding it, as confirmed by WHO and UNICEF analyses rejecting ""safer"" variants. [2]",anti,FGM,model,pro,1,0,1,1,false-cause,,false-cause,false-cause
forced-circumcision,s0002,"This practice violates principles of bodily autonomy by altering healthy genital tissue without therapeutic necessity or patient agreement, often justified through cultural, religious, or epidemiological rationales that prioritize communal norms over individual rights. [3]",anti,male,model,anti,0,0,0,3,,,,
forced-circumcision,s0005,"In modern contexts, it manifests in ethnic or tribal conflicts, particularly in Kenya, where uncircumcised Luo men have faced abduction, mutilation, or death during politically charged campaigns by Kikuyu groups, framing the act as emasculation and gender-based violence amid post-election tensions. [5]",anti,male,model,anti,0,0,0,3,,,,
forced-circumcision,s0006,"Such incidents highlight causal links between ethnic power dynamics and physical coercion, with empirical accounts documenting family approvals in some cases but underscoring the trauma and legal impunity.",anti,male,model,none,0,0,0,3,,,,
forced-circumcision,s0008,"Non-therapeutic infant circumcision, routine in nations like the United States (with rates around 58% as of recent hospital data) and Israel, exemplifies inherent involuntariness, as newborns cannot consent, prompting legal challenges questioning its alignment with assault statutes or rights to physical integrity. [1] [3]",anti,male,model,anti,0,0,0,3,,,,
forced-circumcision,s0009,"Proponents invoke unproven or context-specific benefits like reduced HIV transmission in high-prevalence areas, yet critics cite elevated complication risks—up to 20-fold higher in non-infants—and ethical parallels to other non-consensual body modifications. [4] [6]",anti,male,model,mixed,0,0,0,3,,,,
forced-circumcision,s0010,"Debates persist over source credibility, with public health advocacy sometimes amplifying benefits while underreporting autonomy violations, reflecting institutional pressures in global campaigns.",anti,male,model,mixed,0,0,1,2,,,bulverism,bulverism
forced-circumcision,s0014,"Scholarly examinations emphasize that such acts constitute direct violations of bodily autonomy, with procedures sometimes performed by unqualified individuals using rudimentary tools, heightening risks of infection, hemorrhage, and permanent damage.",anti,male,model,anti,0,0,0,3,,,,
forced-circumcision,s0015,"In legal and ethical analyses, forced circumcision aligns with definitions of assault or mutilation in systems prioritizing consent, as evidenced by cases in initiation schools where males are abducted and operated upon against their protests. [9]",anti,male,model,anti,0,0,0,3,,,,
forced-circumcision,s0016,"Human rights frameworks, including those addressing torture and degrading treatment, have been invoked to classify it as an infringement on physical integrity, though enforcement varies by jurisdiction and cultural tolerance. [10]",anti,male,model,anti,0,0,0,3,,,,
forced-circumcision,s0018,"Empirical data from regions like eastern Africa highlight procedural complications in up to 10-20% of coerced initiations, underscoring the causal link between non-consent and adverse outcomes.",anti,male,model,anti,1,0,1,1,false-cause,,false-cause,false-cause
forced-circumcision,s0020,"Forced circumcision entails the non-consensual surgical removal of the foreskin from males who are capable of expressing opposition, often involving physical coercion, restraint, or threats, thereby constituting a direct violation of personal bodily autonomy. [8]",anti,male,model,anti,0,0,0,3,,,,
forced-circumcision,s0022,"In forced scenarios, the procedure lacks any such affirmative choice and is frequently imposed in contexts of cultural conflict or punishment, escalating it to a form of assault distinguishable by its punitive intent and absence of therapeutic justification.",anti,male,model,none,0,0,0,3,,,,
forced-circumcision,s0025,"Unlike forced circumcision, these are embedded in routine medical protocols with sterile techniques and anesthesia, though they raise ethical concerns regarding proxy decision-making for irreversible alterations to healthy tissue, with some legal analyses asserting that fundamental rights to bodily integrity supersede parental discretion absent immediate medical necessity. [3]",anti,male,model,anti,0,0,0,3,,,,
forced-circumcision,s0026,"Forced cases diverge by targeting individuals beyond infancy—often adolescents or adults—who actively resist, rendering parental analogies inapplicable and amplifying the infringement on self-determination.",anti,male,model,none,0,0,0,3,,,,
forced-circumcision,s0029,"Ethically, while both non-voluntary forms challenge consent paradigms, forced circumcision's coercive element—evident in documented cases of trauma and infection from unsterile conditions—elevates it beyond the debated proxy consent in infancy, where outcomes are generally less traumatic due to developmental amnesia and clinical oversight. [8]",anti,male,model,anti,0,0,0,3,,,,
forced-circumcision,s0030,"This delineation underscores causal differences in harm: forced acts directly negate agency in aware subjects, potentially yielding long-term psychological sequelae, in opposition to the deferred-choice critique of parental practices.",anti,male,model,anti,0,0,0,3,,,,
forced-circumcision,s0033,"This biblical mandate inherently imposed circumcision without the consent of non-family members such as slaves, reflecting an ancient enforcement mechanism tied to patriarchal authority and communal religious obligation rather than individual volition.",anti,male,model,anti,0,0,0,3,,,,
forced-circumcision,s0041,"In modern contexts, extremist groups have invoked Islamic justifications for forced circumcisions on non-Muslims during conflicts, as seen in 2001 when militants in Ambon, Indonesia, subjected Christian men, women, and children to the procedure amid sectarian violence, citing religious purification despite mainstream scholarly consensus against compulsion in faith matters.",anti,male,model,none,0,0,0,3,,,,
forced-circumcision,s0047,"In sub-Saharan African tribal contexts, male circumcision frequently functions as a compulsory rite of passage marking the transition from boyhood to manhood, often performed on adolescents without their informed consent and enforced through intense social pressures or direct coercion.",anti,male,model,anti,0,0,0,3,,,,
forced-circumcision,s0048,"Among groups such as the Bukusu, Maasai, and Xhosa, refusal typically results in severe stigma, exclusion from community roles, or physical enforcement, rendering the practice non-voluntary despite cultural framing as initiatory.",anti,male,model,none,0,0,0,3,,,,
forced-circumcision,s0049,"These rituals prioritize communal identity and endurance of pain as markers of maturity, but they carry documented health risks including infections, amputations, and fatalities due to unsterile conditions and unqualified practitioners. [26]",anti,male,model,anti,0,0,0,3,,,,
forced-circumcision,s0052,"Elders perform the procedure using traditional tools, with community enforcement ensuring participation; resisters face ostracism, public shaming, or abduction-like coercion during seasonal peaks, as seen in reports of forced operations on unwilling individuals.",anti,male,model,none,0,0,0,3,,,,
forced-circumcision,s0053,"Health complications arise from shared blades and lack of anesthesia, exacerbating risks of sepsis and psychological trauma, while legal challenges highlight violations of children's rights to bodily integrity under Kenyan law. [27] [11]",anti,male,model,mixed,0,0,0,3,,,,
forced-circumcision,s0056,"Pre-rite songs and dances intensify pressure, and any display of pain leads to labeling as orkaisiodi (flincher), barring the individual from social privileges like feather adornments or cattle-sharing, effectively coercing compliance through familial and peer shaming.",anti,male,model,none,0,0,0,3,,,,
forced-circumcision,s0057,"Performed by non-medical specialists, the procedure heightens infection risks in remote settings, underscoring the mandatory nature absent viable opt-out paths.",anti,male,model,none,0,0,0,3,,,,
forced-circumcision,s0059,"For the Xhosa of South Africa, the Ulwaluko ritual enforces circumcision on adolescent boys via parental coercion and communal expectation, where refusal invites physical ejection from homes, public derision as a ""boy"" or ""coward,"" and familial humiliation.",anti,male,model,none,0,0,0,3,,,,
forced-circumcision,s0060,"Participants report valuing the status gain but acknowledge involuntary elements, including bans on seeking medical aid post-procedure to prove resilience, contributing to high complication rates: in Eastern Cape seasons of 2014-2015, over 32 deaths occurred from sepsis, dehydration, and mutilations linked to reused knives.",anti,male,model,anti,0,0,0,3,,,,
forced-circumcision,s0061,"This imposition ties manhood to ancestral connection, yet perpetuates non-consensual harm amid ongoing regulatory efforts.",anti,male,model,anti,0,0,0,3,,,,
forced-circumcision,s0064,"Justifications include beliefs that it promotes hygiene, averts diseases like balanitis, and enhances physical attributes such as height and attractiveness to women, though these claims lack empirical support from controlled studies. [31]",anti,male,model,pro,0,0,0,3,,,,
forced-circumcision,s0065,"The procedure is frequently executed informally by community elders or peers using unsterilized tools like knives or bottle caps, without anesthesia, heightening risks of hemorrhage, infection, and incomplete healing.",anti,male,model,anti,0,0,0,3,,,,
forced-circumcision,s0067,"Social coercion underpins the practice, as uncircumcised boys endure severe bullying, nicknames like supot (unripe), and exclusion from group activities, rendering refusal socially untenable and tantamount to forced compliance despite nominal parental consent. [33]",anti,male,model,none,0,0,0,3,,,,
forced-circumcision,s0068,"Psychological evaluations of participants reveal elevated PTSD symptoms, including flashbacks and avoidance behaviors, attributable to the ritual's traumatic elements rather than medical necessity. [32]",anti,male,model,anti,0,0,0,3,,,,
forced-circumcision,s0069,"While framed as voluntary tradition, the interplay of peer enforcement and familial expectation overrides individual agency, with annual ""circumcision seasons"" in summer amplifying communal pressure on thousands of boys.",anti,male,model,none,0,0,0,3,,,,
forced-circumcision,s0073,"Ethnographic accounts document severe pain, blood loss, and long-term complications like urinary fistulas, justified culturally as tests of resilience essential for hunting roles and totemic responsibilities.",anti,male,model,anti,0,0,0,3,,,,
forced-circumcision,s0076,"These events, held biennially in September, compel involvement via familial and village expectations, blending celebration with irreversible alteration absent personal consent, rooted in pre-colonial animist traditions rather than external religious imports. [35]",anti,male,model,anti,0,0,0,3,,,,
forced-circumcision,s0099,"The process, viewed by Ottoman authorities as a means of empire-building and loyalty extraction, severed familial ties and imposed permanent physical alteration without consent, with contemporary European captives' accounts highlighting the trauma of such impositions in Mediterranean contexts.",anti,male,model,anti,0,0,0,3,,,,
forced-circumcision,s0110,"Gisu activists organized public imbalu processions into Mbale town, where ritual surgeons forcibly circumcised non-Gisu bystanders, often without anesthesia or consent, leading to severe trauma, infections, and deaths in some cases. [46]",anti,male,model,anti,0,0,0,3,,,,
forced-circumcision,s0123,"Reports from affected communities describe these acts as violent rituals using non-sterile tools, leading to infections and trauma, distinct from voluntary practices; ISIS justified them via fatwas emphasizing male genital modification for religious conformity, affecting hundreds in Christian enclaves before territorial losses in 2017. [48]",anti,male,model,none,0,0,0,3,,,,
forced-circumcision,s0127,"Peer-reviewed analyses highlight how such forced acts in conflict zones serve as tools of domination, exploiting bodily integrity to erode minority identities, contrasting with the consent-based rituals dominant in stable societies. [49]",anti,male,model,anti,0,0,0,3,,,,
forced-circumcision,s0128,"Overall, while routine circumcision reinforces communal bonds, forced variants underscore causal links between ideological extremism and violations of personal autonomy in unstable regions.",anti,male,model,anti,0,0,0,3,,,,
forced-circumcision,s0129,"In several ethnic groups across Sub-Saharan Africa, traditional male circumcision serves as a rite of passage for adolescent boys, typically performed without the individual's informed consent due to entrenched cultural norms that equate refusal with social exclusion or loss of manhood status.",anti,male,model,none,0,0,0,3,,,,
forced-circumcision,s0130,"These rituals, prevalent among communities such as the Xhosa in South Africa, Maasai in Kenya and Tanzania, and various groups in Zambia and Malawi, often involve non-medically trained practitioners using rudimentary tools in isolated settings, heightening risks of infection, excessive bleeding, and penile amputation. [50] [51]",anti,male,model,none,0,0,0,3,,,,
forced-circumcision,s0131,"In South Africa, where such practices are constitutionally protected under customary law but regulated by the Customary Initiation Act of 2004, parental or communal coercion overrides boys' objections, with initiates aged 12-18 frequently reporting fear or reluctance yet proceeding to avoid stigma.",anti,male,model,none,0,0,0,3,,,,
forced-circumcision,s0133,"Complications from these non-consensual procedures are markedly higher than in medical settings, with systematic reviews documenting rates of adverse events exceeding 30% in traditional circumcisions, including sepsis, gangrene, and death.",anti,male,model,anti,0,0,0,3,,,,
forced-circumcision,s0134,"In Kenya, a study of rural adolescents found 35% of traditionally circumcised boys experienced moderate to severe complications, compared to 18% in clinic-based procedures, attributed to unsterile conditions and lack of anesthesia. [50] [53]",anti,male,model,anti,0,0,0,3,,,,
forced-circumcision,s0135,"South Africa's Eastern Cape province has seen recurrent fatalities; for instance, 14 boys died from botched circumcisions in a single month in 2006, while over 20 deaths occurred during the 2019 winter season alone, prompting temporary suspensions of initiation schools. [54] [55]",anti,male,model,anti,0,0,0,3,,,,
forced-circumcision,s0136,"By 2021, another 23 Xhosa initiates perished in similar rituals, underscoring persistent failures in oversight despite provincial mandates for registered facilities and trained surgeons.",anti,male,model,none,0,0,0,3,,,,
forced-circumcision,s0141,"These dynamics highlight tensions between communal identity and individual bodily autonomy, with empirical data indicating that unregulated, coerced rituals causally contribute to preventable morbidity and mortality.",anti,male,model,anti,0,0,0,3,,,,
forced-circumcision,s0144,"The procedure is often conducted en masse during the summer ""circumcision season,"" with boys rounded up by peers, family, or community elders amid significant social pressure; uncircumcised males face stigma, including ridicule as ""supot"" (uncircumcised), which can coerce participation despite individual reluctance. [32]",anti,male,model,none,0,0,0,3,,,,
forced-circumcision,s0145,"In some instances, such as a 2016 event in Marikina City where over 300 pre-teen boys underwent the procedure at a school under organized conditions, reports described it as compulsory, performed without individualized consent and often by unqualified practitioners using rudimentary methods like a sharpened bamboo blade or razor.",anti,male,model,anti,0,0,0,3,,,,
forced-circumcision,s0147,"These practices frequently lack anesthesia and sterile conditions, leading to documented complications including infections, excessive bleeding, and psychological trauma from the non-consensual nature and public humiliation. [32]",anti,male,model,anti,0,0,0,3,,,,
forced-circumcision,s0148,"A 2016 study on ritual tuli highlighted adverse psychological effects, such as anxiety and body image issues, attributing them to the coercive social dynamics and irreversible alteration without minors' autonomous consent. [32]",anti,male,model,anti,0,0,0,3,,,,
forced-circumcision,s0149,"While proponents cite unsubstantiated beliefs in enhanced masculinity, hygiene, or physical prowess, the procedure's enforcement through peer and familial compulsion underscores its non-voluntary character for participants.",anti,male,model,pro,0,0,0,3,,,,
forced-circumcision,s0169,"No federal bans exist, and courts defer to parental rights absent abuse, though advocacy groups like Intactivists argue neonatal procedures constitute non-consensual genital cutting, citing cases such as a 2025 petition against a hospital circumcision performed without explicit parental reaffirmation post-delivery. [73]",anti,male,model,mixed,0,0,0,3,,,,
forced-circumcision,s0173,"Neonatal male circumcision reduces the incidence of urinary tract infections (UTIs) in the first year of life by approximately 90%, based on a meta-analysis of one randomized trial and 11 observational studies, with absolute risk reduction from about 1% in uncircumcised infants to 0.1% in circumcised ones. [76]",pro,male,model,pro,0,0,0,3,,,,
forced-circumcision,s0174,"This benefit stems from the foreskin's role as a potential reservoir for pathogens, though the clinical significance is debated given the low baseline UTI rate and effective antibiotic treatments.",anti,male,model,pro,0,0,0,3,,,,
forced-circumcision,s0175,Systematic reviews also indicate modest reductions in penile cancer (lifetime risk dropping from 1 in 600 uncircumcised to near zero in circumcised men) and proxy reductions in cervical cancer among female partners due to decreased human papillomavirus transmission.,pro,male,model,pro,0,0,0,3,,,,
forced-circumcision,s0177,"In high HIV-prevalence regions of sub-Saharan Africa, three randomized controlled trials demonstrated that adult voluntary medical male circumcision reduces heterosexual HIV acquisition in men by 50-60%, prompting World Health Organization recommendations for scale-up in those settings. [78]",pro,male,model,pro,0,0,0,3,,,,
forced-circumcision,s0178,"However, absolute risk reductions remain context-dependent; in low-prevalence areas like North America or Europe, modeling estimates suggest preventing fewer than one HIV infection per 1,000 circumcisions over a lifetime, with no equivalent randomized trial data outside high-burden epidemics.",anti,male,model,pro,0,0,0,3,,,,
forced-circumcision,s0179,"The American Academy of Pediatrics' 2012 policy review concluded that overall health benefits (including UTI, STI, and cancer protections) outweigh procedural risks for newborns, though it stopped short of routine recommendation. [79]",pro,male,model,pro,0,0,0,3,,,,
forced-circumcision,s0183,"Pain during the procedure is acute and measurable via neonatal stress responses, mitigated by local anesthesia but not eliminated, with potential for adhesions or meatal stenosis in 0.1-2% of cases long-term.",anti,male,model,none,0,0,0,3,,,,
forced-circumcision,s0185,"Evidence on penile sensitivity and sexual function post-circumcision is mixed, with high-quality systematic reviews of randomized trials finding no significant adverse effects on erectile function, sensation, or satisfaction in most men. [83]",pro,male,model,mixed,0,0,0,3,,,,
forced-circumcision,s0187,"No large-scale trials isolate forced circumcision's impacts, but non-consensual contexts amplify procedural risks via higher infection and trauma rates in suboptimal conditions. [81]",anti,male,model,none,0,0,0,3,,,,
forced-circumcision,s0188,"Overall, while benefits are empirically supported for specific infections and rare conditions, absolute gains are small in low-risk populations, and risks, though low, involve irreversible tissue loss without individual consent.",anti,male,model,mixed,0,0,0,3,,,,
forced-circumcision,s0190,"Non-consensual circumcision, particularly in infancy or childhood, has been associated with acute pain responses that may contribute to short-term behavioral changes, such as increased crying, sleep disturbances, and altered pain thresholds observed up to six months post-procedure in some studies. [86]",anti,male,model,none,0,0,0,3,,,,
forced-circumcision,s0191,"However, high-quality systematic reviews conclude that neonatal circumcision generally results in limited or no detectable long-term adverse psychological effects, with methodological flaws in opposing studies often stemming from self-selected samples or retrospective surveys prone to recall bias.",pro,male,model,none,0,0,0,3,,,,
forced-circumcision,s0193,"In adults and older children subjected to non-consensual procedures, such as ritual circumcisions, evidence indicates higher risks of post-traumatic stress disorder (PTSD) symptoms; for instance, a 2019 study of Filipino boys aged 11-16 found that 69% of those undergoing traditional ""Tuli"" ritual circumcision exhibited PTSD symptoms, compared to lower rates in medically circumcised peers, attributed to the procedure's coercive nature and lack of anesthesia. [88]",anti,male,model,mixed,0,0,0,3,,,,
forced-circumcision,s0194,"Similarly, a Turkish study reported elevated PTSD symptoms in children post-circumcision, linked to procedural trauma and perceived violation of bodily autonomy.",anti,male,model,anti,0,0,0,3,,,,
forced-circumcision,s0197,"Delayed psychological complications, such as anxiety or dissatisfaction upon learning of the procedure, have been documented in retrospective accounts, with a 2020 Aarhus University-led study highlighting emergent issues in adulthood tied to infant circumcision without consent.",anti,male,model,anti,0,0,0,3,,,,
forced-circumcision,s0199,"Critics of harm claims argue that surveys alleging widespread trauma, like those from intactivist groups, suffer from selection bias among respondents motivated by grievance, yielding inflated prevalence rates not replicable in population-based cohorts. [92]",pro,male,model,anti,0,0,0,3,,,,
forced-circumcision,s0200,"Empirical data from controlled comparisons show no consistent links to broader mental health disorders, such as autism or hyperactivity, despite anecdotal assertions. [93]",pro,male,model,none,0,0,0,3,,,,
forced-circumcision,s0201,"Overall, while non-consensual circumcision may impose psychological burdens in contexts of overt force or later recall, robust evidence for pervasive long-term effects in routine neonatal cases is lacking, underscoring the need for prospective, unbiased longitudinal research.",pro,male,model,none,0,0,0,3,,,,
forced-circumcision,s0204,"These articles have been invoked by critics to argue that non-therapeutic circumcision of minors constitutes a violation of bodily integrity, as the procedure involves permanent alteration without the subject's consent. [3]",anti,male,model,anti,0,0,0,3,,,,
forced-circumcision,s0205,"However, neither instrument explicitly references circumcision, and interpretations remain debated, with proponents of the practice citing parental rights and cultural freedoms under Article 18 of the ICCPR (freedom of religion).",pro,male,model,pro,0,0,0,3,,,,
forced-circumcision,s0208,"Some analyses contend that non-therapeutic male circumcision qualifies as such a practice, infringing on the child's right to physical integrity and best interests (Article 3), particularly given the procedure's risks without medical necessity. [96]",anti,male,model,anti,0,0,0,3,,,,
forced-circumcision,s0209,"Conversely, the UN Committee on the Rights of the Child has not issued general comments equating infant circumcision with prohibited harms, and Article 24(3) is often applied to practices like female genital mutilation rather than male circumcision, reflecting a lack of uniform international consensus.",pro,male,model,anti,0,0,0,3,,,,
forced-circumcision,s0211,"In a non-binding recommendation, the Parliamentary Assembly of the Council of Europe adopted Resolution 1952 (2013) on ""Children's right to physical integrity,"" asserting that non-therapeutic circumcision of boys for religious reasons violates the child's physical integrity and potentially Article 3 of the European Convention on Human Rights (prohibition of inhuman or degrading treatment). [97]",anti,male,model,anti,0,0,0,3,,,,
forced-circumcision,s0213,"It faced criticism from religious communities and states like Israel, which argued it fostered discrimination, and subsequent efforts in 2015 led to partial retreats without enforcement mechanisms. [98]",pro,male,model,anti,0,0,0,3,,,,
forced-circumcision,s0231,"Proponents of autonomy argue that non-therapeutic circumcision, defined as removal of the foreskin without medical necessity, constitutes a violation of the child's fundamental right to physical integrity, as infants cannot provide consent for a procedure that permanently alters healthy tissue and may carry risks without proportional benefits. [104]",anti,male,model,mixed,0,0,0,3,,,,
forced-circumcision,s0232,"Ethicists such as Brian D. Earp contend that such interventions infringe on self-determination, drawing parallels to prohibitions on other non-consensual modifications, and emphasize that proxy consent by parents does not override the child's prospective autonomy. [105]",anti,male,model,anti,0,0,0,3,,,,
forced-circumcision,s0233,"Legal scholars like J. Steven Svoboda have framed infant male circumcision as a human rights violation under frameworks prioritizing bodily inviolability, noting that it meets definitions of unnecessary surgery in many jurisdictions and lacks the therapeutic justification required for parental override.",anti,male,model,anti,0,0,0,3,,,,
forced-circumcision,s0235,"Opponents of strict autonomy protections counter that communal rights, including parental authority and religious freedoms, justify the practice as a means of integrating the child into familial and societal structures.",pro,male,model,anti,0,0,0,3,,,,
forced-circumcision,s0237,"Advocates for communal prerogatives argue that prohibiting circumcision would undermine religious practices central to Judaism (brit milah) and Islam, potentially eroding minority rights and parental proxy decision-making, which empirical data shows correlates with overall child welfare in stable families. [107]",pro,male,model,none,0,0,0,3,,,,
forced-circumcision,s0238,"This perspective holds that deferring to parents respects the child's embeddedness in a community, where traditions foster identity and cohesion, outweighing abstract autonomy claims for pre-verbal infants incapable of independent judgment.",pro,male,model,mixed,0,0,0,3,,,,
forced-circumcision,s0243,"Critics of autonomy-centric views, including some bioethicists, warn that overemphasizing individual rights could lead to state overreach into private spheres, potentially discriminating against religious minorities, while autonomy advocates rebut that true parental rights do not extend to proxying irreversible harms without evidence of net benefit. [104]",anti,male,model,mixed,0,0,0,3,,,,
forced-circumcision,s0244,"Ongoing philosophical discourse questions whether communal benefits, such as reduced HIV transmission in high-prevalence areas (e.g., 60% efficacy in randomized trials from sub-Saharan Africa), justify non-consensual acts, though these are contested for applicability to low-risk infant contexts in developed nations.",anti,male,model,pro,0,0,0,3,,,,
forced-circumcision,s0246,"Intactivism, also known as the genital autonomy or anti-circumcision movement, opposes the non-therapeutic circumcision of male minors, advocating for the preservation of the foreskin as a matter of bodily integrity and informed consent. [111]",anti,male,model,anti,0,0,0,3,,,,
forced-circumcision,s0250,"Key organizations include Intact America, established in 2008 to shift public perceptions via media campaigns and policy advocacy, and Doctors Opposing Circumcision (DOC), a professional network asserting that circumcision inflicts unnecessary pain, risks complications like infection or excessive tissue removal, and deprives individuals of erogenous tissue without proven net health benefits. [113] [114]",anti,male,model,mixed,0,0,0,3,,,,
forced-circumcision,s0254,"Intactivists argue primarily from ethical first principles, contending that performing irreversible surgery on a healthy, non-consenting infant violates autonomy rights akin to prohibitions on female genital cutting, as both involve altering functional genital tissue without therapeutic necessity. [16] [111]",anti,male,model,anti,0,0,0,3,,,,
forced-circumcision,s0255,"They cite empirical data on acute risks, including a 1-3% complication rate in neonates per systematic reviews, and long-term effects like reduced penile sensitivity documented in surveys such as the 2011-2012 Global Survey of Circumcision Harms, which reported over 1,000 respondents experiencing dissatisfaction or dysfunction. [111]",anti,male,model,anti,0,0,0,3,,,,
forced-circumcision,s0256,"While acknowledging cultural and religious motivations for circumcision, proponents like DOC emphasize that parental proxy consent does not extend to cosmetic or prophylactic procedures lacking immediate medical urgency, urging deferral until adulthood. [114]",anti,male,model,none,0,0,0,3,,,,
forced-circumcision,s0259,"Proponents of infant or non-consensual male circumcision argue that empirical evidence supports net public health benefits, justifying the procedure despite the absence of the recipient's consent, as lifelong protections accrue from an early, low-risk intervention.",pro,male,model,pro,0,0,0,3,,,,
forced-circumcision,s0260,"Randomized controlled trials conducted in South Africa, Kenya, and Uganda between 2005 and 2007 demonstrated that medical male circumcision reduces heterosexual HIV acquisition risk by 50-60% in men, prompting the World Health Organization to recommend voluntary medical male circumcision as part of combination HIV prevention strategies in high-prevalence regions of eastern and southern Africa. [78] [118]",pro,male,model,pro,0,0,0,3,,,,
forced-circumcision,s0261,"These findings, extrapolated by advocates to broader contexts, include reductions in human papillomavirus (HPV) transmission and associated cervical cancer risks in female partners, as well as lower incidences of herpes simplex virus type 2.",pro,male,model,none,0,0,0,3,,,,
forced-circumcision,s0263,"For neonatal circumcision specifically, meta-analyses indicate a 90-99% relative risk reduction in urinary tract infections (UTIs) during the first year of life, with absolute risk dropping from about 1% in uncircumcised infants to 0.1% post-procedure; this protective effect persists into later childhood at a 6-7 fold reduction. [120]",pro,male,model,pro,0,0,0,3,,,,
forced-circumcision,s0264,"Circumcision also correlates with decreased penile cancer rates, historically linked to chronic inflammation or poor hygiene under the foreskin, with studies estimating up to a 3-10 fold lower incidence among circumcised males. [119] [79]",pro,male,model,pro,0,0,0,3,,,,
forced-circumcision,s0265,"The Centers for Disease Control and Prevention (CDC) and American Academy of Pediatrics (AAP) emphasize that newborn circumcision complication rates are low (0.2-0.6%), safer than in older children or adults, and that benefits—encompassing UTI prevention, STI mitigation, and reduced phimosis—outweigh risks when performed electively. [121] [79]",pro,male,model,mixed,0,0,0,3,,,,
forced-circumcision,s0266,"Defenders contend this supports parental proxy decision-making, analogous to vaccinations, prioritizing aggregate health gains over deferred consent.",pro,male,model,none,0,0,0,3,,,,
forced-circumcision,s0267,"Traditional defenses root circumcision in religious and cultural imperatives that supersede individual autonomy, framing it as essential for communal identity and spiritual continuity.",pro,male,model,anti,0,0,0,3,,,,
forced-circumcision,s0268,"In Judaism, brit milah on the eighth day fulfills Genesis 17:10-14's covenant with Abraham, viewed as a divine command obligatory on parents to ensure the child's inclusion in the faith community. [122]",pro,male,model,none,0,0,0,3,,,,
forced-circumcision,s0269,"Islamic tradition mandates khitan as a sunnah practice, often in infancy or early childhood, to promote cleanliness (fitrah) and emulate the Prophet Muhammad, with scholars like those in the Hanafi and Shafi'i schools defending it as preserving prophetic custom despite non-consent. [21]",pro,male,model,pro,0,0,0,3,,,,
forced-circumcision,s0270,"Advocates from these faiths argue religious liberty and parental rights under secular laws protect such rites, asserting that forgoing them erodes generational transmission of beliefs and risks assimilation, while health co-benefits reinforce the practice's validity. [123]",pro,male,model,pro,0,0,0,3,,,,
forced-circumcision,s0271,"In non-Abrahamic contexts, like certain African ethnic groups, circumcision rituals affirm masculinity and social bonds, with proponents claiming they foster resilience and hygiene norms embedded in ancestral wisdom.",pro,male,model,pro,0,0,0,3,,,,
forced-circumcision,s0274,"In contrast, female genital cutting (FGC), classified by the World Health Organization into four types ranging from partial or total removal of the clitoris (Type I) to infibulation involving narrowing of the vaginal opening (Type III), entails more extensive alteration or injury to external female genitalia, often with no medical justification. [126]",pro,male,model,anti,0,0,0,3,,,,
forced-circumcision,s0275,"Both practices share roots in tradition and community norms, yet FGC is universally condemned as mutilation with severe, lifelong complications including hemorrhage, chronic infections, urinary fistulas, and increased maternal mortality risks during childbirth, whereas male circumcision carries lower acute risks like bleeding or infection (occurring in approximately 0.2-0.6% of cases) but potential long-term effects such as reduced penile sensitivity. [127]",pro,male,model,anti,0,0,0,3,,,,
forced-circumcision,s0277,"Ethically, proponents of equivalence emphasize violations of bodily autonomy in both, arguing that non-consensual genital modification on minors—regardless of degree—prioritizes parental or communal rights over the individual's right to intact genitalia. [125]",anti,male,model,anti,0,0,0,3,,,,
forced-circumcision,s0278,"Critics of this view, including bodies like the WHO, maintain a distinction based on harm severity, noting FGC's absence of benefits and higher morbidity (e.g., up to 15% immediate complication rates in some settings) compared to male circumcision's debated advantages, such as a 60% reduction in heterosexual HIV acquisition in randomized trials from high-prevalence areas. [126] [128]",pro,male,model,mixed,0,0,0,3,,,,
forced-circumcision,s0279,"This disparity fuels accusations of a double standard, as evidenced by surveys in Sweden where 38% of medical students viewed the practices as comparable in ethical terms, challenging institutional narratives that separate them into ""mutilation"" for females and ""procedure"" for males.",anti,male,model,anti,0,0,0,3,,,,
forced-circumcision,s0283,"A 2018 U.S. federal ruling striking down parts of the 1996 FGM ban on free exercise grounds—applied to a ritual ""nicking"" case—exposed this inconsistency, as similar minimal interventions on males face no such scrutiny, prompting scholarly calls for unified standards based on consent rather than sex-specific harm thresholds. [131]",anti,male,model,anti,0,0,0,3,,,,
forced-circumcision,s0286,"This table illustrates empirical divergences, yet first-principles scrutiny reveals that both undermine causal chains of individual consent, with policy divergences often tracing to cultural familiarity—male practices normalized in Abrahamic traditions and Western medicine, while FGC is exoticized as barbaric. [133]",anti,male,model,anti,1,0,1,1,bulverism,,bulverism,bulverism
forced-circumcision,s0287,"Such selectivity in condemnation, as noted in ethical analyses, risks eroding credibility in human rights advocacy by appearing to prioritize gender over universal principles of non-harmful bodily integrity.",anti,male,model,anti,0,0,0,3,,,,
forced-circumcision-of-minors-in-south-korea,s0004,"Parents typically drive decisions based on perceived benefits like disease prevention, despite medical consensus questioning routine necessity, with procedures sometimes conducted by non-specialists in community settings. [5] [6]",anti,male,model,pro,0,0,0,3,,,,
forced-circumcision-of-minors-in-south-korea,s0020,"Advocates argue that the lack of statutory prohibitions permits parental actions to override a minor's right to physical integrity in non-consensual circumcision absent medical necessity or the child's informed consent, framing such procedures as unjustified interventions. [9]",anti,male,model,anti,0,0,0,3,,,,
forced-circumcision-of-minors-in-south-korea,s0021,"These arguments invoke broader human rights principles, emphasizing that parental authority, while recognized in family law, should not exempt irreversible alterations to a child's body from scrutiny under constitutional standards of personal dignity and security.",anti,male,model,mixed,0,0,0,3,,,,
forced-circumcision-of-minors-in-south-korea,s0059,"Societal norms in South Korea treat male circumcision as a routine medical intervention, often justified by beliefs in improved hygiene, prevention of balanoposthitis, reduced risk of penile cancer, and lower STI transmission risk, although it is not strictly necessary with good hygiene practices, with minimal public controversy surrounding parental choices for minors. [19] [20]",anti,male,model,pro,0,0,0,3,,,,
foreskin,s0009,"The foreskin has been subject to removal via circumcision, a procedure performed neonatally or later for religious, cultural, or medical reasons, with proponents citing reduced risks of urinary tract infections, penile cancer, and certain STIs based on epidemiological data. [7]",pro,male,model,none,0,0,0,3,,,,
foreskin,s0010,"However, critics highlight the loss of erogenous tissue and potential impacts on sexual function, arguing that non-therapeutic infant circumcision infringes on bodily autonomy absent compelling evidence of net benefit outweighing risks like surgical complications or diminished pleasure. [8] [9]",anti,male,model,mixed,0,0,0,3,,,,
foreskin,s0068,"By maintaining a moist, insulated environment beneath the foreskin, the prepuce inhibits the keratinization process that occurs when the glans is chronically exposed to air and friction, as observed post-circumcision where the glans surface thickens and coarsens over time.",anti,male,model,none,0,0,0,3,,,,
foreskin,s0077,"Total nerve endings across the entire foreskin are estimated at 1,000–10,000 based on modern analyses and pathologist reviews, far lower than unsubstantiated claims of 20,000 derived from misinterpretations of early density measurements.",pro,male,model,none,0,0,0,3,,,,
foreskin,s0079,"The glans penis itself contains thousands of specialized nerve endings (around 4,000–8,000 axons/receptors), forming the primary site for erogenous sensation, which remains unaffected by circumcision.",pro,male,model,none,1,1,1,0,inconsistency,inconsistency,inconsistency,inconsistency
foreskin,s0080,"These sensory structures facilitate gliding during intercourse and contribute to unique tactile experiences in uncircumcised men, though systematic reviews find no significant overall difference in sexual sensitivity or function between circumcised and uncircumcised men.",pro,male,model,none,0,0,0,3,,,,
foreskin,s0157,"A meta-analysis of studies on inflammatory penile conditions reported that circumcision reduces their prevalence by 68%, attributing this to elimination of the preputial space conducive to microbial proliferation. [79]",pro,male,model,none,0,0,0,3,,,,
foreskin,s0160,"Urinary tract infections (UTIs) in male infants under one year are 10- to 20-fold more common in uncircumcised boys, with incidence rates of 1-4% versus 0.1-0.2% in circumcised counterparts, per multiple cohort studies and systematic reviews; this disparity arises from bacterial ascension via the preputial orifice. [81] [82]",pro,male,model,none,0,0,0,3,,,,
foreskin,s0161,"Though most UTIs are self-limiting or responsive to antibiotics, severe cases can progress to pyelonephritis or renal scarring, with lifetime UTI risk elevated to approximately 23% in uncircumcised males based on extrapolated meta-analytic data.",pro,male,model,none,0,0,0,3,,,,
foreskin,s0163,"Penile cancer, though rare (global incidence ~1 per 100,000 males annually), shows a strong association with retained foreskin, with meta-analyses indicating odds ratios as low as 0.33 for invasive disease in those circumcised early in life, linked to chronic inflammation, HPV persistence, and poor hygiene in the subpreputial area. [84] [85]",pro,male,model,pro,0,0,0,3,,,,
foreskin,s0164,"The condition is nearly absent in circumcised populations, underscoring the foreskin's role in harboring oncogenic factors like high-risk HPV strains, which are 32-43% less prevalent post-circumcision per systematic reviews.",pro,male,model,none,0,0,0,3,,,,
foreskin,s0166,"Observational studies, including randomized trials in high-HIV-prevalence regions, demonstrate that the foreskin increases heterosexual HIV acquisition risk by enriching target cells (e.g., Langerhans cells) in its inner mucosa, with circumcision conferring 50-60% relative protection against infection; however, these findings derive largely from African cohorts and may attenuate in low-prevalence settings with condom use. [87] [88]",pro,male,model,pro,0,0,1,2,,,inconsistency,inconsistency
foreskin,s0167,"Similar mechanisms elevate risks for other STIs, such as herpes simplex virus and syphilis, though absolute risks remain modulated by behavioral factors. [89]",pro,male,model,none,0,0,0,3,,,,
foreskin,s0176,"These device-based approaches reduce operative time to minutes and bleeding incidence compared to freehand methods, with minor complications reported in under 0.5% of medically performed infant cases. [91]",pro,male,model,anti,0,0,0,3,,,,
foreskin,s0183,"Male circumcision has been associated with a reduced incidence of urinary tract infections (UTIs) in male infants, with meta-analyses indicating a 10-fold lower risk compared to uncircumcised infants during the first year of life. [92]",pro,male,model,pro,0,0,0,3,,,,
foreskin,s0185,"This protective effect persists into later childhood, with a 6.6-fold reduction in UTI risk for boys aged 1 to 16 years.",pro,male,model,pro,0,0,0,3,,,,
foreskin,s0187,Three randomized controlled trials conducted in Africa between 2005 and 2007 demonstrated that voluntary medical male circumcision reduces the risk of heterosexually acquired HIV infection by approximately 60% over two years of follow-up. [94],pro,male,model,pro,0,0,0,3,,,,
foreskin,s0188,"This efficacy has been confirmed in longer-term observational data, supporting World Health Organization recommendations for circumcision as an HIV prevention strategy in high-prevalence regions. [95]",pro,male,model,pro,0,0,0,3,,,,
foreskin,s0189,"Systematic reviews also indicate reductions in other sexually transmitted infections, including human papillomavirus (HPV) and herpes simplex virus type 2, with odds ratios for HPV infection reduced by up to 35% in circumcised men.",pro,male,model,none,0,0,0,3,,,,
foreskin,s0191,"Circumcision performed in childhood or adolescence substantially lowers the risk of invasive penile cancer, with systematic reviews showing odds ratios as low as 0.33 for circumcised individuals compared to uncircumcised controls. [97]",pro,male,model,none,0,0,0,3,,,,
foreskin,s0192,This association is attributed partly to decreased chronic inflammation and HPV persistence under the foreskin. [97],pro,male,model,none,0,0,0,3,,,,
foreskin,s0193,"Additionally, male circumcision correlates with reduced cervical cancer risk in female partners, mediated by lower penile HPV carriage, as evidenced by cohort studies linking partner circumcision status to cervical cancer incidence.",pro,male,model,pro,0,0,0,3,,,,
foreskin,s0195,"The procedure decreases the incidence of inflammatory conditions such as balanitis (inflammation of the glans) and posthitis, which are more common in uncircumcised males due to smegma accumulation and moisture retention. [96]",pro,male,model,none,0,0,0,3,,,,
foreskin,s0196,"Neonatal circumcision specifically mitigates risks of phimosis and paraphimosis, conditions requiring later surgical intervention in up to 10% of uncircumcised boys by adolescence. [99]",pro,male,model,none,0,0,0,3,,,,
foreskin,s0197,"These benefits are supported by longitudinal data from pediatric and urological cohorts, though absolute risks remain low in hygienic populations.",pro,male,model,mixed,0,0,0,3,,,,
foreskin,s0203,"In neonatal circumcision, overall adverse event rates are low, ranging from 0.2-1.5% for minor issues and below 0.5% for severe events like glans amputation or necrosis, based on systematic reviews of U.S. medical settings with trained providers. [102] [104]",pro,male,model,anti,0,0,0,3,,,,
foreskin,s0204,"A 2014 analysis of U.S. hospital data reported 1.5 adverse events per 1,000 procedures, predominantly minor bleeding or adhesions, though underreporting may occur due to outpatient settings. [101]",pro,male,model,anti,0,0,0,3,,,,
foreskin,s0209,"Revision rates for cosmetic or functional issues stand at 1-2% long-term, underscoring the procedure's generally favorable safety profile in neonates when performed by skilled clinicians, though individual risks necessitate informed consent. [108]",pro,male,model,pro,0,0,0,3,,,,
foreskin,s0256,"Proponents of foreskin preservation argue that routine non-therapeutic circumcision of male infants infringes on the fundamental right to bodily autonomy, as infants cannot provide informed consent for a permanent, irreversible alteration to their genitalia. [146]",anti,male,model,anti,0,0,0,3,,,,
foreskin,s0257,"This procedure removes a functional, healthy tissue structure without immediate medical necessity, prioritizing parental or cultural preferences over the child's future self-determination. [147]",anti,male,model,none,0,0,0,3,,,,
foreskin,s0258,"Bioethicists contend that deferring such interventions until the individual can decide aligns with respect for autonomy, a core principle in medical ethics, avoiding iatrogenic harm from unnecessary surgery.",anti,male,model,anti,0,0,0,3,,,,
foreskin,s0260,"From a human rights framework, infant circumcision is viewed as a violation of the right to physical integrity, comparable to protections against non-consensual bodily modifications in other contexts. [148]",anti,male,model,anti,0,0,0,3,,,,
foreskin,s0261,"Legal and ethical analyses assert that no tradition or anticipated benefit justifies excising healthy tissue from a minor absent an urgent therapeutic indication, as this contravenes international standards on child protection from harm. [149]",anti,male,model,mixed,0,0,0,3,,,,
foreskin,s0262,"Critics of parental proxy consent emphasize that it is ethically limited to procedures demonstrably benefiting the child's health, not prophylactic or aesthetic ones where risks—such as infection, reduced sensitivity, or psychological impact—may persist without offsetting certainty of gain.",anti,male,model,anti,0,0,0,3,,,,
foreskin,s0264,"These arguments extend to critiques of proxy decision-making, where parents' authority is not absolute but bounded by the child's best interests, excluding non-essential surgeries that alter sexual function or anatomy. [151]",anti,male,model,none,0,0,0,3,,,,
foreskin,s0265,"Empirical reviews highlight that claimed preventive benefits, such as lowered urinary tract infection rates (occurring in under 1% of uncircumcised infants), do not ethically warrant universal application in low-prevalence settings, as less invasive alternatives exist and long-term outcomes remain contested. [152]",anti,male,model,pro,0,0,0,3,,,,
foreskin,s0266,"Preservation advocates thus prioritize the intact body's natural state, arguing that ethical medicine demands evidence of net benefit surpassing the intrinsic value of unaltered anatomy and consent.",anti,male,model,pro,0,0,0,3,,,,
foreskin,s0268,"Critiques of anti-circumcision advocacy, often referred to as intactivism, center on its reliance on low-quality evidence, selective interpretation of data, and unsubstantiated claims that contradict high-quality scientific studies supporting the procedure's benefits and minimal risks. [153]",pro,male,model,mixed,0,0,0,3,,,,
foreskin,s0269,"Researchers such as Brian J. Morris and colleagues argue that opponents frequently cite anecdotal reports, outdated studies, or non-peer-reviewed sources while dismissing randomized controlled trials (RCTs) demonstrating reduced risks of urinary tract infections, penile cancer, and heterosexual HIV acquisition in circumcised males. [154]",pro,male,model,anti,0,0,0,3,,,,
foreskin,s0270,"For instance, assertions of severe physical harm from neonatal circumcision are refuted by data indicating adverse event rates of 0.2–0.6% for minor complications, with serious issues occurring in fewer than 0.01% of cases when performed by trained providers. [154]",pro,male,model,mixed,0,0,0,3,,,,
foreskin,s0271,"Delaying the procedure to adulthood, as advocated by some intactivists, is critiqued for increasing complication rates 10–20-fold due to greater anatomical challenges and higher infection risks.",pro,male,model,anti,0,0,0,3,,,,
foreskin,s0273,"Claims regarding diminished sexual function and pleasure post-circumcision have been challenged as based on methodologically flawed surveys, such as small-sample or self-reported studies prone to bias, rather than robust RCTs involving thousands of participants. [153]",pro,male,model,none,0,0,0,3,,,,
foreskin,s0274,"Systematic reviews of level 1++ evidence, including trials with 1,500–1,995 men, show no significant differences in erectile function, sensitivity, or satisfaction between circumcised and uncircumcised men, and some indicate benefits like improved lubrication and reduced premature ejaculation. [153]",pro,male,model,pro,0,0,0,3,,,,
foreskin,s0275,"Intactivist narratives promoting the foreskin as possessing uniquely dense nerve endings for erotogenic purposes are contradicted by histological studies revealing lower specialized nerve density compared to the glans, with no empirical link to superior pleasure.",pro,male,model,anti,0,0,0,3,,,,
foreskin,s0277,"Ethical arguments equating male circumcision to female genital mutilation (FGM) are dismissed as a false equivalency, given FGM's lack of health benefits, high rates of severe complications, and intent to control female sexuality, versus male circumcision's documented preventive effects and low harm profile. [155]",pro,male,model,mixed,0,0,0,3,,,,
foreskin,s0278,"Bodily autonomy appeals in advocacy are seen as ideologically driven opinions overriding evidence-based parental decision-making and public health considerations, such as AAP and CDC endorsements of the procedure's net benefits outweighing risks by ratios up to 100:1. [153]",pro,male,model,mixed,0,0,0,3,,,,
foreskin,s0279,"Critics note that intactivist sources often amplify rare complications or pseudoscientific claims (e.g., unverified ""functions"" of the foreskin) while ignoring meta-analyses affirming safety and efficacy, potentially hindering informed policy. [154]",pro,male,model,mixed,0,0,0,3,,,,
foreskin,s0280,"These evaluations, drawn from peer-reviewed analyses, underscore a pattern where advocacy prioritizes absolutist positions over causal evidence from prospective trials.",pro,male,model,none,0,0,0,3,,,,
foreskin,s0282,"The American Academy of Pediatrics (AAP) maintains that the health benefits of newborn male circumcision outweigh the risks, though not sufficiently to recommend it universally, leaving the decision to parents following informed discussion of evidence. [99]",pro,male,model,pro,0,0,0,3,,,,
foreskin,s0283,"This 2012 policy, reaffirmed in subsequent reviews, cites reductions in urinary tract infections (UTIs) in infancy (from 1% to 0.1-0.2% risk), certain sexually transmitted infections (STIs) including HIV (approximately 50-60% relative reduction in heterosexual acquisition), and rare conditions like penile cancer. [156] [130]",pro,male,model,pro,0,0,0,3,,,,
foreskin,s0284,"However, absolute risk reductions remain modest in low-prevalence settings like the United States and Europe, where baseline UTI incidence is low and treatable with antibiotics, and HIV transmission risks for infants are negligible until adulthood. [157]",anti,male,model,none,0,0,0,3,,,,
foreskin,s0285,"Recent interviews with AAP task force members in 2025 have raised doubts about the policy's emphasis, noting potential overstatement of benefits relative to complications such as infection, bleeding, and meatal stenosis (occurring in up to 0.2-2% of cases per meta-analyses). [158]",anti,male,model,mixed,0,0,0,3,,,,
foreskin,s0287,"In contrast, European pediatric associations, including those in the United Kingdom and aligned with the European Association of Urology, do not endorse routine neonatal circumcision, viewing it as unjustified absent medical indication due to insufficient net benefit in populations with low disease burdens and effective hygiene practices. [125]",anti,male,model,mixed,0,0,0,3,,,,
foreskin,s0289,"Systematic reviews confirm no adverse impacts on sexual function, sensitivity, or satisfaction from circumcision, countering claims of foreskin-specific erogenous loss, as glans keratinization does not demonstrably impair overall penile sensation in controlled studies. [38] [161]",pro,male,model,none,0,0,0,3,,,,
foreskin,s0290,"Yet, the foreskin's histological role as innervated mucosal tissue warrants consideration in policies emphasizing bodily integrity, particularly since high-quality evidence shows benefits accrue primarily later in life, post-infancy.",anti,male,model,mixed,0,0,0,3,,,,
foreskin,s0292,"Cost-utility analyses yield mixed results, with some U.S.-focused models estimating lifetime savings from reduced STI/UTI treatments (e.g., $407 increased costs per male if circumcision rates drop to 10%), though these assume high efficacy and discount rates favoring early intervention; critics argue they undervalue procedural risks and overstate rare-event prevention in modern contexts with vaccination and screening. [162] [163]",anti,male,model,mixed,0,0,0,3,,,,
foreskin,s0294,"Evidence-based policies should thus differentiate contexts: promote adult voluntary circumcision in high-risk epidemics per WHO data, but in low-prevalence regions, default to preservation with parental opt-in only after disclosing absolute risks (e.g., 1 in 500 severe complications) versus benefits, avoiding public funding for non-therapeutic procedures to align incentives with empirical net gains. [103]",anti,male,model,mixed,0,0,0,3,,,,
foreskin,s0295,"This approach mitigates over-medicalization while accommodating religious exemptions, grounded in causal evidence rather than tradition.",anti,male,model,none,0,0,0,3,,,,
foreskin-man,s0010,"Hess's primary motivation was to challenge routine infant male circumcision, which he characterizes as male genital mutilation lacking medical justification and causing irreversible harm to sexual function and sensitivity. [10] [9]",anti,male,model,anti,0,0,0,3,,,,
foreskin-man,s0011,"He framed the comic as a tool for public education and advocacy, prioritizing arguments centered on individual consent and the absence of compelling health benefits sufficient to override bodily integrity for non-consenting infants. [11]",anti,male,model,mixed,0,0,0,3,,,,
foreskin-man,s0012,"As founder of MGMbill—a group pushing nationwide for legal restrictions on such procedures—Hess employed the superhero format to dramatize his position that circumcision constitutes an unethical violation of children's rights, independent of religious or cultural rationales.",anti,male,model,anti,0,0,0,3,,,,
foreskin-man,s0053,"Groups like Bloodstained Men, known for visceral public demonstrations, operate in parallel to Hess's work but without documented joint initiatives, though both employ hyperbolic visuals to underscore circumcision's permanence and sensory losses, such as the removal of approximately 20,000 specialized nerve endings in the foreskin. [31]",anti,male,model,none,0,0,0,3,,,,
foreskin-man,s0055,"The comic's role in these contexts emphasizes visual propaganda over empirical briefs, aiming to evoke parental protectiveness by anthropomorphizing the foreskin as a defender against procedural risks, including documented complication rates ranging from 0.2% to 10% across studies of neonatal procedures, while critiquing unsubstantiated preventive health rationales. [33]",anti,male,model,anti,0,0,0,3,,,,
foreskin-man,s0056,"This approach aligns with intactivist preferences for meme-like dissemination to policymakers and families, bypassing dense analyses of outcomes like reduced HIV transmission claims from African trials, which some organizations question for applicability to Western contexts. [34]",anti,male,model,mixed,0,0,0,3,,,,
foreskin-man,s0060,"Hess's organization, MGMbill.org, published the second issue of the comic on June 25, 2011, as part of the promotional efforts to advocate for age-of-consent requirements and portray non-therapeutic circumcision as a form of child abuse requiring legislative prohibition. [36]",anti,male,model,anti,0,0,0,3,,,,
foreskin-man,s0062,"The comic was distributed to voters and featured prominently in campaign materials to build public opposition to infant circumcision, with Hess arguing in advocacy that such procedures violated the child's right to bodily integrity unless performed with informed consent after age 18. [1] [10]",anti,male,model,anti,0,0,0,3,,,,
foreskin-man,s0069,"In the Foreskin Man series, circumcision is portrayed as causing irreversible physical harm through the excision of the foreskin, described as a richly innervated structure containing approximately 20,000 specialized nerve endings that contribute to sexual sensation and function. [42]",anti,male,model,anti,0,0,0,3,,,,
foreskin-man,s0070,"The narrative asserts that this removal results in diminished penile sensitivity, potential erectile dysfunction, premature ejaculation, and loss of natural lubrication during intercourse, drawing from the creator Matthew Hess's personal account of reduced sexual pleasure after his own infant circumcision. [43] [44]",anti,male,model,anti,0,0,0,3,,,,
foreskin-man,s0071,"These effects are depicted as lifelong consequences, with the comic emphasizing the foreskin's role in protecting the glans and enabling gliding motion essential for intact sexual mechanics.",anti,male,model,none,0,0,0,3,,,,
foreskin-man,s0073,"Psychological impacts are also central to the comic's claims, illustrated through characters experiencing trauma, rage, or existential distress traceable to their circumcision.",anti,male,model,none,0,0,0,3,,,,
foreskin-man,s0075,"The series suggests such outcomes stem from the infant's inability to consent and the procedure's inherent violence, including acute pain without adequate anesthesia in many cases, though these assertions rely on anecdotal narratives rather than aggregated clinical data.",pro,male,model,none,0,0,0,3,,,,
foreskin-man,s0077,"Purported benefits of circumcision, such as reduced risk of urinary tract infections (UTIs) in infancy or HIV transmission in adulthood, are dismissed in the comic as exaggerated or unnecessary.",anti,male,model,mixed,0,0,0,3,,,,
foreskin-man,s0078,"Villainous figures like Doctor Foreskin Cutter invoke hygiene and disease prevention to justify the practice, but Foreskin Man counters that proper cleaning achieves equivalent hygiene without surgery, while HIV risks can be mitigated through behavioral measures like condom use rather than preemptively altering genitalia. [47]",anti,male,model,pro,0,0,0,3,,,,
foreskin-man,s0079,"Issue #3, set in Kenya, specifically challenges mass circumcision campaigns promoted for HIV reduction (citing trials showing around 60% efficacy), portraying them as coercive and ineffective against broader transmission dynamics, prioritizing the infant's right to an unaltered body over probabilistic health gains.",anti,male,model,none,0,0,0,3,,,,
foreskin-man,s0081,"These arguments frame pro-circumcision rationales as driven by financial incentives for physicians or unexamined cultural traditions upheld by religious practitioners, such as the Monster Mohel, rendering them ethically invalid against the principle of non-interference with healthy tissue. [11]",anti,male,model,none,0,0,0,3,,,,
foreskin-man,s0082,"The comic selectively references studies or testimonies aligning with intactivist views, like those highlighting foreskin nerve density, while rejecting counterevidence as biased toward maintaining procedural norms.",pro,male,model,anti,0,0,0,3,,,,
foreskin-man,s0084,Three randomized controlled trials conducted in sub-Saharan Africa between 2005 and 2007 demonstrated that voluntary medical male circumcision reduces the risk of HIV acquisition through heterosexual intercourse by approximately 50-60% in men. [50] [51],pro,male,model,pro,0,0,0,3,,,,
foreskin-man,s0085,"These findings, endorsed by the World Health Organization for high-prevalence settings, prompted scale-up efforts in 15 priority African countries, where over 27 million procedures have been performed since 2007. [51]",pro,male,model,none,0,0,0,3,,,,
foreskin-man,s0086,"However, the applicability to low-prevalence regions like the United States remains limited, as the trials targeted populations with HIV prevalence exceeding 10-15%, and modeling suggests modest absolute risk reductions (e.g., less than 1% lifetime benefit for non-MSM men) in settings with lower heterosexual transmission rates.",anti,male,model,pro,0,0,0,3,,,,
foreskin-man,s0088,"Newborn male circumcision is associated with a reduced incidence of urinary tract infections (UTIs) in the first year of life, with meta-analyses indicating a relative risk reduction of about 90%, from approximately 1% in uncircumcised boys to 0.1-0.2% in circumcised ones. [53] [54]",pro,male,model,pro,0,0,0,3,,,,
foreskin-man,s0092,"Adverse events from neonatal circumcision occur at rates of 0.2-2%, predominantly minor issues such as bleeding, infection, or adhesions, with severe complications (e.g., significant hemorrhage or penile injury) below 0.5% in hospital settings using clamps like Gomco or Plastibell. [56] [57]",pro,male,model,anti,0,0,0,3,,,,
foreskin-man,s0096,"A 2013 systematic review of controlled trials concluded no adverse impact on erectile function, premature ejaculation, or overall satisfaction, attributing discrepancies to methodological flaws in pro-sensitivity-loss claims like recall bias.",pro,male,model,none,0,0,0,3,,,,
foreskin-man,s0106,"The comic's release coincided with the November 2011 San Francisco ballot initiative (Proposition B) to ban circumcision for minors under 18, which opponents viewed as disproportionately burdening Jewish religious practice despite non-therapeutic circumcisions for secular reasons comprising over 90% of U.S. cases at the time. [41] [69]",pro,male,model,anti,0,0,0,3,,,,
foreskin-man,s0113,"He noted that the superhero's Aryan-like appearance reflects his own Germanic heritage and emphasized that Foreskin Man intervenes to protect Jewish infants from what he describes as genital mutilation, framing the narrative as advocacy for child protection rather than ethnic animus. [47]",anti,male,model,none,0,0,0,3,,,,
foreskin-man,s0115,"Supporters, including Jewish opponents of circumcision, have echoed this by highlighting groups such as Jews Against Circumcision, which oppose the procedure on ethical grounds while affirming Jewish identity, as evidence that the critique addresses ritual harm irrespective of perpetrator's background. [72] [73]",anti,male,model,anti,0,0,0,3,,,,
foreskin-man,s0117,"This defense positions the comic within a broader intactivist framework prioritizing minors' rights to bodily integrity over unrestricted parental or religious authority, without documented causal ties to anti-Semitic incidents.",anti,male,model,anti,0,0,0,3,,,,
foreskin-man,s0119,"Critics of the Foreskin Man comic have argued that its portrayal of circumcisers as monstrous villains promotes demonization of parents and medical practitioners who view the procedure as a routine health or cultural practice, thereby exaggerating the ethical stakes beyond empirical realities of low complication rates—typically under 1% for adverse events in controlled settings. [74]",pro,male,model,mixed,0,0,0,3,,,,
foreskin-man,s0120,"This superhero narrative frames neonatal circumcision, performed on approximately 1.2 million U.S. infants annually as of 2010 data, as a battle against evil forces, potentially fostering fear-mongering by equating a brief surgical intervention with violent assault rather than a decision weighed against evidence of benefits like reduced urinary tract infections (1-2% risk reduction in infancy) and certain STIs.",pro,male,model,pro,0,0,0,3,,,,
foreskin-man,s0125,"Even within intactivist circles, the comic's heavy-handed moral binaries—heroes solely anti-circumcision, villains pro—have drawn rebuke for selective emphasis on harms while sidelining countervailing data, such as randomized trials showing 60% HIV acquisition reduction in heterosexual men from adult voluntary circumcision, potentially hindering coalition-building with public health advocates. [75]",pro,male,model,anti,0,0,0,3,,,,
foreskin-restoration,s0011,"Empirical data on objective benefits like sensitivity gains or sexual performance improvements remain sparse and inconclusive, contrasting with robust evidence that circumcision itself imposes negligible long-term detriments to erectile or orgasmic function. [6]",pro,male,model,pro,0,0,0,3,,,,
foreskin-restoration,s0059,"Men pursue foreskin restoration primarily to address perceived physical, sexual, and psychological harms from prior circumcision, including reduced sensitivity, keratinization of the glans, and diminished sexual pleasure. [10]",anti,male,model,anti,0,0,0,3,,,,
foreskin-restoration,s0060,"A qualitative study of 25 restorers identified motivations centered on restoring body integrity, alleviating emotional distress such as shame or resentment toward non-consensual infant circumcision, and improving self-esteem through gradual tissue expansion. [5]",anti,male,model,none,0,0,0,3,,,,
foreskin-restoration,s0061,"Participants reported attributing adverse outcomes like painful erections, decreased gliding action during intercourse, and lowered orgasm intensity to circumcision, prompting non-surgical stretching to approximate natural foreskin functions.",anti,male,model,anti,0,0,0,3,,,,
foreskin-restoration,s0172,"Proponents of foreskin restoration assert that glans desensitization typically results from prolonged exposure post-circumcision, causing keratinization that reduces sensitivity; the process reverses this glans penis keratinization through coverage and protection under newly grown skin, promoting dekeratinization and moisture restoration to regain a softer, more responsive texture akin to that in uncircumcised men. [2]",anti,male,model,anti,0,0,0,3,,,,
foreskin-restoration,s0184,"Men engaging in foreskin restoration commonly report subjective improvements in self-esteem and body image, attributing these gains to mitigating perceived psychological harms from prior circumcision.",anti,male,model,anti,0,0,0,3,,,,
foreskin-restoration,s0185,"A 2023 online survey of 1,135 self-identified foreskin restorers found that 63.46% pursued restoration primarily to address body image deficits and low self-esteem linked to circumcision, with participants describing restoration as a means to restore a sense of wholeness and autonomy over their genitals. [38]",anti,male,model,anti,0,0,0,3,,,,
foreskin-restoration,s0187,"Restorers frequently recount reduced feelings of anger, resentment, or violation toward parents, physicians, or institutions associated with their circumcision, viewing the process as an act of personal reclamation that alleviates emotional fixation on the loss. [1]",anti,male,model,none,0,0,0,3,,,,
foreskin-restoration,s0256,"Ethical debates surrounding foreskin restoration often center on its role as a remedial response to non-therapeutic circumcision, particularly infant male circumcision (IMC), which critics argue constitutes a violation of bodily autonomy and informed consent.",anti,male,model,anti,0,0,0,3,,,,
foreskin-restoration,s0257,"Proponents of restoration contend that IMC permanently alters healthy genital tissue without the individual's consent, removing specialized erogenous structures such as the ridged bands and inner mucosal lining, which contribute to sexual function and sensation. [45]",anti,male,model,none,0,0,0,3,,,,
foreskin-restoration,s0258,"This procedure, performed on approximately 1.3 million newborns annually in the United States as of 2010 data, lacks medical necessity in most cases and inflicts irreversible harm, prioritizing parental or cultural preferences over the child's right to bodily integrity. [46]",anti,male,model,anti,0,0,0,3,,,,
foreskin-restoration,s0259,"Ethicists assert that such interventions breach core principles like non-maleficence and respect for autonomy, as infants cannot provide consent and future adults may experience regret, evidenced by the existence of restoration communities. [47]",anti,male,model,anti,0,0,0,3,,,,
foreskin-restoration,s0261,"Foreskin restoration, typically pursued by circumcised adults through non-surgical tissue expansion methods like tension devices, is framed ethically as an exercise of personal autonomy to mitigate prior non-consensual harm.",anti,male,model,anti,0,0,0,3,,,,
foreskin-restoration,s0263,"Unlike circumcision, restoration is voluntary, reversible in process, and does not involve excision of tissue, avoiding the ethical pitfalls of proxy decision-making for minors. [48]",anti,male,model,none,0,0,0,3,,,,
foreskin-restoration,s0265,"This positions restoration as a harm-reduction strategy rather than endorsement of circumcision, emphasizing prevention through informed parental education on risks like reduced penile sensitivity documented in studies.",anti,male,model,mixed,0,0,0,3,,,,
foreskin-restoration,s0267,"Opponents of restoration, often aligned with pro-circumcision medical bodies, question its necessity and efficacy, suggesting it tacitly accepts circumcision's cultural legitimacy while diverting from evidence-based benefits like reduced HIV transmission rates (estimated 60% lower in circumcised men per randomized trials in Africa). [39]",pro,male,model,mixed,0,0,0,3,,,,
foreskin-restoration,s0268,"They argue that ethical focus should prioritize IMC's purported health advantages over autonomy concerns, dismissing restoration as speculative and psychologically driven rather than medically substantiated. [49]",pro,male,model,anti,0,0,0,3,,,,
foreskin-restoration,s0269,"However, these claims are contested by ethicists who note that HIV benefits derive from high-prevalence contexts irrelevant to low-risk populations like the U.S., and that autonomy trumps speculative prophylaxis, especially given circumcision's failure to eradicate infections entirely. [46]",anti,male,model,mixed,0,0,0,3,,,,
foreskin-restoration,s0270,"Restoration debates also highlight inconsistencies in applying bodily integrity standards, as analogous non-therapeutic alterations on female minors are prohibited under human rights frameworks.",anti,male,model,anti,0,0,0,3,,,,
foreskin-restoration,s0272,"Ultimately, the discourse underscores a tension between irreversible parental proxy decisions and adult remediation efforts, with restoration serving as empirical testament to circumcision's potential for long-term dissatisfaction among 6-10% of affected men based on self-reports. [48]",anti,male,model,anti,0,0,0,3,,,,
foreskin-restoration,s0273,"Ethicists advocate deferring genital modifications until maturity to uphold anticipatory rights to intact anatomy, arguing that true beneficence lies in preservation over partial reversal. [50]",anti,male,model,none,0,0,0,3,,,,
foreskin-restoration,s0274,"This view gains traction in jurisdictions like those influenced by European medical associations, which deem routine IMC unjustifiable on ethical grounds.",anti,male,model,anti,0,0,0,3,,,,
foreskin-restoration,s0290,"Restoration's societal dimensions also highlight tensions in gender and ethical discourse, paralleling critiques of female genital cutting while underscoring inconsistencies in cultural tolerance for male procedures.",anti,male,model,none,0,0,0,3,,,,
foreskin-restoration,s0291,"Proponents argue it addresses iatrogenic harm from medically unsubstantiated infant surgeries, aligning with bodily integrity principles, yet faces pushback from institutions upholding circumcision's cultural entrenchment, including religious traditions accounting for over 70% of global cases. [53]",anti,male,model,anti,0,0,0,3,,,,
gishiri-cutting,s0005,"Empirical data from clinical studies indicate it accounts for 5 to 18 percent of vesicovaginal fistulas (VVF) in northern Nigerian fistula centers, with one analysis of 1,372 cases attributing 78 instances (5.68 percent) directly to the practice, often resulting from inadvertent damage to the urethra or bladder during incision. [1] [4] [5]",anti,FGM,model,anti,0,0,0,3,,,,
gishiri-cutting,s0006,"These fistulas manifest as chronic urinary incontinence, severe pain, recurrent infections, and social isolation, with affected women frequently requiring complex reconstructive surgery. [6]",anti,FGM,model,anti,0,0,0,3,,,,
gishiri-cutting,s0008,"Despite its persistence in rural areas due to limited access to modern healthcare and entrenched traditional healing systems, Gishiri cutting has drawn scrutiny for its iatrogenic harms, with peer-reviewed reports linking it to heightened obstetric risks, urethral erosion, and secondary complications like sepsis or hemorrhage from non-sterile tools. [8] [9]",anti,FGM,model,anti,0,0,0,3,,,,
gishiri-cutting,s0009,"Public health initiatives, including community education and fistula repair programs, have sought to curb the practice by demonstrating its causal role in preventable disabilities, though cultural acceptance remains a barrier in Hausa-dominated regions. [10]",anti,FGM,model,anti,0,0,0,3,,,,
gishiri-cutting,s0017,"Unlike more excision-based forms of FGM/C, gishiri cutting targets the vaginal canal rather than the clitoris or labia, with incisions sometimes extending toward the urethra or bladder, increasing risks of complications such as vesicovaginal fistulas. [3]",anti,FGM,model,anti,0,0,0,3,,,,
gishiri-cutting,s0018,"Medical studies indicate it accounts for 1–18% of genitourinary fistulas in affected regions, highlighting its iatrogenic potential despite traditional therapeutic intent. [8]",anti,FGM,model,anti,0,0,0,3,,,,
gishiri-cutting,s0032,"By the late 20th century, epidemiological data from fistula repair centers indicated gishiri cutting contributed to 2-15% of vesicovaginal fistula (VVF) cases in northern Nigeria, with higher estimates in specific locales like Kano and Sokoto states. [18] [19]",anti,FGM,model,anti,0,0,0,3,,,,
gishiri-cutting,s0033,"In a 1990 analysis of VVF etiologies, up to 15% of cases were attributed directly to gishiri incisions, underscoring its role in iatrogenic obstetric injuries amid limited access to formal healthcare.",anti,FGM,model,anti,0,0,0,3,,,,
gishiri-cutting,s0042,"Traditional beliefs hold that such conditions, termed ""ba hanya"" (no way) or ""goriya"" (a tumor-like blockage), arise from imbalances in bodily humors, infections, or even psychological factors like marital discord, necessitating incision to restore patency and harmony. [23] [8]",pro,FGM,model,anti,0,0,0,3,,,,
gishiri-cutting,s0043,"It is invoked for symptoms including dyspareunia, infertility, prolonged labor, genital prolapse, or itching, with practitioners viewing the cut as a curative release of blockages, often followed by salt application to promote healing and lubrication.",pro,FGM,model,none,0,0,0,3,,,,
gishiri-cutting,s0057,"The cut aims to ""widen"" the vagina or relieve perceived obstructions, with no standardized depth or extent, leading to variable tissue damage including potential urethral involvement.",anti,FGM,model,none,0,0,0,3,,,,
gishiri-cutting,s0060,"The entire intervention lasts minutes and is repeated if symptoms persist, exacerbating risks.",anti,FGM,model,none,0,0,0,3,,,,
gishiri-cutting,s0067,"These implements are typically unsterilized and reused without disinfection, heightening risks of infection due to the absence of hygienic protocols. [26]",anti,FGM,model,mixed,0,0,0,3,,,,
gishiri-cutting,s0070,"No formal certification or oversight governs these practitioners, who operate within a framework of customary medicine where efficacy is gauged by anecdotal cultural beliefs rather than clinical validation. [24]",anti,FGM,model,none,0,0,0,3,,,,
gishiri-cutting,s0071,"Interventions occur in non-clinical environments, such as homes, exacerbating procedural inconsistencies and potential for harm.",anti,FGM,model,anti,0,0,0,3,,,,
gishiri-cutting,s0075,"Practitioners hold that the procedure removes this obstructive salt layer by applying a caustic paste of rock salt mixed with herbs or by scraping the vaginal walls until bleeding occurs, thereby widening the passage and restoring normal function.",pro,FGM,model,none,0,0,0,3,,,,
gishiri-cutting,s0077,"Medicinally, the practice is rationalized as a curative intervention for a range of reproductive ailments beyond the core gishiri condition, including amenorrhea (absence of menstruation), pruritus vulvae (vaginal itching), and chronic pelvic pain attributed to vaginal constriction.",pro,FGM,model,none,0,0,0,3,,,,
gishiri-cutting,s0078,"Traditional healers, often local barbers or midwives, perform it on women seeking relief from these issues, with the bleeding induced by the procedure viewed as evidence of purification and expulsion of impurities.",pro,FGM,model,none,0,0,0,3,,,,
gishiri-cutting,s0079,"Culturally, it reinforces notions of female bodily maintenance aligned with marital and procreative duties, as a narrow vagina is believed to hinder sexual satisfaction for husbands and successful pregnancies, potentially straining social bonds within patrilineal Hausa society.",pro,FGM,model,none,0,0,0,3,,,,
gishiri-cutting,s0081,"These beliefs persist despite lacking empirical validation, with the procedure's endorsement rooted in oral traditions and experiential anecdotes passed through generations rather than systematic medical inquiry. [8]",anti,FGM,model,none,0,0,0,3,,,,
gishiri-cutting,s0084,"In traditional Hausa-Fulani communities, practitioners of Yankan Gishiri report that the procedure alleviates symptoms attributed to vaginal narrowing or stenosis, such as painful intercourse (dyspareunia) and difficulty with penetration, by widening the vaginal canal.",pro,FGM,model,anti,0,0,0,3,,,,
gishiri-cutting,s0085,"Traditional birth attendants and barbers performing the cut claim it resolves these issues, enabling improved sexual function and satisfaction for both partners, often described as unblocking a perceived barrier symbolized by ""gishiri"" (salt) in local idiom.",pro,FGM,model,none,0,0,0,3,,,,
gishiri-cutting,s0087,"Reports from practitioners also assert efficacy in treating infertility, with the cut purportedly facilitating conception by addressing supposed obstructions or tightness preventing sperm access or implantation.",pro,FGM,model,none,0,0,0,3,,,,
gishiri-cutting,s0088,"For obstetric concerns, traditional accounts describe successful outcomes in easing prolonged labor, where the incision is said to ""unblock the presenting part"" of the fetus, reducing delivery complications and prolapse risks. [15]",pro,FGM,model,anti,0,0,0,3,,,,
gishiri-cutting,s0089,"These claims stem from anecdotal practitioner experiences and cultural beliefs, without controlled verification, and are applied to symptoms like itching, boils, or genital pain.",anti,FGM,model,none,0,0,0,3,,,,
gishiri-cutting,s0090,"Such outcomes are culturally reinforced as curative for amenorrhea or other gynecological ailments, with women seeking the procedure postpartum or during reproductive challenges in northern Nigeria and southern Niger. [29]",pro,FGM,model,none,0,0,0,3,,,,
gishiri-cutting,s0091,"However, these reports lack quantitative data from traditional sources, relying instead on qualitative assertions by Wanzami (barbers) or Ungozoma (attendants) who perform the cut with unsterilized tools.",anti,FGM,model,none,0,0,0,3,,,,
gishiri-cutting,s0092,"The Gishiri cut, involving a deep incision into the anterior or posterior vaginal wall using a knife or razor blade, frequently results in excessive bleeding due to the vascular nature of the tissue involved. [30]",anti,FGM,model,none,0,0,0,3,,,,
gishiri-cutting,s0093,"This hemorrhage can be profuse and, if uncontrolled, lead to hypovolemic shock, particularly in settings without access to medical intervention. [30]",anti,FGM,model,anti,0,0,0,3,,,,
gishiri-cutting,s0094,"Studies on similar Type IV female genital cutting procedures report excessive bleeding as one of the most common immediate complications, occurring in a significant proportion of cases performed by untrained practitioners.",anti,FGM,model,anti,0,0,0,3,,,,
gishiri-cutting,s0096,"Severe pain accompanies the procedure, stemming from the acute trauma to sensitive vaginal tissues, often exacerbated by the absence of anesthesia. [31]",anti,FGM,model,none,0,0,0,3,,,,
gishiri-cutting,s0097,"Swelling and edema in the affected area are also prevalent, potentially causing urinary retention or difficulty with micturition shortly after the cut.",anti,FGM,model,none,0,0,0,3,,,,
gishiri-cutting,s0099,Infection poses an acute risk owing to the use of unsterilized instruments and non-aseptic conditions typical of traditional settings. [24],anti,FGM,model,anti,0,0,0,3,,,,
gishiri-cutting,s0100,"Reproductive tract infections can manifest rapidly, with symptoms including fever and localized inflammation, and may progress to systemic sepsis if untreated. [24]",anti,FGM,model,anti,0,0,0,3,,,,
gishiri-cutting,s0101,"Tetanus infection is a further concern from contaminated blades, contributing to immediate morbidity in vulnerable populations.",anti,FGM,model,anti,0,0,0,3,,,,
gishiri-cutting,s0103,"Gishiri cutting, a procedure entailing incision into the anterior vaginal wall, is strongly associated with the development of vesico-vaginal fistulae (VVF), a chronic condition characterized by an abnormal opening between the bladder and vagina that results in continuous involuntary urinary leakage. [24]",anti,FGM,model,anti,0,0,0,3,,,,
gishiri-cutting,s0104,"In a review of obstetric morbidity, 13% of 1,443 VVF cases among Hausa women in northern Nigeria were directly attributed to gishiri cuts, particularly in older patients seeking treatment for perceived vaginal tightness or obstructed labor. [24]",anti,FGM,model,none,0,0,0,3,,,,
gishiri-cutting,s0105,"These fistulae often manifest months after the procedure due to poor healing, tissue necrosis, or secondary infection, leading to lifelong incontinence unless surgically repaired, with success rates varying based on fistula size and location.",anti,FGM,model,anti,0,0,0,3,,,,
gishiri-cutting,s0107,"Scarring from the incisions contributes to vaginal stenosis, narrowing the vaginal canal and impeding normal anatomy, which exacerbates dyspareunia (painful intercourse) and increases susceptibility to recurrent urinary tract and reproductive tract infections. [32]",anti,FGM,model,anti,0,0,0,3,,,,
gishiri-cutting,s0108,"Fistulae arising from gishiri cuts tend to be larger than those from other causes, complicating surgical closure and heightening risks of residual incontinence or recurrent breakdown post-repair. [32]",anti,FGM,model,anti,0,0,0,3,,,,
gishiri-cutting,s0109,"Chronic inflammation from unhealed tissues can further promote pelvic inflammatory disease, potentially leading to tubal adhesions and secondary infertility, though direct causation requires further longitudinal study.",anti,FGM,model,none,0,0,0,3,,,,
gishiri-cutting,s0111,"Long-term sequelae also include dermatological issues from perpetual moisture, such as perineal excoriation and ulceration, alongside heightened obstetric risks in subsequent pregnancies, including obstructed labor due to scar tissue distortion. [33]",anti,FGM,model,none,0,0,0,3,,,,
gishiri-cutting,s0112,"In northern Nigerian cohorts, gishiri-related VVF accounted for up to 6.2% of cases as the second most common etiology after prolonged labor, underscoring its role in sustained physiological disability.",anti,FGM,model,none,0,0,0,3,,,,
gishiri-cutting,s0114,"No peer-reviewed studies have demonstrated therapeutic efficacy for gishiri cutting in addressing its purported benefits, including easing obstructed labor, treating dyspareunia, infertility, or amenorrhea. [35] [36]",anti,FGM,model,pro,0,0,0,3,,,,
gishiri-cutting,s0115,"The procedure, involving unsterile incision of the anterior vaginal wall, lacks controlled trials or longitudinal data showing improved reproductive or obstetric outcomes compared to standard medical interventions.",anti,FGM,model,none,0,0,0,3,,,,
gishiri-cutting,s0117,"Epidemiological analyses from northern Nigeria, where the practice is prevalent among Hausa communities, instead associate gishiri cutting with iatrogenic vesicovaginal fistulas, accounting for approximately 13% of cases in adult patients treated at regional fistula centers between 1971 and 1981. [35]",anti,FGM,model,anti,0,0,0,3,,,,
gishiri-cutting,s0118,"In a cohort of 1,443 women with fistulas, 32.5% reported prior gishiri cuts, with the procedure performed using unsterilized blades or shards, often leading to immediate tissue necrosis and urinary incontinence rather than resolution of symptoms. [35]",anti,FGM,model,anti,0,0,0,3,,,,
gishiri-cutting,s0119,"Among pediatric cases (under 13 years), 15% of 80 documented fistulas were directly attributed to gishiri, typically applied for perceived vaginal narrowing but resulting in permanent defects without evidence of preventive success against labor complications. [4]",anti,FGM,model,anti,0,0,0,3,,,,
gishiri-cutting,s0121,"The World Health Organization classifies gishiri as a type IV female genital mutilation/cutting procedure, emphasizing that all such practices confer no health benefits and carry risks of infection, hemorrhage, and chronic morbidity, with empirical data underscoring harm over utility. [37]",anti,FGM,model,mixed,0,0,0,3,,,,
gishiri-cutting,s0122,"Local perceptions of ""therapeutic"" value persist anecdotally, but quantitative assessments reveal no causal link to fertility enhancement or labor facilitation, as fistulas exacerbate the very infertility and social isolation the practice claims to mitigate. [8]",anti,FGM,model,anti,0,0,0,3,,,,
gishiri-cutting,s0123,"Absence of efficacy is further inferred from fistula repair success rates, where gishiri-induced lesions require surgical correction without prior functional gains.",anti,FGM,model,anti,1,0,1,1,unrepresentative-sample,,non-sequitur,non-sequitur|unrepresentative-sample
gishiri-cutting,s0125,"A retrospective analysis of 80 cases of vesicovaginal fistula (VVF) in children under 13 years old in northern Nigeria identified 12 instances (15%) directly resulting from gishiri cutting, where incisions into the anterior vaginal wall inadvertently damaged the bladder or urethra. [4]",anti,FGM,model,anti,0,0,0,3,,,,
gishiri-cutting,s0126,"This practice, often performed by traditional barbers using unsterilized razors or broken glass to address perceived vaginal narrowing or infections, carries risks of immediate hemorrhage and sepsis, as the cuts penetrate sensitive mucosal tissues without anesthesia or aseptic conditions.",anti,FGM,model,anti,0,0,0,3,,,,
gishiri-cutting,s0128,"In a 2006 study from Birnin Kudu, northern Nigeria, gishiri cuts were documented as a contributing factor to VVF among women seeking repair, highlighting the procedure's role in non-obstetric fistula formation through iatrogenic trauma during self-treatment for gynecological complaints. [5]",anti,FGM,model,anti,0,0,0,3,,,,
gishiri-cutting,s0129,"Broader epidemiological data indicate that gishiri incisions account for 5.68% to 18% of urinary fistulas in affected regions, underscoring the causal link between the cutting and chronic incontinence, dyspareunia, and social isolation due to persistent urinary leakage. [3]",anti,FGM,model,anti,0,0,0,3,,,,
gishiri-cutting,s0130,"Long-term complications include vaginal scarring and stenosis, which exacerbate obstetric risks in subsequent pregnancies, though specific longitudinal studies on gishiri alone remain limited compared to broader female genital cutting research.",anti,FGM,model,anti,0,0,0,3,,,,
gishiri-cutting,s0132,"Immediate post-procedure harms, observed in case series, encompass excessive bleeding, wound dehiscence, and urinary retention, often compounded by application of unverified herbal poultices that introduce bacterial contamination. [31]",anti,FGM,model,anti,0,0,0,3,,,,
gishiri-cutting,s0133,"These findings, drawn from hospital-based records in high-prevalence areas like northern Nigeria, demonstrate gishiri's empirical harms outweigh any anecdotal therapeutic claims, with no controlled trials validating benefits against documented fistula induction.",anti,FGM,model,mixed,0,0,0,3,,,,
gishiri-cutting,s0137,"The WHO's broader definition of FGM includes any procedure that involves partial or total removal of the external female genitalia or other injury to the female genital organs for non-medical reasons, explicitly covering vaginal incisions like Gishiri that cause harm without therapeutic benefit.",anti,FGM,model,mixed,0,0,0,3,,,,
gishiri-cutting,s0139,"Peer-reviewed literature consistently categorizes Gishiri cutting as a form of FGM practiced in Nigeria, alongside clitoridectomy and hymenectomy, noting its role in contributing to complications such as vesicovaginal fistulas. [15]",anti,FGM,model,anti,0,0,0,3,,,,
gishiri-cutting,s0140,"For instance, a 2014 analysis by the Center for Arab Women Training and Research (CAWTAR) describes Gishiri incision as a specific variant of Type IV FGM, highlighting its cultural rationale but underscoring the associated health risks that align with FGM's harmful classification. [3]",anti,FGM,model,anti,0,0,0,3,,,,
gishiri-cutting,s0141,"International health organizations, including WHO, emphasize that such practices lack empirical evidence of benefits and are sustained by cultural beliefs rather than medical necessity, justifying their inclusion under FGM to facilitate global efforts against non-therapeutic genital injuries. [38]",anti,FGM,model,mixed,0,0,0,3,,,,
gishiri-cutting,s0143,"While proponents in affected communities may view Gishiri cutting as a remedial intervention rather than mutilation, the classification prioritizes anatomical injury and absence of evidence-based efficacy, as evidenced by studies linking it to severe outcomes like genital fistulas without proven preventive value. [8]",anti,FGM,model,anti,0,0,0,3,,,,
gishiri-cutting,s0147,"In Hausa communities of northern Nigeria and southern Niger, traditional defenses of gishiri cutting portray it as a vital ethnomedical intervention to address ""gishiri disease,"" a culturally recognized condition involving perceived vaginal narrowing that manifests as dyspareunia, infertility, amenorrhea, genital prolapse, or obstructed labor. [36] [28]",pro,FGM,model,none,0,0,0,3,,,,
gishiri-cutting,s0148,"Practitioners, often traditional birth attendants or barbers using unsterilized blades, incise the anterior vaginal wall to enlarge the canal, claiming it facilitates easier delivery and restores fertility based on observed short-term relief in symptoms among women post-procedure. [3]",pro,FGM,model,none,0,0,0,3,,,,
gishiri-cutting,s0151,"Modern critiques, drawn from clinical epidemiology, reject these claims for lacking controlled evidence of efficacy, attributing reported benefits to transient mechanical widening or misattribution of unrelated recoveries rather than addressing root causes like infections, malnutrition-induced pelvic deformities, or cephalopelvic disproportion from early childbearing. [36] [8]",anti,FGM,model,mixed,0,0,0,3,,,,
gishiri-cutting,s0152,"Peer-reviewed analyses consistently link the procedure to iatrogenic harms, including hemorrhage, infection, scarring, and vesicovaginal fistulas, with contributions to fistula cases ranging from 5.68% to 18% in northern Nigerian series. [3]",anti,FGM,model,anti,0,0,0,3,,,,
gishiri-cutting,s0153,"A review of 360 fistula patients in Niger found 10 cases (2.8%) directly resulting from analogous gurya cuttings performed for similar indications, all requiring reconstructive surgery for continence restoration, highlighting the procedure's net morbidity without biomedical validation. [8]",anti,FGM,model,anti,0,0,0,3,,,,
gishiri-cutting,s0154,"Critics advocate alternative treatments, such as antibiotics for infections or cesarean sections for obstructions, as causally effective and less destructive.",anti,FGM,model,anti,0,0,0,3,,,,
gishiri-cutting,s0172,"These initiatives emphasize empirical evidence of harms, such as increased risks of infection, hemorrhage, and chronic vaginal issues from unsterile Gishiri incisions, countering beliefs in its therapeutic value for obstructed labor.",anti,FGM,model,anti,0,0,0,3,,,,
gishiri-cutting,s0174,"Challenges persist due to entrenched cultural norms viewing Gishiri as essential for marital eligibility and treatment of perceived vaginal narrowing, with family elders enforcing compliance amid social stigma against uncut women. [47]",pro,FGM,model,pro,0,0,0,3,,,,
gishiri-cutting,s0190,"The persistence of Gishiri cutting among Hausa-Fulani communities in northern Nigeria stems from deeply held cultural beliefs that attribute obstructed labor, dyspareunia, and perceived vaginal narrowing—a condition termed ""gishiri""—to supernatural or anatomical strictures requiring incision of the anterior vaginal wall for relief. [8]",pro,FGM,model,none,0,0,0,3,,,,
gishiri-cutting,s0192,"Socioeconomic factors, including poverty and low literacy rates, exacerbate sustenance by limiting access to formal obstetric education, where symptoms of cephalo-pelvic disproportion are misdiagnosed as treatable by cutting rather than requiring medical intervention.",anti,FGM,model,none,0,0,0,3,,,,
gishiri-cutting,s0194,"Conversely, reductions in the practice are driven by heightened awareness of its complications, particularly vesicovaginal fistulas (VVF), with data from northern Nigerian hospitals indicating that Gishiri cuts account for up to 15% of pediatric VVF cases among girls under 13, often resulting from hemorrhage, infection, or tissue necrosis post-procedure. [4] [9]",anti,FGM,model,anti,0,0,0,3,,,,
gishiri-cutting,s0197,"International and national campaigns by WHO, UNICEF, and UNFPA since 1997 have promoted evidence-based alternatives, such as skilled antenatal monitoring, timely hospital referrals, and cesarean sections for obstructed labor, reducing reliance on traditional methods by demonstrating superior outcomes in preventing fistulas without invasive vaginal scarring. [56] [57]",anti,FGM,model,anti,0,0,0,3,,,,
history-of-circumcision,s0071,"Philo of Alexandria (ca. 20 BCE–50 CE), a Hellenistic Jewish philosopher, defended circumcision allegorically as spiritual purification while acknowledging Greek disdain, arguing it curbed sensual excess without impairing function.",pro,male,model,none,0,0,0,3,,,,
history-of-circumcision,s0110,"All major Sunni and Shia schools of jurisprudence endorse male circumcision as desirable for hygiene, aesthetics, and emulation of prophetic example, though timing varies: Hanafi and Maliki favor before puberty, while Shafi'i and Hanbali permit infancy. [49]",pro,male,model,pro,0,0,0,3,,,,
history-of-circumcision,s0138,"In the 19th century, Jewish emancipation in Europe prompted debates; Reform leaders like Abraham Geiger denounced circumcision as a ""barbaric blood rite"" incompatible with modernity, and some 1840s platforms proposed its abolition. [64]",anti,male,model,anti,0,0,0,3,,,,
history-of-circumcision,s0177,"In the mid-20th century, public health rationales for male circumcision emphasized prevention of urinary tract infections (UTIs), phimosis, and balanitis, with studies indicating a 10-fold reduction in UTIs among circumcised male infants in the first year of life compared to uncircumcised peers. [82]",pro,male,model,pro,0,0,0,3,,,,
history-of-circumcision,s0178,"These benefits were supported by epidemiological data showing lower incidences of inflammatory conditions of the glans and foreskin, as well as reduced penile cancer rates, which remain rare but are predominantly observed in uncircumcised men. [83]",pro,male,model,pro,0,0,0,3,,,,
history-of-circumcision,s0179,"Organizations like the Centers for Disease Control and Prevention (CDC) later quantified additional protections against sexually transmitted infections, including human papillomavirus (HPV) and herpes simplex virus type 2, with relative risk reductions of approximately 30-35% for these pathogens in heterosexual contexts. [84]",pro,male,model,none,0,0,0,3,,,,
history-of-circumcision,s0182,"Randomized controlled trials conducted between 2002 and 2005 in South Africa, Kenya, and Uganda demonstrated that voluntary medical male circumcision (VMMC) reduced heterosexual HIV acquisition in men by 51-60%, prompting the World Health Organization (WHO) and Joint United Nations Programme on HIV/AIDS (UNAIDS) to recommend it in 2007 as a key prevention strategy in 14 high-prevalence countries. [85] [86]",pro,male,model,pro,0,0,0,3,,,,
history-of-circumcision,s0190,"In the early 2000s, three randomized controlled trials conducted in sub-Saharan Africa provided robust evidence that male circumcision reduces the risk of heterosexual HIV acquisition in men by approximately 50-60%.",pro,male,model,pro,0,0,0,3,,,,
history-of-circumcision,s0191,"The first trial, conducted in Orange Farm, South Africa, from 2002 to 2003, involved 3,274 uncircumcised men aged 18-24 and demonstrated a 60% reduction in HIV incidence over 21 months compared to controls. [89]",pro,male,model,pro,0,0,0,3,,,,
history-of-circumcision,s0192,"Similar results emerged from trials in Kisumu, Kenya (2002-2005, n=2,784 men, 51% reduction) and Rakai, Uganda (2002-2007, n=4,996 men, 55% reduction), confirming the protective effect against HIV-1 while showing no significant behavioral risk compensation. [90]",pro,male,model,pro,0,0,0,3,,,,
history-of-circumcision,s0193,"These findings, published between 2005 and 2007, shifted global public health perspectives by establishing circumcision as an efficacious biomedical intervention for HIV prevention in high-prevalence, generalized epidemics.",pro,male,model,none,0,0,0,3,,,,
history-of-circumcision,s0195,"Prompted by this evidence, the World Health Organization (WHO) and Joint United Nations Programme on HIV/AIDS (UNAIDS) endorsed voluntary medical male circumcision (VMMC) in 2007 as a key strategy in 13 priority countries in eastern and southern Africa, where heterosexual transmission predominates and adult male HIV prevalence exceeds 10% in some regions. [85]",pro,male,model,pro,0,0,0,3,,,,
history-of-circumcision,s0197,"The intervention's efficacy stems from the foreskin's vulnerability to HIV entry via micro-tears and its role as a reservoir for inflammatory cells, reducing susceptibility without altering condom use or partner numbers in trial follow-ups.",pro,male,model,none,0,0,0,3,,,,
history-of-circumcision,s0199,"Parallel research reaffirmed broader health benefits, including a 10-fold reduction in urinary tract infections (UTIs) in infancy, lower incidence of human papillomavirus (HPV) and herpes simplex virus type 2 (HSV-2) infections (30-40% and 28-34% reductions, respectively), and decreased penile cancer risk due to reduced phimosis and chronic inflammation. [93]",pro,male,model,pro,0,0,0,3,,,,
history-of-circumcision,s0200,"In 2012, the American Academy of Pediatrics (AAP) updated its policy, concluding that these preventive benefits—encompassing HIV, other STIs, and UTIs—outweigh procedural risks (complication rate ~0.2-0.6% in neonatal settings), justifying access for parents though not routine universal recommendation. [94]",pro,male,model,mixed,0,0,0,3,,,,
history-of-circumcision,s0201,"This stance contrasted with prior hesitancy, driven by meta-analyses synthesizing U.S. and international data showing lifetime net benefits, such as averting 1 in 100 penile cancers and 1 in 600 HIV cases per circumcised male.",pro,male,model,pro,0,0,0,3,,,,
history-of-circumcision,s0204,"Despite implementation challenges like supply shortages and demand generation, the evidence prompted integrations with other HIV strategies, including pre-exposure prophylaxis, underscoring circumcision's role in causal reduction of viral entry points rather than mere correlation.",pro,male,model,none,0,0,0,3,,,,
history-of-circumcision,s0206,"Ethical debates surrounding non-therapeutic infant male circumcision center on violations of bodily integrity and autonomy, as the procedure permanently removes functional tissue from a non-consenting minor without immediate medical necessity.",anti,male,model,anti,0,0,0,3,,,,
history-of-circumcision,s0207,"Critics argue it contravenes core medical ethics principles, including respect for autonomy, non-maleficence, and justice, given documented risks such as infection, excessive skin removal, and rare but severe complications like penile amputation, with complication rates estimated at 1-10% depending on setting and performer. [97] [98]",anti,male,model,mixed,0,0,0,3,,,,
history-of-circumcision,s0208,"Proponents counter with potential long-term benefits like reduced urinary tract infections and heterosexual HIV transmission in high-prevalence areas, though these are weighed against the infant's inability to consent and the procedure's classification as elective rather than therapeutic in low-risk populations.",anti,male,model,pro,0,0,0,3,,,,
infibulation,s0003,"Globally, while over 230 million women and girls have undergone some form of FGM, infibulation represents the most severe variant, concentrated in specific ethnic groups and persisting despite international condemnation as a human rights violation with no medical benefits. [5] [6]",anti,FGM,model,mixed,0,0,0,3,,,,
infibulation,s0004,"Infibulation causes immediate risks including hemorrhage, infection, and shock, as well as long-term complications such as chronic pain, urinary and menstrual difficulties, obstetric fistula, infertility, and increased maternal and neonatal mortality during childbirth; psychological effects include depression, anxiety, and post-traumatic stress disorder, substantiated by epidemiological studies across affected regions. [2] [7] [6]",anti,FGM,model,anti,0,0,0,3,,,,
infibulation,s0020,"By the 20th century, it had become obsolete in medical contexts due to ethical concerns and inefficacy.",anti,FGM,model,anti,0,0,0,3,,,,
infibulation,s0073,"Non-sterile ancient techniques, performed without anesthesia or antiseptics, frequently resulted in complications such as local infections, hemorrhage, and tissue necrosis due to pressure from the clasp. [40]",anti,FGM,model,anti,0,0,0,3,,,,
infibulation,s0074,Chronic irritation or improper piercing could lead to adhesions or ulceration of the prepuce.,anti,FGM,model,none,0,0,0,3,,,,
infibulation,s0112,"In communities where female infibulation is practiced, such as among certain ethnic groups in Sudan, Somalia, Djibouti, and Eritrea, the procedure is rationalized by participants as a safeguard for virginity and a deterrent to premarital sex. [55] [56]",pro,FGM,model,none,0,0,0,3,,,,
infibulation,s0113,"Practitioners report that it curbs female sexual desire and physically restricts intercourse, thereby preventing promiscuity and ensuring chastity until marriage. [55] [57]",pro,FGM,model,pro,0,0,0,3,,,,
infibulation,s0114,"This is viewed as enhancing a woman's marriage prospects, as unmodified females are often deemed unmarriageable or promiscuous by community standards. [56]",pro,FGM,model,none,0,0,0,3,,,,
infibulation,s0116,"The practice is also linked to beliefs in aesthetic and hygienic superiority, with infibulated genitalia considered cleaner, more beautiful, and less prone to odors or infections compared to unmodified forms. [55]",pro,FGM,model,mixed,0,0,0,3,,,,
infibulation,s0117,"In patrilineal societies emphasizing male lineage inheritance, infibulation is stated to promote fidelity and thereby bolster paternity certainty, aligning with cultural imperatives for verifiable descent lines. [59]",pro,FGM,model,none,0,0,0,3,,,,
infibulation,s0119,"Male infibulation, historically documented in ancient Greco-Roman contexts, was rationalized as a method to restrain sexual activity among slaves, preventing intercourse that could lead to unauthorized offspring or distractions from labor duties. [14]",pro,FGM,model,none,0,0,0,3,,,,
infibulation,s0120,"For priests and religious functionaries, it enforced celibacy to maintain ritual purity and focus on spiritual obligations. [14]",pro,FGM,model,pro,0,0,0,3,,,,
infibulation,s0121,"Among warriors and athletes, the procedure was applied to warriors and trainers to avert sexual indulgence that might impair physical discipline or combat readiness.",pro,FGM,model,none,0,0,0,3,,,,
infibulation,s0123,"Infibulation functions as a mechanism to enforce premarital chastity and postmarital fidelity among females in patrilineal societies, securing male confidence in paternity essential for directing inheritance and resources to biological kin rather than potential cuckolders.",pro,FGM,model,pro,0,0,0,3,,,,
infibulation,s0124,"In polygynous systems common among practicing groups in Sudan and Somalia, where men may maintain multiple wives, the procedure minimizes risks of infidelity that could dilute lineage-specific wealth transmission, as uninfibulated women are often deemed unsuitable for marriage within endogamous kin networks. [61]",pro,FGM,model,none,0,0,0,3,,,,
infibulation,s0125,"This aligns with broader anthropological observations that such modifications consolidate family alliances by signaling female ""purity"" to prospective in-laws, thereby facilitating bridewealth exchanges and kinship ties.",pro,FGM,model,pro,0,0,0,3,,,,
infibulation,s0127,"Performed typically between ages 5 and 12, infibulation constitutes a collective rite of passage initiating girls into womanhood, embedding them in communal rituals that affirm ethnic identity and group cohesion against outsiders. [62]",pro,FGM,model,none,0,0,0,3,,,,
infibulation,s0135,"In communities practicing female infibulation, proponents claim it enhances personal hygiene by minimizing vaginal secretions and odors, thereby promoting cleanliness in arid environments where water is scarce. [65]",pro,FGM,model,pro,0,0,0,3,,,,
infibulation,s0136,"This belief persists despite lacking empirical support, as infibulation seals the vaginal opening, potentially exacerbating rather than alleviating sanitary issues.",anti,FGM,model,none,0,0,0,3,,,,
infibulation,s0138,"Cultural rationales often emphasize control of female sexuality, asserting that infibulation preserves virginity, discourages premarital relations, and ensures marital fidelity by reducing libido and promiscuity. [66]",pro,FGM,model,anti,0,0,0,3,,,,
infibulation,s0139,"Some men report increased sexual pleasure from the narrowed orifice created by the procedure, viewing it as a means to tighten intercourse. [65]",pro,FGM,model,none,0,0,0,3,,,,
infibulation,s0140,"These claims tie into broader social harmony, where the practice is said to uphold family honor, prevent social stigma from perceived unchastity, and facilitate bride eligibility in marriage markets.",pro,FGM,model,none,0,0,0,3,,,,
infibulation,s0142,"Male infibulation, rarer and historically documented in contexts like ancient piercings or bindings to curb masturbation, has been rationalized in select warrior or ascetic traditions as conserving vital energy for labor, combat, or spiritual focus, though such assertions lack substantiation in contemporary records.",anti,FGM,model,none,0,0,0,3,,,,
infibulation,s0144,No rigorous empirical studies verify medical benefits for either form; organizations like the World Health Organization state explicitly that infibulation confers no health advantages and instead inflicts harm. [3],anti,FGM,model,mixed,0,0,0,3,,,,
infibulation,s0145,"Peer-reviewed analyses confirm the absence of physiological gains, attributing persistence to entrenched cultural norms rather than evidence-based utility.",anti,FGM,model,none,0,0,0,3,,,,
infibulation,s0147,"Immediate complications of infibulation, a severe form of Type III female genital mutilation involving excision of the clitoris and labia with suturing to narrow the vaginal opening, include excessive hemorrhage from vascular damage during the procedure, tetanus and other wound infections due to non-sterile instruments, and urinary retention from swelling and obstruction. [69]",anti,FGM,model,anti,0,0,0,3,,,,
infibulation,s0148,"These risks are heightened in traditional settings without anesthesia or antibiotics, with infection rates reported in up to 25% of cases in some cohorts. [2]",anti,FGM,model,anti,0,0,0,3,,,,
infibulation,s0149,"Mortality from immediate hemorrhage or sepsis, though underreported, has been estimated at approximately 0.5-2% per procedure in high-prevalence areas based on clinical reviews.",anti,FGM,model,anti,0,0,0,3,,,,
infibulation,s0151,"Long-term physical sequelae encompass chronic pelvic pain from neuromas and scar tissue, recurrent urinary tract infections and incontinence due to urethral distortion, and vesicovaginal fistulas exacerbated by obstructed voiding. [71]",anti,FGM,model,anti,0,0,0,3,,,,
infibulation,s0152,"Obstetric complications are pronounced, with infibulated women facing 2-3 times higher rates of postpartum hemorrhage, perineal tears, and extended labor durations in longitudinal studies from Sudan and Somalia; cesarean delivery rates increase by 30-55% to mitigate these. [72]",anti,FGM,model,anti,0,0,0,3,,,,
infibulation,s0153,"Sexual dysfunction manifests as dyspareunia and reduced lubrication from infibulation scarring, with systematic reviews indicating diminished orgasmic capacity in 60-80% of affected women compared to uninfibulated controls. [73]",anti,FGM,model,anti,0,0,0,3,,,,
infibulation,s0155,"Psychological harms include elevated rates of post-traumatic stress disorder (PTSD), with prevalence of 20-40% among survivors in community-based studies from infibulation-prevalent regions, alongside anxiety and depressive disorders linked to procedural trauma and chronic pain. [69] [75]",anti,FGM,model,anti,0,0,0,3,,,,
infibulation,s0156,Longitudinal data from Ethiopian cohorts show persistent somatic symptoms and quality-of-life impairments persisting decades post-procedure.,anti,FGM,model,none,0,0,0,3,,,,
infibulation,s0158,"Male infibulation, historically practiced in ancient Egypt and among Roman slaves via penile piercing or suturing to enforce chastity, resulted in complications such as urethral strictures, chronic scarring, and erectile dysfunction from corporal fibrosis, as documented in classical medical texts and sparse forensic analyses of preserved remains. [76]",anti,FGM,model,mixed,0,0,0,3,,,,
infibulation,s0161,"Proponents within practicing communities, particularly in Somalia where infibulation predominates, defend the procedure as a cornerstone of ethnic and religious identity, with surveys revealing widespread endorsement among women.",pro,FGM,model,none,0,0,0,3,,,,
infibulation,s0162,"According to data from the FGM/C Research Initiative, 72% of Somali women aged 15-49 believe female genital mutilation, including infibulation, constitutes a religious requirement, reflecting deep-rooted communal approval that sustains the practice across generations. [78]",pro,FGM,model,none,0,0,0,3,,,,
infibulation,s0163,This support underscores arguments that infibulation serves as a rite of passage affirming social belonging and moral purity within kinship structures.,pro,FGM,model,pro,0,0,0,3,,,,
infibulation,s0164,"Advocates emphasize tradition and communal autonomy, positing that external impositions undermine self-determination.",pro,FGM,model,anti,0,0,0,3,,,,
infibulation,s0165,"In some instances, adult women elect reinfibulation after childbirth to restore the sealed state achieved in infancy, framing such choices as exercises of personal agency akin to voluntary body alterations elsewhere. [79]",pro,FGM,model,none,0,0,0,3,,,,
infibulation,s0166,"Cultural relativists draw parallels to Western practices like genital piercings or tattoos, which involve irreversible modifications for aesthetic or identity reasons without equivalent global condemnation, arguing that selective moral outrage reveals ethnocentric biases rather than universal principles.",pro,FGM,model,mixed,0,0,0,3,,,,
infibulation,s0168,"Anti-colonial perspectives portray international bans on infibulation as extensions of imperial dominance, prioritizing foreign ethics over indigenous sovereignty.",pro,FGM,model,none,0,0,0,3,,,,
infibulation,s0169,"Postcolonial analyses contend that campaigns against the practice echo historical efforts to ""civilize"" non-Western customs, disregarding how communities perceive infibulation as adaptive to local social ecologies of marriage and fidelity. [81]",pro,FGM,model,none,0,0,0,3,,,,
infibulation,s0170,"Such defenses, articulated by anthropologists and local voices, insist that genuine change must originate internally, lest prohibitions exacerbate resistance by framing tradition as victimhood under external scrutiny.",pro,FGM,model,none,0,0,0,3,,,,
infibulation,s0172,"Infibulation constitutes a profound violation of bodily autonomy, as it involves irreversible surgical alteration of female genitalia without the informed consent of the individual, typically performed on prepubescent girls.",anti,FGM,model,anti,0,0,0,3,,,,
infibulation,s0173,"This practice infringes upon core human rights principles enshrined in international instruments, including the right to physical and mental integrity under Article 24 of the United Nations Convention on the Rights of the Child (CRC), which obligates states to protect children from harmful traditional practices affecting health. [83]",anti,FGM,model,anti,0,0,0,3,,,,
infibulation,s0174,"The United Nations General Assembly's 2012 resolution explicitly condemns female genital mutilation (FGM), including infibulation, as a violation of human dignity and fundamental freedoms, emphasizing its incompatibility with universal rights to life, security, and non-discrimination.",anti,FGM,model,anti,0,0,0,3,,,,
infibulation,s0176,"From a health perspective, infibulation yields no demonstrable benefits and inflicts severe, evidence-based harms that underscore its status as a form of child endangerment.",anti,FGM,model,mixed,0,0,0,3,,,,
infibulation,s0177,"The World Health Organization (WHO) classifies all FGM types, with infibulation (Type III) carrying the highest risk profile, including immediate complications such as excessive bleeding, urinary retention, and septic shock, alongside long-term issues like chronic pelvic infections, keloid scarring, and heightened maternal mortality from obstructed labor. [3]",anti,FGM,model,anti,0,0,0,3,,,,
infibulation,s0178,"Systematic reviews of clinical data reveal complication rates exceeding 50% in infibulated women, encompassing dyspareunia, infertility risks, and fistula formation, with no empirical studies identifying hygienic, sexual, or social advantages to counter these outcomes. [73] [69]",anti,FGM,model,mixed,0,0,0,3,,,,
infibulation,s0179,These documented physiological and psychological sequelae—such as post-traumatic stress and diminished quality of life—provide causal grounds for viewing infibulation as a non-therapeutic intervention that exacerbates vulnerability rather than conferring protection.,anti,FGM,model,anti,0,0,0,3,,,,
infibulation,s0181,"Critics highlight infibulation's role in perpetuating gender asymmetry, as it selectively targets females to enforce chastity and marital fidelity through genital sealing, imposing functional impairments absent in male genital modifications like circumcision, which do not typically involve tissue apposition or narrowing. [85]",anti,FGM,model,mixed,0,0,0,3,,,,
infibulation,s0182,"This disparity manifests as institutionalized control over female sexuality, contravening equality norms under the Convention on the Elimination of All Forms of Discrimination Against Women (CEDAW), and reinforcing patriarchal structures without reciprocal male burdens of equivalent severity. [83]",anti,FGM,model,anti,0,0,0,3,,,,
infibulation,s0183,"Empirical analyses of global practices confirm that such female-specific mutilations correlate with broader indicators of gender-based violence, justifying interventions grounded in verifiable harm disparities rather than cultural equivalence.",anti,FGM,model,anti,0,0,0,3,,,,
infibulation,s0186,"Randomized controlled trials in high-HIV-prevalence African settings, including studies in South Africa, Kenya, and Uganda, demonstrated that male circumcision reduces heterosexual HIV acquisition risk by 51-60% in men, with protective effects persisting up to seven years post-procedure. [89] [90]",anti,FGM,model,pro,0,0,0,3,,,,
infibulation,s0187,"Additional empirical evidence links it to lower rates of urinary tract infections in infancy, penile cancer, and certain sexually transmitted infections like human papillomavirus.",anti,FGM,model,mixed,0,0,0,3,,,,
infibulation,s0189,"In contrast, infibulation—a type III form of female genital mutilation involving clitoridectomy, excision of the labia minora and majora, and apposition of the labia to narrow or seal the vaginal opening—lacks any documented health benefits and is associated exclusively with short- and long-term harms, including hemorrhage, infection, chronic pain, urinary and menstrual difficulties, obstructed labor, and increased maternal and infant mortality risks. [92] [93]",anti,FGM,model,mixed,0,0,0,3,,,,
infibulation,s0190,"Anatomically, male circumcision removes a fold of skin (the foreskin) that protects the glans but does not fundamentally alter penile erectile, urinary, or sensory functions, whereas infibulation excises the clitoris—the primary site of female sexual pleasure and orgasm—and constructs a barrier that impedes natural vaginal function, often requiring repeated cutting for intercourse or childbirth. [92]",anti,FGM,model,none,0,0,0,3,,,,
infibulation,s0192,"These disparities in procedure, evidence profile, and physiological impact underpin differing societal and legal treatments: male circumcision remains routine and medically endorsed in contexts like the U.S. and religious communities for its net benefits, while infibulation faces universal condemnation and prohibition under international human rights frameworks due to its demonstrable harm without offsetting gains. [92] [93]",anti,FGM,model,mixed,0,0,0,3,,,,
infibulation,s0193,"Although some commentators invoke parallels to critique perceived inconsistencies in genital modification norms, peer-reviewed analyses emphasize that equating the two overlooks the absence of empirical benefits for infibulation and its greater invasiveness relative to male anatomy. [95]",anti,FGM,model,mixed,0,0,0,3,,,,
infibulation,s0211,"A landmark joint statement in 1997 explicitly classified FGM as a violation of human rights, emphasizing its lack of health benefits and long-term harms. [108]",anti,FGM,model,mixed,0,0,0,3,,,,
infibulation,s0239,"However, critics argue that medicalization fails to address long-term complications like chronic pain, urinary issues, and obstetric fistula, while lending institutional legitimacy to the practice and potentially increasing its acceptance among educated families. [120]",anti,FGM,model,mixed,0,0,0,3,,,,
infibulation,s0240,"The World Health Organization explicitly opposes this approach, stating it violates girls' rights to physical integrity and perpetuates harm under the guise of harm reduction.",anti,FGM,model,mixed,0,0,0,3,,,,
infibulation,s0244,"Local advocates report strong pushback from elders and religious leaders who view abandonment efforts as cultural erosion, with no national criminalization law enacted as of 2020 despite UN expert calls, allowing impunity and revival in rural areas. [123]",pro,FGM,model,anti,0,0,0,3,,,,
infibulation,s0245,"Similar patterns emerge in other Sahelian contexts, where fatwas or informal religious endorsements occasionally frame infibulation as compatible with Islamic purity norms, countering global anti-FGM campaigns.",pro,FGM,model,pro,0,0,0,3,,,,
infibulation,s0248,"Emerging discourses in diaspora settings occasionally invoke adult ""choice"" to reframe less severe cuttings, but for infibulation's irreversible narrowing, such normalization remains marginal and unsubstantiated by prevalence data, as the procedure's design targets prepubescent girls to enforce premarital chastity controls.",anti,FGM,model,mixed,0,0,0,3,,,,
international-day-of-zero-tolerance-for-female-genital-mutilation,s0002,"FGM, recognized as a violation of human rights with no health benefits and severe physical and psychological consequences, persists primarily in parts of Africa, the Middle East, and Asia, where cultural traditions drive its continuation. [1]",anti,FGM,model,mixed,0,0,0,3,,,,
international-day-of-zero-tolerance-for-female-genital-mutilation,s0007,"Globally, over 230 million girls and women have undergone FGM, with an estimated 4.4 million girls at risk in 2025, equating to about 12,000 per day, underscoring the urgency despite legislative bans in many countries and ongoing campaigns. [1] [3]",anti,FGM,model,none,0,0,0,3,,,,
international-day-of-zero-tolerance-for-female-genital-mutilation,s0010,"Awareness efforts against female genital mutilation (FGM) originated in the 1920s in Egypt, where local feminists, intellectuals, and medical professionals campaigned against the practice known as pharaonic circumcision, criticizing it as a harmful tradition incompatible with modern health standards. [8]",anti,FGM,model,anti,0,0,0,3,,,,
international-day-of-zero-tolerance-for-female-genital-mutilation,s0014,"Hosken's work, distributed through her Women's International Network, emphasized the procedure's severe health risks, including hemorrhage and infection, and advocated for international advocacy without cultural relativism. [10]",anti,FGM,model,mixed,0,0,0,3,,,,
international-day-of-zero-tolerance-for-female-genital-mutilation,s0015,"Concurrently, the World Health Organization (WHO) held its first inter-agency seminar on traditional practices in 1979, identifying FGM as a priority for eradication.",anti,FGM,model,anti,0,0,0,3,,,,
international-day-of-zero-tolerance-for-female-genital-mutilation,s0020,"By the 1990s, international organizations amplified these initiatives; WHO issued a 1995 policy statement classifying FGM as a violation of human rights with no health benefits, while UNICEF launched community-based programs in high-prevalence areas, reporting shifts in attitudes in pilot villages in Burkina Faso and Mali. [12]",anti,FGM,model,mixed,0,0,0,3,,,,
international-day-of-zero-tolerance-for-female-genital-mutilation,s0025,"The resolution was passed by consensus, reflecting broad international agreement on the need to address female genital mutilation (FGM) as a human rights violation incompatible with international standards, including the Universal Declaration of Human Rights and the Convention on the Elimination of All Forms of Discrimination against Women.",anti,FGM,model,anti,0,0,0,3,,,,
international-day-of-zero-tolerance-for-female-genital-mutilation,s0029,"The resolution urges states to implement legislative, policy, and educational measures to eradicate the practice, emphasizing its harmful physical and psychological consequences and rejecting any cultural or religious justifications for it.",anti,FGM,model,anti,0,0,0,3,,,,
international-day-of-zero-tolerance-for-female-genital-mutilation,s0035,"This designation builds on prior UN commitments, including the 2012 World Health Assembly resolution classifying female genital mutilation (FGM) as a violation of human rights and girls' health, emphasizing its non-therapeutic nature and severe consequences. [2]",anti,FGM,model,anti,0,0,0,3,,,,
international-day-of-zero-tolerance-for-female-genital-mutilation,s0036,"The mandate underscores FGM's incompatibility with international human rights standards, such as those in the Convention on the Elimination of All Forms of Discrimination against Women and the Convention on the Rights of the Child, ratified by most Member States.",anti,FGM,model,anti,0,0,0,3,,,,
international-day-of-zero-tolerance-for-female-genital-mutilation,s0038,"The core aims center on mobilizing political commitment and public awareness to eradicate FGM entirely, rejecting any form of tolerance for practices involving partial or total removal of external female genitalia or other injury for non-medical reasons. [1]",anti,FGM,model,anti,0,0,0,3,,,,
international-day-of-zero-tolerance-for-female-genital-mutilation,s0040,"Key objectives include highlighting FGM's immediate and long-term harms—such as hemorrhage, infection, and psychological trauma—while countering cultural justifications through evidence-based advocacy. [15]",anti,FGM,model,anti,0,0,0,3,,,,
international-day-of-zero-tolerance-for-female-genital-mutilation,s0042,"Under the UN mandate, Member States are urged to condemn FGM unequivocally, enact and enforce comprehensive national laws prohibiting all forms of the practice, including extraterritorial provisions, and prosecute perpetrators while protecting victims and at-risk girls.",anti,FGM,model,anti,0,0,0,3,,,,
international-day-of-zero-tolerance-for-female-genital-mutilation,s0048,"This resolution explicitly calls for intensified efforts to eradicate FGM by addressing its roots in gender inequality and harmful traditions, aligning with the UN's broader human rights architecture that frames the practice as a form of violence against women and girls.",anti,FGM,model,anti,0,0,0,3,,,,
international-day-of-zero-tolerance-for-female-genital-mutilation,s0054,"This linkage underscores the day's role in monitoring global benchmarks, such as the reported 230 million affected women and girls as of 2024, while reinforcing obligations under international treaties like the Convention on the Elimination of All Forms of Discrimination Against Women (CEDAW) and the Convention on the Rights of the Child (CRC), which interpret FGM as discriminatory violence requiring state accountability. [20]",anti,FGM,model,anti,0,0,0,3,,,,
international-day-of-zero-tolerance-for-female-genital-mutilation,s0088,"The procedures are typically performed by traditional cutters using blades, thorns, or glass, often under unhygienic conditions, leading to immediate risks regardless of type.",anti,FGM,model,none,0,0,0,3,,,,
international-day-of-zero-tolerance-for-female-genital-mutilation,s0090,"In communities where female genital mutilation (FGM) is practiced, traditional rationales often center on controlling female sexuality to preserve premarital virginity and marital fidelity, with the procedure viewed as reducing sexual desire and ensuring chastity. [2] [28]",pro,FGM,model,pro,0,0,0,3,,,,
international-day-of-zero-tolerance-for-female-genital-mutilation,s0091,"It is frequently regarded as a rite of passage marking the transition to womanhood, essential for social recognition as an adult female, as expressed in ethnographic accounts where uncircumcised girls are deemed incomplete or childlike. [29]",pro,FGM,model,none,0,0,0,3,,,,
international-day-of-zero-tolerance-for-female-genital-mutilation,s0092,"Additional beliefs include enhancing hygiene by purportedly eliminating odors or uncleanliness associated with intact genitalia, and aesthetic ideals aligning with local standards of beauty, though these claims lack empirical support from medical evidence. [29]",anti,FGM,model,pro,0,0,0,3,,,,
international-day-of-zero-tolerance-for-female-genital-mutilation,s0093,"While some communities invoke religious sanction—perceiving FGM as an Islamic or cultural duty aligned with moral purity—no major religious texts explicitly mandate it, and interpretations vary among leaders. [2]",anti,FGM,model,pro,0,0,0,3,,,,
international-day-of-zero-tolerance-for-female-genital-mutilation,s0100,"Cultural relativism, as applied to female genital mutilation (FGM), maintains that the practice cannot be fairly evaluated through external moral frameworks, such as those predominant in Western societies, but must instead be understood through the lens of the specific cultural norms and values of communities where it occurs. [31]",pro,FGM,model,pro,0,0,0,3,,,,
international-day-of-zero-tolerance-for-female-genital-mutilation,s0101,"Anthropological analyses emphasize that FGM often functions as a rite of passage signifying transition to adulthood, eligibility for marriage, and integration into social structures, thereby fostering group cohesion and identity. [32]",pro,FGM,model,none,0,0,0,3,,,,
international-day-of-zero-tolerance-for-female-genital-mutilation,s0102,"For instance, in certain African and Middle Eastern contexts, it is viewed as essential for preserving cultural heritage against perceived colonial or global impositions that threaten traditional ways of life.",pro,FGM,model,none,0,0,0,3,,,,
international-day-of-zero-tolerance-for-female-genital-mutilation,s0104,"Defenders within practicing communities frequently rationalize FGM as a means to control female sexuality, ensuring premarital chastity and marital fidelity by reducing sexual desire or ""hypersexuality,"" which is believed to align with ideals of modesty and femininity. [33]",pro,FGM,model,mixed,0,0,0,3,,,,
international-day-of-zero-tolerance-for-female-genital-mutilation,s0105,"Practitioners and supporters cite social conformity as a core justification, arguing that uncircumcised girls face ostracism, diminished marriage prospects, or lower dowry values, thereby perpetuating the practice through economic and communal pressures rather than individual choice. [32]",pro,FGM,model,none,0,0,0,3,,,,
international-day-of-zero-tolerance-for-female-genital-mutilation,s0106,"Religious interpretations, particularly in some interpretations of Islamic sunna, are invoked to frame milder forms as hygienic or purifying, though no major religious authority mandates the procedure.",anti,FGM,model,pro,0,0,0,3,,,,
international-day-of-zero-tolerance-for-female-genital-mutilation,s0108,"Relativist perspectives also draw parallels to other culturally embedded modifications, such as male circumcision, to challenge selective outrage and highlight perceived inconsistencies in universalist critiques that prioritize harm thresholds unevenly across genders. [31]",pro,FGM,model,mixed,0,0,0,3,,,,
international-day-of-zero-tolerance-for-female-genital-mutilation,s0110,"However, these positions often encounter scrutiny for potentially excusing empirically documented physical and psychological harms under the guise of tolerance, as cultural rationales do not alter the causal mechanisms of tissue removal and associated complications.",anti,FGM,model,anti,0,0,0,3,,,,
international-day-of-zero-tolerance-for-female-genital-mutilation,s0112,"Immediate physical risks of female genital mutilation (FGM) arise primarily from procedures performed without anesthesia, using non-sterile instruments, often by untrained practitioners, leading to acute complications during or shortly after the cutting. [2]",anti,FGM,model,anti,0,0,0,3,,,,
international-day-of-zero-tolerance-for-female-genital-mutilation,s0113,"These include severe pain, excessive hemorrhage, and hypovolemic shock from blood loss, as the clitoris and labia contain rich vascular supplies that can be severed without proper hemostasis. [34]",anti,FGM,model,anti,0,0,0,3,,,,
international-day-of-zero-tolerance-for-female-genital-mutilation,s0115,"Hemorrhage is among the most critical immediate threats, potentially fatal if major blood vessels are cut, with reports documenting deaths from uncontrolled bleeding in settings lacking medical intervention. [2]",anti,FGM,model,anti,0,0,0,3,,,,
international-day-of-zero-tolerance-for-female-genital-mutilation,s0116,"Wound infections, including sepsis and tetanus, frequently result from unsterilized tools or post-procedure contamination, exacerbated by the genital area's proximity to fecal matter and poor hygiene in traditional settings. [34] [36]",anti,FGM,model,mixed,0,0,0,3,,,,
international-day-of-zero-tolerance-for-female-genital-mutilation,s0117,"In Type III FGM (infibulation), which involves narrowing the vaginal opening, additional risks include urinary retention due to swelling and obstructed flow, prolonged bleeding from suturing, and acute genital ulcers. [35]",anti,FGM,model,none,0,0,0,3,,,,
international-day-of-zero-tolerance-for-female-genital-mutilation,s0119,"Pain-induced shock and tetanus from clostridial spores on contaminated blades contribute to periprocedural mortality, though exact global incidences are underreported due to the clandestine nature of many procedures and lack of vital registration in high-prevalence areas. [2] [36]",anti,FGM,model,none,0,0,0,3,,,,
international-day-of-zero-tolerance-for-female-genital-mutilation,s0120,"Studies in regions like Guinea indicate that pain, bleeding, and swelling affect a majority of cases, with wound healing issues in up to 20-30% depending on procedure severity and aftercare. [36]",anti,FGM,model,none,0,0,0,3,,,,
international-day-of-zero-tolerance-for-female-genital-mutilation,s0121,"Transmission of bloodborne pathogens such as HIV or hepatitis B via shared instruments represents another vector for immediate harm, though empirical data on prevalence remains limited by ethical constraints on direct observation.",anti,FGM,model,anti,0,0,0,3,,,,
international-day-of-zero-tolerance-for-female-genital-mutilation,s0123,"Female genital mutilation (FGM) leads to a range of chronic physical health issues stemming from tissue damage, scarring, and interference with normal anatomical function.",anti,FGM,model,none,0,0,0,3,,,,
international-day-of-zero-tolerance-for-female-genital-mutilation,s0124,"These include recurrent urinary tract infections (UTIs), often resulting from narrowed urethral openings or poor hygiene post-procedure, with studies reporting prevalence rates up to 50% in affected women. [2] [38]",anti,FGM,model,mixed,0,0,0,3,,,,
international-day-of-zero-tolerance-for-female-genital-mutilation,s0125,"Chronic pelvic pain affects approximately 30-40% of women with Type III FGM (infibulation), attributed to nerve damage and adhesions. [39] [40]",anti,FGM,model,none,0,0,0,3,,,,
international-day-of-zero-tolerance-for-female-genital-mutilation,s0126,"Menstrual disorders, such as dysmenorrhea and hematocolpos (accumulation of menstrual blood), arise from obstructed vaginal openings, increasing risks of endometriosis and anemia.",anti,FGM,model,none,0,0,0,3,,,,
international-day-of-zero-tolerance-for-female-genital-mutilation,s0128,"Reproductive complications persist lifelong, with FGM associated with infertility in up to 20-30% of cases due to tubal blockages or chronic infections like pelvic inflammatory disease. [2]",anti,FGM,model,anti,0,0,0,3,,,,
international-day-of-zero-tolerance-for-female-genital-mutilation,s0129,"During pregnancy and childbirth, women with FGM face elevated risks: a systematic review found a 55% increased odds of stillbirth for Type III compared to uncircumcised women, alongside higher rates of postpartum hemorrhage (OR 1.66) and perineal tears. [40]",anti,FGM,model,anti,0,0,0,3,,,,
international-day-of-zero-tolerance-for-female-genital-mutilation,s0130,"Neonatal outcomes worsen, with infants of FGM mothers showing 15-66% higher mortality risks depending on FGM type. [39]",anti,FGM,model,none,0,0,0,3,,,,
international-day-of-zero-tolerance-for-female-genital-mutilation,s0131,"Sexual health suffers from dyspareunia (painful intercourse) in 40-60% of cases and reduced lubrication from clitoral excision, contributing to vaginismus and fistulas (vesico-vaginal or recto-vaginal) in 5-20% of severe cases.00542-9/fulltext) [38]",anti,FGM,model,anti,0,0,0,3,,,,
international-day-of-zero-tolerance-for-female-genital-mutilation,s0132,"Psychologically, FGM correlates with elevated rates of post-traumatic stress disorder (PTSD), depression, and anxiety, often linked to the trauma of the procedure and ongoing physical sequelae.",anti,FGM,model,anti,0,0,0,3,,,,
international-day-of-zero-tolerance-for-female-genital-mutilation,s0133,"A meta-analysis across African cohorts reported women with FGM had 1.92 times higher odds of PTSD symptoms, including flashbacks and hypervigilance, persisting into adulthood.00542-9/fulltext) [41] Depression prevalence is 1.5-2 times greater, exacerbated by sexual dissatisfaction and social stigma, with qualitative studies noting themes of shame and loss of bodily autonomy. [2] [42]",anti,FGM,model,anti,0,0,0,3,,,,
international-day-of-zero-tolerance-for-female-genital-mutilation,s0134,"Anxiety disorders, including somatic symptoms like chronic fear of penetration, affect up to 25% of survivors, compounded by cultural reinforcement of the practice. [41]",anti,FGM,model,anti,0,0,0,3,,,,
international-day-of-zero-tolerance-for-female-genital-mutilation,s0135,"Long-term studies indicate these effects are dose-dependent on FGM severity, with infibulated women showing compounded mental health burdens from repeated deinfibulation surgeries.00542-9/fulltext)",anti,FGM,model,none,0,0,0,3,,,,
international-day-of-zero-tolerance-for-female-genital-mutilation,s0209,"UN Women issued a statement framing FGM as an extreme manifestation of gender discrimination, calling for intensified global action.",anti,FGM,model,anti,0,0,0,3,,,,
international-day-of-zero-tolerance-for-female-genital-mutilation,s0216,"WHO convened a virtual event at 14:00 CET to discuss building momentum, while UN Women reiterated FGM's classification as violence against women and girls, demanding enforcement of existing commitments. [15] [78]",anti,FGM,model,none,0,0,0,3,,,,
international-day-of-zero-tolerance-for-female-genital-mutilation,s0240,"Critics further note that campaign rhetoric sometimes presumes uniform psychological trauma without robust longitudinal data, potentially diverting resources from verifiable health impacts like obstetric fistula.",pro,FGM,model,anti,0,0,0,3,,,,
international-day-of-zero-tolerance-for-female-genital-mutilation,s0251,"Further debate involves cultural relativism, where some anthropologists contend that universal condemnation ignores contextual benefits communities attribute to FGM, such as enhanced marriage prospects, potentially alienating participants from reform efforts; however, empirical data consistently affirm no health benefits and severe long-term harms like obstetric fistula and psychological trauma. [95] [96]",anti,FGM,model,mixed,0,0,0,3,,,,
international-day-of-zero-tolerance-for-female-genital-mutilation,s0252,"Proposals for harm reduction, including medicalized ""cutting"" to reduce infection risks, have faced backlash for risking normalization, with WHO and UNICEF rejecting them as perpetuating violence under the guise of pragmatism. [80]",anti,FGM,model,mixed,0,0,0,3,,,,
khitan-circumcision,s0006,"Empirical medical evidence indicates that male circumcision reduces risks of urinary tract infections in infancy, penile cancer, and heterosexual HIV acquisition by up to 60% in high-prevalence areas, with benefits outweighing rare complications like bleeding or adhesions when performed neonatally under sterile conditions. [3] [4]",pro,male,model,mixed,1,0,0,2,secundum-quid,,,secundum-quid
khitan-circumcision,s0007,"No robust data supports claims of diminished sexual function or satisfaction post-circumcision, countering anecdotal assertions of harm.",pro,male,model,anti,0,0,0,3,,,,
khitan-circumcision,s0081,"Ahmadiyya theology endorses male khitan as a virtuous act of emulation, frequently celebrated with communal gatherings, and bolsters its observance with references to medical evidence indicating lower lifetime risks of urinary tract infections and certain sexually transmitted diseases when conducted neonatally. [39]",pro,male,model,pro,0,0,0,3,,,,
khitan-circumcision,s0106,"In traditional or non-medical khitan practices, particularly in rural or community-based settings in Muslim-majority regions, anesthesia use can be inconsistent or absent, resulting in heightened acute pain and potential long-term behavioral effects like altered pain thresholds, as evidenced by observational studies on unanesthetized circumcisions. [44]",anti,male,model,none,0,0,0,3,,,,
khitan-circumcision,s0111,"Despite these advancements, gaps persist in resource-limited areas where traditional practitioners may prioritize ritual speed over analgesia, underscoring the need for education on evidence-based methods; peer-reviewed analyses indicate that unaddressed pain in khitan correlates with higher incidence of immediate behavioral sequelae, though long-term psychological impacts require further longitudinal research free from institutional biases favoring minimal intervention narratives.",anti,male,model,none,0,0,0,3,,,,
khitan-circumcision,s0126,"Scholars recommend early childhood to minimize discomfort and ensure hygienic benefits during development, viewing it as kinder to the child than delaying until adolescence. [55]",pro,male,model,pro,0,0,0,3,,,,
khitan-circumcision,s0146,"Male circumcision confers several empirically supported health benefits, primarily derived from randomized controlled trials (RCTs), meta-analyses, and systematic reviews conducted in diverse populations.",pro,male,model,pro,0,0,0,3,,,,
khitan-circumcision,s0147,"Three large-scale RCTs in sub-Saharan Africa, involving over 10,000 participants, established that voluntary medical male circumcision reduces the risk of heterosexually acquired HIV infection in men by approximately 60%, with protective effects observed as early as 24 months post-procedure and sustained over time. [66] [67]",pro,male,model,pro,0,0,0,3,,,,
khitan-circumcision,s0148,"This reduction is attributed to the removal of the foreskin, which harbors HIV target cells and facilitates viral entry during heterosexual intercourse.",pro,male,model,none,0,0,0,3,,,,
khitan-circumcision,s0150,"In neonatal and infant contexts, circumcision significantly decreases the incidence of urinary tract infections (UTIs) in the first year of life, with meta-analyses reporting relative risk reductions of 90% or greater compared to uncircumcised males; this benefit stems from the foreskin's role as a reservoir for uropathogenic bacteria. [3] [69]",pro,male,model,pro,0,0,0,3,,,,
khitan-circumcision,s0151,"Systematic evidence also links circumcision to a lower lifetime risk of penile cancer, which is rare but strongly associated with chronic inflammation, phimosis, and human papillomavirus (HPV) persistence under the foreskin.",pro,male,model,pro,0,0,0,3,,,,
khitan-circumcision,s0153,"Beyond HIV and UTIs, secondary analyses from the African RCTs indicate modest reductions in acquisition of other sexually transmitted infections (STIs), including herpes simplex virus type 2 (by 28-34%) and high-risk HPV strains (by 32-35%), as well as syphilis in some observational data. [69] [67]",pro,male,model,pro,0,0,0,3,,,,
khitan-circumcision,s0154,"Circumcision further lowers the risk of penile transmission of HPV to female partners, potentially decreasing cervical cancer incidence, based on cohort studies showing halved odds of oncogenic HPV carriage in circumcised men.",pro,male,model,none,0,0,0,3,,,,
khitan-circumcision,s0156,"The U.S. Centers for Disease Control and Prevention (CDC) and American Academy of Pediatrics (AAP) have reviewed this body of evidence, concluding that preventive benefits—encompassing reduced HIV/STI acquisition, UTIs, penile cancer, and balanitis—outweigh procedural risks when performed neonatally or under medical conditions. [69] [3]",pro,male,model,pro,0,0,0,3,,,,
khitan-circumcision,s0157,"These advantages are context-dependent, with HIV prevention most pronounced in high-prevalence heterosexual epidemics, though UTI and cancer risk reductions apply more universally across low- and high-income settings.",pro,male,model,none,0,0,0,3,,,,
khitan-circumcision,s0167,"In ritual or traditional khitan practices, particularly when performed by non-medical practitioners without anesthesia or sterile conditions, complication rates escalate.",anti,male,model,anti,0,0,0,3,,,,
khitan-circumcision,s0169,"Case series document severe outcomes, including glandular necrosis, penile amputation, and fatalities from hemorrhage or sepsis; one review of ritual cases reported tetanus and death in 750 child procedures. [73] [52]",anti,male,model,anti,0,0,0,3,,,,
khitan-circumcision,s0170,Non-physician-performed ritual circumcisions have led to referrals for life-threatening sepsis in infants.,anti,male,model,none,0,0,0,3,,,,
khitan-circumcision,s0173,"Pain management lapses in unanesthetized traditional settings exacerbate acute distress and potential psychological sequelae, though empirical data on latter remains limited. [75]",anti,male,model,none,0,0,0,3,,,,
khitan-circumcision,s0176,"Critics of infant khitan argue that the procedure violates the principle of bodily integrity by surgically removing functional, healthy foreskin tissue from a non-consenting minor, constituting an irreversible alteration without immediate therapeutic justification. [77]",anti,male,model,anti,0,0,0,3,,,,
khitan-circumcision,s0177,"Bioethicists such as J. Steven Svoboda maintain that such non-therapeutic interventions infringe core human rights to physical inviolability and self-determination, as outlined in documents like the Universal Declaration of Human Rights and the Convention on the Rights of the Child, which prioritize protection from unnecessary harm.",anti,male,model,anti,0,0,0,3,,,,
khitan-circumcision,s0178,"The intactivist movement amplifies this by framing khitan as genital cutting akin to other autonomy-denying practices, advocating deferral until adulthood to allow informed personal choice and preserve erogenous tissue function. [78]",anti,male,model,anti,0,0,0,3,,,,
khitan-circumcision,s0180,"Proponents, particularly within Islamic frameworks, counter that parental authority extends to decisions promoting the child's holistic welfare, including religious fulfillment, where khitan serves as a sunnah act emulating Prophet Ibrahim's covenant and enhancing ritual cleanliness (tahara). [21]",pro,male,model,pro,0,0,0,3,,,,
khitan-circumcision,s0181,"In traditional Islamic jurisprudence (e.g., Hanbali and Shafi'i schools), khitan is classified as wajib (obligatory) or mustahabb (recommended), justifying proxy consent by guardians without the infant's input, as the body is viewed as an amana (divine trust) subject to prophetic commands rather than absolute individual autonomy. [21] [2]",pro,male,model,anti,0,0,0,3,,,,
khitan-circumcision,s0182,"This perspective holds that delaying the procedure risks non-compliance with fitrah (natural disposition toward purity), and empirical observations in Muslim-majority societies show high acceptance rates (90-100% prevalence) with negligible psychological regret, prioritizing communal religious obligations over secular consent models.",pro,male,model,none,0,0,0,3,,,,
khitan-circumcision,s0184,"Tensions arise from interpretive variances: while hadith support khitan, the Quran's emphasis on unaltered creation (e.g., Surah 95:4) has prompted some reformist arguments questioning its necessity, suggesting potential misalignment with bodily sacredness (hurmat al-jasad) absent explicit divine mandate. [13]",anti,male,model,none,0,0,0,3,,,,
khitan-circumcision,s0185,"Nonetheless, mainstream fiqh upholds parental discretion, with ethicists noting that religious freedom and best-interest standards often defer to cultural-religious norms in child welfare assessments, though secular courts in some jurisdictions (e.g., proposed bans in Europe) have scrutinized it under child rights lenses. [80]",pro,male,model,mixed,0,0,0,3,,,,
khitan-circumcision,s0196,"From child rights perspectives, critics invoke the United Nations Convention on the Rights of the Child (UNCRC), ratified by 196 states as of 2023, arguing that non-therapeutic circumcision violates Article 19 (protection from violence), Article 24 (right to health), and Article 37 (prohibition of torture or cruel treatment) by inflicting permanent alteration without the child's informed consent or demonstrable medical necessity. [81]",anti,male,model,anti,0,0,0,3,,,,
khitan-circumcision,s0197,"Organizations like the International Network of Involuntary Circumcision of Children frame it as a human rights infringement on bodily autonomy, akin to denying the child's agency over irreversible modifications, with empirical data showing complication rates of 0.2-2% in clinical settings but higher in traditional rites. [90] [91]",anti,male,model,anti,0,0,0,3,,,,
khitan-circumcision,s0198,"Proponents counter that UNCRC Article 3 (best interests of the child) incorporates evidence-based health benefits, such as a 50-60% reduction in heterosexual HIV acquisition per randomized trials in Africa, and that parental proxy consent aligns with cultural rights under Article 30, rejecting absolutist interpretations that ignore net welfare gains. [92] [93]",pro,male,model,pro,0,0,0,3,,,,
khitan-circumcision,s0199,"These debates highlight tensions between individual autonomy and communal traditions, with some legal scholars noting that UNCRC lacks binding enforcement mechanisms on such practices, allowing states to weigh religious liberty without uniform prohibitions.",pro,male,model,mixed,0,0,0,3,,,,
khitan-circumcision,s0201,"Khitan, the Islamic practice of male circumcision, surgically excises the foreskin covering the glans penis, preserving the organ's primary erectile and urinary functions while removing a non-vital cutaneous layer. [13]",pro,male,model,none,0,0,0,3,,,,
khitan-circumcision,s0202,"In contrast, female genital cutting (FGC) involves intentional alteration or injury to the clitoris, labia minora, and sometimes labia majora, often without anesthesia and using rudimentary tools, resulting in the partial or total excision of erogenous tissue essential for sexual sensation. [95]",pro,male,model,anti,0,0,0,3,,,,
khitan-circumcision,s0203,"The World Health Organization classifies FGC into four types, from clitoridectomy (Type I) to infibulation (Type III, involving narrowing of the vaginal opening), none of which align anatomically or functionally with the localized removal in khitan.",pro,male,model,none,0,0,0,3,,,,
khitan-circumcision,s0205,"Empirical health outcomes further delineate the practices: randomized controlled trials demonstrate that male circumcision, including khitan when performed medically, reduces heterosexual HIV acquisition by approximately 60%, lowers urinary tract infection rates in infancy by up to 90%, and decreases risks of penile cancer and certain sexually transmitted infections like herpes (28-34% reduction). [66] [97]",pro,male,model,pro,0,0,0,3,,,,
khitan-circumcision,s0206,"FGC, however, yields no documented benefits and is linked to immediate complications such as hemorrhage (up to 15% in some settings), infection, and shock, alongside long-term sequelae including urinary retention, keloid scarring, dyspareunia, and increased maternal mortality from obstructed labor (up to 55% higher risk in severe cases). [95] [96]",pro,male,model,mixed,0,0,0,3,,,,
khitan-circumcision,s0207,"Complication rates for medically supervised male circumcision remain below 1% for serious adverse events, whereas FGC, predominantly non-sterile and non-clinical, correlates with morbidity rates exceeding 20% in untreated cases. [3]",pro,male,model,anti,0,0,1,2,,,cherry-picking,cherry-picking
khitan-circumcision,s0209,"Culturally and religiously, khitan emphasizes ritual purity and hygiene as a prophetic tradition (sunnah) without intent to suppress sexual capacity, whereas FGC frequently serves to enforce premarital chastity and reduce female sexual autonomy, reflecting disparate motivations rooted in gender control rather than equivalent male practices. [13] [99]",pro,male,model,mixed,0,0,0,3,,,,
khitan-circumcision,s0210,"Legally, this disparity manifests in global prohibitions on FGC—criminalized in over 40 countries with penalties up to life imprisonment—while male circumcision, including khitan, enjoys legal tolerance or endorsement in most jurisdictions, predicated on divergent harm-benefit profiles substantiated by medical consensus. [100]",pro,male,model,mixed,0,0,0,3,,,,
khitan-circumcision,s0229,"In sub-Saharan Africa, voluntary medical male circumcision (VMMC) programs have continued to expand as a public health strategy for HIV prevention, with a 2023 World Health Organization assessment confirming the procedure's cost-effectiveness and its capacity to reduce heterosexual HIV acquisition risk by up to 60%, prompting calls for sustained scale-up amid funding challenges. [103]",pro,male,model,pro,0,0,0,3,,,,
khitan-circumcision,s0230,"A concurrent Centers for Disease Control and Prevention analysis reinforced this efficacy, estimating a 60% reduction in female-to-male transmission, while noting implementation gaps in priority countries where coverage remains below targets. [104]",pro,male,model,none,0,0,0,3,,,,
khitan-circumcision,s0236,"In ritual circumcision settings prevalent in Muslim-majority regions, recent studies underscore elevated complication risks when procedures occur outside medical facilities.",anti,male,model,anti,0,0,0,3,,,,
khitan-circumcision,s0237,"A 2025 South African investigation of traditional circumcisions—analogous to non-clinical khitan practices—documented severe outcomes like persistent wound infections and urinary retention requiring hospitalization, often linked to inadequate sterilization and untrained practitioners. [108]",anti,male,model,none,0,0,0,3,,,,
khitan-circumcision,s0238,"Parental surveys from the same year identified hemorrhage as the leading perceived complication, followed by adhesions and infections, with overall rates exceeding those of hospital-based procedures. [109]",anti,male,model,anti,0,0,0,3,,,,
meatal-stenosis,s0004,"Prevalence following circumcision varies across studies, with smaller cohorts reporting rates of 5-20% in circumcised boys, contrasted by large database analyses indicating an incidence below 1%, underscoring potential overestimation in referral-based samples or underreporting in general populations. [3] [4]",pro,male,model,none,0,0,0,3,,,,
meatal-stenosis,s0085,"Refraining from neonatal circumcision substantially reduces the risk, as the condition is rare in uncircumcised males and occurs in approximately 5-10% of circumcised boys, often due to post-procedural meatal exposure to urine-soaked diapers and resultant chemical irritation. [6]",anti,male,model,pro,0,0,0,3,,,,
meatal-stenosis,s0151,"A meta-analysis reported a post-circumcision rate of 0.66%, which was not statistically different from rates in uncircumcised males, suggesting potential overestimation in smaller cohorts or underreporting in controls. [6]",pro,male,model,none,0,0,0,3,,,,
meatal-stenosis,s0158,"Critics of strong causal attribution to circumcision note its rarity in uncircumcised males but argue that confounding factors, including congenital meatal variations or smaller preoperative meatus diameter, may inflate observed associations without proving inevitability. [9] [12]",pro,male,model,anti,0,0,0,3,,,,
meatal-stenosis,s0165,"A 2017 systematic review and meta-analysis of 27 studies involving 1,498,536 males reported an overall meatal stenosis risk of 0.656% (95% CI: 0.089–1.218%) in circumcised individuals, which was not statistically significantly different from the 0.92% (95% CI: 0.11–1.74%) observed in uncircumcised controls. [56]",pro,male,model,none,0,0,0,3,,,,
meatal-stenosis,s0166,"This analysis concluded that while weak evidence from subgroup comparisons hinted at a possible slightly elevated risk in circumcised boys and young adults, the absolute incidence remains low, and circumcision does not substantially increase the likelihood compared to baseline rates. [56]",pro,male,model,none,0,0,0,3,,,,
meatal-stenosis,s0167,"Proponents of routine circumcision, citing such aggregated data, argue that meatal stenosis represents a minor and infrequent adverse event, often asymptomatic and manageable, outweighed by purported benefits like reduced urinary tract infections or sexually transmitted diseases in other contexts.30770-7/abstract)",pro,male,model,mixed,0,0,0,3,,,,
meatal-stenosis,s0168,"In contrast, some observational studies report higher incidences specifically post-circumcision, such as 17.9% prevalence in screened circumcised boys aged 5–8 years in a 2021 Egyptian cohort, attributing it to factors like early-life circumcision, incomplete adhesions, or surgical technique deficiencies. [4]",anti,male,model,none,0,0,0,3,,,,
meatal-stenosis,s0169,"Another 2024 study found approximately 10% of circumcisions resulted in meatal stenosis, based on meatal diameter measurements, challenging lower meta-analytic estimates by highlighting underdiagnosis in asymptomatic cases. [57]",anti,male,model,none,0,0,0,3,,,,
meatal-stenosis,s0170,"Critics of circumcision emphasize these findings to argue that removal of the foreskin eliminates natural mucosal protection against inflammatory urinary disorders, potentially elevating long-term risks, though causation remains correlative rather than definitively proven in controlled settings. [19]",anti,male,model,mixed,0,0,0,3,,,,
mohel,s0004,"The role of the mohel evolved from familial practices in biblical times to a formalized profession requiring expertise in both surgical technique and Jewish law (halakha), ensuring the procedure's ritual efficacy and minimal risk to the infant. [2] [3]",pro,male,model,none,0,0,0,3,,,,
mohel,s0006,"In Orthodox communities, the mohel may also perform metzitzah b'peh, direct oral suction of blood from the wound, a practice rooted in Talmudic tradition but contested due to documented risks of viral transmission such as herpes simplex. [2] [6]",anti,male,model,none,0,0,0,3,,,,
mohel,s0016,"Modern mohels often possess medical qualifications, such as certification in neonatal care, to integrate surgical precision with tradition, reducing complications reported in 0.2–0.6% of cases per health studies on ritual practices. [2]",pro,male,model,anti,0,0,0,3,,,,
mohel,s0068,"Programs like the Bris Program further bridge this gap by recruiting Jewish medical personnel for dual training in brit milah, fostering expertise in both covenantal symbolism and clinical outcomes like reduced urinary tract infection rates associated with timely circumcision. [5]",pro,male,model,none,0,0,0,3,,,,
mohel,s0084,"The brit milah procedure integrates surgical precision with prescribed ritual elements, ensuring compliance with halachic requirements while minimizing trauma to the infant.",pro,male,model,none,0,0,0,3,,,,
mohel,s0100,"The entire operation, leveraging the infant's physiological resilience, typically lasts under one minute from incision to completion, emphasizing the mohel's training in both surgical asepsis and ritual exactitude.",pro,male,model,none,0,0,0,3,,,,
mohel,s0116,"These steps align with standard protocols for infant circumcision, where infection rates remain low (under 1%) when hygiene is maintained.",pro,male,model,mixed,0,0,0,3,,,,
mohel,s0118,"Ritual male circumcision in infancy confers a substantial reduction in the risk of urinary tract infections (UTIs) during the first year of life, with studies estimating a 90% to 100% relative risk reduction compared to uncircumcised males. [58] [59]",pro,male,model,pro,0,0,0,3,,,,
mohel,s0119,"This benefit arises from the removal of the foreskin, which can harbor bacteria and facilitate ascending infections; meta-analyses of cohort studies confirm that uncircumcised infants face a 10-fold higher UTI incidence, though absolute risk remains low at approximately 1% in uncircumcised males versus 0.1-0.2% in circumcised ones.",pro,male,model,pro,0,0,0,3,,,,
mohel,s0121,"Three randomized controlled trials conducted in Africa between 2005 and 2007 demonstrated that male circumcision reduces heterosexual HIV acquisition by 51% to 60% over 24 to 72 months of follow-up, with protective efficacy increasing over time due to cumulative exposure prevention. [60] [61]",pro,male,model,pro,0,0,0,3,,,,
mohel,s0122,"Systematic reviews of these trials and observational data affirm the mechanism involves keratinization of the glans and reduced viral entry sites under the foreskin, conferring lifelong protection when performed neonatally, as evidenced by lower HIV prevalence in circumcised populations. [62]",pro,male,model,pro,1,1,1,0,secundum-quid,cum-hoc,over-extrapolation,cum-hoc|over-extrapolation|secundum-quid
mohel,s0124,"Circumcision also lowers risks of certain sexually transmitted infections, including human papillomavirus (HPV) by 32-35% and herpes simplex virus type 2 (HSV-2) by 28-34%, per secondary outcomes from the African RCTs and meta-analyses of global data. [61] [64]",pro,male,model,none,0,0,0,3,,,,
mohel,s0125,"These reductions stem from decreased susceptibility to mucosal pathogens, with cohort studies showing circumcised males exhibit lower oncogenic HPV strains linked to anogenital cancers.",pro,male,model,none,0,0,0,3,,,,
mohel,s0127,"The procedure markedly decreases lifetime penile cancer incidence, which is rare but nearly exclusive to uncircumcised males with chronic inflammation or poor hygiene; epidemiological evidence indicates a 3- to 22-fold risk reduction in circumcised cohorts, attributable to elimination of smegma accumulation and phimosis-related carcinogenesis. [65] [64]",pro,male,model,pro,0,0,0,3,,,,
mohel,s0128,"Risk-benefit analyses of neonatal circumcision quantify net preventive gains, estimating benefits-to-risks ratios exceeding 100:1 when aggregating UTI, STI, and cancer averting effects against procedural complications.",pro,male,model,mixed,0,0,0,3,,,,
mohel,s0130,"Neonatal circumcision, as performed in the brit milah ritual by trained mohels, is associated with low rates of complications, typically ranging from 0% to 3% overall, with a median frequency of 1.5% for any adverse event in systematic reviews of procedures on infants under one year. [66] [67]",pro,male,model,mixed,0,0,0,3,,,,
mohel,s0131,"Common minor complications include bleeding (0.08%–0.18%), local infection (0.06%), and penile injury (0.04%), while serious events such as excessive bleeding requiring intervention or penile damage occur at rates below 0.1% in hospital-based settings. [68]",pro,male,model,anti,0,0,0,3,,,,
mohel,s0134,"Risks specific to brit milah include potential for incomplete hemostasis from traditional scalpel incision without clamps, leading to delayed bleeding, and rare iatrogenic injuries from uneven excision, though these are mitigated by the procedure's timing on day eight when neonatal healing is optimal. [24]",pro,male,model,mixed,0,0,0,3,,,,
mohel,s0136,"The American Academy of Pediatrics notes that while benefits like reduced urinary tract infections (1 in 1,000 risk for circumcised vs. 1 in 100 for uncircumcised) outweigh risks, parental counseling on potential adverse events—such as meatal stenosis (<0.1%) or urinary tract infections post-procedure—is essential. [58]",pro,male,model,mixed,0,0,0,3,,,,
mohel,s0138,"Mitigation strategies emphasize mohel certification through rigorous apprenticeships covering anatomy, aseptic technique, and emergency response, often integrating medical oversight; for instance, mohels with physician credentials report near-zero complication rates in controlled settings. [73]",pro,male,model,anti,0,0,0,3,,,,
mohel,s0139,"Use of disposable sterile blades, local anesthesia (e.g., lidocaine cream), and immediate post-procedure petroleum gauze application prevent most infections and adhesions, with follow-up exams recommended within 24–48 hours. [74]",pro,male,model,pro,0,0,0,3,,,,
mohel,s0140,"In high-volume ritual practices like Israel's, mandatory reporting and hygiene protocols have sustained low adverse event rates, demonstrating that standardized training and prompt intervention—such as cauterization for bleeding—effectively minimize both acute and long-term risks like scarring or stricture.",pro,male,model,mixed,0,0,0,3,,,,
mohel,s0142,"Critics of infant circumcision contend that the procedure constitutes a violation of the infant's fundamental right to bodily integrity, as it involves the surgical removal of healthy, functional tissue without the child's consent or any immediate therapeutic necessity. [75]",anti,male,model,anti,0,0,0,3,,,,
mohel,s0143,"This right is enshrined in international human rights frameworks, such as the United Nations Convention on the Rights of the Child, which prioritizes the protection of children's physical integrity against non-essential interventions. [76]",anti,male,model,anti,0,0,0,3,,,,
mohel,s0144,"Ethicists argue that proxy consent by parents cannot override this, as parents lack authority to authorize irreversible modifications to a minor's body for cultural, religious, or aesthetic reasons, particularly when the procedure carries risks of pain, infection, and reduced sensitivity without proportional benefits to the individual undergoing it.",anti,male,model,mixed,0,0,0,3,,,,
mohel,s0146,"From a first-principles ethical standpoint, infant circumcision fails the principle of autonomy because the child is incapable of informed consent, rendering the act a unilateral imposition that forecloses future choice. [78]",anti,male,model,anti,0,0,0,3,,,,
mohel,s0147,"Proponents of deferral emphasize that the foreskin serves protective and sensory functions, and its excision—estimated to remove approximately 20,000–70,000 specialized nerve endings—alters the body's natural state permanently, akin to other non-therapeutic cuttings prohibited in medical ethics. [79]",anti,male,model,mixed,0,0,0,3,,,,
mohel,s0148,"This autonomy deficit is compounded by the procedure's elective nature in non-medical contexts, where parental decisions reflect communal traditions rather than the child's best interests, potentially infringing on the ethical duty of non-maleficence by introducing avoidable harm.",anti,male,model,anti,0,0,0,3,,,,
mohel,s0150,"Human rights scholars further classify non-therapeutic circumcision as a form of medical violence, arguing that it discriminates against male infants by denying them the same protections afforded to female counterparts under laws banning female genital cutting, regardless of severity differences. [75]",anti,male,model,anti,0,0,0,3,,,,
mohel,s0151,"Legal precedents in Europe, such as Germany's 2012 ruling by the Federal Constitutional Court questioning ritual circumcision's compatibility with children's rights, underscore this tension, highlighting how autonomy arguments prioritize individual self-determination over collective practices. [78]",anti,male,model,anti,0,0,0,3,,,,
mohel,s0152,"While some counter that cultural continuity justifies parental prerogative, ethicists rebut this by noting that rights to religious freedom do not extend to harming dependents, as evidenced by prohibitions on other irreversible rituals like scarring or tattooing minors.",anti,male,model,mixed,0,0,0,3,,,,
mohel,s0154,"In philosophical terms, the procedure exemplifies a paternalistic overreach, where short-term communal benefits are imposed at the expense of long-term personal agency, with surveys indicating that a majority of adult men who experienced infant circumcision would not choose it for their own sons if given the option. [77]",anti,male,model,pro,0,0,0,3,,,,
mohel,s0155,"This perspective aligns with liberal ethical theories emphasizing negative liberty—freedom from unwarranted interference—and calls for regulatory reforms to treat circumcision as an adult elective, preserving the option without mandating it on the vulnerable.",anti,male,model,none,0,0,0,3,,,,
mohel,s0158,"Proponents, including rabbinic authorities in groups like the Central Rabbinical Congress, argue that the practice, when performed by a healthy mohel, effectively cleanses the wound and mitigates infection risks, asserting that alternatives such as glass tubes or sponges fail to achieve the same ritual efficacy or safety, and that documented cases reflect rare anomalies rather than inherent danger. [81]",pro,male,model,none,0,0,0,3,,,,
mohel,s0159,"They contend that historical rabbinic consensus, as reiterated in 19th-century responsa amid early germ theory debates, supports direct oral contact unless the mohel is known to carry disease, prioritizing religious observance over secular risk assessments.",pro,male,model,none,0,0,0,3,,,,
mohel,s0161,"Public health data, however, documents causal links to neonatal herpes simplex virus type 1 (HSV-1) transmission, with the CDC reporting 11 laboratory-confirmed cases among male infants in New York City from 2006 to 2011 following circumcisions involving metzitzah b'peh, including two fatalities from disseminated HSV infection leading to organ failure and brain damage. [82]",anti,male,model,anti,0,0,0,3,,,,
mohel,s0162,"Additional cases emerged, such as a 2014 diagnosis in an infant post-ritual, underscoring a transmission rate estimated at 24.4 infections per 100,000 boys undergoing the practice—3.4 times higher than baseline neonatal HSV rates—attributable to the mohel's oral contact introducing HSV-1, which asymptomatically infects over 50% of adults. [83] [84] [85]",anti,male,model,none,0,0,0,3,,,,
mohel,s0163,"Critics, including medical bodies like the New York City Department of Health, highlight that infants' immature immune systems amplify severity, with HSV causing potentially lethal encephalitis, and note the absence of proven benefits from oral suction beyond placebo or outdated theories, as sterile aspiration yields equivalent hemostasis without viral exposure risk.",anti,male,model,mixed,0,0,0,3,,,,
mohel,s0167,"This resolution drew criticism from bioethicists for inadequately protecting non-consenting infants, as parental religious conviction may override disclosed perils, perpetuating a practice where empirical harm—evidenced by clustered infections tracing to individual mohels—outweighs unsubstantiated ritual claims. [90]",anti,male,model,mixed,0,0,0,3,,,,
mohel,s0172,"Jewish organizations, including the Central Rabbinical Congress, challenged the rule in federal court, contending it infringed on First Amendment rights to free exercise of religion and free speech by coercing disclosure of unproven risks and burdening a millennia-old ritual.",pro,male,model,none,0,0,0,3,,,,
mohel,s0182,"The decision provoked widespread condemnation from Jewish and Muslim leaders for threatening religious survival post-Holocaust, prompting Germany's Bundestag to enact a federal law in December 2012 legalizing circumcision for boys up to six months by trained practitioners, with anesthesia recommended and parental liability shielded if complications arise. [97]",pro,male,model,anti,0,0,0,3,,,,
mohel,s0224,"News media coverage of mohels predominantly focuses on controversies surrounding brit milah, particularly rare health risks from metzitzah b'peh (direct oral suction), amplifying isolated incidents like neonatal herpes cases in New York City between 2000 and 2012, which involved a small number of ultra-Orthodox practitioners.",pro,male,model,none,0,0,0,3,,,,
mohel,s0225,"Such reporting, often in outlets like The New York Times and NPR, emphasizes regulatory clashes, such as 2012 proposals for parental consent forms, framing mohels as potential vectors for infection despite the practice's limited prevalence among the roughly 1,000 U.S. mohels.",pro,male,model,none,0,0,0,3,,,,
mohel,s0226,"Anti-circumcision advocacy groups have published materials portraying mohels derogatorily, including a 2011 cartoon depicting a ""monster mohel"" in campaigns against San Francisco's proposed circumcision ban, which the Anti-Defamation League condemned as invoking anti-Semitic blood libel tropes.",pro,male,model,anti,0,0,0,3,,,,
mohel,s0229,"In Jewish society, mohels are generally revered as skilled ritual specialists essential to covenantal identity, with selections prioritizing piety, competence, and experience; non-Jewish families increasingly hire them for precision and cultural appeal, citing lower infection risks compared to hospital settings.",pro,male,model,none,0,0,0,3,,,,
mohel,s0230,"Broader societal views, influenced by secular ethics and medical skepticism, often conflate mohels with infant genital alteration debates, viewing brit milah as unnecessary or harmful despite data showing complication rates under 1% for trained practitioners.",pro,male,model,anti,0,0,0,3,,,,
mohel,s0231,"Mainstream portrayals tend to prioritize autonomy arguments against non-consensual procedures, reflecting institutional biases toward secular norms, while underrepresenting the ritual's centrality to Jewish continuity amid declining circumcision rates among non-religious U.S. Jews (from 90% in the 1970s to about 70% by 2020).",pro,male,model,anti,1,1,1,0,bulverism,appeal-to-motive,bulverism,appeal-to-motive|bulverism
paraphimosis,s0043,"In infancy, the inner foreskin remains fused to the glans by synechiae, a normal physiological adhesion that protects the developing structures and constitutes physiologic phimosis.",anti,male,model,none,0,0,0,3,,,,
paraphimosis,s0112,"Epidemiologically, paraphimosis is more prevalent in regions with low neonatal circumcision rates, such as parts of Europe, compared to the United States, where circumcision reduces incidence by eliminating the foreskin.",pro,male,model,pro,0,0,0,3,,,,
paraphimosis,s0173,"For definitive management, circumcision remains the standard procedure to eliminate the risk of recurrence by removing the foreskin entirely or partially. [21]",pro,male,model,none,0,0,0,3,,,,
paraphimosis,s0174,"Performed electively after initial stabilization, it involves excision of the prepuce under local or general anesthesia, with excellent outcomes in preventing future episodes, as paraphimosis does not recur following a proper circumcision. [4]",pro,male,model,none,0,0,0,3,,,,
paraphimosis,s0181,"Following circumcision, recurrence rates approach zero, emphasizing its role in long-term prevention.",pro,male,model,none,0,0,0,3,,,,
paraphimosis,s0203,"Elective circumcision is advised for individuals with recurrent paraphimosis or persistent phimosis unresponsive to conservative treatments, eliminating the foreskin and thereby preventing future episodes in high-risk groups such as those with balanitis xerotica obliterans or cultural predispositions to delayed intervention. [43]",pro,male,model,none,0,0,0,3,,,,
paraphimosis,s0204,"This procedure serves as a reliable prophylactic strategy, nearly eliminating paraphimosis risk while also offering broader benefits like reduced penile carcinoma incidence, though it is typically reserved for cases where non-surgical options fail.",pro,male,model,pro,0,0,0,3,,,,
penile-subincision,s0008,"Medically, subincision alters urinary flow, often causing spraying or diversion, and exposes the urethral mucosa, leading to recurrent bleeding and heightened vulnerability to infections and sexually transmitted diseases due to the permanent opening. [2]",anti,male,model,none,0,0,0,3,,,,
penile-subincision,s0009,"Complications from the non-sterile, inexpert execution include excessive scarring, urinary fistulas, and potential long-term erectile dysfunction, underscoring the procedure's inherent physical costs despite its cultural endurance. [1]",anti,male,model,anti,0,0,0,3,,,,
penile-subincision,s0028,"The incision depth and length mirror traditional forms but are precisely controlled to expose the urethral lumen while preserving erectile function, with healing accelerated by modern hygiene—typically 2-4 weeks—though long-term risks like stricture formation remain unaddressed by empirical medical endorsement, as the procedure lacks recognized therapeutic utility in contemporary urology.",anti,male,model,pro,0,0,0,3,,,,
penile-subincision,s0079,"Acute complications like hypovolemic shock from unchecked hemorrhage or early infection from non-sterile traditional implements have been noted in historical descriptions, though quantitative data remain limited owing to the ritualistic, non-medical nature of most cases. [22]",anti,male,model,anti,0,0,0,3,,,,
penile-subincision,s0080,"Post-procedure isolation or aftercare in cultural settings focuses on wound monitoring, but without antibiotics, bacterial ingress poses an elevated short-term risk.",anti,male,model,none,0,0,0,3,,,,
penile-subincision,s0082,"Penile subincision involves a deliberate incision along the ventral urethra, which can predispose individuals to chronic urinary tract infections due to altered anatomy facilitating bacterial ascension and incomplete voiding. [24]",anti,male,model,none,0,0,0,3,,,,
penile-subincision,s0083,"The procedure's disruption of the normal urethral closure mechanism often results in spraying or misdirected urination, complicating hygiene and increasing exposure to contaminants over time.",anti,male,model,pro,0,0,0,3,,,,
penile-subincision,s0085,"Scarring from inadequate healing, particularly in non-sterile or self-performed cases, may lead to urethral strictures or fistulas, narrowing the passage and causing obstructive symptoms such as weak stream or retention, though systematic data specific to subincision remains limited. [25]",anti,male,model,none,0,0,0,3,,,,
penile-subincision,s0086,"Sexual function can be impaired long-term, with reports of erectile pain, curvature, or reduced sensation attributable to fibrosis in the corpus spongiosum and surrounding tissues.",anti,male,model,none,0,0,0,3,,,,
penile-subincision,s0088,"The expanded urethral opening heightens susceptibility to sexually transmitted infections by exposing more mucosal surface to pathogens during intercourse, a risk amplified in unhealed or recurrently irritated tissues. [24]",anti,male,model,none,0,0,0,3,,,,
penile-subincision,s0089,"Fertility may be indirectly affected if ejaculate trajectory is uncontrolled, potentially reducing deposition in the vaginal canal, though empirical confirmation is sparse. [6]",anti,male,model,none,0,0,0,3,,,,
penile-subincision,s0090,"Overall, the absence of controlled studies underscores reliance on case reports from body modification contexts, where complication rates exceed those of supervised urological interventions.",anti,male,model,anti,0,0,0,3,,,,
penile-subincision,s0092,"Undergoing penile subincision during traditional initiation rites in Australian Aboriginal societies elevates the individual's status from novice to full adult male, granting access to restricted knowledge, ceremonies, and social privileges such as marriage and hunting rights. [1]",pro,male,model,none,0,0,0,3,,,,
penile-subincision,s0094,"Ethnographic accounts indicate that this process integrates the initiate into the patrilineal kinship network, enhancing interpersonal trust and cooperative bonds through demonstrated commitment to group norms via costly signaling.",pro,male,model,none,0,0,0,3,,,,
penile-subincision,s0096,"On a personal level, the rite instills a profound sense of masculine identity and spiritual alignment with ancestral totems, as the modified penis is mythologically linked to fertility and creative beings in Dreamtime narratives, potentially yielding psychological fulfillment from cultural continuity. [11]",pro,male,model,none,0,0,0,3,,,,
penile-subincision,s0097,"However, the procedure's irreversibility and associated vulnerabilities—such as altered urination and ejaculation patterns—can impose ongoing adaptations in daily hygiene and intimacy, with anecdotal modern self-performed cases reporting mixed outcomes including regret over diminished sensation or reversibility limitations. [28]",anti,male,model,mixed,0,0,0,3,,,,
penile-subincision,s0110,"The procedure, conducted without anesthesia in remote settings, involves slitting the underside of the penis from the urethra to the base, rendering individual consent from the minor impractical amid communal pressure and ritual preparation.",anti,male,model,none,0,0,0,3,,,,
penile-subincision,s0112,"Ethical debates focus on minors' incapacity to provide informed consent for irreversible genital modifications, with critics asserting that adolescents lack full comprehension of lifelong consequences, including altered urination, sexual function, and fertility risks. [31] [32]",anti,male,model,anti,0,0,0,3,,,,
penile-subincision,s0113,"Organizations advocating genital autonomy, such as the Australasian Institute for Genital Autonomy, argue this violates children's bodily integrity, equating it morally to prohibited female genital cutting and citing UN Convention on the Rights of the Child (CRC) Articles 19 and 24 against harmful traditional practices performed without therapeutic necessity. [32]",anti,male,model,anti,0,0,0,3,,,,
penile-subincision,s0116,"Proponents, often from anthropological perspectives within Indigenous contexts, maintain that communal rites foster social cohesion and male identity, with boys culturally groomed to accept the procedure as a voluntary passage, implying a form of proxy consent through tradition. [30]",pro,male,model,none,0,0,0,3,,,,
penile-subincision,s0117,"However, documented cases of severe complications, such as infections and excessive bleeding in unsupervised settings—as in a 2014 Northern Territory incident involving multiple boys—underscore risks amplified by minors' inability to refuse or seek recourse. [3]",anti,male,model,anti,0,0,0,3,,,,
penile-subincision,s0118,"Legal scholars propose requiring court oversight or medical standards for such interventions, akin to intersex surgeries, to balance cultural claims against evidence of harm. [31] [3]",anti,male,model,anti,0,0,0,3,,,,
penile-subincision,s0119,"These tensions persist amid declining practice, with calls for delaying until legal adulthood to ensure autonomous decision-making.",anti,male,model,none,0,0,0,3,,,,
penile-subincision,s0123,"Proponents of cultural preservation argue that prohibiting the practice undermines indigenous self-determination and erodes intangible heritage, as evidenced by ethnographic studies emphasizing its role in maintaining kinship systems and cosmological beliefs amid historical colonization pressures.",pro,male,model,none,0,0,0,3,,,,
penile-subincision,s0125,"Despite this, the procedure inflicts demonstrable bodily harm, involving a deep longitudinal incision along the ventral penis into the urethra without anesthesia in traditional settings, leading to risks of hemorrhage, urinary fistulas, strictures, chronic infections, and impaired erectile function, as documented in case reports of complications from similar ritual cuttings. [35]",anti,male,model,anti,0,0,0,3,,,,
penile-subincision,s0126,"Medical analyses highlight that such modifications, performed on adolescent males typically aged 10-16, can result in permanent anatomical alterations without therapeutic benefit, potentially causing lifelong issues like incontinence or sexual dissatisfaction, paralleling complications observed in other non-medical genital surgeries. [36]",anti,male,model,mixed,0,0,0,3,,,,
penile-subincision,s0127,"Empirical data from limited clinical observations underscore higher infection rates in non-sterile environments, with historical accounts noting deaths from sepsis in pre-contact eras, though modern secrecy complicates quantification.",anti,male,model,none,0,0,0,3,,,,
penile-subincision,s0129,"The debate pits cultural relativism against universal principles of bodily integrity and child protection, with anthropologists cautioning that Western legal bans—such as Australia's state-level prohibitions on non-therapeutic genital modifications since the 1990s—risk cultural erasure without accommodating informed community alternatives, potentially exacerbating social marginalization. [38]",pro,male,model,mixed,0,0,0,3,,,,
penile-subincision,s0130,"Human rights frameworks, including those from the United Nations Convention on the Rights of the Child, prioritize minors' right to physical integrity over group customs, viewing subincision as coercive harm given the power imbalances in initiations and absence of reversible consent, a stance reinforced by bioethicists who note parallels to condemned female genital cuttings despite differing social valuations. [39]",anti,male,model,anti,0,0,0,3,,,,
penile-subincision,s0131,"Critics of preservation arguments, including some indigenous health advocates, point to declining voluntary participation—evident in surveys from Arnhem Land communities by the 2000s—attributable to awareness of health detriments and shifting generational values, suggesting adaptation through symbolic proxies rather than physical enactment preserves essence without injury. [40]",anti,male,model,mixed,0,0,0,3,,,,
penile-subincision,s0132,"This tension reflects broader global contentions in multicultural contexts, where empirical harm evidence from peer-reviewed cases challenges unsubstantiated claims of net cultural benefit, urging evidence-based policies over deference to tradition alone.",anti,male,model,mixed,0,0,0,3,,,,
penile-subincision,s0139,"In Western body modification subcultures, influenced by the ""modern primitives"" movement of the 1990s onward—which seeks to revive tribal aesthetics through voluntary alterations—penile subincision is occasionally self-performed or sought from specialized practitioners for reasons including aesthetic reconfiguration, enhanced urination mechanics, or intensified sexual sensations via exposure of the urethra. [42]",pro,male,model,none,0,0,0,3,,,,
penile-subincision,s0140,"Such cases remain exceedingly rare, with procedures often conducted outside regulated medical settings, heightening risks of hemorrhage, infection, and long-term urinary strictures, as noted in forensic and anthropological reviews. [17]",anti,male,model,anti,0,0,0,3,,,,
penile-subincision,s0141,"Participants typically cite personal autonomy and cultural homage, but medical literature emphasizes the absence of therapeutic benefits and potential for irreversible damage.",anti,male,model,mixed,0,0,0,3,,,,
penile-subincision,s0150,"From a medical standpoint, penile subincision is regarded as a high-risk urethrotomy with no therapeutic benefits, disrupting urethral integrity and exposing the urinary tract to chronic complications such as strictures, fistulas, recurrent infections, and hemorrhage, particularly when conducted without sterile conditions or anesthesia in traditional settings. [45]",anti,male,model,mixed,0,0,0,3,,,,
penile-subincision,s0151,"Long-term outcomes include altered ejaculation patterns leading to fertility challenges from uncontrolled semen dispersal and heightened susceptibility to sexually transmitted infections due to permanent urethral opening, as documented in anthropological and forensic reviews of cases among Australian Aboriginal populations. [2]",anti,male,model,none,0,0,0,3,,,,
penile-subincision,s0152,"Mainstream urological perspectives, informed by analogous penile splitting procedures, highlight risks of nerve damage, erectile impairment, and psychological sequelae, advising against it absent overriding cultural or personal autonomy for adults, with repair surgeries often complex and imperfect. [6]",anti,male,model,anti,0,0,0,3,,,,
penile-subincision,s0153,"Peer-reviewed analyses frame it as ritual mutilation rather than modification, prioritizing empirical evidence of anatomical disruption over unsubstantiated claims of cultural equivalence to less invasive practices.",anti,male,model,anti,0,0,0,3,,,,
phimosis,s0051,"The tight ring at the preputial orifice prevents retraction, serving a protective function against infection and mechanical irritation in early life.",anti,male,model,pro,0,0,0,3,,,,
phimosis,s0075,"Uncircumcised status inherently predisposes to balanitis episodes, as retained smegma harbors pathogens; recurrent inflammation correlates with hygiene lapses in up to 50% of pathologic cases. [18]",pro,male,model,pro,0,0,0,3,,,,
phimosis,s0112,"The high rate of spontaneous resolution supports conservative management, delaying interventions until after age 3-5 years unless complications arise, as forced retraction risks iatrogenic damage. [26]",anti,male,model,anti,0,0,0,3,,,,
phimosis,s0115,"Incomplete foreskin retraction at age 12 years is commonly still physiological and does not necessitate circumcision in asymptomatic boys; the condition frequently resolves spontaneously or with conservative measures such as topical corticosteroids, with surgery indicated only for severe symptoms (pain, recurrent infections, or difficulty voiding) or after failure of medical therapy, following evaluation by a pediatrician or urologist. [1]",anti,male,model,none,0,0,0,3,,,,
phimosis,s0142,"Over time, phimosis elevates the risk of urinary tract infections (UTIs), particularly in males, as incomplete foreskin retraction impedes hygiene and allows bacterial colonization under the prepuce, with studies indicating a protective effect from circumcision reducing UTI incidence by factors of 6.6- to 10-fold in affected age groups. [36] [37]",pro,male,model,pro,0,0,0,3,,,,
phimosis,s0155,"Circumcision (full or partial removal of the foreskin) remains the definitive treatment for refractory or complicated cases, permanently eliminating phimosis and associated risks.",pro,male,model,none,0,0,0,3,,,,
phimosis,s0156,"In adults undergoing circumcision for phimosis, postoperative pain is generally mild to moderate and managed effectively with analgesics; severe pain is rare and often complication-related (see the Circumcision article for details).",pro,male,model,mixed,0,0,0,3,,,,
phimosis,s0206,Circumcision is often preferred in diabetic patients as the definitive treatment due to higher risks of recurrent infections and poor healing with conservative approaches.,pro,male,model,none,0,0,0,3,,,,
phimosis,s0209,"Circumcision, the excision of the foreskin, remains the definitive and most commonly performed procedure, providing permanent resolution by eliminating the non-retractable tissue and enabling full glans exposure to further reduce any residual hypersensitivity through keratinization. [1] [12]",pro,male,model,none,0,0,0,3,,,,
phimosis,s0214,"In pediatric series, success rates exceed 90%, with 163 of 176 boys achieving full retractability without recurrence at follow-up, and lower overall complication rates compared to circumcision except for transient edema. [62]",anti,male,model,mixed,0,0,0,3,,,,
phimosis,s0215,"Recurrence may necessitate redo preputioplasty or conversion to circumcision in 5-10% of cases, but it avoids penile denervation and maintains natural anatomy. [63]",anti,male,model,none,0,0,0,3,,,,
phimosis,s0222,"These are less invasive than circumcision, preserving natural anatomy and gliding function, though 10-30% may require circumcision if symptoms persist.",anti,male,model,none,0,0,0,3,,,,
phimosis,s0246,"Following effective treatment, such as circumcision, long-term outcomes are generally favorable, with no recurrence of phimosis and resolution of associated infections or hygiene issues reported in cohort studies. [15]",pro,male,model,pro,0,0,0,3,,,,
phimosis,s0247,"Non-surgical approaches, including topical steroids, demonstrate sustained foreskin retractability in up to 81% of cases at 24-month follow-up, avoiding surgical risks. [56]",anti,male,model,none,0,0,0,3,,,,
phimosis,s0248,"However, post-circumcision complications, though infrequent (rates <5% in systematic reviews), may include persistent meatal stenosis or altered sensation, underscoring the need for individualized management to minimize enduring impacts. [67]",anti,male,model,anti,0,0,0,3,,,,
phimosis,s0261,"Prevalence of pathological phimosis in adulthood shows marked geographic variation, primarily correlating inversely with regional rates of male circumcision, which eliminates the foreskin and thus precludes the condition.",pro,male,model,none,0,0,0,3,,,,
phimosis,s0262,"In high-circumcision regions such as Muslim-majority countries (where rates approach 99-100%) and Israel, adult phimosis is virtually nonexistent due to near-universal neonatal or childhood circumcision performed for religious reasons. [81]",pro,male,model,none,0,0,0,3,,,,
phimosis,s0265,"In contrast, European countries with low circumcision prevalence—such as Denmark (<1%), Germany (6.7%), and the United Kingdom (<20%)—report higher rates of phimosis requiring intervention, with systematic reviews indicating 1-5% of adult males affected, often linked to untreated physiological cases progressing to pathology. [81] [22]",pro,male,model,none,1,0,0,2,inconsistency,,,inconsistency
phimosis,s0266,"A Danish cohort study of uncircumcised boys under a foreskin-preserving policy found surprisingly high morbidity from phimosis, including adhesions and infections, underscoring risks in regions avoiding routine circumcision. [83]",pro,male,model,none,0,0,0,3,,,,
phimosis,s0270,"In secular Western Europe and much of Latin America (circumcision <20%), cultural preference for bodily autonomy favors conservative treatments like steroid creams or stretching over prophylactic surgery, viewing routine circumcision as unnecessary absent pathology. [82] [22]",anti,male,model,anti,0,0,0,3,,,,
phimosis,s0272,"These variations highlight how cultural and religious practices causally shape phimosis epidemiology, with empirical data from global surveys confirming lower morbidity in circumcising societies. [81]",pro,male,model,none,0,0,0,3,,,,
phimosis,s0274,"Circumcision, the surgical excision of the foreskin, serves as a definitive intervention for phimosis by permanently exposing the glans penis and eliminating the risk of foreskin-related retraction issues. [86]",pro,male,model,none,0,0,0,3,,,,
phimosis,s0276,"In such cases, guidelines from organizations like the European Association of Urology (EAU) endorse circumcision as a reliable option, especially when medical treatments fail, with success rates approaching 100% in resolving the primary symptom of non-retractability. [4]",pro,male,model,pro,0,0,0,3,,,,
phimosis,s0277,"However, it is not routinely recommended for physiologic phimosis in children, which often resolves spontaneously by adolescence in up to 90% of cases without intervention.",anti,male,model,none,0,0,0,3,,,,
phimosis,s0279,"Despite its efficacy, circumcision's role remains contentious due to its irreversibility and the removal of functional penile tissue.",anti,male,model,anti,0,0,0,3,,,,
phimosis,s0280,"The foreskin provides protective, sensory, and immunological benefits, and its excision may lead to reduced glans sensitivity or altered sexual function, as reported in some studies assessing erectile function post-procedure. [3]",anti,male,model,mixed,0,0,0,3,,,,
phimosis,s0281,"Complications, though uncommon (occurring in 1-5% of cases), include bleeding, infection, and meatal stenosis, with systematic reviews highlighting higher risks in neonatal or non-specialist settings. [77]",anti,male,model,anti,0,0,0,3,,,,
phimosis,s0282,"Critics argue that circumcision prioritizes symptom elimination over tissue preservation, particularly in minors incapable of consent, raising ethical concerns about unnecessary surgery when alternatives exist. [3]",anti,male,model,anti,0,0,0,3,,,,
phimosis,s0283,"For instance, preputioplasty—a foreskin-sparing technique—involves incising and reshaping the constricted ring, achieving comparable outcomes to circumcision with lower complication rates in select cohorts.",anti,male,model,mixed,0,0,0,3,,,,
phimosis,s0285,"Conservative approaches, such as topical steroids or mechanical stretching devices, further fuel debate by demonstrating avoidance of circumcision in 70-80% of non-pathologic cases.",anti,male,model,none,0,0,0,3,,,,
phimosis,s0286,"A 2023 study using a stretching device reported 81% success in adults at 24-month follow-up, underscoring viable non-surgical paths that mitigate risks of surgical regret or functional loss. [89]",anti,male,model,none,0,0,0,3,,,,
phimosis,s0287,"Proponents of circumcision counter that it prevents recurrent complications like paraphimosis or balanoposthitis, supported by longitudinal data showing reduced urinary tract infections in circumcised cohorts. [20]",pro,male,model,anti,0,0,0,3,,,,
phimosis,s0288,"Yet, these benefits must be weighed against evidence from controlled trials indicating minimal long-term health gains for routine application in phimosis management. [90]",anti,male,model,pro,0,0,0,3,,,,
phimosis,s0289,Institutional guidelines increasingly favor stepwise escalation—starting with non-invasive methods—reflecting a shift toward minimizing irreversible interventions absent compelling pathology.,anti,male,model,anti,0,0,0,3,,,,
phimosis,s0296,"In regions like parts of Europe and Asia with low routine circumcision rates, prevalence of diagnosed phimosis remains comparable (around 13-14% in some studies) but leads to fewer surgical referrals, favoring observation or non-invasive stretching over excision, reflecting views that the foreskin serves protective and sensory functions absent pathological evidence. [92] [36]",anti,male,model,pro,0,0,0,3,,,,
phimosis,s0299,"The tension between these perspectives manifests in debates over overdiagnosis, where medical framing in high-circumcision cultures like the United States attributes up to 87% of pediatric circumcisions to phimosis, potentially conflating physiological variants with disease to justify routine procedures influenced by entrenched norms rather than strict symptomatology. [95] [96]",anti,male,model,none,0,0,0,3,,,,
phimosis,s0300,"Empirical data indicate that in uncircumcised cohorts, self-resolved or conservatively managed cases predominate, challenging claims of universal medical necessity and highlighting how cultural biases—such as parental expectations of early retraction by age 1 in 66% of surveyed families—drive unnecessary interventions despite evidence of natural resolution. [91] [83]",anti,male,model,anti,0,0,0,3,,,,
phimosis,s0301,"Critics argue this pathologization stems from observer bias in circumcising medical traditions, where intact foreskins are scrutinized more rigorously, whereas first-principles evaluation prioritizes symptoms like pain or infection over mere non-retractability, underscoring the need for evidence-based thresholds to avoid conflating cultural preferences with clinical imperatives. [97]",anti,male,model,anti,0,0,0,3,,,,
phimosis,s0318,"Routine preputial biopsy in pathological cases confirms secondary skin changes like fibrosis, supporting targeted management over blanket circumcision. [101]",anti,male,model,none,0,0,0,3,,,,
phimosis,s0329,"In adults, preputioplasty avoids circumcision's complications, with 93% positive results in retrospective analyses of 176 boys, though reoperation rates rise in BXO-confirmed cases. [107]",anti,male,model,anti,0,0,0,3,,,,
phimosis,s0330,"These approaches align with guidelines prioritizing conservative escalation, reducing unnecessary excisions amid evidence that 80-90% of childhood cases resolve spontaneously by adolescence.",anti,male,model,anti,0,0,0,3,,,,
prevalence-of-circumcision,s0053,"These programs, supported by the U.S. President's Emergency Plan for AIDS Relief (PEPFAR) and others, aim for high coverage among adolescent and adult males to curb heterosexual HIV transmission, with three randomized controlled trials in South Africa, Kenya, and Uganda demonstrating a 50-60% reduction in female-to-male HIV acquisition risk among circumcised men compared to uncircumcised controls. [29] [30]",pro,male,model,none,0,0,0,3,,,,
prevalence-of-circumcision,s0054,"By 2023, over 27 million VMMCs had been performed through these initiatives, averting an estimated 1.4-2.1 million HIV infections based on modeling from trial data and program scale-up. [8]",pro,male,model,none,0,0,0,3,,,,
prevalence-of-circumcision,s0057,"Causal evidence from the trials attributes the protective effect to reduced viral entry via the foreskin, which harbors more target cells for HIV and is prone to micro-tears during intercourse, rather than behavioral changes, as circumcised participants reported similar sexual practices. [32]",pro,male,model,pro,0,0,0,3,,,,
prevalence-of-circumcision,s0058,"Program evaluations confirm population-level HIV incidence declines correlating with VMMC scale-up, independent of confounding factors like antiretroviral therapy expansion.",pro,male,model,none,1,1,1,0,false-cause,cum-hoc,cum-hoc,cum-hoc|false-cause
prevalence-of-circumcision,s0061,"This led to prevalence rising from near-zero to over 50% by the mid-20th century, framed as prophylactic against infections amid limited sanitation, though absolute UTI risks in uncircumcised infants remain low (1-2% in first year) and treatable non-surgically. [35]",anti,male,model,none,0,0,0,3,,,,
prevalence-of-circumcision,s0062,"Contemporary guidelines, such as those from the American Academy of Pediatrics in 2012, cite modest reductions in UTI risk (90% relative, but 0.1-0.2% absolute) alongside penile cancer prevention, yet these have not reversed declining U.S. rates (from 80% in 1970s births to 58% by 2010), reflecting weaker causal imperatives compared to infectious disease contexts.",anti,male,model,pro,0,0,0,3,,,,
prevalence-of-circumcision,s0085,"Traditional circumcision rites, common in ethnic groups across Kenya, South Africa, and Zambia, often occur outside clinical settings by non-medical practitioners, leading to elevated complication rates compared to VMMC.",anti,male,model,anti,0,0,0,3,,,,
prevalence-of-circumcision,s0088,"Overall, while VMMC has incrementally raised prevalence in low-baseline regions, empirical data reveal persistent heterogeneity and incomplete saturation, with traditional practices filling gaps but introducing avoidable health burdens.",anti,male,model,none,0,0,0,3,,,,
prevalence-of-circumcision,s0090,"Three randomized controlled trials conducted between 2005 and 2007—in Rakai, Uganda; Orange Farm, South Africa; and Kisumu, Kenya—demonstrated that voluntary medical male circumcision (VMMC) reduces the risk of HIV acquisition by heterosexual men by approximately 50-60% compared to uncircumcised controls, with no evidence of delayed protection or behavioral risk compensation offsetting benefits. [45] [46] [47]",pro,male,model,pro,0,0,0,3,,,,
prevalence-of-circumcision,s0095,"These initiatives have prioritized medical safety and HIV counseling, averting an estimated 340,000 HIV infections by 2020 through direct protective effects.",pro,male,model,pro,0,0,0,3,,,,
prevalence-of-circumcision,s0098,"Despite these setbacks, modeling projects that sustained VMMC coverage at 80-90% among males aged 15-49 could avert 700,000 to over 1 million additional infections by 2030 in modeled scenarios, maintaining elevated circumcision prevalence levels that exceed pre-program baselines by 15-25% in low-uptake regions. [53] [43]",pro,male,model,none,0,0,0,3,,,,
prevalence-of-circumcision,s0131,"Procedures are predominantly non-medical, conducted at home or by informal providers, with complications reported in up to 10% of cases in Pakistan due to unskilled operators. [69]",anti,male,model,anti,0,0,0,3,,,,
prevalence-of-circumcision,s0187,"Policy restrictions have reinforced this trend, with secular majorities viewing non-therapeutic circumcision as infringing on bodily autonomy.",anti,male,model,anti,0,0,0,3,,,,
prevalence-of-circumcision,s0190,"In the Netherlands, medical associations have advocated ending non-therapeutic circumcision since 2011, citing ethical concerns, contributing to sustained low incidence. [90]",anti,male,model,anti,0,0,0,3,,,,
prevalence-of-circumcision,s0209,"This decline reflects evolving medical consensus, including positions from the Royal Australasian College of Physicians stating insufficient evidence supports routine circumcision for benefits like reduced urinary tract infections or HIV risk in low-prevalence settings like Australia. [95]",anti,male,model,pro,0,0,0,3,,,,
prevalence-of-circumcision,s0210,"Anti-circumcision advocacy groups have further influenced public opinion by highlighting ethical concerns over infant consent and potential complications, accelerating the drop beyond medical policy changes alone. [11]",anti,male,model,anti,0,0,0,3,,,,
prevalence-of-circumcision,s0213,"Routine infant circumcision ceased being standard in public hospitals by the mid-20th century, mirroring Australia's shift away from unsubstantiated medical traditions, with private procedures now predominant for cultural or religious reasons among minority groups. [98]",anti,male,model,none,0,0,0,3,,,,
prevalence-of-circumcision,s0214,"Medical bodies, including those aligned with Australian policies, do not endorse it prophylactically, citing rare disease risks in the local context and prioritizing non-invasive hygiene practices. [99]",anti,male,model,pro,0,0,0,3,,,,
prevalence-of-female-genital-mutilation,s0013,This form is among the less extensive cuttings but still results in permanent alteration of sensitive tissue.,anti,FGM,model,none,0,0,0,3,,,,
prevalence-of-female-genital-mutilation,s0030,"For instance, in Indonesia, national data indicate that approximately 49% of girls aged 0-14 have undergone FGC, yet ethnographic studies describe most as symbolic rituals involving a drop of blood via pricking, leading critics to argue that such inclusions inflate global estimates without reflecting equivalent harm levels found in African excisional practices. [8] [9]",pro,FGM,model,mixed,0,0,0,3,,,,
prevalence-of-female-genital-mutilation,s0031,"Similarly, in the Bohra khatna practice, which entails prepuce removal akin to Type Ia, community members frequently describe it as a harmless ""sunna"" rite rather than mutilation, resulting in underreporting in self-administered surveys due to cultural normalization.",pro,FGM,model,pro,0,0,0,3,,,,
prevalence-of-female-genital-mutilation,s0080,"This omission perpetuates intergenerational transmission, with population-level health impacts including heightened maternal mortality and chronic complications projected to burden healthcare systems in growing demographics.",anti,FGM,model,anti,0,0,0,3,,,,
prevalence-of-female-genital-mutilation,s0083,"Ethnographic research in African societies reveals that the procedure is often framed as a prerequisite for marriageability, with uncut women stigmatized as promiscuous or undesirable, thereby reducing their eligibility for unions and associated bride wealth exchanges. [26]",pro,FGM,model,pro,0,0,0,3,,,,
prevalence-of-female-genital-mutilation,s0094,"In certain Islamic traditions, particularly among Sunni scholars, hadiths are invoked to justify female circumcision as a sunnah or honorable practice for women, typically described as a mild removal of the prepuce without severe mutilation.",pro,FGM,model,pro,0,0,0,3,,,,
prevalence-of-female-genital-mutilation,s0095,"For example, a narration in Sunan Abu Dawud states that the Prophet Muhammad recommended circumcision for women as an ""honor"" but cautioned against excess, aligning with interpretations in the Shafi'i school of jurisprudence that view it as obligatory or recommended to promote chastity and hygiene.",pro,FGM,model,pro,0,0,0,3,,,,
prevalence-of-female-genital-mutilation,s0188,"These forms, while less invasive, still constitute FGM under international definitions due to intentional harm to female genitalia for non-medical reasons.",anti,FGM,model,mixed,0,0,0,3,,,,
prohibition-of-female-circumcision-act-1985,s0011,"The original Act thus served as a foundational but limited step in addressing a procedure linked to severe physical and psychological harms, including infection, chronic pain, and obstetric complications, without broader preventive or jurisdictional expansions realized only in successor laws.",anti,FGM,model,anti,0,0,0,3,,,,
prohibition-of-female-circumcision-act-1985,s0022,"Health professionals in UK hospitals encountered acute and chronic complications from these procedures, including immediate risks of hemorrhage, shock, localized infections, septicemia, and urinary tract damage, as well as long-term issues such as scarring, cysts, chronic pelvic pain, dyspareunia, and renal disease from recurrent infections.",anti,FGM,model,anti,0,0,0,3,,,,
prohibition-of-female-circumcision-act-1985,s0023,"Obstetric challenges were particularly severe in infibulated cases, involving obstructed labor, perineal tears, and the need for surgical reinfibulation postpartum, often exacerbating maternal and neonatal morbidity.",anti,FGM,model,none,0,0,0,3,,,,
prohibition-of-female-circumcision-act-1985,s0024,"Psychological sequelae, including trauma-induced aversion to sexual activity and marital distress, were also reported, underscoring the causal harms of non-therapeutic excision without anesthesia or sterile conditions.",anti,FGM,model,anti,0,0,0,3,,,,
prohibition-of-female-circumcision-act-1985,s0028,"These procedures, performed without anesthesia on typically prepubescent girls, sever healthy genital tissue, directly causing physiological disruption with no therapeutic value.",anti,FGM,model,none,0,0,0,3,,,,
prohibition-of-female-circumcision-act-1985,s0030,"Immediate health risks include severe pain, hemorrhage, shock from blood loss, urinary retention, wound infection, sepsis, tetanus, and transmission of bloodborne diseases like HIV due to shared unsterilized instruments; long-term consequences encompass chronic urinary tract infections, vaginal and pelvic infections, menstrual difficulties, keloid scar formation, female genital tract damage leading to infertility or dyspareunia, sexual dysfunction with reduced lubrication and heightened pain during intercourse, and psychological trauma manifesting as depression, anxiety, and post-traumatic stress disorder. [10] [11]",anti,FGM,model,anti,0,0,0,3,,,,
prohibition-of-female-circumcision-act-1985,s0031,"In childbirth, FGM correlates with obstructed labor, perineal tears, postpartum hemorrhage, extended delivery times, increased cesarean section rates, and elevated neonatal risks including low birth weight, stillbirth, and early neonatal death, with studies estimating a 15-55% higher likelihood of these complications depending on FGM severity. [12] [13]",anti,FGM,model,anti,0,0,0,3,,,,
prohibition-of-female-circumcision-act-1985,s0032,"These harms arise causally from anatomical alteration—such as narrowed vaginal openings impeding natural dilation and scarred tissue prone to tearing—unsupported by any empirical evidence of benefits, as affirmed by systematic reviews finding zero positive health outcomes. [9]",anti,FGM,model,mixed,0,0,0,3,,,,
prohibition-of-female-circumcision-act-1985,s0034,"Cultural rationales for FGM, prevalent in certain African and Middle Eastern communities, often invoke social control of female sexuality, enhancement of marriage prospects through purported preservation of virginity, or rites of passage into womanhood, yet these lack substantiation against the procedure's documented physical and mental tolls, prioritizing unsubstantiated tradition over verifiable bodily integrity. [11]",anti,FGM,model,anti,0,0,0,3,,,,
prohibition-of-female-circumcision-act-1985,s0035,"In the UK context leading to 1985 legislation, medical consensus, including from bodies like the British Medical Association, rejected any equivalence to male circumcision or medical justification, viewing FGM as non-therapeutic mutilation inflicting irreversible harm on minors incapable of consent, akin to child abuse rather than cultural relativism. [5] [15]",anti,FGM,model,mixed,0,0,0,3,,,,
prohibition-of-female-circumcision-act-1985,s0036,"Advocacy emphasized empirical UK reports of complications in immigrant girl cases, such as infections and urinary issues treated in NHS facilities, framing prohibition as safeguarding child welfare from empirically linked risks absent in native practices. [16]",anti,FGM,model,anti,0,0,0,3,,,,
prohibition-of-female-circumcision-act-1985,s0037,"This evidence-based approach overrode deference to cultural norms, underscoring that procedural harms—stemming from excision of innervated, functional tissue—persist regardless of intent, with no offsetting advantages per longitudinal health data.",anti,FGM,model,anti,0,0,0,3,,,,
prohibition-of-female-circumcision-act-1985,s0044,"Roe's effort drew on evidence from UK healthcare providers encountering FGM-related injuries, underscoring the procedure's incompatibility with domestic standards of medical ethics and child safeguarding, even as debates questioned state intervention in private customs. [1]",anti,FGM,model,anti,0,0,0,3,,,,
prohibition-of-female-circumcision-act-1985,s0048,"Supporters emphasized the urgent health imperatives, citing medical evidence of severe risks including hemorrhage, infection, urinary complications, and increased maternal mortality, drawn from reports on practices prevalent among immigrant communities from regions like Sudan and Somalia. [18]",anti,FGM,model,anti,0,0,0,3,,,,
prohibition-of-female-circumcision-act-1985,s0056,"Proponents, supported by input from the Royal College of Obstetricians and Gynaecologists, upheld the balance by insisting on evidence-based health protections over relativistic defenses, though acknowledging detection challenges in closed ethnic enclaves where underreporting was anticipated.",anti,FGM,model,pro,0,0,0,3,,,,
prohibition-of-female-circumcision-act-1985,s0091,"The absence of such extensions aligned with prevailing legal norms limiting UK courts' authority to foreign territories, though this overlooked the border-transcending nature of child harm, where procedural trauma and long-term health sequelae—such as infection risks, chronic pain, and obstetric complications—manifest irrespective of location.",anti,FGM,model,anti,0,0,0,3,,,,
prohibition-of-female-circumcision-act-1985,s0125,"Advocates for cultural rights, drawing from anthropological perspectives, contended that FGM serves integral social functions in certain African societies, such as marking maturity, enhancing marriageability, or controlling female sexuality, and that outright bans risk stigmatizing minorities without addressing root causes like poverty or gender norms. [33]",pro,FGM,model,pro,0,0,0,3,,,,
prohibition-of-female-circumcision-act-1985,s0126,"These views, echoed in broader human rights discourse, invoked relativism to argue that Western universalism overlooks context-specific meanings, potentially exacerbating community alienation in multicultural settings like the UK.",pro,FGM,model,mixed,0,0,0,3,,,,
prohibition-of-female-circumcision-act-1985,s0127,"Counterarguments prioritized empirical evidence of harm, emphasizing that FGM—typically performed on girls under 15 without anesthesia—involves partial or total excision of external genitalia, leading to immediate risks like severe bleeding, infection, and shock, alongside long-term consequences including chronic pain, urinary and menstrual disorders, obstetric complications (e.g., increased cesarean needs and perinatal mortality), and psychological trauma such as depression and post-traumatic stress. [9]",anti,FGM,model,anti,0,0,0,3,,,,
prohibition-of-female-circumcision-act-1985,s0128,"The World Health Organization classifies all forms as mutilation due to the absence of health benefits and violation of bodily integrity, with studies showing no compensatory cultural gains outweighing these non-consensual injuries to minors. [10]",anti,FGM,model,mixed,0,0,0,3,,,,
prohibition-of-female-circumcision-act-1985,s0129,"Religious justifications, often invoked in Muslim-majority practicing communities, lack direct Quranic support—FGM is absent from the text and stems from pre-Islamic tribal customs—while major Islamic authorities, including Egypt's Al-Azhar University, have issued fatwas deeming it un-Islamic and harmful. [34]",anti,FGM,model,anti,0,0,0,3,,,,
prohibition-of-female-circumcision-act-1985,s0131,"From a perspective aligned with national sovereignty and child welfare priorities, the Act represented not external imposition but an assertion of UK's authority to enforce universal protections for residents, fostering integration by establishing non-negotiable standards against practices incompatible with evidence-based harm prevention.",anti,FGM,model,anti,0,0,0,3,,,,
prohibition-of-female-circumcision-act-1985,s0132,"Parliamentary discussions during the Bill's passage highlighted medical testimonies on irreversible damage over unsubstantiated equivalence to benign rituals, underscoring that tolerance of mutilatory customs undermines the state's duty to minors irrespective of origin. [36]",anti,FGM,model,anti,0,0,0,3,,,,
prohibition-of-female-circumcision-act-1985,s0133,"This stance aligns with causal analyses showing FGM's perpetuation through social coercion rather than inherent value, justifying legal prohibition to disrupt cycles of intergenerational trauma.",anti,FGM,model,anti,0,0,0,3,,,,
prohibition-of-female-circumcision-act-1985,s0138,"Female genital mutilation (FGM), as defined under the Act, carries immediate risks including severe hemorrhage, infection, and shock, alongside long-term complications such as chronic pain, urinary and menstrual disorders, obstetric fistula, infertility, and increased newborn mortality rates, with the World Health Organization reporting no health benefits and classifying all forms as harmful. [9]",anti,FGM,model,mixed,0,0,0,3,,,,
prohibition-of-female-circumcision-act-1985,s0139,"In contrast, male circumcision's risks—primarily bleeding, infection, and rare penile damage—occur at lower rates (approximately 0.2-0.6% for complications in neonates), while meta-analyses indicate modest benefits like a 50-60% reduction in urinary tract infections in infancy and lowered heterosexual HIV acquisition risk later in life, though these are debated and not universally endorsed as justifying routine practice. [39]",anti,FGM,model,mixed,0,0,0,3,,,,
prohibition-of-female-circumcision-act-1985,s0141,"From a harm-based perspective, the Act's targeted prohibition aligns with prioritizing interventions based on severity and irreversibility: FGM typically excises nerve-rich clitoral tissue and can seal vaginal openings, leading to profound sexual dysfunction and psychological trauma absent in male procedures, which preserve urinary and reproductive functions intact. [41]",anti,FGM,model,anti,0,0,0,3,,,,
prohibition-of-female-circumcision-act-1985,s0142,"While ethical scrutiny of non-therapeutic infant male circumcision persists—citing potential loss of erogenous tissue and autonomy violations—the absence of equivalent regulation does not negate FGM's empirically greater morbidity, as evidenced by global health data showing FGM's complication rates far exceeding those of male circumcision (e.g., up to 15-30% acute issues in some FGM types versus under 1% for males in controlled settings). [9] [42]",anti,FGM,model,anti,1,0,1,1,cherry-picking,,suppressed-evidence,cherry-picking|suppressed-evidence
prohibition-of-female-circumcision-act-1985,s0143,"This distinction reflects causal prioritization of documented outcomes over superficial procedural analogies, rather than cultural or gender bias.",anti,FGM,model,none,0,0,0,3,,,,
prohibition-of-female-circumcision-act-1985,s0151,"Penalties were significantly strengthened, with the maximum term of imprisonment on indictment raised from five years under the 1985 Act to 14 years, signaling a heightened emphasis on deterrence given the procedure's severe, lifelong health consequences such as pain, infection, and complications in childbirth. [43] [5]",anti,FGM,model,anti,0,0,0,3,,,,
redundant-prepuce,s0096,"In many Chinese medical practices, circumcision is frequently recommended for persistent cases or symptomatic presentations to provide definitive resolution and prevent long-term complications. [26]",pro,male,model,anti,0,0,0,3,,,,
redundant-prepuce,s0101,"A common complication is recurrent balanoposthitis, an inflammation of the glans and foreskin, which occurs almost exclusively in uncircumcised males and is often linked to poor hygiene or trapped debris under the prepuce. [27]",pro,male,model,mixed,0,0,0,3,,,,
redundant-prepuce,s0106,"Chronic inflammation and poor hygiene have been associated with a higher risk of penile cancer, though this link is rare and often mediated by conditions such as balanitis xerotica obliterans; circumcision reduces this risk. [1]",pro,male,model,pro,0,0,0,3,,,,
redundant-prepuce,s0163,"This length-based approach frequently leads to surgical recommendations, particularly in pediatric cases with or without symptoms, to prevent potential complications like balanoposthitis or microbiome alterations that may contribute to inflammation.",pro,male,model,anti,0,0,0,3,,,,
religion-and-circumcision,s0041,"Empirical data indicate low overall complication rates for neonatal circumcision, comparable to other routine procedures, though metzitzah b'peh has been causally linked to neonatal herpes simplex virus type 1 (HSV-1) transmission.",anti,male,model,mixed,0,0,0,3,,,,
religion-and-circumcision,s0042,"In New York City from 2000 to 2011, health authorities documented 11 cases of infant HSV-1 following ritual circumcision with oral suction, resulting in two deaths and two cases of neurological damage; further incidents occurred post-2011, prompting regulatory efforts balanced against religious autonomy. [29] [30]",anti,male,model,anti,0,0,0,3,,,,
religion-and-circumcision,s0043,"These risks stem from potential mohel carriage of HSV-1, an asymptomatic adult virus transmissible to infants whose immature immunity heightens severity.",anti,male,model,none,0,0,0,3,,,,
religion-and-circumcision,s0085,"Mandaeism, an ancient Gnostic tradition, rejects circumcision entirely, prioritizing ritual immersion (masbuta) for purification and deeming genital alteration incompatible with the soul's pristine creation.",anti,male,model,none,0,0,0,3,,,,
religion-and-circumcision,s0089,"Unlike Abrahamic traditions, Hindu rituals emphasize bodily integrity and purity through practices like shuddhi (purification) without surgical alteration of genitalia, viewing the natural form as divinely ordained and interference as potentially disruptive to prana (vital energy) flow. [53]",anti,male,model,anti,0,0,0,3,,,,
religion-and-circumcision,s0096,"Hindu philosophical perspectives, rooted in concepts like ahimsa (non-violence) and reverence for the body as a temple (deha-devalaya), further discourage non-therapeutic modifications, equating them to unnecessary harm without soteriological value.",anti,male,model,anti,0,0,0,3,,,,
religion-and-circumcision,s0102,"The core doctrine of ahimsa (non-violence or non-harm) prioritizes avoiding unnecessary injury, which some interpretations extend to critiquing non-therapeutic circumcision; for instance, efforts to promote voluntary medical male circumcision in Thailand during the 2000s encountered resistance on grounds of conflicting with indigenous Buddhist ethical norms against bodily harm without compelling medical justification. [60]",anti,male,model,anti,0,0,0,3,,,,
religion-and-circumcision,s0105,"Sikhism explicitly prohibits circumcision, viewing it as a violation of the natural human form created by Waheguru (God) and an adherence to superfluous rituals rejected by the faith's founders.",anti,male,model,none,0,0,0,3,,,,
religion-and-circumcision,s0106,"Established in the late 15th century CE in Punjab by Guru Nanak and codified through the ten Gurus' teachings compiled in the Guru Granth Sahib (finalized in 1708 CE), Sikhism mandates preserving the body's integrity, with scriptural injunctions against cutting or removing flesh—such as in the verse ""By cutting the body parts, the filth of the mind is not removed"" (Guru Granth Sahib, p.",anti,male,model,none,0,0,0,3,,,,
religion-and-circumcision,s0122,"Complications like sepsis and amputation arise from non-sterile conditions, prompting regulatory efforts in places like South Africa, where the practice is constitutionally shielded as cultural expression despite risks. [68] [64]",anti,male,model,anti,0,0,0,3,,,,
religion-and-circumcision,s0179,"Critics of religious infant circumcision argue that it infringes on the child's right to bodily integrity by performing a permanent, non-therapeutic alteration without the individual's consent. [96]",anti,male,model,anti,0,0,0,3,,,,
religion-and-circumcision,s0180,"Ethicists such as J. Steven Svoboda contend that proxy parental consent for such procedures is invalid, as it violates core human rights protections against unnecessary intrusions into an infant's body, drawing parallels to protections against female genital cutting. [96]",anti,male,model,anti,0,0,0,3,,,,
religion-and-circumcision,s0181,"This perspective emphasizes that infants possess an inherent interest in future autonomy, making irreversible genital modifications ethically problematic even if motivated by tradition or faith.",anti,male,model,anti,0,0,0,3,,,,
religion-and-circumcision,s0183,"Proponents of deferring circumcision until adulthood highlight it as a form of iatrogenic injury, removing functional foreskin tissue—estimated at 30-50 cm² in adulthood—that serves protective, sensory, and immunological roles, without compensating medical necessity for newborns in low-risk settings. [98]",anti,male,model,mixed,0,0,0,3,,,,
religion-and-circumcision,s0184,"The American Medical Association's ethics analysis asserts that nontherapeutic circumcision conflicts with principles of nonmaleficence and respect for autonomy, recommending postponement to allow informed adult decision-making, as endorsed by bodies like the Danish Medical Association in 2016. [98]",anti,male,model,anti,0,0,0,3,,,,
religion-and-circumcision,s0185,"In religious contexts, this raises questions of whether communal rituals justify overriding individual genital integrity, with scholars arguing that liberal frameworks prioritize personal rights over group claims to prevent coerced belonging.",anti,male,model,none,0,0,0,3,,,,
religion-and-circumcision,s0187,"Defenders invoke parental proxy authority, asserting that decisions in the child's best interest, including religious upbringing, align with legal standards like the UN Convention on the Rights of the Child (Articles 14, 20, 30), which accommodate cultural practices when welfare is not prejudiced. [100]",pro,male,model,none,0,0,0,3,,,,
religion-and-circumcision,s0188,"Some ethicists, applying a best-interest standard, maintain that circumcision falls within parental prerogative if it confers net benefits or integrates the child into a supportive community, as in Jewish or Muslim traditions, without violating autonomy since infants lack capacity for such choices. [101]",pro,male,model,mixed,0,0,0,3,,,,
religion-and-circumcision,s0189,"However, this proxy consent is contested when procedures lack therapeutic urgency, with critics noting inconsistencies in applying ""best interest"" selectively to endorse permanent alterations absent imminent harm.",anti,male,model,mixed,0,0,0,3,,,,
religion-and-circumcision,s0191,"The debate intensifies over religious exemptions, where freedom of belief clashes with universal child protections; for instance, European human rights frameworks (e.g., ECHR Article 9) permit parental religious decisions but subordinate them to health imperatives, prompting calls for regulation or bans on infant procedures to safeguard bodily sovereignty. [100]",anti,male,model,anti,0,0,0,3,,,,
religion-and-circumcision,s0192,"Empirical ethical analyses suggest weighing future autonomy interests—treating the child as an ideal agent likely to value intact genitals—against immediate communal bonds, often favoring delay to resolve consent deficits. [97]",anti,male,model,anti,0,0,0,3,,,,
religion-and-circumcision,s0193,"Positions vary by jurisdiction, with some medical ethics bodies viewing routine religious circumcision as deferrable to respect emerging self-determination.",anti,male,model,none,0,0,0,3,,,,
religion-and-circumcision,s0199,"The decision, stemming from a botched procedure causing bleeding, sparked unified protests from Jewish and Muslim organizations, who argued it effectively criminalized core rituals like brit milah and effectively expelled observant communities by infringing on Article 4 of Germany's Basic Law guaranteeing religious freedom. [106] [107]",pro,male,model,mixed,0,0,0,3,,,,
religion-and-circumcision,s0202,"Similar tensions surfaced in Iceland in February 2018, when members of the Progressive Party proposed amending the Penal Code to ban non-therapeutic male circumcision on minors under 15, punishable by up to six years imprisonment, framing it as a violation of bodily autonomy akin to female genital mutilation. [110]",anti,male,model,anti,0,0,0,3,,,,
religion-and-circumcision,s0203,"Religious leaders from Jewish, Muslim, and Christian groups condemned the bill as an unprecedented attack on freedom of religion protected by Iceland's constitution and the European Convention on Human Rights, warning it would isolate small faith communities numbering fewer than 1,500 Muslims and 100 Jews. [111] [112]",pro,male,model,mixed,0,0,0,3,,,,
religion-and-circumcision,s0208,"No federal or Supreme Court ruling has curtailed religious circumcision, distinguishing it from prohibited practices like female genital cutting due to differences in health outcomes and cultural acceptance.",pro,male,model,none,0,0,0,3,,,,
religion-and-circumcision,s0210,"European human rights frameworks, including Article 9 of the European Convention on Human Rights, have upheld religious circumcision against blanket bans, as in a 2015 Dutch court dismissal of assault claims against parents, emphasizing proportionality and lack of severe risk when hygienically performed. [117]",pro,male,model,mixed,0,0,0,3,,,,
religion-and-circumcision,s0211,"Non-binding Council of Europe resolutions in 2013 and 2015 urged member states to scrutinize non-medical circumcision for consent violations but deferred to national laws protecting religious minorities, reflecting empirical data on low complication rates (under 1% in regulated settings) over absolutist child-rights arguments. [118]",pro,male,model,mixed,0,0,0,3,,,,
religion-and-circumcision,s0214,"Systematic reviews indicate that neonatal circumcision reduces the incidence of UTIs in male infants by approximately 90% during the first year of life, with uncircumcised males facing a baseline risk of about 1% compared to 0.1% in circumcised males. [119] [120]",pro,male,model,pro,0,0,0,3,,,,
religion-and-circumcision,s0216,"For HIV prevention, three randomized controlled trials in sub-Saharan Africa demonstrated that adult male circumcision reduces heterosexual HIV acquisition by about 60%, prompting World Health Organization recommendations for voluntary medical male circumcision in high-prevalence regions. [121] [122]",pro,male,model,pro,0,0,0,3,,,,
religion-and-circumcision,s0217,"Evidence for other STIs is weaker but includes modest reductions in human papillomavirus (HPV) prevalence and incidence, as well as some protection against herpes simplex virus type 2. [123]",pro,male,model,pro,0,0,0,3,,,,
religion-and-circumcision,s0218,"Penile cancer, a rare malignancy with an incidence of less than 1 per 100,000 in developed countries, shows a strong protective association with childhood or adolescent circumcision (odds ratio 0.33), linked to decreased chronic inflammation and human papillomavirus persistence under the foreskin. [124]",pro,male,model,pro,0,0,0,3,,,,
religion-and-circumcision,s0219,"Circumcision also lowers the risk of phimosis and balanoposthitis, potentially averting later therapeutic procedures.",pro,male,model,none,0,0,0,3,,,,
religion-and-circumcision,s0223,"Meta-analyses find no consistent adverse effects on sexual function, sensitivity, or satisfaction post-circumcision.",pro,male,model,mixed,0,0,0,3,,,,
religion-and-circumcision,s0225,"The American Academy of Pediatrics' 2012 policy states that health benefits of newborn male circumcision outweigh the risks but are insufficient to recommend it universally, emphasizing parental decision-making informed by evidence. [129]",pro,male,model,pro,0,0,0,3,,,,
religion-and-circumcision,s0227,"Critics argue some benefits are overstated relative to risks, particularly for non-therapeutic neonatal procedures, but risk-benefit analyses suggest net positives exceeding 100:1 for certain conditions over a lifetime. [131]",pro,male,model,mixed,0,0,0,3,,,,
religious-views-on-female-genital-mutilation,s0006,"Christian perspectives similarly reject FGM, absent from biblical texts, though historical practices persist among Coptic Christians in Egypt and Ethiopian Orthodox communities, where it coexists with male circumcision traditions despite missionary-led campaigns against it in the early 20th century. [6] [7]",anti,FGM,model,none,0,0,0,3,,,,
religious-views-on-female-genital-mutilation,s0018,"Empirical studies document significant health risks across these types, including immediate complications like hemorrhage (affecting up to 15% of cases in some cohorts), severe pain, shock, tetanus, sepsis, and transmission of infections such as HIV due to unsterile tools. [12] [13]",anti,FGM,model,anti,0,0,0,3,,,,
religious-views-on-female-genital-mutilation,s0019,"Long-term effects, confirmed in systematic reviews and meta-analyses, encompass chronic urinary tract infections, menstrual difficulties, keloid scar formation, decreased sexual function, and obstetric risks such as prolonged labor and higher neonatal mortality (with odds ratios up to 1.55 for perinatal death in Type III cases). [14] [15]",anti,FGM,model,anti,0,0,0,3,,,,
religious-views-on-female-genital-mutilation,s0020,"No credible medical evidence supports health benefits, despite cultural assertions in practicing communities that procedures reduce promiscuity or enhance hygiene; such claims lack causal substantiation and are contradicted by physiological data showing impaired genital function without compensatory gains. [12]",anti,FGM,model,pro,0,0,0,3,,,,
religious-views-on-female-genital-mutilation,s0022,"The term ""mutilation"" highlights the irreversible harm and lack of consent, particularly when performed on minors, and is standard in international health frameworks like those of WHO and UNFPA to underscore non-therapeutic injury. [12] [16]",anti,FGM,model,anti,0,0,0,3,,,,
religious-views-on-female-genital-mutilation,s0023,"Practitioners and some advocates prefer ""cutting"" or ""circumcision"" to evoke parallels with male procedures and reduce stigma, but this framing obscures empirical evidence of disproportionate risks without medical justification. [17] [18]",anti,FGM,model,none,0,0,0,3,,,,
religious-views-on-female-genital-mutilation,s0024,"These terminological preferences often reflect cultural relativism rather than procedural neutrality, as the practices involve excision of nerve-rich tissue leading to documented sensory loss.",anti,FGM,model,pro,1,0,0,2,bulverism,,,bulverism
religious-views-on-female-genital-mutilation,s0026,"Female genital mutilation (FGM) is predominantly driven by cultural imperatives such as rites of passage into womanhood, enforcement of premarital chastity, and enhancement of marriageability within ethnic communities, rather than explicit religious mandates. [20]",pro,FGM,model,pro,0,0,0,3,,,,
religious-views-on-female-genital-mutilation,s0063,"In Hadith literature, a narration attributed to Umm Atiyyah in Sunan Abi Dawud (5271) reports that a woman performing circumcisions in Medina was instructed by the Prophet Muhammad: ""Do not cut severely as that is better for a woman and more desirable for a husband."" [38]",pro,FGM,model,none,0,0,0,3,,,,
religious-views-on-female-genital-mutilation,s0064,"Some interpreters extend this to endorse a mild form of FGM (Type I, involving partial or total removal of the clitoral prepuce) as permissible or recommended for females, analogizing it to male khitan (circumcision), particularly since the Hadith uses the term ""khitan"" without gender restriction in related contexts. [39]",pro,FGM,model,pro,0,0,0,3,,,,
religious-views-on-female-genital-mutilation,s0065,"However, this Hadith is classified as ahad (singularly narrated) and lacks the mutawatir (mass-transmitted) status that elevates male circumcision to a confirmed Sunnah practice.",anti,FGM,model,none,0,0,0,3,,,,
religious-views-on-female-genital-mutilation,s0067,"The authenticity of such Hadiths is contested among Hadith scholars; for instance, Muhammad Nasiruddin al-Albani deemed the chain of narration in the Umm Atiyyah report weak (da'if) due to interruptions and unreliable transmitters, rendering it insufficient for deriving binding religious rulings. [41]",anti,FGM,model,none,0,0,0,3,,,,
religious-views-on-female-genital-mutilation,s0068,"Empirical review of major collections like Sahih al-Bukhari and Sahih Muslim reveals no sahih (authentic) Hadiths explicitly mandating FGM, unlike the robust chains supporting male circumcision as fitrah (innate disposition) in Sahih Muslim 257.",anti,FGM,model,none,0,0,0,3,,,,
religious-views-on-female-genital-mutilation,s0069,"This disparity underscores that any scriptural endorsement for FGM remains tentative and non-obligatory, reliant on debated narrations rather than core prophetic tradition.",anti,FGM,model,pro,0,0,0,3,,,,
religious-views-on-female-genital-mutilation,s0071,"Some Islamic scholars, particularly from the Shafi'i and Hanbali schools of jurisprudence, have endorsed mild forms of female genital modification, classifying Type Ia—typically involving a symbolic prick or removal of the prepuce—as sunnah (recommended) or makrumah (honorable) to promote modesty and control desire, drawing on hadiths such as the narration attributed to Umm Atiyyah where the Prophet Muhammad reportedly advised a minor procedure on girls. [36]",pro,FGM,model,pro,0,0,0,3,,,,
religious-views-on-female-genital-mutilation,s0072,"These endorsements emphasize that such practices must avoid harm and are not obligatory, distinguishing them from more invasive procedures deemed bid'ah (innovation) or impermissible due to potential mutilation.",pro,FGM,model,mixed,0,0,0,3,,,,
religious-views-on-female-genital-mutilation,s0074,"Egypt's Dar al-Ifta, in its 2007 international conference proceedings, ruled that female circumcision is permissible and recommended (mustaḥabb) when limited to non-harmful forms, aligning with traditional views on purification and chastity. [44]",pro,FGM,model,mixed,0,0,0,3,,,,
religious-views-on-female-genital-mutilation,s0075,"Similarly, Indonesia's Majelis Ulama Indonesia (MUI) issued Fatwa No. 28/DSN-MUI/III/2003 and reaffirmed in subsequent statements that mild khitan perempuan (female circumcision), such as a superficial cut without removal, is makrumah and not forbidden, provided it adheres to health guidelines and avoids excess. [45]",pro,FGM,model,mixed,0,0,0,3,,,,
religious-views-on-female-genital-mutilation,s0076,"These positions reflect interpretations prioritizing prophetic traditions over explicit Quranic mandates, though reliant on hadiths of debated authenticity.",anti,FGM,model,none,0,0,0,3,,,,
religious-views-on-female-genital-mutilation,s0077,"In opposition, mainstream Islamic scholars and institutions, such as Dar al-Ifta and Al-Azhar, have declared FGM prohibited (haram) due to lack of explicit basis in the Quran and reliable Hadith, viewing it as a pre-Islamic tribal custom that violates the Islamic principle of no harm to the body. [41]",anti,FGM,model,mixed,0,0,0,3,,,,
religious-views-on-female-genital-mutilation,s0079,"Numerous contemporary fatwas reject all forms of female genital modification as lacking firm basis in the Quran or authentic Sunnah, classifying them as culturally driven rather than religiously mandated.",anti,FGM,model,none,0,0,0,3,,,,
religious-views-on-female-genital-mutilation,s0080,"The Fiqh Council of North America, in its June 2022 fatwa, declared all variants impermissible, citing absence of definitive textual evidence and potential violation of Islamic principles against harm (la darar wa la dirar). [47]",anti,FGM,model,anti,0,0,0,3,,,,
religious-views-on-female-genital-mutilation,s0081,"Egypt's Dar al-Ifta reversed its earlier stance in a May 2018 ruling, deeming female genital mutilation (khitan al-untha) religiously forbidden (haram) due to documented health risks and incompatibility with Sharia's preservation of life and lineage.",anti,FGM,model,none,0,0,0,3,,,,
religious-views-on-female-genital-mutilation,s0083,"Opposition often highlights the weak chain of transmission (isnad) for supporting hadiths and prioritizes maqasid al-Sharia (objectives of Islamic law), such as averting bodily harm, leading scholars like Yusuf al-Qaradawi to advocate abandonment of the practice entirely.",anti,FGM,model,anti,0,0,0,3,,,,
religious-views-on-female-genital-mutilation,s0084,"While endorsements remain confined to Type Ia and explicitly exclude Types II and III (excision or infibulation) as excessive or un-Islamic, global fatwa bodies increasingly align against any procedure, reflecting empirical evidence of complications over traditional rationales. [49]",anti,FGM,model,anti,0,0,0,3,,,,
religious-views-on-female-genital-mutilation,s0086,"Within Sunni Islam, endorsement of female genital mutilation varies by jurisprudential school, with higher support in traditions following the Shafi'i and Maliki schools, where it is often classified as recommended or obligatory, compared to the Hanafi school, which views it as honorable but not mandatory.",pro,FGM,model,pro,0,0,0,3,,,,
religious-views-on-female-genital-mutilation,s0104,"Early Church Fathers extended this scriptural silence by explicitly opposing voluntary bodily mutilations, viewing them as violations of the body's divine creation.",anti,FGM,model,none,0,0,0,3,,,,
religious-views-on-female-genital-mutilation,s0106,"This patristic stance, rooted in the canonical emphasis on spiritual rather than corporeal purity, doctrinally precludes FGM, distinguishing it sharply from the limited endorsement of male circumcision under the old covenant.",anti,FGM,model,mixed,0,0,0,3,,,,
religious-views-on-female-genital-mutilation,s0112,"Christian missionary efforts in the early 20th century actively opposed FGM, framing it as incompatible with biblical teachings on the body.",anti,FGM,model,none,0,0,0,3,,,,
religious-views-on-female-genital-mutilation,s0118,"In April 2021, Coptic Pope Tawadros II of the [Coptic Orthodox Church](/page/Coptic_Orthodox Church) issued a formal declaration rejecting female genital mutilation (FGM), affirming a zero-tolerance policy toward the practice as part of broader commitments to combat violence against women. [66]",anti,FGM,model,none,0,0,0,3,,,,
religious-views-on-female-genital-mutilation,s0119,"This stance aligns with the church's emphasis on protecting human dignity, viewing FGM as incompatible with Christian teachings on the sanctity of the body.",anti,FGM,model,none,0,0,0,3,,,,
religious-views-on-female-genital-mutilation,s0121,"Pope Francis of the Roman Catholic Church has repeatedly condemned FGM as an affront to human dignity and a violation of women's rights, describing it in 2022 as a practice that must be eradicated due to its harmful effects on the female body, which Catholic doctrine regards as a temple of the Holy Spirit. [68]",anti,FGM,model,anti,0,0,0,3,,,,
religious-views-on-female-genital-mutilation,s0122,"In a November 2022 address, he explicitly labeled FGM a ""crime"" that undermines equality and opportunity, urging global action rooted in moral imperatives over cultural traditions. [69]",anti,FGM,model,none,0,0,0,3,,,,
religious-views-on-female-genital-mutilation,s0123,"The Catholic Church's position frames opposition as essential to upholding the inherent value of persons, independent of non-therapeutic mutilation.",anti,FGM,model,anti,0,0,0,3,,,,
religious-views-on-female-genital-mutilation,s0124,"Anglican leaders have similarly opposed FGM through ecumenical efforts, with churches in regions like Kenya and Tanzania collaborating on campaigns to eradicate it, citing biblical principles of wholeness and justice. [70]",anti,FGM,model,anti,0,0,0,3,,,,
religious-views-on-female-genital-mutilation,s0125,"Official Anglican synods and bishops' statements integrate anti-FGM advocacy into broader initiatives against gender-based violence, prioritizing scriptural calls to protect the vulnerable.",anti,FGM,model,none,0,0,0,3,,,,
religious-views-on-female-genital-mutilation,s0128,"In Chad, evangelical churches have highlighted FGM's health risks in official agreements, promoting alternatives aligned with Christian ethics. [72]",anti,FGM,model,none,0,0,0,3,,,,
religious-views-on-female-genital-mutilation,s0129,"While some African Pentecostal communities exhibit cultural tolerance for milder forms due to syncretism, major Pentecostal denominations officially denounce all FGM variants as contrary to doctrines of creation and redemption.",anti,FGM,model,mixed,0,0,0,3,,,,
religious-views-on-female-genital-mutilation,s0141,"Scholarly analyses confirm that rabbinic Judaism rejects FGM as extraneous to halakhah, viewing it as incompatible with principles of bodily integrity outside explicit commandments.",anti,FGM,model,anti,0,0,0,3,,,,
religious-views-on-female-genital-mutilation,s0150,"Rabbinic authorities regard FGM as incompatible with halakha, prohibiting unnecessary bodily harm (e.g., akin to Deuteronomy 23:2's restrictions on mutilation) absent scriptural mandate, which is entirely lacking for females. [6]",anti,FGM,model,anti,0,0,0,3,,,,
religious-views-on-female-genital-mutilation,s0151,"Israel's Chief Rabbinate, overseeing religious standards, has issued no endorsements and aligns with broader Jewish condemnation of the practice as non-halakhic, reinforcing its opposition through general rulings against elective genital alterations beyond male brit milah. [6]",anti,FGM,model,anti,0,0,0,3,,,,
religious-views-on-female-genital-mutilation,s0154,"In many African traditional religions, particularly animist belief systems prevalent in West and East Africa prior to widespread Abrahamic influences, female genital mutilation (FGM) serves as a foundational rite of passage integrating girls into womanhood and communal spiritual frameworks.",pro,FGM,model,none,0,0,0,3,,,,
religious-views-on-female-genital-mutilation,s0156,"This practice, documented ethnographically since the early 20th century, underscores endurance of ritual pain as a test of character essential for social and spiritual roles within matrilineal clan structures.",pro,FGM,model,none,0,0,0,3,,,,
religious-views-on-female-genital-mutilation,s0158,"Traditional rationales for FGM in these animist contexts emphasize preservation of chastity, enhancement of fertility, and safeguarding clan purity against spiritual impurities associated with unaltered genitalia.",pro,FGM,model,pro,0,0,0,3,,,,
religious-views-on-female-genital-mutilation,s0159,"Beliefs hold that the procedure curbs excessive sexual desire, thereby ensuring marital fidelity and appeasing deities tied to reproduction and lineage continuity; for instance, uncut females are viewed as susceptible to malevolent spirits that could disrupt communal harmony or agricultural yields linked to fertility cults. [81] [82]",pro,FGM,model,none,0,0,0,3,,,,
religious-views-on-female-genital-mutilation,s0160,"These convictions reinforce hierarchical gender dynamics, where the ritual's infliction of permanent alteration causally binds women to patriarchal oversight through embodied markers of compliance and group identity.",anti,FGM,model,anti,0,0,0,3,,,,
religious-views-on-female-genital-mutilation,s0170,"Syncretic contexts, where animist cosmologies merge with Islamic or Christian elements, occasionally elevate these minor rituals into markers of communal identity, framing them as bulwarks against erosion by modernity rather than harmful mutilation.",pro,FGM,model,anti,0,0,0,3,,,,
religious-views-on-female-genital-mutilation,s0171,"In such blends, practitioners rationalize the act as safeguarding ancestral purity, fertility rites, or social harmony, attributing spiritual efficacy to bloodletting for appeasing animist spirits or aligning with monotheistic hygiene norms.",pro,FGM,model,pro,0,0,0,3,,,,
religious-views-on-female-genital-mutilation,s0172,"For example, in Indonesia's diverse ethnic tapestry, animist-influenced communities in regions like Kalimantan integrate pricking ceremonies with Islamic sunat perempuan, viewing persistence as resistance to Western secularism and preservation of ethnic cohesion. [87]",pro,FGM,model,none,0,0,0,3,,,,
religious-views-on-female-genital-mutilation,s0174,"This preservationist ethos underscores a causal logic among adherents: unperformed rituals risk spiritual disequilibrium or social ostracism, embedding the practice in intergenerational transmission of worldview against globalizing pressures.",pro,FGM,model,none,0,0,0,3,,,,
religious-views-on-female-genital-mutilation,s0176,"Such views contrast external characterizations of mutilation, prioritizing empirical continuity of lineage beliefs over biomedical critiques.",pro,FGM,model,none,0,0,0,3,,,,
religious-views-on-female-genital-mutilation,s0178,"In Islamic contexts, reform efforts have included fatwas explicitly prohibiting all forms of female genital mutilation (FGM).",anti,FGM,model,none,0,0,0,3,,,,
religious-views-on-female-genital-mutilation,s0179,"In Indonesia, female religious leaders issued declarations in the early 2020s deeming non-medical FGM haram (forbidden), emphasizing its lack of basis in Islamic texts and calling for its abandonment. [89]",anti,FGM,model,anti,0,0,0,3,,,,
religious-views-on-female-genital-mutilation,s0180,"The Organization of Islamic Cooperation (OIC) highlighted FGM as a form of violence against women in its 2018 Women and Development Report, urging member states to address it through education and legal measures, with ongoing advocacy under the OIC-2025 Programme of Action. [90] [91]",anti,FGM,model,none,0,0,0,3,,,,
religious-views-on-female-genital-mutilation,s0184,"In Egypt, Coptic Pope Tawadros II signed declarations on April 16, 2021, committing to zero tolerance for FGM, alongside support for family planning, in partnership with national efforts to combat the practice prevalent among both Muslim and Christian communities. [93]",anti,FGM,model,none,0,0,0,3,,,,
religious-views-on-female-genital-mutilation,s0185,"These statements framed FGM as incompatible with religious teachings on human dignity, contributing to broader religious mobilization.",anti,FGM,model,none,0,0,0,3,,,,
religious-views-on-female-genital-mutilation,s0200,"However, such outcomes face critiques from anthropologists and local voices who contend the campaigns impose Western biomedical standards, sidelining culturally defended claims of hygiene or modesty benefits in milder forms (Type I or II), despite empirical evidence from WHO classifications showing no net health advantages and elevated risks of infection, hemorrhage, and psychological trauma. [106] [107]",anti,FGM,model,mixed,0,0,0,3,,,,
religious-views-on-female-genital-mutilation,s0201,"These perspectives highlight tensions between universal human rights framing and contextual relativism, though longitudinal studies confirm sustained harm profiles across procedure types.",anti,FGM,model,mixed,0,0,0,3,,,,
restoration-device,s0021,"Empirical success varied with consistency and initial skin availability, yielding partial coverage after months to years of daily application, though full restoration of pre-circumcision functionality remained unattainable due to irreversible loss of specialized inner mucosal tissue. [6]",anti,male,model,anti,0,0,0,3,,,,
restoration-device,s0139,"Compliance hinges on sustained motivation, often rooted in dissatisfaction with circumcision-induced physical, sexual, or psychological effects, balanced against the multi-year timeline required for noticeable outcomes. [4]",anti,male,model,none,0,0,0,3,,,,
restoration-device,s0170,"Practitioners describe the glans transitioning from a dry, thickened epithelial layer to a softer, mucosal-like state, potentially reactivating fine-touch nerve endings desensitized by chronic exposure. [2]",anti,male,model,none,0,0,0,3,,,,
restoration-device,s0175,"Nonetheless, the consistency across self-reports aligns with histological observations that prolonged glans exposure post-circumcision leads to keratin accumulation, which restoration may reverse through coverage.",anti,male,model,none,0,0,0,3,,,,
restoration-device,s0206,"Psychologically, restorers frequently initiate the practice amid pre-existing emotional burdens from circumcision, such as dissatisfaction or distress (65.47%), depression (33.46%), and hopelessness (31.4%), which restoration partially alleviates for 67.03% but does not fully resolve for most.",anti,male,model,none,0,0,0,3,,,,
restoration-device,s0218,"A central contention involves irreplaceable structures removed by circumcision, such as the ridged band—a circumferential band of innervated, vascularized tissue at the foreskin's distal edge responsible for fine-touch mechanoreception—and the frenulum, which anchors the foreskin and contributes to erectile function. [55]",anti,male,model,none,0,0,0,3,,,,
stapler-circumcision,s0005,"Patients typically experience a rapid postoperative recovery with low overall complication rates (around 2–5%), including occasional delayed staple detachment or minor edema, hematoma, or infection.",pro,male,model,mixed,0,0,0,3,,,,
stapler-circumcision,s0104,"Functional outcomes are generally positive, with the procedure preserving normal penile anatomy and function, including micturition and erectile capability, in the absence of significant complications affecting these aspects.",pro,male,model,mixed,0,0,0,3,,,,
stapler-circumcision,s0127,"Early complications of stapler circumcision are generally infrequent and less common than those associated with conventional circumcision, with overall rates reported around 2.7% in large prospective studies.",pro,male,model,anti,0,0,0,3,,,,
stapler-circumcision,s0139,"Delayed complications of stapler circumcision are uncommon, with large studies reporting low rates of issues persisting beyond the initial recovery period.",pro,male,model,anti,0,0,0,3,,,,
stapler-circumcision,s0145,"Long-term follow-up (up to 3 months for all patients and 1 year for a subset) has shown no instances of meatal stenosis, skin bridging, penile deformities, or other significant delayed complications such as persistent staples beyond the removal window or staple extrusion. [7]",pro,male,model,anti,0,0,0,3,,,,
stapler-circumcision,s0209,"It demonstrated an average operative time of 7.7 minutes and a low complication rate of 4.8% (3 cases: 1 intraoperative bleeding, 2 delayed staple fallout), with the device using 18 stainless steel staples for anastomosis.",pro,male,model,mixed,0,0,0,3,,,,
stapler-circumcision,s0211,"These early studies on stapler devices established the technique's feasibility and safety in Chinese medical practice, facilitating wider adoption.",pro,male,model,none,0,0,0,3,,,,
ulwaluko,s0004,"While ulwaluko reinforces ethnic identity and social cohesion through empirical transmission of values across generations, it has drawn controversy for frequent complications, including sepsis, gangrene, and fatalities—often exceeding dozens annually—stemming from unlicensed practitioners, inadequate hygiene, and lack of medical oversight in rural settings. [3] [4] [2]",anti,male,model,mixed,0,0,0,3,,,,
ulwaluko,s0005,"South African authorities have responded with legislation mandating registration of initiation schools and collaboration with health professionals, yet enforcement remains inconsistent, perpetuating preventable harms despite the rite's cultural entrenchment. [5]",anti,male,model,anti,0,0,0,3,,,,
ulwaluko,s0039,"The HIV/AIDS epidemic intensified scrutiny of Ulwaluko, as public health campaigns promoted medical male circumcision for its demonstrated reduction in HIV acquisition risk—supported by randomized controlled trials showing up to 60% efficacy—yet highlighted risks in traditional methods due to unsterile tools and inadequate aftercare. [19] [20]",anti,male,model,pro,0,0,0,3,,,,
ulwaluko,s0040,"Sociological analyses affirm the rite's ongoing value in forging personal and communal identity, countering narratives of obsolescence by emphasizing its role in moral education and social cohesion, even as urban influences prompt hybrid forms.",pro,male,model,none,0,0,0,3,,,,
ulwaluko,s0050,"This voluntary process, despite social pressures, allows refusal under legal frameworks like South Africa's Children's Act, fostering cultural commitment verifiable through ethnographic participant accounts of heightened readiness and endurance. [6]",pro,male,model,none,0,0,0,3,,,,
ulwaluko,s0081,"Traditional Xhosa frameworks posit that such markers causally cultivate responsible agency, contrasting with less structured modern transitions that may dilute communal oversight.",pro,male,model,none,0,0,0,3,,,,
ulwaluko,s0083,"Adherents to Xhosa customs regard ulwaluko as indispensable for forging genuine masculinity, essential for navigating life's demands with honor and fortitude. [5]",pro,male,model,none,0,0,0,3,,,,
ulwaluko,s0084,"Critics, often from urban or Western-influenced viewpoints, argue it entrenches inflexible gender expectations, potentially marginalizing non-conformists. [25]",anti,male,model,anti,0,0,0,3,,,,
ulwaluko,s0085,"However, ethnographic accounts from initiated men consistently report enhanced self-perception and social integration post-rite, underscoring its perceived efficacy in identity solidification despite external debates. [5]",pro,male,model,none,1,0,0,2,irrelevant-conclusion,,,irrelevant-conclusion
ulwaluko,s0097,"While these values sustain cultural continuity—practiced by over 80% of Xhosa males as of recent surveys—they have drawn critique for entrenching hierarchical gender expectations, such as male primacy in provision, potentially at odds with egalitarian modern ideals, yet empirical persistence underscores their adaptive fit within enduring Xhosa social fabrics. [7]",pro,male,model,none,1,1,1,0,appeal-to-tradition,appeal-to-tradition,appeal-to-tradition,appeal-to-tradition
ulwaluko,s0099,"Ulwaluko reinforces kinship ties in Xhosa society through broad family and communal participation, involving extended relatives, friends, and elders in overseeing the process, which cultivates shared cultural experiences and intergenerational solidarity. [17] [18]",pro,male,model,none,0,0,0,3,,,,
ulwaluko,s0100,"This collective engagement embeds the rite within kinship networks, ensuring adherence to traditions and strengthening relational bonds beyond the individual initiate.",pro,male,model,none,0,0,0,3,,,,
ulwaluko,s0102,"The rite upholds social structure by affirming elder authority during seclusion and teachings, while post-initiation integration grants returning men participatory rights in communal rituals, discussions, and governance, clarifying hierarchical roles and promoting stability. [18]",pro,male,model,none,0,0,0,3,,,,
ulwaluko,s0103,"Historically, it enhanced social capital by instilling respect, unity, and consensus, enabling initiates to assume responsibilities that maintain societal order. [36]",pro,male,model,none,0,0,0,3,,,,
ulwaluko,s0109,"By preserving cultural identity and rejecting alternatives like medical circumcision, ulwaluko counters assimilation pressures, fostering tribal unity through fulfilled roles in marriage and inheritance that underpin social cohesion. [18]",pro,male,model,none,0,0,0,3,,,,
ulwaluko,s0110,"As a repository of social-cultural capital, it builds relations conducive to community respect and stability, despite critiques of secrecy's exclusionary effects; empirical accounts affirm its net contribution to inclusive societal bonds. [2]",pro,male,model,none,0,0,0,3,,,,
ulwaluko,s0118,"Immediate health outcomes commonly include swelling, excessive bleeding, and infections such as sepsis, arising from non-sterile tools and inadequate post-operative hygiene. [38] [22]",anti,male,model,pro,0,0,0,3,,,,
ulwaluko,s0119,"Tight dressings can lead to ischemia, while genital mutilation or partial amputations occur from imprecise cuts.",anti,male,model,none,0,0,0,3,,,,
ulwaluko,s0122,"Within Xhosa cultural perspectives, the intense pain is viewed as a deliberate test that forges character and manhood, with risks considered inherent but manageable under proper traditional guidance and obedience to elders. [3] [22]",pro,male,model,none,0,0,0,3,,,,
ulwaluko,s0125,"A 2010 study of 105 boys admitted to hospitals in the Eastern Cape following traditional circumcision during Ulwaluko reported complication rates of sepsis in 56.2% of cases, genital mutilation in 26.7%, dehydration in 11.4%, and penile amputation in 5.7%; no deaths occurred in this sample, but sepsis and dehydration were identified as primary underlying factors in broader mortality data. [3] [39]",anti,male,model,anti,0,0,0,3,,,,
ulwaluko,s0126,"Dehydration often stems from ritual restrictions on fluid intake during seclusion, while sepsis arises from unsterile instruments and inadequate post-operative care in unregulated initiation schools. [40]",anti,male,model,none,0,0,0,3,,,,
ulwaluko,s0127,"Mortality rates in such settings during the 2000s and 2010s have been estimated at 1-2% per initiation season in Eastern Cape reports, with sepsis and dehydration accounting for most fatalities; annual death tolls exceeded 70 in some years based on provincial health data.",anti,male,model,anti,0,0,0,3,,,,
ulwaluko,s0130,"Empirical benefits of male circumcision, applicable to properly performed Ulwaluko, include a 60% reduction in heterosexual HIV acquisition risk for men, as established by randomized controlled trials in sub-Saharan Africa and endorsed by the World Health Organization for voluntary medical programs; South African data align with these findings, showing lower HIV incidence among circumcised males. [42] [43]",pro,male,model,pro,0,0,1,2,,,over-extrapolation,over-extrapolation
ulwaluko,s0131,"Additional protective effects encompass reduced rates of other sexually transmitted infections, such as human papillomavirus and herpes simplex virus type 2, with longitudinal evidence from African cohorts indicating sustained lower prevalence over years post-circumcision. [43]",pro,male,model,pro,0,0,0,3,,,,
ulwaluko,s0135,"The safety of Ulwaluko varies significantly based on the expertise of traditional surgeons, with inexperienced or untrained practitioners employing unsterilized instruments on multiple initiates, thereby elevating risks of sepsis and genital mutilation. [38]",anti,male,model,none,0,0,0,3,,,,
ulwaluko,s0138,"Environmental conditions, including seasonal timing and location, further modulate healing processes, as winter circumcisions (July–September) in remote forest settings—comprising 76.2% of cases in one Eastern Cape cohort—exacerbate dehydration and exposure to contaminants like unprocessed plant materials used for wound dressing, fostering infections. [38]",anti,male,model,none,0,0,0,3,,,,
ulwaluko,s0139,"Summer sessions, increasingly attempted amid climatic shifts, heighten septic risks due to elevated temperatures impairing wound recovery, while inadequate shelter in overcrowded sites compounds these vulnerabilities.",anti,male,model,none,0,0,0,3,,,,
ulwaluko,s0141,"Pre-initiation health assessments of candidates critically determine resilience to surgical stress, yet the absence of screening allows underlying malnutrition, immune deficiencies, or chronic conditions to precipitate deterioration during seclusion, where restricted fluids and nutrition amplify dehydration in 11.4% of complicated cases among adolescents aged 15–19. [38]",anti,male,model,none,0,0,0,3,,,,
ulwaluko,s0143,"Overcrowding in unregistered initiation schools, particularly illegal urban operations driven by commercialization, intensifies transmission of pathogens and strains limited resources, correlating with elevated national figures of 557 deaths and 214 amputations from 2006–2014, disproportionately in Eastern Cape provinces lacking traditional regulatory structures. [46]",anti,male,model,none,0,0,0,3,,,,
ulwaluko,s0144,"Rural settings, by contrast, benefit from communal oversight and geographic isolation that enforce stricter adherence to protocols, yielding lower incident rates than urban dilutions where profit motives supplant elder-guided standards.",pro,male,model,pro,0,0,0,3,,,,
ulwaluko,s0146,"Post-procedure reliance on non-medical ""natural healing"" by untrained attendants, eschewing timely clinical intervention, sustains complications like sepsis in 56.2% of hospital-admitted cases, underscoring how resistance to hybrid medical-traditional approaches perpetuates variability absent in vetted practices. [38]",anti,male,model,anti,0,0,0,3,,,,
ulwaluko,s0147,"Empirical audits reveal that core ritual elements under qualified custodians exhibit fewer failures, with escalated risks tracing primarily to modern encroachments such as fee-based, unregulated schools rather than inherent procedural flaws.",pro,male,model,none,1,1,1,0,inconsistency,no-true-scotsman,inconsistency,inconsistency|no-true-scotsman
ulwaluko,s0149,"In the 2000s and 2010s, numerous reports of fatalities and severe complications during ulwaluko rites in South Africa's Eastern Cape province generated widespread public concern, with media accounts citing dozens of deaths per initiation season, often exceeding 70 annually in the region. [41]",anti,male,model,anti,0,0,0,3,,,,
ulwaluko,s0150,"Common causes included septicemia, dehydration, gangrene, and assaults, as documented in medical records from areas like Mthatha, where 25 deaths were recorded over a multi-year period ending around 2010, alongside hundreds of hospital admissions for penile amputations and infections. [47]",anti,male,model,none,0,0,0,3,,,,
ulwaluko,s0151,"These incidents, concentrated in winter and summer seasons, prompted government suspensions of initiation schools and heightened scrutiny, as seen in 2019 when over 20 boys died in weeks, leading to operational halts in affected sites.",anti,male,model,none,0,0,0,3,,,,
ulwaluko,s0153,"Public outrage intensified through media amplification of these tragedies, contrasting with defenses from traditional communities who maintained that core rituals remained vital for cultural transmission, blaming mishaps on unregulated, profit-driven operators lacking traditional authority or medical competence. [46]",pro,male,model,none,0,0,0,3,,,,
ulwaluko,s0154,"For example, investigations revealed illegal schools involving overcrowding, untrained cutters, and criminal elements, contributing to at least 153 fatalities nationwide from 2012 onward, with many cases tied to negligence rather than inherent rite elements. [49]",pro,male,model,anti,0,0,0,3,,,,
ulwaluko,s0176,"Traditional leaders and cultural custodians mounted protests against these impositions, contending that they usurp communal authority embedded in indigenous customary law, which prioritizes collective rites over individualistic health safeguards, and risk diluting the transformative essence of ulwaluko by introducing external medical vetoes. [63] [60]",pro,male,model,none,0,0,0,3,,,,
ulwaluko,s0177,"Resistance manifested in calls for self-regulation by tribal councils and accusations of state overreach akin to colonial paternalism, with groups like the Congress of Traditional Leaders of South Africa emphasizing ancestral precedents over statutory norms.",pro,male,model,none,0,0,0,3,,,,
ulwaluko,s0181,"Traditionalists view Ulwaluko as indispensable for instilling moral discipline, cultural identity, and resilience in young Xhosa males, arguing it counters the perceived erosion of values from Western influences and urbanization.",pro,male,model,none,0,0,0,3,,,,
ulwaluko,s0182,"They emphasize its role in forging authentic manhood, where avoidance of the rite equates to social exclusion and incomplete masculinity, as uninitiated individuals are often deemed unfit for full community participation or leadership. [22] [8]",pro,male,model,none,0,0,0,3,,,,
ulwaluko,s0183,"This perspective prioritizes the ritual's holistic transformative elements—beyond mere circumcision to include seclusion, teachings on responsibility, and communal bonding—over isolated health concerns, which they attribute to deviations from time-honored methods rather than inherent flaws.",pro,male,model,none,0,0,0,3,,,,
ulwaluko,s0185,"Luvuyo Ntombana, in his 2011 analysis, explicitly rejects abolition in favor of internal reforms to preserve core cultural significance while addressing modern safety imperatives, drawing on community consultations to argue that adaptation strengthens rather than dilutes the rite. [68]",pro,male,model,none,0,0,0,3,,,,
ulwaluko,s0189,"Both camps concur on its foundational role in social cohesion, diverging primarily on the extent of modernization needed to sustain it against contemporary challenges like youth health disparities.",pro,male,model,none,0,0,0,3,,,,
ulwaluko,s0207,"Projections indicate persistence among Xhosa communities, driven by identity formation benefits, provided reforms address verifiable complications through verifiable training efficacy rather than unsubstantiated bans. [82]",pro,male,model,mixed,0,0,0,3,,,,
views-on-circumcision,s0003,"Medically, systematic reviews indicate that circumcision reduces risks of HIV acquisition by 50-60% in heterosexual men in high-prevalence areas, urinary tract infections in infancy, and certain sexually transmitted infections, with overall complication rates remaining low at under 1% for neonatal procedures. [3] [4]",pro,male,model,anti,0,0,0,3,,,,
views-on-circumcision,s0005,"Proponents, including bodies like the American Academy of Pediatrics, argue that these preventive health benefits outweigh the risks for newborns in contexts where the procedure is culturally normative, justifying access without parental regret. [6]",pro,male,model,pro,0,0,0,3,,,,
views-on-circumcision,s0006,"Opponents, often emphasizing bodily integrity and autonomy, contend that non-therapeutic infant circumcision constitutes an irreversible alteration without consent, potentially diminishing penile sensitivity and representing an ethical infringement, with calls to defer the decision until adulthood. [7] [8]",anti,male,model,mixed,0,0,0,3,,,,
views-on-circumcision,s0010,"In truth-seeking analyses, causal evidence supports targeted adult circumcision for HIV prevention in endemic areas but underscores insufficient net benefits for universal neonatal application absent religious imperatives, amid source biases in advocacy-driven research. [3]",anti,male,model,mixed,0,0,0,3,,,,
views-on-circumcision,s0026,"In Hinduism, male circumcision lacks any endorsement in foundational scriptures such as the Vedas or Upanishads, which emphasize the body's natural form as a divine creation not to be altered without necessity. [22]",anti,male,model,none,0,0,0,3,,,,
views-on-circumcision,s0027,"Principles like ahimsa (non-violence) and respect for bodily integrity further discourage non-therapeutic modifications, viewing them as interference with the wholeness intended by the creator. [23]",anti,male,model,anti,0,0,0,3,,,,
views-on-circumcision,s0030,"Buddhism similarly holds no doctrinal requirement for circumcision, maintaining a neutral to oppositional stance rooted in the precept of avoiding harm (ahimsa or non-injury). [24]",anti,male,model,anti,0,0,0,3,,,,
views-on-circumcision,s0035,"Guru Nanak and subsequent gurus critiqued such practices as distractions from true devotion, emphasizing equality and rejection of external symbols imposed by other traditions. [26]",anti,male,model,none,0,0,0,3,,,,
views-on-circumcision,s0043,"This practice reinforces age-set hierarchies and eligibility for marriage and leadership roles, though it carries risks of infection, dehydration, and penile amputation due to untrained practitioners in unregulated settings. [30]",anti,male,model,none,0,0,0,3,,,,
views-on-circumcision,s0066,"In the United States, where the practice gained popularity during the 20th century, it is often perceived as promoting cleanliness and enhancing aesthetic appeal. [47] [48]",pro,male,model,pro,0,0,0,3,,,,
views-on-circumcision,s0069,"Circumcision in infancy reduces the risk of urinary tract infections (UTIs) by approximately 90%, with meta-analyses of observational studies indicating a 10-fold lower incidence in circumcised boys compared to uncircumcised boys during the first year of life. [49]",pro,male,model,pro,0,0,0,3,,,,
views-on-circumcision,s0070,"A systematic review and meta-analysis of 12 studies involving over 400,000 children confirmed this protective effect, estimating that for every 111 neonatal circumcisions, one UTI is prevented, given a baseline risk of about 1% in uncircumcised male infants. [50]",pro,male,model,pro,0,0,0,3,,,,
views-on-circumcision,s0071,"This benefit stems from the elimination of the foreskin, which can harbor bacteria under the preputial space, facilitating ascent to the urinary tract.",pro,male,model,pro,0,0,0,3,,,,
views-on-circumcision,s0073,"Penile cancer, though rare (incidence around 1 in 100,000 in developed countries), occurs almost exclusively in uncircumcised men, with rates near zero among those circumcised neonatally or in childhood.",pro,male,model,none,0,0,0,3,,,,
views-on-circumcision,s0074,"A meta-analysis of case-control studies found that childhood or adolescent circumcision confers a protective odds ratio of 0.33 (95% CI 0.13–0.83) against invasive penile cancer, attributing this primarily to reduced chronic inflammation and human papillomavirus (HPV) persistence under the foreskin. [51]",pro,male,model,pro,0,0,0,3,,,,
views-on-circumcision,s0075,"Longitudinal data support that the absence of foreskin prevents smegma accumulation and recurrent irritation, key precursors to carcinogenesis.",pro,male,model,none,0,0,0,3,,,,
views-on-circumcision,s0077,Randomized controlled trials (RCTs) in high-HIV-prevalence African populations demonstrate substantial reductions in heterosexual HIV acquisition.,pro,male,model,none,0,0,0,3,,,,
views-on-circumcision,s0078,"The ANRS 1265 trial (2005), involving 3,274 uncircumcised men in South Africa aged 18–24, reported a 60% relative risk reduction (hazard ratio 0.40, 95% CI 0.24–0.68) after 21 months of follow-up, with similar findings in Ugandan (Rakai trial, 60% reduction) and Kenyan RCTs conducted between 2005 and 2007. [52]",pro,male,model,none,0,0,0,3,,,,
views-on-circumcision,s0079,"These trials, totaling over 10,000 participants, showed consistent efficacy against HIV, with additional meta-analyses confirming 30–50% reductions in HPV and herpes simplex virus type 2 acquisition, linked to decreased viral entry via the foreskin's inner mucosa. [52]",pro,male,model,pro,0,0,0,3,,,,
views-on-circumcision,s0080,"Absolute risk reductions vary by baseline prevalence; in settings with 3–4% annual HIV incidence, approximately 1–2 infections are averted per 100 circumcisions over two years.",pro,male,model,none,0,0,0,3,,,,
views-on-circumcision,s0082,Circumcision also mitigates foreskin-related conditions such as phimosis and balanitis.,pro,male,model,none,0,0,0,3,,,,
views-on-circumcision,s0083,"Meta-analyses indicate a 68% lower prevalence of balanitis in circumcised males, with longitudinal studies showing up to 90% reductions in inflammatory episodes due to improved hygiene and elimination of the preputial microenvironment prone to infection. [53]",pro,male,model,pro,0,0,0,3,,,,
views-on-circumcision,s0084,"In a review of cohort data, uncircumcised boys faced a 10–20% lifetime risk of pathological phimosis requiring intervention, versus negligible rates post-circumcision.",pro,male,model,none,0,0,0,3,,,,
views-on-circumcision,s0086,"Recent systematic reviews, including those synthesizing RCTs and observational data up to 2023, reaffirm these benefits in endemic areas, emphasizing net preventive effects against infections with low procedural risks.",pro,male,model,pro,0,0,0,3,,,,
views-on-circumcision,s0087,"For instance, in regions with high STI burdens, lifetime absolute risk reductions include preventing 1 UTI per 100–200 procedures and substantial HIV averting in at-risk groups.",pro,male,model,pro,0,0,0,3,,,,
views-on-circumcision,s0089,"Neonatal circumcision carries acute risks primarily involving bleeding and infection, occurring in approximately 0.2% to 0.6% of cases when performed by trained practitioners using proper techniques and anesthesia. [6] [55]",pro,male,model,none,0,0,0,3,,,,
views-on-circumcision,s0090,"Severe complications, such as penile injury or excessive bleeding requiring intervention, affect fewer than 0.5% of procedures, with rates of adverse events like stricture or necrosis ranging from 0.76 per million circumcisions. [56]",pro,male,model,anti,0,0,0,3,,,,
views-on-circumcision,s0091,"Circumcision-related mortality is exceedingly rare, estimated at less than 1 in 500,000 procedures in developed settings, lower than the mortality risk associated with common pediatric surgeries like appendectomy, which exceeds 1% in infants under one year. [56]",pro,male,model,none,1,0,1,1,false-analogy,,false-analogy,false-analogy
views-on-circumcision,s0093,"Long-term complications, including impacts on sexual sensitivity or function, lack robust empirical support from high-quality studies.",pro,male,model,anti,0,0,0,3,,,,
views-on-circumcision,s0094,"A 2013 systematic review and meta-analysis of randomized controlled trials and cohort studies found no significant differences in sexual satisfaction, erectile function, or premature ejaculation rates between circumcised and uncircumcised men. [58] [59]",pro,male,model,none,0,0,0,3,,,,
views-on-circumcision,s0095,"Claims of glans keratinization leading to desensitization are overstated, as histological analyses reveal no substantial increase in keratin thickness or cornification following circumcision, with epithelial changes attributable more to individual variation than procedural exposure. [60]",pro,male,model,pro,0,0,0,3,,,,
views-on-circumcision,s0097,"Pain during neonatal circumcision is effectively mitigated with local anesthesia, reducing distress to levels comparable to routine vaccinations, countering assertions of unmanageable harm. [6]",pro,male,model,anti,0,0,0,3,,,,
views-on-circumcision,s0098,"Recent cohort studies from 2023 and 2024 in controlled clinical environments report overall complication rates below 1%, predominantly minor and resolving without sequelae, undermining exaggerated characterizations of the procedure as inherently mutilative absent comparative data from other genital interventions. [62] [63]",pro,male,model,mixed,1,0,1,1,irrelevant-conclusion,,non-sequitur,irrelevant-conclusion|non-sequitur
views-on-circumcision,s0099,"These outcomes emphasize that risks are minimized in standardized medical settings, with no causal link established to profound functional deficits in large-scale empirical reviews.",pro,male,model,none,0,0,0,3,,,,
views-on-circumcision,s0101,"The American Academy of Pediatrics (AAP) issued a 2012 policy statement concluding that the health benefits of newborn male circumcision outweigh the risks, though the data were insufficient to recommend it as a routine procedure for all male newborns; instead, the AAP emphasized that parents should determine what is in the best interests of their child and have access to the procedure if desired. [6]",pro,male,model,mixed,0,0,0,3,,,,
views-on-circumcision,s0102,"This position has been maintained without formal revision, aligning with ongoing evaluations that preventive benefits, such as reduced urinary tract infections and certain sexually transmitted infections, justify offering the option in low-risk settings.",pro,male,model,pro,0,0,0,3,,,,
views-on-circumcision,s0104,"The Centers for Disease Control and Prevention (CDC) recommends that healthcare providers inform adolescent and adult males, as well as parents of newborn boys, about the substantial evidence that male circumcision reduces the risk of HIV acquisition during heterosexual sex by approximately 60%, alongside benefits against other sexually transmitted infections; the CDC supports voluntary access without endorsing mandates. [65]",pro,male,model,pro,0,0,0,3,,,,
views-on-circumcision,s0105,"Similarly, the World Health Organization (WHO) endorses voluntary medical male circumcision (VMMC) as part of HIV prevention strategies in high-prevalence regions, particularly sub-Saharan Africa, where over 30 million procedures have been performed since 2007, averting an estimated 615,000 HIV infections by 2020 based on modeling of randomized trial data. [38]",pro,male,model,pro,0,0,0,3,,,,
views-on-circumcision,s0107,"In contrast, several European medical organizations express greater caution toward non-therapeutic circumcision in low-HIV-prevalence contexts.",anti,male,model,anti,0,0,0,3,,,,
views-on-circumcision,s0108,"The Royal Dutch Medical Association (KNMG) in 2010 stated that routine circumcision violates boys' physical integrity and right to bodily autonomy, recommending deferral until informed consent can be given at adulthood due to risks outweighing unproven preventive benefits in their setting. [67]",anti,male,model,mixed,0,0,0,3,,,,
views-on-circumcision,s0109,"The British Medical Association (BMA) guidance, updated through the 2000s, requires explicit consent from both parents for non-therapeutic procedures and highlights ethical concerns over performing irreversible surgery on minors without medical necessity, though it does not prohibit the practice outright. [68]",anti,male,model,anti,0,0,0,3,,,,
views-on-circumcision,s0110,"Other bodies, such as the Danish Medical Association in 2016, have advocated ending non-therapeutic infant circumcision, prioritizing personal choice post-puberty. [69]",anti,male,model,anti,0,0,0,3,,,,
views-on-circumcision,s0111,"These positions reflect divergences in weighing evidence, with European groups often critiquing the generalizability of trial data from high-risk populations to low-prevalence areas, while acknowledging gaps in long-term sensitivity analyses for complications.",anti,male,model,anti,0,0,0,3,,,,
views-on-circumcision,s0113,"The American Urological Association (AUA), in its policy reaffirmed as of 2018, recognizes both potential medical benefits (e.g., reduced balanitis and phimosis risks) and disadvantages (e.g., surgical complications) of neonatal circumcision, rejecting routine bans and affirming parental decision-making after informed discussion of evidence-based pros and cons. [71]",pro,male,model,mixed,0,0,0,3,,,,
views-on-circumcision,s0115,"Opponents of infant male circumcision argue that the procedure constitutes a non-therapeutic violation of the child's inherent right to bodily autonomy and physical integrity, as infants cannot provide informed consent for permanent genital modification.",anti,male,model,anti,0,0,0,3,,,,
views-on-circumcision,s0116,"This perspective draws on the United Nations Convention on the Rights of the Child (UNCRC), specifically Article 24, which affirms the child's right to the highest attainable standard of health and to protection from harmful traditional practices, interpreting non-consensual circumcision as an infringement on physical inviolability.",anti,male,model,anti,0,0,0,3,,,,
views-on-circumcision,s0117,"Organizations such as the International Coalition for Genital Integrity assert that proxy consent by parents fails to substitute for the individual's own autonomy, likening it to unauthorized bodily alterations that no adult would accept without medical necessity.",anti,male,model,anti,0,0,0,3,,,,
views-on-circumcision,s0118,"Intactivist movements, originating in the 1970s with groups like the National Organization of Circumcision Information Resources Center (NOCIRC), frame circumcision as a form of genital mutilation analogous to female genital mutilation (FGM), emphasizing the irreversible removal of the foreskin, which contains specialized nerve endings.",anti,male,model,anti,0,0,0,3,,,,
views-on-circumcision,s0119,"Advocates cite histological studies documenting the foreskin's dense innervation and erogenous tissue, arguing that its excision diminishes sexual function and sensitivity, though randomized controlled trials (RCTs) have not demonstrated measurable long-term functional deficits in circumcised individuals compared to uncircumcised controls.",pro,male,model,none,0,0,0,3,,,,
views-on-circumcision,s0120,"These claims often invoke ethical precedents from bioethics literature, positing that any non-therapeutic surgery on minors prioritizes adult preferences over the child's future self-determination.",anti,male,model,anti,0,0,0,3,,,,
views-on-circumcision,s0121,"Critics of these rights-based arguments contend that intactivist rhetoric over-relies on anecdotal reports of psychological trauma and body image dissatisfaction, with empirical data from longitudinal studies showing no evidence of widespread mental health harm attributable to neonatal circumcision.",pro,male,model,anti,0,0,0,3,,,,
views-on-circumcision,s0122,"The analogy to FGM is contested on grounds that FGM procedures, such as clitoridectomy, confer no health benefits and are universally condemned by bodies like the World Health Organization for severe complications, whereas male circumcision has documented preventive effects against certain infections, rendering the comparison ethically asymmetric.",pro,male,model,mixed,0,0,0,3,,,,
views-on-circumcision,s0123,"Moreover, parental proxy consent is a established legal norm for interventions like vaccinations or ear piercings in minors, where societal benefits or cultural norms justify decisions on behalf of incapable children, undermining the absolutist stance against circumcision without therapeutic mandate.",pro,male,model,pro,0,0,0,3,,,,
views-on-circumcision,s0124,"Recent advocacy efforts, including campaigns by groups like Doctors Opposing Circumcision from 2022 onward, have intensified calls for legislative bans in Western countries, petitioning courts to recognize infant circumcision as a human rights violation under frameworks like the European Convention on Human Rights.",anti,male,model,anti,0,0,0,3,,,,
views-on-circumcision,s0125,"However, these initiatives have faced setbacks due to insufficient evidence of harm in population-level data, with surveys indicating that adult circumcised men report satisfaction rates comparable to uncircumcised peers, suggesting that consent-based objections may not align with observed outcomes.",pro,male,model,mixed,1,1,1,0,irrelevant-conclusion,irrelevant-conclusion,irrelevant-conclusion,irrelevant-conclusion
views-on-circumcision,s0126,"This tension highlights a reliance on deontological principles over consequentialist evaluations, where the absence of provable detriment challenges the urgency of prohibiting a procedure performed on millions without substantiated regret.",pro,male,model,none,0,1,0,2,,irrelevant-conclusion,,irrelevant-conclusion
views-on-circumcision,s0127,"Proponents of infant male circumcision argue that parents, as primary caregivers and stewards of their children's welfare, possess the inherent prerogative to authorize procedures that offer demonstrable long-term health advantages, such as reduced risk of urinary tract infections in infancy and heterosexual HIV acquisition later in life, against minimal procedural risks estimated at less than 0.5% for serious complications. [6]",pro,male,model,mixed,0,0,0,3,,,,
views-on-circumcision,s0128,"This parental authority aligns with principles of family autonomy, where state intervention via bans would require evidence of net harm exceeding parental judgment, a threshold not met given medical consensus on net benefits. [6]",pro,male,model,mixed,0,0,0,3,,,,
views-on-circumcision,s0129,"For instance, the American Academy of Pediatrics' 2012 policy statement explicitly affirms that ""parents have the right to make the decision"" for their newborns, emphasizing informed consent over absolutist non-intervention.",pro,male,model,none,0,0,0,3,,,,
views-on-circumcision,s0131,"In religious and ethnic minorities, such as Jewish and Muslim communities, circumcision serves as a rite of passage that reinforces cultural continuity and communal bonds, mitigating assimilation pressures in pluralistic societies. [17]",pro,male,model,none,0,0,0,3,,,,
views-on-circumcision,s0132,"Historical records trace the practice to ancient Egyptian artifacts circa 2400 BCE, evolving into a covenantal symbol in Judaism (Genesis 17:10-14) and a sunnah in Islam, where discontinuation could erode intergenerational transmission of identity and foster social fragmentation. [72]",pro,male,model,none,0,0,0,3,,,,
views-on-circumcision,s0133,"Proponents contend this preservation yields psychosocial benefits, including enhanced group cohesion, as evidenced by sustained practice rates—over 90% among U.S. Jewish males and near-universal in many Muslim populations—correlating with robust communal structures despite secular influences.",pro,male,model,pro,0,0,0,3,,,,
views-on-circumcision,s0135,"Addressing bodily autonomy critiques, advocates note that infants inherently lack decisional capacity for any irreversible choices, from vaccinations (with efficacy rates up to 99% for measles) to orthodontic interventions, rendering parental proxy decisions indispensable for optimizing outcomes like circumcision's preventive effects, which are most efficacious when performed neonatally to avoid adolescent procedural trauma or reluctance. [73]",pro,male,model,anti,0,0,0,3,,,,
views-on-circumcision,s0136,"Labeling the procedure ""mutilation"" overlooks this framework, equating a low-risk, benefit-accruing intervention—comparable to routine ear piercing in some cultures—with non-therapeutic harm, while empirical data supports parental discretion as a bulwark against overreach that could parallel compelled reversals of other childhood norms. [74]",pro,male,model,mixed,0,0,0,3,,,,
views-on-circumcision,s0137,"Thus, rights-based defenses prioritize familial liberty and tradition as counterweights to individualistic absolutism, grounded in the causal reality that early stewardship maximizes child flourishing without viable infant alternatives.",pro,male,model,none,0,0,0,3,,,,
views-on-circumcision,s0155,"It prompted international outcry from Jewish and Muslim leaders, who argued it infringed on religious freedoms protected under Article 4 of the German Basic Law. [88]",pro,male,model,none,0,0,0,3,,,,
views-on-circumcision,s0168,"Unlike female genital mutilation cases, which invoke strict protections, male circumcision claims—such as potential Belgian or Dutch referrals—have not yielded adverse rulings, reflecting distinctions in perceived harm and cultural prevalence. [97]",pro,male,model,anti,0,0,0,3,,,,
views-on-circumcision,s0171,"The Circumcision Academy of Australia, established to provide specialized circumcision services for infants, children, and adults, advocates for parental access to the procedure as a matter of informed choice, emphasizing its availability in line with medical and cultural preferences across Australia and New Zealand. [99]",pro,male,model,none,0,0,0,3,,,,
views-on-circumcision,s0172,"In the United States, religious coalitions, including Jewish and Muslim organizations such as the Union of Orthodox Jewish Congregations and the Islamic Society of North America, have actively opposed legislative efforts to restrict neonatal circumcision, framing it as essential to religious tradition and parental authority; for instance, in 2011, these groups successfully challenged a proposed ban in San Francisco through legal action, preventing it from appearing on the ballot, highlighting exemptions for religious practice as unconstitutional otherwise. [100]",pro,male,model,none,0,0,0,3,,,,
views-on-circumcision,s0178,"In response to declining U.S. neonatal circumcision rates—dropping from approximately 65% in 2012 to around 60% by 2022 among certain demographics—pro-circumcision advocates, including urological societies, have launched informational initiatives underscoring parental rights to weigh cultural, hygienic, and preventive factors in diverse populations. [104]",pro,male,model,pro,0,0,0,3,,,,
views-on-circumcision,s0179,"Recent efforts from 2023 onward, amid renewed debates over potential bans in Europe and North America, have intensified focus on preserving choice, with coalitions arguing that restrictions infringe on family autonomy and overlook context-specific net advantages in multicultural societies.",pro,male,model,anti,0,0,0,3,,,,
views-on-circumcision,s0183,"By the 2010s, the movement rebranded under the term ""intactivism,"" emphasizing intact genitalia as a human rights issue, with organizations like Intaction—founded by Anthony Losquadro in New York—gaining prominence through campaigns framing male circumcision as a form of genital mutilation akin to female genital mutilation (FGM). [108]",anti,male,model,anti,0,0,0,3,,,,
views-on-circumcision,s0184,"This analogy persists despite fundamental disparities: FGM offers no established health benefits and entails severe complications including urinary issues and increased mortality risks, whereas voluntary medical male circumcision (VMMC) demonstrates empirical benefits such as reduced heterosexual HIV acquisition.",pro,male,model,mixed,1,0,1,1,secundum-quid,,red-herring,red-herring|secundum-quid
views-on-circumcision,s0187,"Advocacy often highlights alleged long-term effects like chronic pain, reduced sexual sensitivity, and psychological trauma, amplified through graphic imagery and media outreach.",anti,male,model,anti,0,0,0,3,,,,
views-on-circumcision,s0188,"However, high-quality studies, including a 2023 review in Sexual Medicine Open Access, find no evidence of sexual dysfunction or diminished pleasure post-circumcision, with randomized trials and meta-analyses showing minimal or no adverse impacts on sensation or satisfaction. [109] [110]",pro,male,model,mixed,0,0,0,3,,,,
views-on-circumcision,s0190,"Critics argue that intactivism selectively ignores global health data, such as World Health Organization (WHO) endorsements of VMMC based on randomized controlled trials demonstrating approximately 60% reduction in heterosexual HIV acquisition among men in high-prevalence regions. [38] [112]",pro,male,model,anti,0,0,0,3,,,,
views-on-circumcision,s0191,"Detractors have described the movement as exhibiting cult-like devotion to foreskin preservation, with rhetoric sometimes veering into ridicule of opponents as enabling mutilation, though bans have seen limited success due to countervailing medical evidence and legal barriers.",pro,male,model,anti,0,0,0,3,,,,
women-unaffected-by-female-genital-cutting,s0001,"Women unaffected by female genital cutting are females who have not undergone the culturally motivated procedure involving partial or total removal of, or other injury to, the external female genitalia, a practice that spares the natural anatomy and avoids procedure-linked complications such as hemorrhage, chronic pain, urinary issues, sexual dysfunction, and increased childbirth risks. [1]",anti,FGM,model,anti,0,0,0,3,,,,
women-unaffected-by-female-genital-cutting,s0007,"Globally, the unaffected experience no ritual-inflicted physical or psychological trauma from cutting, preserving full anatomical function and fertility potential absent iatrogenic harm; empirical studies link the procedure to elevated maternal mortality and neonatal risks in affected cohorts, underscoring the baseline health status of the intact. [1] [5]",anti,FGM,model,anti,0,0,0,3,,,,
women-unaffected-by-female-genital-cutting,s0024,"In opposition, ""female genital cutting"" (FGC) is favored by anthropologists and select public health scholars for its descriptive neutrality, avoiding presuppositions of cultural inferiority and enabling empirical analysis of varied outcomes, much like terminology for male circumcision or female cosmetic genital surgeries. [11]",pro,FGM,model,none,0,0,0,3,,,,
women-unaffected-by-female-genital-cutting,s0025,"This shift, evident in works from the early 2000s onward, such as Ellen Gruenbaum's ethnographic studies, underscores that the mutilation label can impede dialogue in practicing communities by framing the act as uniformly victimizing, thus marginalizing women's agency in rituals tied to identity, hygiene, or beauty standards.",pro,FGM,model,pro,0,0,0,3,,,,
women-unaffected-by-female-genital-cutting,s0027,"The mutilation narrative, dominant in Western human rights and media discourses, posits inherent physical, sexual, and psychological devastation, often extrapolating from severe Type III infibulation cases (prevalent in <10% of instances globally) to all forms, while downplaying self-reports of normalcy. [5]",pro,FGM,model,anti,0,0,0,3,,,,
women-unaffected-by-female-genital-cutting,s0028,"Conversely, the cutting narrative differentiates by WHO typology—Type I (clitoridectomy, affecting ~80% of cases in some regions) involves minimal tissue removal analogous to hoodectomy in cosmetic procedures, with longitudinal data showing no consistent links to reduced sexual satisfaction or fertility when controlled for socioeconomic factors. [13]",pro,FGM,model,none,1,1,1,0,false-analogy,false-analogy,false-analogy,false-analogy
women-unaffected-by-female-genital-cutting,s0029,"For example, qualitative accounts from Sudanese and Kenyan women describe Type I or II cuttings as enhancing marital eligibility and community belonging without long-term detriment, attributing any complications to unskilled practitioners rather than the procedure itself.",pro,FGM,model,mixed,0,0,0,3,,,,
women-unaffected-by-female-genital-cutting,s0031,"Empirical challenges to the mutilation frame emerge from studies isolating procedure effects from stigma: a 2023 analysis of 638 Somali women (predominantly Type I/II) in the US revealed FGC status unrelated to gynecologic issues (16.6% prevalence) or distress (20%), but discrimination experiences correlated with 5-fold higher odds of mental health problems (OR=5.11). [15]",pro,FGM,model,anti,0,0,0,3,,,,
women-unaffected-by-female-genital-cutting,s0032,"This supports cutting proponents' view that pathologizing narratives amplify harm via social exclusion, as institutional emphases on mutilation—often from ideologically aligned NGOs—overlook resilience in unaffected women who report intact pleasure and well-being, per community-based surveys in Mali and Sierra Leone (e.g., 70-80% satisfaction rates in ritual contexts). [13]",pro,FGM,model,anti,0,1,0,2,,appeal-to-motive,,appeal-to-motive
women-unaffected-by-female-genital-cutting,s0033,"Such distinctions reveal how source biases, including ethnocentric assumptions in academia, skew toward harm amplification over causal disaggregation of cultural versus procedural impacts.",pro,FGM,model,mixed,1,1,1,0,bulverism,appeal-to-motive,bulverism,appeal-to-motive|bulverism
women-unaffected-by-female-genital-cutting,s0052,"In communities practicing female genital cutting (FGC), traditional rationales often center on enhancing cleanliness, aesthetics, and femininity, with practitioners viewing the procedure as a means to remove perceived impurities or excess tissue that could hinder hygiene or appeal.",pro,FGM,model,pro,0,0,0,3,,,,
women-unaffected-by-female-genital-cutting,s0053,"For instance, among groups in Guinea, FGC is justified as promoting purity and beauty, aligning with cultural ideals of proper female form. [21]",pro,FGM,model,pro,0,0,0,3,,,,
women-unaffected-by-female-genital-cutting,s0054,"Similarly, in northern Ghana's Kassena-Nankana ethnic group, it is tied to notions of tidiness and maturity, marking the transition to womanhood by aligning the body with societal standards of propriety. [22]",pro,FGM,model,none,0,0,0,3,,,,
women-unaffected-by-female-genital-cutting,s0057,"A primary rationale involves regulating female sexuality to ensure chastity and fidelity, which communities associate with preserving family honor and facilitating marriage.",pro,FGM,model,pro,0,0,0,3,,,,
women-unaffected-by-female-genital-cutting,s0058,"In Guinea, cutting is believed to diminish sexual desire, thereby safeguarding virginity until marriage and reducing infidelity risks, with statements like ""if your clitoris is not removed... you may become addicted to men"" reflecting this view. [23]",pro,FGM,model,none,0,0,0,3,,,,
women-unaffected-by-female-genital-cutting,s0059,"Among Mandinka communities in Gambia, FGC parallels male circumcision in promoting purity and marriage eligibility, often framed as a religious or customary duty to control impulses and uphold moral standards. [21]",pro,FGM,model,pro,0,0,0,3,,,,
women-unaffected-by-female-genital-cutting,s0060,"Such rationales underscore a perceived causal link between the procedure and behavioral restraint, integral to kinship structures where uncircumcised women face diminished prospects.",pro,FGM,model,none,0,0,0,3,,,,
women-unaffected-by-female-genital-cutting,s0063,"In settings like Guinea and Ghana, the ritual—often performed by female elders—imparts knowledge of societal roles, fostering solidarity and peer acceptance while excluding men, thus operating as a domain of female agency and secrecy. [21] [22]",pro,FGM,model,none,0,0,0,3,,,,
women-unaffected-by-female-genital-cutting,s0068,"In subsequent interviews and writings, she described the procedure as a culturally affirming experience that enhanced her sense of womanhood and community belonging among Kono women, with no long-term physical or psychological harm.",pro,FGM,model,anti,0,0,0,3,,,,
women-unaffected-by-female-genital-cutting,s0069,"Ahmadu reported experiencing no sexual dysfunction post-excision, asserting that it shifted emphasis toward vaginal orgasms via g-spot stimulation, which she claimed improved pleasure compared to clitoral-focused sensations.",pro,FGM,model,mixed,0,0,0,3,,,,
women-unaffected-by-female-genital-cutting,s0071,"Ahmadu has cited her personal observations and ethnographic research to dispute claims of universal sexual impairment, noting that circumcised women in her studies, including herself, achieved orgasms and sexual satisfaction without difficulty.",pro,FGM,model,none,0,0,0,3,,,,
women-unaffected-by-female-genital-cutting,s0072,"She referenced self-reports from Sudanese women in earlier fieldwork, such as that of Hanny Lightfoot-Klein, where 94% of infibulated participants described enjoying sex and reaching orgasm, often more intensely than uncircumcised counterparts due to heightened internal sensitivity.",pro,FGM,model,none,0,0,0,3,,,,
women-unaffected-by-female-genital-cutting,s0073,"Ahmadu argued these accounts challenge Western assumptions of harm, attributing reported issues to cultural stigma rather than the cutting itself.",pro,FGM,model,mixed,0,0,0,3,,,,
women-unaffected-by-female-genital-cutting,s0075,"In a 2016 exploratory study of Kenyan women who had undergone various forms of female genital cutting, several participants expressed satisfaction with the procedure, with one stating, ""I am happy I was circumcised so I am sure I [feel secure in my marriage].""",pro,FGM,model,none,0,0,0,3,,,,
women-unaffected-by-female-genital-cutting,s0076,"Others reported no ongoing health problems or regrets, viewing the cutting as a normalized rite that conferred social maturity without impeding daily life or marital relations.",pro,FGM,model,none,0,0,0,3,,,,
women-unaffected-by-female-genital-cutting,s0077,"These testimonies, drawn from in-depth interviews, highlighted perceived benefits like reduced promiscuity concerns and cultural pride, though the study noted potential underreporting of subtle effects due to social desirability bias.",pro,FGM,model,pro,0,0,0,3,,,,
women-unaffected-by-female-genital-cutting,s0078,"Anonymous self-reports in qualitative research from Egypt and Sudan similarly include women affirming no adverse impacts on fertility, childbirth, or sexual enjoyment.",pro,FGM,model,none,0,0,0,3,,,,
women-unaffected-by-female-genital-cutting,s0079,"For instance, in Sudanese communities practicing infibulation, interviewees described post-procedure sexual lives as fulfilling, with one noting ""no problem"" in conception or pleasure after defibulation for marriage.",pro,FGM,model,none,0,0,0,3,,,,
women-unaffected-by-female-genital-cutting,s0080,"Such accounts, while limited by small sample sizes and cultural context, provide counterpoints to predominant narratives of harm, suggesting variability in individual outcomes based on procedure type and personal resilience.",pro,FGM,model,mixed,0,0,0,3,,,,
women-unaffected-by-female-genital-cutting,s0082,"In Demographic and Health Surveys (DHS) conducted across countries where female genital cutting (FGC) is prevalent, substantial proportions of women who have undergone the procedure express support for its continuation, indicating a lack of perceived personal detriment to well-being.",pro,FGM,model,none,1,1,1,0,non-sequitur,non-sequitur,non-sequitur,non-sequitur
women-unaffected-by-female-genital-cutting,s0085,"These self-reported preferences suggest that many women do not associate FGC with diminished life satisfaction or health, viewing it instead as a normalized cultural element without subjective harm.",pro,FGM,model,mixed,0,0,0,3,,,,
women-unaffected-by-female-genital-cutting,s0086,Surveys on sexual well-being further reveal that women with FGC often report orgasmic capacity comparable to or unaltered from uncut peers.,pro,FGM,model,none,0,0,0,3,,,,
women-unaffected-by-female-genital-cutting,s0087,"A study of 137 women with various FGC types in Italy found that 86% experienced orgasm, with 69% reporting it consistently, attributing pleasure to internal clitoral structures remaining intact post-cutting. [27]",pro,FGM,model,none,0,0,0,3,,,,
women-unaffected-by-female-genital-cutting,s0088,"Similarly, a Sudanese survey indicated cut women were as likely as uncut women to report regular orgasms during intercourse, challenging assumptions of total elimination of sexual sensation. [28]",pro,FGM,model,none,0,0,0,3,,,,
women-unaffected-by-female-genital-cutting,s0089,"In a comparison of 130 sexually active women with FGC and 130 without in Iran, no significant differences emerged in overall sexual function scores, though type-specific variations existed.",pro,FGM,model,none,0,0,0,3,,,,
women-unaffected-by-female-genital-cutting,s0091,Qualitative and quantitative data on broader perceived well-being underscore resilience or neutrality.,pro,FGM,model,none,0,0,0,3,,,,
women-unaffected-by-female-genital-cutting,s0092,"Among Somali women in Sweden, many described FGC as ""a part of my life"" without linking it to reduced happiness or functionality, emphasizing cultural integration over adverse effects. [30]",pro,FGM,model,anti,0,0,0,3,,,,
women-unaffected-by-female-genital-cutting,s0093,"A metasynthesis of studies on FGC-affected women's sexual health noted reports of pleasure persistence, with some attributing enhanced relational intimacy to the practice's social role. [31]",pro,FGM,model,none,0,0,0,3,,,,
women-unaffected-by-female-genital-cutting,s0094,"These findings, drawn from self-assessments in endemic regions, contrast with external harm narratives, as women frequently report unaltered daily functioning and marital satisfaction.",pro,FGM,model,anti,0,0,0,3,,,,
women-unaffected-by-female-genital-cutting,s0096,"A systematic review of physical health outcomes associated with female genital cutting (FGC) classified by World Health Organization types reveals limited high-quality evidence linking the procedure directly to long-term morbidity, with many associations confounded by methodological weaknesses such as small samples, recall bias, and lack of controls for socioeconomic or environmental factors. [33]",pro,FGM,model,none,0,0,0,3,,,,
women-unaffected-by-female-genital-cutting,s0097,"For instance, while relative risks for conditions like urinary tract infections (RR=3.01) and dyspareunia (RR=1.53) were reported, the overall GRADE quality of evidence was rated very low due to heterogeneity and poor study designs, indicating that causality remains uncertain and absolute prevalence of such issues may be low in unaffected cohorts.",pro,FGM,model,anti,0,0,0,3,,,,
women-unaffected-by-female-genital-cutting,s0099,"In empirical analyses separating procedure-specific effects from social factors, FGC status itself showed no significant independent association with physical health morbidities, including genitourinary difficulties or pain during intercourse (OR=0.79 for poor physical health), whereas experiences of discrimination strongly predicted adverse outcomes (OR=2.68). [15]",pro,FGM,model,anti,0,0,0,3,,,,
women-unaffected-by-female-genital-cutting,s0100,This suggests that reported physical complaints in FGC-affected women may often stem from stigma or access barriers rather than the cutting procedure.,pro,FGM,model,none,1,0,0,2,hasty-generalization,,,hasty-generalization
women-unaffected-by-female-genital-cutting,s0101,"No associations were found with HIV acquisition (AOR=0.95) or sexually transmitted infections (RR=1.07), underscoring minimal impact on infectious disease transmission across types.",pro,FGM,model,anti,0,0,0,3,,,,
women-unaffected-by-female-genital-cutting,s0103,"Type I procedures, involving partial or total removal of the clitoral prepuce and/or glans, exhibit the lowest reported rates of long-term physical complications among FGC variants, with clinical data indicating rare chronic scarring, keloid formation, or infertility when performed asepticly. [33]",pro,FGM,model,anti,0,0,0,3,,,,
women-unaffected-by-female-genital-cutting,s0104,"Systematic assessments found inconclusive evidence for persistent genitourinary disorders, and immediate issues like swelling or retention resolved without sequelae in the majority of cases (median swelling prevalence 15%, range 2–27%). [33]",pro,FGM,model,none,0,0,0,3,,,,
women-unaffected-by-female-genital-cutting,s0105,"In contexts with milder implementations, such as symbolic pricking in parts of Southeast Asia, longitudinal health metrics show no elevated morbidity in reproductive or urinary function compared to uncut populations.",pro,FGM,model,pro,0,0,0,3,,,,
women-unaffected-by-female-genital-cutting,s0107,"Type II, entailing partial or total removal of the clitoris and labia minora with or without labia majora, demonstrates marginally higher immediate risks than Type I, such as bleeding (median 32%, range 5–62%), but long-term physical findings remain sparse for severe outcomes, with evidence for bacterial vaginosis (AOR=1.68) graded as very low quality and not establishing direct causation. [33]",pro,FGM,model,none,0,0,0,3,,,,
women-unaffected-by-female-genital-cutting,s0108,"Population-based exams in practicing communities reveal that most women experience no ongoing urinary obstruction or chronic pain attributable to the procedure, particularly absent reinfibulation or poor hygiene. [15]",pro,FGM,model,pro,0,0,0,3,,,,
women-unaffected-by-female-genital-cutting,s0109,"Confounding by discrimination or poverty likely inflates perceived links to obstetric issues like prolonged labor (AOR=1.49, low evidence quality).",pro,FGM,model,anti,0,0,0,3,,,,
women-unaffected-by-female-genital-cutting,s0111,"Type III, involving narrowing of the vaginal opening through excision and apposition of the labia, carries elevated immediate harm risks compared to Types I and II, including higher urine retention (median 31%) and potential for keloids, yet long-term physical health data indicate that deinfibulation or natural adaptation allows many women to maintain functionality without recurrent infections or fistulae. [33]",pro,FGM,model,mixed,0,0,0,3,,,,
women-unaffected-by-female-genital-cutting,s0112,"Cohort studies report no procedure-independent elevation in physical morbidities, with adverse events more tied to social exclusion than anatomical changes (e.g., 16.6% recent gynecological events unrelated to FGC status). [15]",pro,FGM,model,anti,1,0,1,1,unrepresentative-sample,,unrepresentative-sample,unrepresentative-sample
women-unaffected-by-female-genital-cutting,s0113,"Evidence for increased cesarean needs (AOR=1.60) is low quality, and absolute complication rates vary widely by practitioner skill, with hygienic variants showing minimal persistent effects.",pro,FGM,model,mixed,0,0,0,3,,,,
women-unaffected-by-female-genital-cutting,s0115,"Type IV encompasses pricking, piercing, or scraping without excision, yielding negligible physical health findings in reviews, with no documented long-term morbidity in empirical data from regions like Indonesia where such forms predominate. [34]",pro,FGM,model,none,0,0,0,3,,,,
women-unaffected-by-female-genital-cutting,s0116,"Immediate bleeding or swelling occurs infrequently and resolves spontaneously, and no associations with chronic conditions emerge, aligning with the minimal tissue disruption.",pro,FGM,model,none,0,0,0,3,,,,
women-unaffected-by-female-genital-cutting,s0118,"In surveys conducted among women in regions where female genital cutting (FGC) is prevalent, many self-report satisfactory sexual function, with no perceived diminishment in pleasure or intimacy.",pro,FGM,model,none,0,0,0,3,,,,
women-unaffected-by-female-genital-cutting,s0119,"A cross-sectional study of 220 Egyptian women using the Female Sexual Function Index (FSFI) found no significant differences in overall sexual function scores between those who had undergone FGC (types I and II) and uncircumcised controls, including comparable ratings for desire, arousal, lubrication, orgasm, and satisfaction. [35]",pro,FGM,model,none,0,0,0,3,,,,
women-unaffected-by-female-genital-cutting,s0120,"Similarly, a Nigerian community-based survey of 1,400 women reported that those with FGC were as likely as uncircumcised women to experience orgasm during intercourse, with self-described sexual sensations often unaltered or shifted to internal erogenous zones rather than eliminated. [28]",pro,FGM,model,none,0,0,0,3,,,,
women-unaffected-by-female-genital-cutting,s0121,"Qualitative assessments in Sudanese and Somali communities reveal frequent self-reports of ""normal"" marital sex lives, where women attribute fulfillment to emotional bonding and vaginal sensitivity, dismissing Western assumptions of universal impairment.04269-6/fulltext)",pro,FGM,model,none,0,0,0,3,,,,
women-unaffected-by-female-genital-cutting,s0122,Self-assessments of pain and dyspareunia also indicate minimal long-term impact for many.,pro,FGM,model,none,0,0,0,3,,,,
women-unaffected-by-female-genital-cutting,s0123,"In a Saudi Arabian study of 260 women, FGC type I showed no differences in self-reported pain or desire compared to uncircumcised peers, with participants noting adaptation without ongoing discomfort. [36]",pro,FGM,model,none,0,0,0,3,,,,
women-unaffected-by-female-genital-cutting,s0124,"These findings contrast with clinician-observed complications but align with self-perceptions in cultural contexts where FGC is normalized, suggesting that reported dysfunction may partly stem from societal stigma or interviewer bias rather than inherent physiological deficit.",pro,FGM,model,anti,0,0,0,3,,,,
women-unaffected-by-female-genital-cutting,s0125,"Regarding psychological self-assessments, women with FGC in practicing communities often report unaltered well-being, viewing the procedure as a rite enhancing social integration rather than causing trauma.",pro,FGM,model,none,0,0,0,3,,,,
women-unaffected-by-female-genital-cutting,s0126,"A review of self-reported mental health in African cohorts found no consistent elevation in depression or anxiety attributable solely to FGC, with many attributing resilience to cultural acceptance and familial support. [37]",pro,FGM,model,mixed,0,0,0,3,,,,
women-unaffected-by-female-genital-cutting,s0127,"In Gambian and Kenyan surveys, cut women self-rated life satisfaction comparably to uncut peers, expressing pride in adherence to tradition without internalized harm narratives. [15]",pro,FGM,model,mixed,0,0,0,3,,,,
women-unaffected-by-female-genital-cutting,s0128,"Psychological distress, when present, correlates more strongly with migration-induced acculturation stress or anti-FGC campaigns than the cutting event itself, per longitudinal self-reports. [38]",pro,FGM,model,anti,0,0,0,3,,,,
women-unaffected-by-female-genital-cutting,s0129,"These accounts challenge pathologizing frameworks, emphasizing subjective normalcy over imposed victimhood.",pro,FGM,model,none,0,0,0,3,,,,
women-unaffected-by-female-genital-cutting,s0130,"Critiques of the assumption that female genital cutting (FGC) invariably causes severe, lifelong harm emphasize variability in procedure types, contexts, and outcomes, drawing on empirical data that highlight confounding factors like stigma and discrimination.",pro,FGM,model,anti,0,0,0,3,,,,
women-unaffected-by-female-genital-cutting,s0131,"A cross-sectional study of 638 Somali women in Arizona found no significant association between FGC status and psychological distress or adverse physical health outcomes (including sexual, obstetric, and gynecological issues) after adjusting for discrimination experiences, with self-reported discrimination increasing odds of distress by over fivefold (OR=5.11, 95% CI: 3.63–7.20) and physical issues by 2.68-fold (OR=2.68, 95% CI: 2.10–3.43). [15]",pro,FGM,model,anti,0,0,0,3,,,,
women-unaffected-by-female-genital-cutting,s0132,"This suggests that social determinants, rather than the cutting itself, drive many reported harms, challenging direct causal attributions in global narratives.",pro,FGM,model,anti,0,0,1,2,,,hasty-generalization,hasty-generalization
women-unaffected-by-female-genital-cutting,s0134,"Anthropological analyses further contest the World Health Organization's (WHO) uniform condemnation of all FGC forms, arguing that harm levels differ substantially by type and cultural setting, with milder procedures (e.g., Type I clitoridectomy) often yielding complication rates comparable to or lower than those of male genital cutting in analogous contexts. [39]",pro,FGM,model,mixed,0,0,0,3,,,,
women-unaffected-by-female-genital-cutting,s0135,"Reviews of clinical data indicate diverse health impacts rather than inevitable severe consequences, with evidence from multiple studies showing that complications are not the norm and vary by practitioner skill and post-procedure care. [39]",pro,FGM,model,anti,0,0,0,3,,,,
women-unaffected-by-female-genital-cutting,s0136,"For instance, practices in some South and Southeast Asian Muslim communities result in minimal functional impairment, contrasting with more invasive African variants like infibulation, and underscoring that blanket harm assumptions overlook this spectrum.",pro,FGM,model,anti,0,0,0,3,,,,
women-unaffected-by-female-genital-cutting,s0138,"Self-reported experiences among women in FGC-practicing communities often reveal no perceived long-term trauma or sexual dissatisfaction, with many describing the procedure as culturally affirming rather than damaging, thereby questioning presumptions of universal psychological harm. [40]",pro,FGM,model,anti,0,0,0,3,,,,
women-unaffected-by-female-genital-cutting,s0139,"Empirical links between FGC and systemic patriarchy remain weakly established, as practices are frequently initiated and controlled by women for social cohesion, not male dominance, and reports of fulfilling sexual lives post-cutting contradict narratives of inherent debilitation. [40]",pro,FGM,model,anti,0,1,0,2,,false-dilemma,,false-dilemma
women-unaffected-by-female-genital-cutting,s0140,"These findings imply that anti-FGC campaigns may amplify harms through stigmatization and eroded healthcare trust, prioritizing ideological uniformity over context-specific evidence.",pro,FGM,model,anti,0,0,0,3,,,,
women-unaffected-by-female-genital-cutting,s0143,"However, empirical evidence from ethnographic and survey research indicates substantial female agency, with women often acting as primary initiators, performers, and defenders of the practice within their communities.",pro,FGM,model,none,0,0,0,3,,,,
women-unaffected-by-female-genital-cutting,s0144,"In regions such as Somaliland, elderly women hold authoritative roles in perpetuating FGC, viewing it as a mechanism for social cohesion, marriage eligibility, and cultural continuity rather than mere subjugation. [22]",pro,FGM,model,none,0,0,0,3,,,,
women-unaffected-by-female-genital-cutting,s0145,"This agency manifests in women selecting practitioners—typically other women—and insisting on the procedure for their daughters to align with communal norms, challenging the narrative of unidirectional male imposition.",pro,FGM,model,none,0,0,0,3,,,,
women-unaffected-by-female-genital-cutting,s0147,"Anthropological analyses further reveal that FGC serves as a domain of female autonomy and symbolic capital, where women negotiate power through ritual control, independent of male oversight in many settings.",pro,FGM,model,mixed,0,0,0,3,,,,
women-unaffected-by-female-genital-cutting,s0150,"This contrasts with external critiques that attribute perpetuation solely to coercive gender hierarchies, potentially overlooking how women derive status and solidarity from the rite.",pro,FGM,model,anti,0,0,0,3,,,,
women-unaffected-by-female-genital-cutting,s0152,"Demographic and Health Surveys (DHS) across practicing countries corroborate higher endorsement rates among women compared to men, underscoring self-perpetuation over imposed victimhood.",pro,FGM,model,none,1,0,0,2,non-sequitur,,,non-sequitur
women-unaffected-by-female-genital-cutting,s0157,"This evidence of cultural agency critiques the universal harm imposition model, arguing it imposes Western individualistic frameworks that dismiss local rationales and female-led enforcement.",pro,FGM,model,anti,0,0,0,3,,,,
women-unaffected-by-female-genital-cutting,s0158,"Interventions framed as liberation from patriarchy may falter by alienating women who view FGC as empowering within their value systems, as seen in resistance to bans that bypass community buy-in. [45]",pro,FGM,model,anti,0,0,0,3,,,,
women-unaffected-by-female-genital-cutting,s0173,"The persistence of cutting despite billions in funding—such as the Joint Programme's focus on attitude shifts yielding only modest, non-sustained behavioral changes—suggests campaigns overlook practitioner perspectives that prioritize cultural continuity over Western-framed harm narratives. [40] [48]",pro,FGM,model,anti,0,0,0,3,,,,
women-unaffected-by-female-genital-cutting,s0174,"Empirical gaps persist, with high-quality longitudinal studies scarce, underscoring the need for context-specific evaluations beyond assumptive models of universal detriment.",pro,FGM,model,none,0,0,0,3,,,,
women-unaffected-by-female-genital-cutting,s0177,"Proponents advocate this as a harm reduction strategy, arguing it parallels regulated practices like male circumcision or tattooing, where professional oversight reduces acute complications without endorsing the cultural norm.",pro,FGM,model,mixed,0,0,0,3,,,,
women-unaffected-by-female-genital-cutting,s0181,"Surveys among Malaysian women who underwent such procedures report minimal or no perceived physical disruptions to daily life, sexual function, or childbirth, with practitioners citing hygiene and reduced scarring as benefits over traditional methods.",pro,FGM,model,pro,0,0,0,3,,,,
women-unaffected-by-female-genital-cutting,s0183,"These self-assessments align with harm reduction goals, as women in these contexts frequently describe the procedure as culturally normative without long-term detriment. [53]",pro,FGM,model,mixed,0,0,0,3,,,,
women-unaffected-by-female-genital-cutting,s0185,"Critics, including the World Health Organization, assert that medicalization legitimizes FGC, potentially increasing its prevalence and entrenching it across generations, while failing to address inherent long-term risks like dyspareunia or obstetric complications regardless of setting.",anti,FGM,model,mixed,0,0,0,3,,,,
women-unaffected-by-female-genital-cutting,s0186,"The WHO's April 2025 guidelines explicitly oppose health worker involvement, citing evidence from high-medicalization areas like Egypt where overall FGC persistence undermines abandonment efforts, with no proven net reduction in total harm.",anti,FGM,model,mixed,0,0,0,3,,,,
women-unaffected-by-female-genital-cutting,s0187,"Empirical comparisons remain scarce, but available data suggest immediate risks diminish under medical supervision—e.g., tetanus cases linked to traditional FGC dropped in medicalized cohorts—yet cultural normalization may amplify indirect harms through sustained practice.",anti,FGM,model,mixed,0,0,0,3,,,,
women-unaffected-by-female-genital-cutting,s0188,"Harm reduction advocates counter that outright bans drive procedures underground, exacerbating dangers, and prioritize empirical risk minimization for consenting communities over ideological eradication. [55]",pro,FGM,model,mixed,0,0,0,3,,,,
