item,article,sentence_id,tag,keyword_tag,note,tagged_by,text
t0001,ashley-montagu-resolution,s0042,M,M,contrast rests on empirical outcome data,tagger-1,"The symposia positioned genital cutting as a form of bodily violation akin to mutilation, drawing parallels between male and female practices despite differing prevalence and severity in empirical data on outcomes like infection rates or sexual function."
t0002,ashley-montagu-resolution,s0046,M,M,AAP risk-benefit view,tagger-1,"Proceedings highlighted medical risks such as hemorrhage and infection, with speakers arguing that routine infant circumcision lacked sufficient evidence of net benefit, though mainstream pediatric bodies at the time, like the American Academy of Pediatrics, viewed it as culturally accepted with minimal risks outweighing rare complications."
t0003,ashley-montagu-resolution,s0067,O,E,credibility framing of symposium,tagger-1,"The event's focus on first-hand testimonies and data from affected communities, including panels on legal challenges and survivor accounts, reinforced arguments for universal protections, though critics later noted the symposium's affiliation with advocacy groups potentially influenced its consensus-driven resolutions. [27]"
t0004,ashley-montagu-resolution,s0147,E,E,institutional policy stance,tagger-1,"Amnesty International, while active on female genital mutilation since the 1990s, has not equated it with male circumcision in policy statements, highlighting divergent institutional priorities despite the resolution's broader scope."
t0005,ashley-montagu-resolution,s0153,M,M,,tagger-1,"Medical bodies, such as the American Academy of Pediatrics, maintained supportive stances on neonatal circumcision based on contemporaneous evidence of benefits like reduced urinary tract infections, without referencing the resolution in their early post-1996 statements. [33]"
t0006,ashley-montagu-resolution,s0155,M,M,,tagger-1,"Subsequent reflections in advocacy literature highlighted the resolution's role in galvanizing intactivist networks rather than prompting paradigm shifts in academia, where empirical defenses of circumcision's hygiene and disease-prevention claims—drawing from observational data on HIV and STI reductions—continued unabated. [28]"
t0007,ashley-montagu-resolution,s0156,M,M,severity and complication disparities,tagger-1,"Critics within bioethics and public health eventually surfaced arguments against the resolution's blanket condemnation, noting disparities in procedural severity, consent implications, and long-term outcomes between male circumcision (often partial foreskin removal with low complication rates under medical settings) and female genital mutilation (frequently involving infibulation and higher risks of obstetric harm), though these critiques postdated 1996 by over a decade. [33]"
t0008,ashley-montagu-resolution,s0163,M,O,,tagger-1,"It influenced framing within human rights petitions, contributing to submissions at symposia and publications critiquing routine neonatal circumcision, though mainstream medical bodies like the American Academy of Pediatrics continued to cite potential health advantages without adopting the resolution's outright prohibition stance. [34]"
t0009,ashley-montagu-resolution,s0166,O,E,framing about policy reach,tagger-1,"The resolution's policy influence was constrained by its origins in niche symposia and reliance on ethical rather than empirical consensus, with critics noting insufficient engagement from sovereign states practicing ritual circumcision. [35]"
t0010,ashley-montagu-resolution,s0177,M,M,,tagger-1,This absolutist equation of all genital modifications ignored procedural severities—female genital mutilation (FGM) Types II-III often entail greater tissue loss and complications like vesicovaginal fistulae—undermining broader acceptance amid cultural entrenchment and medical endorsements.
t0011,ashley-montagu-resolution,s0183,M,O,,tagger-1,"Critics, however, contended that equating the two overlooks profound empirical differences in scope, intent, and consequences, potentially undermining targeted efforts against FGM's severe harms. [38]"
t0012,ashley-montagu-resolution,s0185,M,M,,tagger-1,"In contrast, neonatal male circumcision typically removes only the foreskin, preserving penile functionality, with complication rates under 1% in clinical settings and evidence from randomized trials in Africa showing 60% reduction in heterosexual HIV acquisition when performed in adulthood. [38]"
t0013,ashley-montagu-resolution,s0186,M,M,,tagger-1,"Such disparities, critics argued, render the analogy ethically flawed, as FGM lacks any documented health benefits and is universally condemned by bodies like WHO, while male circumcision receives qualified endorsements from the American Academy of Pediatrics (AAP) and Centers for Disease Control and Prevention (CDC) for potential benefits outweighing risks in certain contexts."
t0014,ashley-montagu-resolution,s0188,E,E,,tagger-1,"Legal frameworks reinforced this divide, with over 30 countries criminalizing FGM under international treaties like the 1997 Maputo Protocol, imposing penalties up to life imprisonment, whereas male circumcision remains legally protected in jurisdictions honoring parental religious rights, such as the U.S. and Israel, absent evidence of equivalent harm. [39]"
t0015,ashley-montagu-resolution,s0189,M,E,,tagger-1,"Scholars like Brian D. Earp have challenged equivalence by noting FGM's disproportionate nerve loss (up to 10,000 clitoral nerves vs. foreskin's estimated 20,000, though functionality differs), arguing that moral weighting should reflect causal outcomes rather than superficial procedural similarities. [37]"
t0016,ashley-montagu-resolution,s0193,E,M,policy risk to eradication campaigns,tagger-1,"Empirical reviews, such as those in the Oxford Journal of Legal Studies, emphasized that equating the practices risks diluting FGM eradication campaigns, which have reduced prevalence rates in certain practicing countries (e.g., from over 50% to under 30% in some per UNICEF data as of 2020), without parallel scrutiny yielding bans on male circumcision. [39]"
t0017,ashley-montagu-resolution,s0194,O,E,summary framing,tagger-1,"Ultimately, while the resolution amplified calls for universal genital autonomy, opponents maintained that causal realism demands proportionate condemnation based on verifiable harms, not ideological parity."
t0018,ashley-montagu-resolution,s0196,M,M,,tagger-1,"Scientific studies have identified several health benefits associated with male circumcision, particularly in reducing the risk of certain infections."
t0019,ashley-montagu-resolution,s0197,M,M,,tagger-1,Randomized controlled trials in Africa demonstrated that voluntary medical male circumcision reduces the risk of heterosexual HIV acquisition in men by approximately 60%. [3]
t0020,ashley-montagu-resolution,s0198,M,M,,tagger-1,"Systematic reviews confirm additional protections against urinary tract infections in infancy, human papillomavirus, herpes simplex virus type 2, and penile cancer, with relative risk reductions ranging from 30% to 60% for these conditions. [41]"
t0021,ashley-montagu-resolution,s0199,M,M,,tagger-1,"These benefits are endorsed by major health organizations, including the World Health Organization and Centers for Disease Control and Prevention, which recommend male circumcision as a public health intervention in high-HIV-prevalence settings."
t0022,ashley-montagu-resolution,s0201,M,M,,tagger-1,"Complications from male circumcision are infrequent, especially when performed neonatally by trained providers."
t0023,ashley-montagu-resolution,s0202,M,M,,tagger-1,"Adverse event rates in U.S. medical settings are below 0.5%, primarily involving minor bleeding or infection, with severe outcomes like significant hemorrhage or penile injury occurring in fewer than 1 in 100,000 procedures. [42]"
t0024,ashley-montagu-resolution,s0203,M,M,,tagger-1,"Long-term risks, such as meatal stenosis or reduced sexual sensitivity, lack robust evidence of causation; meta-analyses of sexual function studies show no significant differences between circumcised and uncircumcised men. [43]"
t0025,ashley-montagu-resolution,s0207,M,M,,tagger-1,"The World Health Organization classifies all forms of FGM as having severe consequences without offsetting advantages, with complication rates far exceeding those of male circumcision. [46]"
t0026,ashley-montagu-resolution,s0208,M,O,,tagger-1,"Equating the two practices overlooks these disparities in empirical outcomes, as male circumcision's preventive effects and low morbidity profile distinguish it from FGM's uniformly deleterious impacts. [47]"
t0027,ashley-montagu-resolution,s0209,M,O,,tagger-1,"Peer-reviewed syntheses emphasize that while ethical debates persist, health data do not support parity in harm."
t0028,ashley-montagu-resolution,s0211,R,R,"rite of passage, social cohesion",tagger-1,Critics of the Ashley Montagu Resolution contend that equating male circumcision with female genital mutilation overlooks entrenched cultural practices where male circumcision functions as a non-harmful rite of passage promoting social cohesion and identity.
t0029,ashley-montagu-resolution,s0212,O,M,cultural rite and HIV data about equally,tagger-1,"In many African and Middle Eastern societies, it marks transition to manhood, often performed in adolescence with communal support, contrasting with the secretive, non-consensual nature of FGM, and epidemiological data show male circumcision correlates with lower HIV transmission rates in high-prevalence areas without equivalent benefits for FGM. [39]"
t0030,ashley-montagu-resolution,s0213,O,M,history/status mixed with trauma and complication comparison,tagger-1,"These practices, documented since ancient Egypt around 2400 BCE, emphasize hygiene and status rather than control or mutilation, with anthropological studies noting minimal long-term psychological trauma compared to FGM's severe complications like infertility and chronic pain."
t0031,ashley-montagu-resolution,s0215,R,R,,tagger-1,"Religious defenses highlight male circumcision's scriptural mandate in Judaism and Islam, viewing it as a divine covenant rather than arbitrary harm."
t0032,ashley-montagu-resolution,s0216,R,R,,tagger-1,"In Judaism, brit milah, performed on the eighth day post-birth as per Genesis 17:10-14, symbolizes eternal alliance with God and has sustained Jewish continuity amid persecution, with rabbinic authorities rejecting equivalence to FGM as it preserves sexual function and pleasure."
t0033,ashley-montagu-resolution,s0217,R,R,,tagger-1,"Islamic tradition regards khitan as sunnah, recommended for cleanliness and following Prophet Muhammad's practice, with major schools of jurisprudence permitting it for males while prohibiting any female equivalent beyond medical necessity, underscoring intent to enhance rather than impair. [49]"
t0034,ashley-montagu-resolution,s0218,E,O,faith freedoms under rights frameworks carry the rejection,tagger-1,"Christian denominations, including some Coptic and Ethiopian Orthodox groups, incorporate it culturally, arguing theological consistency with Old Testament precedents and rejecting intactivist petitions as infringing on faith freedoms protected under international human rights frameworks like the UN Declaration on Religious Intolerance."
t0035,ashley-montagu-resolution,s0220,E,E,,tagger-1,"Autonomy arguments prioritize parental authority and religious liberty over minor children's prospective consent, asserting that legal precedents affirm parents' rights to irreversible decisions aligning with family values, provided no imminent harm."
t0036,ashley-montagu-resolution,s0222,M,M,rule 2: net health benefits carry it,tagger-1,"Proponents invoke John Stuart Mill's harm principle, noting male circumcision's net health benefits—reduced urinary tract infections, penile cancer, and STIs per meta-analyses—outweigh speculative autonomy violations, unlike FGM's universally condemned harms, and argue state bans erode multicultural tolerance without empirical evidence of widespread regret among circumcised adults."
t0037,ashley-montagu-resolution,s0242,M,M,,tagger-1,"The Montagu Resolution's inclusion of male procedures sets it apart, as evidenced by debates in peer-reviewed analyses questioning moral equivalence due to differing health data—FGM linked to severe complications like hemorrhage (up to 15% in some types) versus male circumcision's lower risks but contested benefits like HIV reduction (60% efficacy in adult trials per WHO, 2007)."
t0038,ashley-montagu-resolution,s0244,M,M,,tagger-1,"Critics of the Resolution argue it overextends analogies, given institutional distinctions: WHO classifies FGM as having no benefits while endorsing voluntary male circumcision in high-HIV settings since 2007, based on randomized trials involving 10,000+ participants showing sustained protection."
t0039,brit-milah,s0019,M,M,clotting physiology,tagger-1,"The eighth-day timing, explicitly commanded (Genesis 17:12; Leviticus 12:3), has been noted in modern times to align with infant physiology: levels of vitamin K and prothrombin (key blood clotting factors) naturally peak around day 8 after birth, reducing hemorrhage risk during the procedure compared to earlier or later days."
t0040,brit-milah,s0020,M,R,safety rests on physiology,tagger-1,"While ancient Israelites would not have known this scientifically, the alignment is cited as evidence of practical wisdom in the biblical prescription, making the rite safer in pre-modern conditions without contemporary interventions like vitamin K supplementation."
t0041,brit-milah,s0044,R,R,religious rationale,tagger-1,"Maimonides (1138–1204), in his Mishneh Torah and Guide for the Perplexed, described the procedure as involving precise removal of the foreskin to expose the glans (periah), followed by metzitzah (suction to draw blood), emphasizing its role in moderating excessive sexual desire without impairing procreative function. [22] [18]"
t0042,brit-milah,s0076,R,R,,tagger-1,"Rabbinic interpretations emphasize brit milah's role beyond mere covenantal sign: Maimonides (Rambam) in his Mishneh Torah (Hilchot Milah) and commentary views it as surgically diminishing excessive sexual impulse, thereby aiding adherence to Torah prohibitions against illicit relations and fostering self-control. [32]"
t0043,brit-milah,s0077,R,O,,tagger-1,"The Talmud (Nedarim 32a) presents dual rationales—one associating circumcision with restraint from sin via physical reminder, the other with human perfection—while earlier sources like Philo interpret it as purification, removing impurities symbolized by the foreskin to achieve ritual and moral cleanliness. [33]"
t0044,brit-milah,s0091,R,O,,tagger-1,"Maimonides (Guide for the Perplexed 3:49) gives two reasons: primarily, circumcision moderates excessive lust without harming procreative function, directing sexuality toward holiness (marriage, continuity)."
t0045,brit-milah,s0129,R,R,traditional procedure practice,tagger-1,"In traditional brit milah, anesthesia is not employed, as the procedure is performed swiftly by a trained mohel on the eighth day after birth, minimizing duration and relying on the infant's natural resilience, with a few drops of wine administered orally as a symbolic and mild analgesic. [55] [56]"
t0046,brit-milah,s0130,M,M,,tagger-1,"This approach avoids potential complications from anesthetics, such as delayed healing or allergic reactions in neonates."
t0047,brit-milah,s0167,M,O,,tagger-1,"Performed by a trained mohel, the act involves a sterile lancet prick to draw the requisite drop without incising tissue, rendering it minimally invasive and typically painless for adults. [81]"
t0048,brit-milah,s0174,M,M,,tagger-1,"Empirical medical data on complications remains sparse due to the procedure's superficial nature, with no documented cases of significant risk in peer-reviewed literature when executed by qualified practitioners."
t0049,brit-milah,s0207,M,O,,tagger-1,"Male circumcision, including in the neonatal period as performed in brit milah, has been associated with a substantial reduction in urinary tract infections (UTIs) during infancy."
t0050,brit-milah,s0208,M,M,,tagger-1,"A systematic review of cohort and case-control studies found that uncircumcised male infants face a 10-fold higher risk of UTIs in the first year of life compared to circumcised infants, with circumcision conferring approximately 90% protection. [99] [100]"
t0051,brit-milah,s0209,M,O,,tagger-1,"This benefit persists through at least the first two years, as evidenced by updated pediatric reviews analyzing longitudinal data."
t0052,brit-milah,s0211,M,M,,tagger-1,Randomized controlled trials (RCTs) in sub-Saharan Africa have demonstrated that male circumcision reduces the risk of heterosexual HIV acquisition by 50-60% in men.
t0053,brit-milah,s0212,M,M,,tagger-1,"Three major RCTs conducted between 2005 and 2007—one in South Africa showing 60% efficacy, one in Kenya with 53%, and one in Uganda with 51%—provided high-quality evidence prompting World Health Organization recommendations for voluntary medical male circumcision in high-prevalence settings. [101] [102]"
t0054,brit-milah,s0213,M,M,,tagger-1,"Observational data and meta-analyses further indicate protective effects against human papillomavirus (HPV) and herpes simplex virus type 2 (HSV-2), with reductions of 30-35% for HPV and similar for HSV-2, though evidence for bacterial STIs like chlamydia and gonorrhea is weaker or absent. [103]"
t0055,brit-milah,s0215,M,M,,tagger-1,"Circumcision performed in childhood or adolescence substantially lowers the incidence of invasive penile cancer, a rare malignancy linked primarily to chronic inflammation and HPV persistence under the foreskin."
t0056,brit-milah,s0216,M,M,,tagger-1,"A systematic review and meta-analysis of 34 studies reported an odds ratio of 0.33 for penile cancer in circumcised versus uncircumcised men, with the strongest protection (odds ratio 0.12) when circumcision occurs before puberty. [104]"
t0057,brit-milah,s0218,M,M,,tagger-1,"Additional benefits include decreased rates of phimosis (foreskin adhesions or tightening) and balanitis (foreskin inflammation), conditions that affect up to 10% of uncircumcised males and often require later intervention."
t0058,brit-milah,s0219,M,M,,tagger-1,"Cohort studies show circumcision eliminates these risks almost entirely, with adult balanitis rates dropping by over 90% post-procedure. [106] [107]"
t0059,brit-milah,s0220,M,M,,tagger-1,"The American Academy of Pediatrics, in its 2012 policy statement reaffirmed in subsequent reviews, concludes that these cumulative preventive health benefits—encompassing UTIs, STIs, and dermatologic issues—outweigh procedural risks for newborns, justifying access to the procedure under appropriate medical conditions. [108]"
t0060,brit-milah,s0255,R,O,,tagger-1,"Rabbinic sources emphasize its performance on the eighth day as a moral imperative that transcends temporal concerns, permissible even on Shabbat unless the infant's health is at risk, underscoring the ethical priority of fulfilling divine will over potential discomfort. [30]"
t0061,brit-milah,s0256,O,R,communal identity and parental authority equally,tagger-1,"Proponents argue this ritual instills communal identity and ethical formation from birth, with parental authority extending to irreversible acts that secure the child's religious inheritance, akin to other parental decisions in child-rearing."
t0062,brit-milah,s0264,E,O,,tagger-1,"This tension has surfaced in ethical analyses rejecting compulsory religious affiliation for minors, yet affirming parental discretion in low-risk cultural practices, with debates often revealing underlying cultural relativism versus universalist human rights claims. [129]"
t0063,brit-milah,s0271,M,M,contests harm evidence,tagger-1,"Intactivists further allege long-term harms, including reduced penile sensitivity, sexual dysfunction, and psychological trauma, though empirical studies on these effects remain contested and often rely on self-reported data from adults. [124]"
t0064,brit-milah,s0283,R,R,,tagger-1,"Jewish authorities have consistently affirmed brit milah as a core religious obligation mandated by Torah law (Genesis 17:10-14), performed on the eighth day after birth barring health contraindications, and have resisted secular challenges framing it as child harm. [145]"
t0065,brit-milah,s0285,E,E,"religious freedom, regulatory overreach",tagger-1,"Agudath Israel of America, a leading ultra-Orthodox organization, opposed New York City's 2012-2015 regulations requiring parental consent for MBP, arguing they violated religious freedom and lacked evidence of widespread harm, ultimately celebrating the 2015 rescission as a victory against governmental overreach that could erode brit milah entirely. [147] [148]"
t0066,brit-milah,s0286,R,R,,tagger-1,"In Europe, over 50 rabbis and leaders signed a 2025 letter to the European Commission defending brit milah as a millennia-old practice essential to Jewish identity, urging protection against bans amid rising secular activism. [149]"
t0067,brit-milah,s0289,M,M,,tagger-1,"Medical bodies have evaluated neonatal circumcision through empirical lenses, generally concluding preventive benefits exceed procedural risks when performed competently, though without mandating it universally."
t0068,brit-milah,s0290,M,M,,tagger-1,"The American Academy of Pediatrics (AAP) 2012 policy, based on systematic review of studies, found benefits—including reduced urinary tract infections (by 90% in first year), penile cancer, and heterosexual HIV/STI acquisition—outweigh rare complications (0.2-0.6% rate, mostly minor bleeding or infection), justifying access but deferring to parental decision without routine endorsement due to non-universal applicability. [126] [108]"
t0069,brit-milah,s0291,M,M,,tagger-1,"The U.S. Centers for Disease Control and Prevention (CDC) 2014 recommendations, informed by meta-analyses, advised providers counsel parents on newborn circumcision's net benefits for HIV prevention (50-60% reduction in acquisition risk per randomized trials in adults, extrapolated to infants) and other outcomes like balanitis avoidance, emphasizing informed consent amid cultural/religious contexts while noting low absolute risks in sterile settings. [151] [152]"
t0070,brit-milah,s0316,M,E,,tagger-1,"The American Academy of Pediatrics' 2012 policy states that benefits outweigh risks, supporting parental decision-making without mandating regulation beyond standard medical consent. [126]"
t0071,brit-milah,s0330,R,R,,tagger-1,"In regions with strong religious observance, such as parts of the United States and Israel, the practice fosters intergenerational transmission of tradition, with surveys indicating over 90% compliance in traditional sectors, contributing to sustained demographic cohesion amid assimilation pressures. [175]"
t0072,brit-milah,s0331,R,R,,tagger-1,"This ritual's permanence, as noted by philosopher Baruch Spinoza, has historically aided Jewish survival by embedding an indelible marker resistant to external cultural dilution."
t0073,brit-milah,s0334,E,E,court ruling and religious freedom,tagger-1,"A 2012 Cologne regional court ruling classified non-therapeutic circumcision of minors as bodily harm, temporarily criminalizing the practice and prompting widespread alarm among Germany's Jewish population of approximately 120,000, who viewed it as a direct assault on religious freedom and a signal of diminished tolerance post-Holocaust. [162] [177]"
t0074,brit-milah,s0335,R,R,community continuity,tagger-1,"Similar initiatives, including proposed bans in Iceland (2018) affecting its minuscule Jewish community of fewer than 100 families and restrictions in Scandinavian countries, have amplified fears of forced assimilation or emigration, with Jewish policy analysts warning that such measures could erode community infrastructure and accelerate population decline in low-fertility diaspora settings. [178]"
t0075,brit-milah,s0339,R,R,,tagger-1,"Overall, while brit milah bolsters resilience in observant enclaves, persistent secular encroachments in Europe risk marginalizing Orthodox communities, prompting some families to relocate to more permissive jurisdictions like the UK or Israel, where the practice enjoys broader societal acceptance. [179]"
t0076,brit-shalom-naming-ceremony,s0030,R,R,,tagger-1,"Theologically, Brit Milah is viewed in Orthodox and Conservative Judaism as a halachic obligation with spiritual significance, including the belief that circumcision refines the child's soul and integrates the body into God's covenant, a perspective reinforced in Talmudic texts like Shabbat 132a."
t0077,brit-shalom-naming-ceremony,s0032,R,R,,tagger-1,"Orthodox authorities, such as Rabbi Moshe Feinstein, have deemed non-circumcision a violation of divine command, potentially barring the child from full covenantal status until rectified."
t0078,brit-shalom-naming-ceremony,s0037,R,R,,tagger-1,"Orthodox Judaism maintains that the brit milah, including circumcision, constitutes a binding biblical commandment (Genesis 17:10-14), rendering Brit Shalom an invalid substitute for male infants, as it omits the required surgical act central to the covenant. [15]"
t0079,brit-shalom-naming-ceremony,s0038,R,R,,tagger-1,"Orthodox authorities, such as those in traditional halachic responsa, emphasize that failure to circumcise on the eighth day incurs severe spiritual consequences, including karet (excision from the community), and no alternative ritual can fulfill this obligation."
t0080,brit-shalom-naming-ceremony,s0040,R,R,,tagger-1,"Conservative Judaism similarly upholds circumcision as essential to the brit milah rite, with the Rabbinical Assembly's Committee on Jewish Law and Standards affirming it as non-negotiable for covenantal entry, paralleling requirements in conversion processes where even prior circumcision necessitates hatafat dam brit (extraction of a drop of blood). [17]"
t0081,brit-shalom-naming-ceremony,s0092,R,R,,tagger-1,"From the perspective of Orthodox Judaism and traditional halachic authorities, Brit Shalom fails to fulfill the biblical commandment of brit milah, which requires the physical circumcision of male infants on the eighth day as a perpetual sign of the covenant between God and the Jewish people, as stipulated in Genesis 17:10-14."
t0082,brit-shalom-naming-ceremony,s0093,R,R,,tagger-1,"This mitzvah is classified as a positive commandment (mitzvah aseh) of exceptional importance, surpassing many others in obligatory force, with non-compliance incurring severe spiritual consequences including karet (excision from the community)."
t0083,brit-shalom-naming-ceremony,s0095,R,E,,tagger-1,"The Shulchan Aruch (Yoreh De'ah 260-261) explicitly mandates that a father must circumcise his son; if he neglects this, the rabbinic court (beit din) is obligated to intervene and perform it, and upon maturity, the individual himself bears the responsibility, underscoring the non-optional nature of the act. [28]"
t0084,brit-shalom-naming-ceremony,s0096,R,R,,tagger-1,"Rabbi Eliezer Melamed emphasizes that brit milah embodies an eternal, indelible bond between the Jewish soul and divine purpose, etched into the body itself, rendering any ceremony omitting circumcision theologically deficient and a rejection of this core covenantal element."
t0085,brit-shalom-naming-ceremony,s0098,R,R,,tagger-1,Orthodox rabbis have critiqued Brit Shalom as an ahistorical innovation that trivializes or circumvents halachic imperatives.
t0086,brit-shalom-naming-ceremony,s0099,R,R,,tagger-1,"Rabbi Naftali Brawer describes a non-circumcision brit as ""newfangled"" and ""a synthetic ceremony highlighting the absence of brit,"" arguing it substitutes ritual symbolism for the mandated physical compliance essential to Jewish identity and continuity. [29]"
t0087,brit-shalom-naming-ceremony,s0100,R,R,,tagger-1,"Such views hold that while Jewish status derives matrilineally regardless of circumcision, forgoing the procedure constitutes deliberate disobedience to Torah law, potentially weakening communal adherence to mitzvot and echoing historical assaults on Jewish practice, such as Roman bans on circumcision aimed at eradicating the faith."
t0088,brit-shalom-naming-ceremony,s0103,M,M,,tagger-1,"In contrast, medical bodies like the American Academy of Pediatrics (AAP) maintain that evidence from randomized trials and meta-analyses shows benefits outweigh risks, including a 90% reduction in penile cancer and approximately 90% lower UTI incidence (10-fold reduction) in the first year, positioning circumcision as a net positive for public health when performed neonatally under sterile conditions. [32]"
t0089,brit-shalom-naming-ceremony,s0108,O,O,parental rights and covenantal continuity about equally,tagger-1,"Opponents counter that parental authority in religious upbringing, supported by legal precedents in many jurisdictions affirming religious circumcision, supersedes minor autonomy claims, and that forgoing the rite undermines intergenerational covenantal obligations, potentially eroding Jewish identity; this tension is evident in debates where ethicists weigh cultural continuity against modern human rights frameworks like those from the UN Convention on the Rights of the Child. [35]"
t0090,brit-shalom-naming-ceremony,s0119,R,R,,tagger-1,"In contrast, Orthodox Judaism categorically rejects Brit Shalom as a substitute for brit milah, maintaining that Genesis 17:10-14 mandates physical circumcision for covenantal inclusion, rendering uncircumcised males ineligible for full ritual participation until adulthood."
t0091,brit-shalom-naming-ceremony,s0120,R,R,,tagger-1,"Conservative Judaism similarly upholds circumcision as obligatory under halacha, with rabbinical authorities like the Rabbinical Assembly not endorsing alternatives despite occasional debates on procedure."
t0092,circumcision,s0038,M,M,,tagger-1,"Voluntary medical male circumcision (VMMC) for adolescent boys and men in high-HIV-prevalence areas, backed by randomized trials demonstrating 50–60% risk reduction, is recommended by the WHO for public health, though debated in low-prevalence settings due to modest absolute benefits. [20]"
t0093,circumcision,s0059,M,M,,tagger-1,"For older children and adults, local infiltration or DPNB is standard, with sedation or general anesthesia for anxiety or complexity; trained providers keep complications below 1%. [12]"
t0094,circumcision,s0063,M,M,,tagger-1,"Adult circumcision, often performed for medical reasons such as pathologic phimosis, is carried out under local or general anesthesia with penile block, rendering the procedure itself painless for the patient."
t0095,circumcision,s0064,M,M,,tagger-1,Postoperative pain is typically mild to moderate and well-managed.
t0096,circumcision,s0067,M,M,,tagger-1,"Severe pain (VAS >5 or requiring stronger intervention) occurred in only 9.8% of patients, predominantly linked to complications such as wound infection."
t0097,circumcision,s0070,M,M,,tagger-1,"Pain is effectively controlled with over-the-counter analgesics like ibuprofen or acetaminophen, ice packs to reduce swelling, loose clothing, and rest."
t0098,circumcision,s0074,M,M,,tagger-1,"These findings indicate that while discomfort is expected, severe or prolonged pain is uncommon in uncomplicated cases, and outcomes are generally favorable with appropriate pain management and aftercare."
t0099,circumcision,s0077,M,M,,tagger-1,Long-term systematic reviews nonetheless find no overall reduction in penile sensitivity compared with uncircumcised men.
t0100,circumcision,s0081,M,M,,tagger-1,"A 2017 systematic review reported similar infant rates of approximately 0.4%, with most events minor and immediately treatable and moderate or serious complications around 1 in 3000. [44]"
t0101,circumcision,s0082,M,M,,tagger-1,"Most events were minor (e.g., bleeding, infection, adhesions, or need for revision), but rates underscore that infancy is the lowest-risk period for the procedure."
t0102,circumcision,s0083,M,M,,tagger-1,"In neonatal circumcisions in medical settings, overall rates are low, with a median of 1.5% (range 0-16%). [45]"
t0103,circumcision,s0114,M,O,study-design critique,tagger-1,"However, as an ecological analysis, it demonstrates association, not causation, and is subject to potential confounding factors."
t0104,circumcision,s0115,M,M,,tagger-1,"The finding is controversial, lacks replication in individual-level studies, and is not endorsed as a risk by major health authorities like the AAP or WHO."
t0105,circumcision,s0116,O,M,"publisher credibility, not data",tagger-1,"The paper appeared in the Journal of Clinical and Translational Research, then published by Whioce Publishing Pte."
t0106,circumcision,s0117,O,O,"publisher credibility, not data",tagger-1,"Ltd., a publisher included on Beall's list of potential predatory publishers. [63]"
t0107,circumcision,s0125,M,O,,tagger-1,"However, this is an observational study demonstrating association rather than causation, and it has faced criticism for methodological limitations, including potential under-recording of circumcisions in certain populations and lack of adjustment for all confounders."
t0108,circumcision,s0126,M,M,,tagger-1,"The findings remain controversial, have not been widely replicated, and are not recognized as a risk factor by major health authorities such as the AAP or WHO. [66] [67]"
t0109,circumcision,s0127,M,M,,tagger-1,"A 2026 prospective U.S. cohort study of 2,771 boys from the Environmental Influences on Child Health Outcomes (ECHO) Cohort, published in JAMA Pediatrics, found no association between neonatal medical male circumcision and ASD diagnosis or autism-related traits after adjustment for confounders (adjusted OR 0.83; 95% CI 0.59–1.17)."
t0110,circumcision,s0132,M,M,,tagger-1,"The review concluded that the overall risk is low (<1%), with only weak evidence of an increase among circumcised boys."
t0111,circumcision,s0140,M,O,,tagger-1,The difference between the pooled estimate of diagnosed cases and later screening figures indicates that many instances of meatal narrowing are mild or asymptomatic.
t0112,circumcision,s0142,M,M,,tagger-1,"Circumcision reduces the incidence of urinary tract infections (UTIs) in male infants by approximately tenfold during the first year of life, with uncircumcised infants facing a 1% risk compared to 0.1% for circumcised ones, per meta-analyses of observational and randomized data. [73] [74]"
t0113,circumcision,s0143,M,M,,tagger-1,"The American Academy of Pediatrics' 2012 policy identified this as a key benefit, estimating 111 circumcisions needed to prevent one UTI in healthy boys. [75] [76]"
t0114,circumcision,s0144,M,O,,tagger-1,"Protection extends beyond infancy, with a 6.6-fold reduction in boys aged 1 to 16 years. [74] [77]"
t0115,circumcision,s0145,M,M,,tagger-1,"This stems from the foreskin acting as a bacterial reservoir that promotes ascent into the urinary tract as well as false-positive UTI test results, especially with poor hygiene; cohort studies link higher rates to foreskin presence over confounders like hygiene alone. [26] [78]"
t0116,circumcision,s0146,M,M,,tagger-1,"Though UTIs remain rare overall, the risk reduction supports neonatal circumcision consideration per AAP guidelines. [79]"
t0117,circumcision,s0148,M,M,,tagger-1,"Balanitis, inflammation of the glans penis from bacterial or fungal overgrowth under the foreskin, occurs less often in circumcised males, with a 68% lower prevalence."
t0118,circumcision,s0150,M,M,,tagger-1,Circumcision facilitates easier hygiene by reducing smegma accumulation. [54]
t0119,circumcision,s0151,M,M,,tagger-1,"Meta-analyses show a 68% reduction post-circumcision, alongside near-elimination of balanoposthitis. [80] [81] [77]"
t0120,circumcision,s0152,M,O,,tagger-1,"These benefits arise from anatomical changes reducing inflammatory dermatoses, as seen in longitudinal studies."
t0121,circumcision,s0158,M,M,,tagger-1,"Nevertheless, prevailing meta-analyses and policy statements from bodies like the AAP uphold the infant-era protective association drawn from synthesized observational and trial data."
t0122,circumcision,s0160,M,M,,tagger-1,Three randomized controlled trials in sub-Saharan Africa (2005–2007) showed voluntary medical male circumcision reduces HIV acquisition risk in heterosexual men by approximately 60%. [87] [88] [89]
t0123,circumcision,s0161,M,M,,tagger-1,"Involving over 10,000 men in South Africa, Kenya, and Uganda, the trials stopped early due to efficacy, with follow-up confirming protection for at least two years. [90]"
t0124,circumcision,s0162,M,M,,tagger-1,"The World Health Organization and Centers for Disease Control and Prevention recommend it as an additional strategy in high-prevalence areas, with over 27 million procedures since 2007. [2] [91]"
t0125,circumcision,s0165,M,M,,tagger-1,"These trials and follow-up analyses also indicated reductions in other sexually transmitted infections, including herpes simplex virus type 2 (28–34%) and high-risk human papillomavirus (about 35%). [93] [94]"
t0126,circumcision,s0166,M,M,,tagger-1,"Observational meta-analyses support lower HPV prevalence, faster clearance in circumcised men, and reduced transmission to female partners, potentially lowering cervical cancer risk. [95] [96]"
t0127,circumcision,s0171,M,M,,tagger-1,"For men who have sex with men, evidence from observational studies suggests a 23% HIV risk reduction, mainly for insertive anal intercourse, but lacks randomized trials. [100]"
t0128,circumcision,s0172,M,M,,tagger-1,"The mechanism involves foreskin removal, which eliminates a site rich in HIV target cells (e.g., Langerhans cells) and prone to abrasions during vaginal sex. [101]"
t0129,circumcision,s0183,M,M,,tagger-1,"Penile cancer is rare (about 1 in 100,000 in developed countries) and mostly affects uncircumcised males, with near-zero rates in populations with universal neonatal circumcision, such as Israel (0.1–0.3 per 100,000). [108]"
t0130,circumcision,s0186,M,M,,tagger-1,"Circumcision also prevents pathological phimosis, which affects approximately 1% of uncircumcised males aged 16 or older [110] and involves non-retractable foreskin leading to scarring, infections, and ischemic injury; foreskin removal resolves it without recurrence. [111]"
t0131,circumcision,s0187,M,O,,tagger-1,"It eliminates paraphimosis, an emergency where the foreskin traps behind the glans, causing edema and vascular compromise. [112]"
t0132,circumcision,s0188,M,M,,tagger-1,"These benefits extend to reducing balanoposthitis (glans and foreskin inflammation), which raises penile cancer risk (OR 3.82, 95% CI 1.61–9.06) through epithelial disruption and microbial overgrowth in uncircumcised men. [106]"
t0133,circumcision,s0191,M,M,,tagger-1,"Systematic reviews of high-quality studies, including randomized trials and prospective cohorts, indicate that medical male circumcision has no significant adverse effect on sexual function, penile sensitivity, sensation, or satisfaction—including pleasure during vaginal or anal penetration."
t0134,circumcision,s0192,M,O,,tagger-1,"Satisfaction ratings average 9.0 out of 10 for both circumcised and uncircumcised men, with no significant differences in most reviews; anal penetration patterns mirror those for vaginal."
t0135,circumcision,s0193,M,O,,tagger-1,Some studies report better ejaculatory control among circumcised men. [114]
t0136,circumcision,s0194,M,M,,tagger-1,"Neonatal and infant circumcision yields no differences in sexual arousal, orgasm intensity, or overall satisfaction compared to uncircumcised men, with quantitative sensory testing confirming undiminished thresholds for touch, pain, and warmth. [115] [116]"
t0137,circumcision,s0195,M,M,,tagger-1,"A key study testing the keratinization hypothesis directly is Bossio et al. (2016) in The Journal of Urology, which used quantitative sensory testing on 62 men (30 neonatally circumcised, 32 intact) and found no differences in touch, pain, warmth, or heat-pain thresholds at the glans or other penile sites between groups."
t0138,circumcision,s0196,M,M,,tagger-1,"The authors concluded the hypothesis was not supported, with minimal long-term implications for penile sensitivity from neonatal circumcision."
t0139,circumcision,s0197,M,O,,tagger-1,This aligns with broader QST evidence confirming undiminished thresholds. [117]
t0140,circumcision,s0198,M,M,,tagger-1,"While some claims and individual reports suggest reduced sensitivity or pleasure post-circumcision, high-quality meta-analyses find no significant overall adverse effects."
t0141,circumcision,s0203,M,M,,tagger-1,"Adult circumcision may cause minor sensitivity decreases, but outcomes are mixed, showing no impairment in erectile function or satisfaction—and some improved satisfaction from perceived hygiene or aesthetics."
t0142,circumcision,s0204,M,M,,tagger-1,"For adolescents, circumcision may cause temporary discomfort or adjustment issues with masturbation after the procedure, as sexual activity including masturbation is typically advised against for 4–6 weeks during healing; some then experience a period of adaptation to exposed-glans sensation, but long-term difficulties are not well-supported by high-quality systematic reviews. [120]"
t0143,circumcision,s0205,M,O,,tagger-1,"Pubertal growth of the penis is primarily driven by hormones affecting the internal erectile tissues (corpora cavernosa), which are unaffected by foreskin removal."
t0144,circumcision,s0209,M,M,study-limitations critique,tagger-1,"However, the study has been critiqued for limitations including small numbers of affected circumcised individuals (e.g., ~10 men with frequent orgasm difficulties), potential overfitting in logistic models with many predictors, lack of correction for multiple comparisons, wide confidence intervals indicating imprecision, low-to-moderate response rates (~48-54%), and possible confounding (many circumcisions for medical reasons like phimosis that may independently affect sexual function)."
t0145,circumcision,s0210,M,O,,tagger-1,"Commentaries (e.g., Morris et al., 2012) argue these issues undermine causal inferences of harm."
t0146,circumcision,s0211,M,M,,tagger-1,"The findings contrast with higher-quality evidence from RCTs and systematic reviews concluding no overall adverse impact on male sexual function, sensitivity, or satisfaction from medical male circumcision."
t0147,circumcision,s0212,M,M,,tagger-1,"Voluntary medical male circumcision (VMMC) programs, following 2007 World Health Organization (WHO) recommendations, target HIV prevention in high-prevalence sub-Saharan Africa regions, where randomized controlled trials show approximately 60% reduction in heterosexual HIV acquisition among circumcised men. [2] [122]"
t0148,circumcision,s0213,M,M,,tagger-1,"These efforts have delivered over 27 million procedures, aiding population-level HIV incidence declines. [2]"
t0149,circumcision,s0214,M,M,,tagger-1,"Models project that scaling VMMC, combined with other strategies, could avert up to 3.4 million new infections by 2025."
t0150,circumcision,s0216,M,M,,tagger-1,"Beyond HIV, circumcision links to lower community-level prevalence of other sexually transmitted infections (STIs), including high-risk human papillomavirus (HPV) and herpes simplex virus type 2 (HSV-2). [124] [103]"
t0151,circumcision,s0217,M,M,,tagger-1,"In high-risk groups, circumcised men experience fewer genital ulcers—a HIV transmission cofactor—providing indirect benefits to partners via reduced viral reservoirs. [103]"
t0152,circumcision,s0220,M,M,,tagger-1,"VMMC proves cost-effective in high-incidence settings, averting infections at $78 per case in optimized Kenyan programs and often offsetting antiretroviral therapy costs. [126]"
t0153,circumcision,s0221,M,M,,tagger-1,"Sustained implementation in South Africa and Malawi post-2022 has prevented infections while delivering health and economic gains, assuming stable epidemiology. [127]"
t0154,circumcision,s0222,M,O,,tagger-1,"Adverse events remain rare and mild, comparable to minor surgeries, despite some surveillance gaps. [128]"
t0155,circumcision,s0223,M,M,,tagger-1,"Monitored cohorts show no significant risk compensation, with behaviors aligning to baselines."
t0156,circumcision,s0226,M,E,rule 2: evidence carries it over consent concern,tagger-1,"Ethical concerns stress informed consent and autonomy, especially for minors, though evidence favors net morbidity reductions in high-burden contexts. [131]"
t0157,circumcision,s0253,M,O,historical medical claim (rule 4),tagger-1,"In the mid-19th century, British surgeon Jonathan Hutchinson promoted prophylactic circumcision, arguing in 1855 that it reduced syphilis transmission based on lower rates among circumcised Jewish men (2 of 111 cases) versus uncircumcised Gentiles (49 of 125). [148] [149] [150]"
t0158,circumcision,s0256,M,O,historical medical claim (rule 4),tagger-1,"In the United States, orthopedic surgeon Lewis Sayre advanced the practice in the 1870s by associating uncircumcised foreskins with ""reflex neurosis""—irritation allegedly causing spinal issues, paralysis, epilepsy, and leg weakness. [152]"
t0159,circumcision,s0257,M,O,historical case reports,tagger-1,"He cited three cases of dramatic mobility improvement after circumcision, linking results to the removal of phimotic adhesions and smegma, which he viewed as bacterial irritants. [153]"
t0160,circumcision,s0258,M,M,historical medical prophylaxis rationale,tagger-1,"Sayre's 1870 presentation to the American Medical Association and later publications extended this to prophylaxis, advocating routine newborn circumcision to prevent urinary tract problems and neuromuscular disorders, thus embedding it in U.S. pediatric surgery."
t0161,circumcision,s0262,M,M,historical hygiene/germ rationale,tagger-1,"Emerging germ theory reinforced hygiene rationales, with Victorian physicians regarding the foreskin as a reservoir for filth that predisposed to balanitis, phimosis, and systemic infections; by the 1890s, English-speaking medical texts commonly recommended circumcision for cleanliness amid industrialization's sanitation challenges. [156]"
t0162,circumcision,s0263,O,M,"moral anti-masturbation rationale, not data",tagger-1,"In this vein, sanitarian John Harvey Kellogg's 1881 treatise Plain Facts for Old and Young endorsed circumcision without anesthesia for boys to discourage masturbation—seen as a source of moral and physical decline—while promoting genital hygiene through the procedure's pain as a deterrent. [157]"
t0163,circumcision,s0275,M,M,,tagger-1,"The AAP's 1999 policy stayed neutral, but its 2012 statement held that benefits—like fewer urinary tract infections and certain STIs—outweighed risks, without recommending universality amid debates on autonomy and evidence. [73]"
t0164,circumcision,s0278,M,M,,tagger-1,"Mid-2000s randomized trials in South Africa (2005), Kenya, and Uganda (2007) showed voluntary medical male circumcision (VMMC) reduced heterosexual HIV risk in men by about 60%."
t0165,circumcision,s0279,M,M,,tagger-1,"The World Health Organization (WHO) recommended VMMC in 2007 as an adjunct in high-prevalence areas, leading to over 30 million procedures by 2020 in 15 priority countries. [101] [87] [168]"
t0166,circumcision,s0290,R,O,,tagger-1,"The ritual signifies entry into the ummah, aids hygiene by removing impurities, and connects to Abrahamic origins via Ishmael's circumcision at age 13. [181] [182]"
t0167,circumcision,s0323,M,M,,tagger-1,"Foreskin removal simplifies cleaning, limits smegma buildup, and lowers risks of balanitis and phimosis. [196]"
t0168,circumcision,s0324,M,M,,tagger-1,"Neonatal procedures reduce urinary tract infections in the first year by about tenfold, from roughly 1% in uncircumcised infants to 0.1-0.2% in circumcised ones, per meta-analyses of observational studies. [197]"
t0169,circumcision,s0325,M,M,,tagger-1,These advantages prove especially useful in settings with limited hygiene access.
t0170,circumcision,s0328,M,M,,tagger-1,"Randomized trials in sub-Saharan Africa found voluntary medical male circumcision cuts heterosexual HIV acquisition in men by 50-60%, leading to World Health Organization scale-up in high-prevalence areas and averting millions of infections since 2007. [2] [91]"
t0171,circumcision,s0329,M,M,,tagger-1,"The U.S. Centers for Disease Control and Prevention recommends informing patients of these results, including trial data showing 28-34% reductions in herpes simplex virus type 2 and 30-35% in human papillomavirus, though syphilis and other STI evidence varies. [77]"
t0172,circumcision,s0331,M,M,,tagger-1,"Penile cancer remains rare (about 1 in 100,000 in developed countries) but occurs three to twenty-two times more often in uncircumcised men, linked to chronic inflammation, poor hygiene, and persistent oncogenic human papillomavirus under the foreskin, according to meta-analyses. [4] [106]"
t0173,circumcision,s0332,M,M,,tagger-1,"The American Academy of Pediatrics' 2012 policy concludes that newborn benefits, including these protections, exceed risks, with complications at 0.2-3%—mainly minor bleeding or infection—and neonatal timing reducing anesthesia needs versus later surgeries. [75] [199]"
t0174,circumcision,s0363,M,M,,tagger-1,"The World Health Organization (WHO), collaborating with UNAIDS, has recommended voluntary medical male circumcision (VMMC) since 2007 as an HIV prevention strategy in 15 priority countries in eastern and southern Africa with high heterosexual transmission rates."
t0175,circumcision,s0364,M,M,,tagger-1,This is based on three randomized controlled trials showing about 60% reduction in HIV acquisition risk for heterosexual men. [2]
t0176,circumcision,s0369,M,M,,tagger-1,"In the United States, the American Academy of Pediatrics (AAP) 2012 policy states that newborn male circumcision's benefits—reduced risks of urinary tract infections, penile cancer, and certain STIs including HIV—outweigh risks, but not enough for routine recommendation; decisions rest with informed parents. [75]"
t0177,circumcision,s0370,M,M,,tagger-1,"The Centers for Disease Control and Prevention (CDC) advises informing uncircumcised males and parents of benefits, including 50-60% HIV risk reduction from the same trials, plus lower risks for herpes simplex virus type 2 and human papillomavirus."
t0178,circumcision,s0387,M,M,public health program access,tagger-1,"Supported by PEPFAR and WHO, these initiatives have delivered about 35 million free procedures since 2007 in high-prevalence countries, enhancing access for adolescents and adults. [126] [220] [132]"
t0179,circumcision,s0388,M,M,,tagger-1,"WHO models confirm VMMC's high cost-effectiveness, with net savings from averted HIV infections in nearly all scenarios across 14 priority countries."
t0180,circumcision,s0402,M,M,,tagger-1,"In sub-Saharan Africa, adoption rose through World Health Organization voluntary medical male circumcision (VMMC) programs launched in 2007 for HIV prevention, supported by trials indicating 60% risk reduction in heterosexual transmission. [2]"
t0181,circumcision,s0413,E,E,parental proxy consent,tagger-1,"Proponents argue that parental proxy consent is sufficient, allowing decisions in the child's best interest based on cultural, religious, or preventive health grounds until maturity."
t0182,circumcision,s0414,M,M,rule 2: complexity and forgone benefit carry it,tagger-1,"They note that postponing until adulthood increases procedural complexity and pain, potentially forgoing benefits like reduced HIV risk—shown at 60% efficacy against heterosexual acquisition in African trials. [75] [232]"
t0183,circumcision,s0422,E,E,,tagger-1,"Advocates for parental rights maintain that guardians can authorize non-therapeutic infant male circumcision, based on legal recognition of parental autonomy in child-rearing, including religious and cultural decisions."
t0184,circumcision,s0423,E,E,,tagger-1,"In the United States, courts uphold this under constitutional protections for parental rights and religious freedom, deferring to parents unless evidence of harm overrides the child's best interests. [235] [236]"
t0185,circumcision,s0424,E,E,parental decision and consent over state intervention,tagger-1,"The American Academy of Pediatrics' 2012 policy supports parents deciding if benefits outweigh risks, emphasizing informed consent over state intervention."
t0186,circumcision,s0439,M,M,,tagger-1,Randomized controlled trials (RCTs) show voluntary medical male circumcision reduces heterosexual HIV acquisition by about 60% in high-prevalence areas.
t0187,circumcision,s0440,M,M,,tagger-1,"Three major African trials with over 10,000 participants confirmed this, with efficacy sustained up to 24 months and no rise in risk behaviors. [87] [90] [2]"
t0188,circumcision,s0441,M,M,,tagger-1,"Other benefits include 90% fewer urinary tract infections in infancy per meta-analyses, plus reduced penile cancer and some STIs like herpes simplex virus type 2, though STI evidence is observational and less robust. [77] [197]"
t0189,circumcision,s0442,M,M,,tagger-1,"These support WHO recommendations for circumcision where HIV prevalence exceeds 15% among heterosexual men, averting millions of infections since 2007."
t0190,circumcision,s0444,M,M,,tagger-1,"Neonatal circumcision complications are low: systematic reviews report 0.2-1.5% adverse events, mostly minor like bleeding or infection, with severe issues under 0.01% by trained providers. [45] [43]"
t0191,circumcision,s0446,M,M,,tagger-1,"CDC data confirm newborns have the lowest risks, with U.S. serious events below 0.5 per 100,000."
t0192,circumcision,s0448,M,M,,tagger-1,"Over 30 studies, including RCTs and surveys, find no major negative effects on penile sensitivity, erectile function, or satisfaction after circumcision."
t0193,circumcision,s0449,M,O,,tagger-1,Some note neutral or better premature ejaculation control from less foreskin hypersensitivity. [115] [246] [247]
t0194,circumcision,s0450,M,O,,tagger-1,"Claims of reduced pleasure often come from biased, self-selected surveys, while blinded tests and longitudinal data show no consistent losses."
t0195,circumcision,s0452,M,M,,tagger-1,Prospective studies and meta-analyses reveal no strong evidence of long-term psychological harm from neonatal or childhood circumcision.
t0196,circumcision,s0453,M,M,,tagger-1,"No higher rates of anxiety, depression, or behavioral problems appear compared to uncircumcised peers, countering anecdotal distress claims. [116] [248]"
t0197,circumcision,s0454,M,R,,tagger-1,"A Danish study linked subtle associations with later consultations, but cultural confounders and small effects weaken causality; biomarker studies show no lasting stress changes. [249]"
t0198,circumcision,s0457,M,M,,tagger-1,"These findings indicate a positive risk-benefit ratio for neonatal circumcision in medical settings, especially in high-infection areas, though benefits lessen in low-prevalence ones."
t0199,circumcision,s0458,O,M,parental proxy and low risk about equally,tagger-1,"Adult choices match trial efficacy, while infant procedures rely on parental proxy amid low risks."
t0200,circumcision-and-hiv,s0001,M,M,,tagger-1,"Circumcision and HIV encompasses the body of empirical research investigating the protective effect of male circumcision against HIV acquisition, primarily through randomized controlled trials demonstrating that voluntary medical male circumcision reduces the risk of heterosexually transmitted HIV in men by approximately 60% in high-prevalence sub-Saharan African settings. [1] [2]"
t0201,circumcision-and-hiv,s0002,M,M,,tagger-1,"Three landmark trials conducted between 2005 and 2007 in Uganda, Kenya, and South Africa—each involving thousands of heterosexual men—provided robust evidence of this efficacy, with hazard ratios ranging from 0.40 to 0.47 for HIV incidence in circumcised versus uncircumcised groups, after adjusting for behavioral factors. [3] [4]"
t0202,circumcision-and-hiv,s0003,M,M,,tagger-1,"These findings prompted the World Health Organization and UNAIDS in 2007 to endorse voluntary medical male circumcision (VMMC) as a key HIV prevention strategy in regions with generalized heterosexual epidemics, leading to the scale-up of programs that have delivered over 27 million procedures across 15 priority countries by 2023. [2]"
t0203,circumcision-and-hiv,s0005,M,M,,tagger-1,"The mechanism underlying this protection stems from the removal of the foreskin, which harbors Langerhans cells susceptible to HIV entry and provides a moist environment conducive to viral persistence during heterosexual intercourse, thereby diminishing the biological vulnerability to infection via causal pathways independent of behavioral changes. [6]"
t0204,circumcision-and-hiv,s0007,M,M,,tagger-1,"Controversies persist, including critiques of trial methodologies—such as early termination potentially inflating efficacy estimates and inadequate controls for viral load or partner HIV status—but these have been rebutted by reanalyses and subsequent programmatic evaluations showing sustained population-level impacts without methodological collapse. [9] [10]"
t0205,circumcision-and-hiv,s0008,M,M,,tagger-1,"VMMC's integration into broader prevention portfolios, alongside condoms and antiretrovirals, underscores its role as a one-time, cost-effective intervention, averting an estimated millions of infections, though debates over infant versus adult procedures and ethical promotion in diverse cultural contexts highlight ongoing tensions between evidence-based public health and individual autonomy. [11]"
t0206,circumcision-and-hiv,s0012,M,E,,tagger-1,"The studies were ethically halted early by data safety monitoring boards due to the evident protective effect, with follow-up periods ranging from 21 to 24 months. [13]"
t0207,circumcision-and-hiv,s0015,M,M,,tagger-1,"After 21 months, HIV incidence was 1.42% in the circumcision group versus 3.57% in the control group, yielding a relative risk reduction of 60% (adjusted hazard ratio 0.40, 95% CI 0.24-0.68)."
t0208,circumcision-and-hiv,s0016,M,O,,tagger-1,"No significant behavioral disinhibition, such as increased sexual partners or reduced condom use, was observed. [14]"
t0209,circumcision-and-hiv,s0019,M,M,,tagger-1,"Over 24 months, HIV incidence rates were 2.1% (95% CI 1.2-3.0) in the circumcised group and 4.2% (95% CI 3.0-5.4) in controls, corresponding to a 51% relative risk reduction (p=0.0065)."
t0210,circumcision-and-hiv,s0020,M,M,,tagger-1,"Post-trial surveillance confirmed sustained protection, with incidence of 0.50 per 100 person-years in circumcised men versus 1.93 in uncircumcised men, and no evidence of risk compensation. [16]"
t0211,circumcision-and-hiv,s0023,M,M,,tagger-1,"After 24 months, circumcision reduced HIV incidence by 51% (adjusted incidence rate ratio 0.49, 95% CI 0.26-0.93), with rates of 0.7% in the intervention group versus 1.3% in controls among men adhering to the protocol."
t0212,circumcision-and-hiv,s0024,M,M,,tagger-1,"The trial found no increase in adverse sexual behaviors, supporting circumcision's role without compensatory risk-taking. [18]"
t0213,circumcision-and-hiv,s0026,M,M,,tagger-1,"Meta-analyses of these RCTs confirm a consistent 50-60% reduction in HIV acquisition risk for heterosexual men, with protective effects persisting in long-term follow-up and no offsetting increases in transmission to female partners within trial data."
t0214,circumcision-and-hiv,s0027,M,M,,tagger-1,"These findings, derived from double-blind randomization and intention-to-treat analyses, established circumcision as an additive prevention strategy in high-prevalence heterosexual epidemics, though generalizability to low-prevalence or non-African settings remains untested via RCTs due to ethical constraints. [13]"
t0215,circumcision-and-hiv,s0033,M,M,,tagger-1,More recent meta-analyses suggest a modest protective association.
t0216,circumcision-and-hiv,s0034,M,M,,tagger-1,"A 2019 analysis of studies primarily from high-prevalence settings found circumcision linked to 23% lower odds of HIV infection overall among MSM, with stronger effects (up to 29% reduction) in regions with higher HIV endemicity, though protective estimates weakened after adjusting for confounders such as sexual role (insertive vs. receptive).30038-5/fulltext) A 2024 meta-analysis of 62 observational studies reported a 23% reduction in HIV acquisition risk for circumcised gay and bisexual men, but emphasized that this effect was primarily observed among primarily insertive (PI) MSM, with odds ratios as low as 0.57 in unadjusted models for this subgroup, compared to null or weaker effects for versatile or receptive partners where anal transmission predominates. [22]"
t0217,circumcision-and-hiv,s0035,M,M,,tagger-1,"These findings align with Centers for Disease Control and Prevention (CDC) pooled data from observational studies indicating partial protection against HIV acquisition in MSM, though not quantified as robustly as the 50-60% efficacy seen in heterosexual RCTs."
t0218,circumcision-and-hiv,s0039,M,M,,tagger-1,"A 2025 preprint meta-analysis reinforced protection specifically for PI-MSM (OR 0.57), supporting circumcision as a potential adjunctive strategy in this subgroup, but cautioned against broad extrapolation to all MSM given predominant receptive anal intercourse risks. [25]"
t0219,circumcision-and-hiv,s0042,M,M,,tagger-1,"Observational studies in sub-Saharan Africa, conducted before the scale-up of voluntary medical male circumcision programs, frequently reported lower HIV prevalence and incidence among circumcised men compared to uncircumcised men in heterosexual populations."
t0220,circumcision-and-hiv,s0043,M,M,,tagger-1,"For example, a cohort study in Kericho, Kenya, found that circumcised men had an adjusted hazard ratio of 0.32 (95% CI 0.15–0.68) for HIV acquisition, equivalent to a two-thirds risk reduction after controlling for confounders. [1]"
t0221,circumcision-and-hiv,s0044,M,M,,tagger-1,"Similarly, analyses from multiple cross-sectional surveys in the region, such as those in Nairobi, showed uncircumcised men with genital ulcers had over 50% higher HIV seroconversion rates than circumcised counterparts. [1]"
t0222,circumcision-and-hiv,s0047,M,M,,tagger-2,"Meta-analyses of observational data have synthesized these findings, often confirming a protective association in heterosexual men, though with heterogeneity due to study design and epidemic context."
t0223,circumcision-and-hiv,s0048,M,M,,tagger-2,"A 2020 systematic review encompassing 20 studies, including high-risk and community-based cohorts, reported pooled incidence ratios for HIV acquisition ranging from 0.29 (95% CI 0.19–0.43) in high-risk groups to 0.56 (95% CI 0.49–0.64) in community cohorts during circumcision scale-up, corresponding to relative risk reductions of 44–71%. [7]"
t0224,circumcision-and-hiv,s0049,M,M,,tagger-2,"These estimates align with pre-scale-up community data showing a 52% reduction (pooled IR 0.48, 95% CI 0.33–0.70), but effectiveness appeared slightly attenuated in lower-incidence settings, possibly reflecting selection biases or changing sexual networks. [7]"
t0225,circumcision-and-hiv,s0053,M,M,,tagger-2,"Subsequent reviews incorporating broader global data reported modest associations, with a 2019 systematic review of 62 studies estimating a 23% lower odds of HIV infection overall (OR 0.77), particularly in low- and middle-income countries and among those primarily engaging in insertive roles. [27]"
t0226,circumcision-and-hiv,s0056,M,M,,tagger-2,"The randomized controlled trials establishing male circumcision's efficacy against HIV acquisition were conducted in high-prevalence sub-Saharan African regions, specifically South Africa, Kenya, and Uganda, where they demonstrated a consistent approximately 60% risk reduction for heterosexual men engaging primarily in vaginal sex. [1]"
t0227,circumcision-and-hiv,s0058,M,M,ecological correlation,tagger-2,"Regional ecological data from Africa further indicate an inverse correlation between baseline male circumcision prevalence—often tied to ethnic, religious, or cultural practices—and HIV prevalence, supporting but not proving causality."
t0228,circumcision-and-hiv,s0066,M,M,,tagger-2,"Across populations, adjusted relative risks from meta-analyses of incidence studies range from 0.40 to 0.60, aligning with trial efficacy but varying by baseline HIV exposure and circumcision timing (adult versus neonatal)."
t0229,circumcision-and-hiv,s0074,M,M,,tagger-2,"Post-circumcision, removal of the inner foreskin eliminates this vulnerable portal, while the exposed mucosal surfaces undergo adaptive keratinization, thickening the epithelial barrier and reducing microbial translocation that could exacerbate local inflammation and HIV susceptibility. [41]"
t0230,circumcision-and-hiv,s0076,M,M,,tagger-2,"These cellular and mucosal features contribute to the observed 50-60% reduction in HIV acquisition risk among circumcised heterosexual men in randomized trials, as the foreskin represents a primary entry site enriched for viral targets and deficient in protective barriers. [43] [44]"
t0231,circumcision-and-hiv,s0077,M,M,,tagger-2,"Experimental models confirm that foreskin-derived tissues exhibit higher HIV infectivity than keratinized penile skin, underscoring the causal role of these factors independent of behavioral confounders."
t0232,circumcision-and-hiv,s0084,M,M,,tagger-2,"Circumcision alters these dynamics by excising the foreskin, thereby eliminating approximately 50-70% of the penile mucosal surface area vulnerable to HIV ingress during penile-vaginal intercourse. [41]"
t0233,circumcision-and-hiv,s0085,M,M,,tagger-2,"Post-circumcision, the exposed glans penis and coronal sulcus undergo adaptive keratinization, thickening the epithelial layer and reducing permeability to viral particles, as evidenced by increased transepithelial resistance and decreased HIV penetration in keratinized versus mucosal tissues. [49]"
t0234,circumcision-and-hiv,s0086,M,M,,tagger-2,"This structural change, combined with reduced micro-abrasions and chronic inflammation under the foreskin—conditions that upregulate HIV co-receptors and pro-viral cytokines—lowers the density of target cells and the efficiency of viral seeding in the male genital tract. [50]"
t0235,circumcision-and-hiv,s0088,M,M,,tagger-2,"Additionally, the removal of the foreskin diminishes the subpreputial space where smegma accumulation and bacterial overgrowth foster an inflammatory milieu that enhances HIV attachment and entry via upregulated adhesion molecules."
t0236,circumcision-and-hiv,s0090,M,M,,tagger-2,"Transmission dynamics are further influenced by circumcision's impact on viral trafficking: in uncircumcised men, HIV infection often localizes initially in foreskin Langerhans cells before disseminating to draining lymph nodes, whereas circumcision shifts potential entry to less permissive keratinized sites, reducing the probability of establishing a productive genital infection. [53]"
t0237,circumcision-and-hiv,s0091,M,M,,tagger-2,"Quantitative models estimate that these biological modifications account for the observed 60% reduction in HIV acquisition risk in randomized controlled trials, primarily by curtailing the initial viral inoculum's access to high-yield target cells during the brief exposure window of intercourse. [41] [50]"
t0238,circumcision-and-hiv,s0093,M,M,,tagger-2,"These mechanisms, validated through histological, virological, and epidemiological convergence, underscore circumcision's role in disrupting HIV's mucosal foothold without relying solely on behavioral factors."
t0239,circumcision-and-hiv,s0095,M,M,WHO evidence-based recommendation,tagger-2,"In 2007, following the publication of three randomized controlled trials in South Africa, Kenya, and Uganda that demonstrated a 51–60% reduction in HIV acquisition risk among heterosexual men undergoing voluntary medical male circumcision (VMMC), the World Health Organization (WHO) and Joint United Nations Programme on HIV/AIDS (UNAIDS) jointly recommended the scale-up of safe, voluntary VMMC services as part of a comprehensive HIV prevention package in 14 priority countries in eastern and southern Africa with generalized HIV epidemics and low prevalence of male circumcision. [2] [55]"
t0240,circumcision-and-hiv,s0096,M,M,,tagger-2,"These trials, conducted between 2002 and 2007, involved over 10,000 participants and showed consistent efficacy against heterosexual transmission, prompting WHO to position VMMC as an additional, efficacious intervention alongside condom promotion, HIV testing, and antiretroviral therapy, while emphasizing that it offers only partial protection and does not eliminate risk."
t0241,circumcision-and-hiv,s0098,M,M,,tagger-2,"WHO guidelines specify that VMMC targets males aged 10 years and older in priority settings, prioritizing adolescents and adult men aged 15–49 where HIV incidence is high, with services required to be provided by trained health professionals under aseptic conditions to minimize complications, which occur at rates below 2% in program data. [2]"
t0242,circumcision-and-hiv,s0099,M,M,,tagger-2,"Updated in 2020, the guidelines—""Preventing HIV through safe voluntary medical male circumcision for adolescents and adults""—incorporate evidence on surgical techniques, including device-based methods for faster procedures, adolescent-specific counseling to ensure informed consent, and integration with sexual health services, while modeling estimates that sustained VMMC scale-up could avert up to 3.3 million HIV infections in eastern and southern Africa by 2025. [56]"
t0243,circumcision-and-hiv,s0103,M,M,cost-effectiveness,tagger-2,"In October 2023, WHO reaffirmed VMMC's cost-effectiveness—estimated at $2,000–$4,000 per infection averted—at current coverage levels below 60% in many priority countries, urging intensified efforts to achieve 90% coverage among males aged 15–29 to maximize population-level impact amid competing prevention priorities like pre-exposure prophylaxis. [57]"
t0244,circumcision-and-hiv,s0128,M,O,,tagger-2,"Achievements included averting an estimated 340,000 HIV infections between 2008 and 2019 through combined program impacts, though progress varied due to supply chain logistics and cultural resistance in low-traditional-circumcision areas."
t0245,circumcision-and-hiv,s0131,M,M,,tagger-2,"Voluntary medical male circumcision (VMMC) programs in 15 priority sub-Saharan African countries have achieved approximately 26 million procedures between 2008 and 2019, averting an estimated 340,000 new HIV infections. [75] [76]"
t0246,circumcision-and-hiv,s0137,M,M,cost-effectiveness,tagger-2,"Programs have demonstrated high cost-effectiveness, with analyses across multiple countries showing VMMC to be cost-saving over extended horizons, even assuming higher unit costs up to US$120. [57] [11]"
t0247,circumcision-and-hiv,s0138,M,M,cost per infection averted,tagger-2,"For instance, in Tanzania, the cost per HIV infection averted was estimated at US$11,300 for 2010–2015 scaling but dropped to US$3,200 when extended to 2025, underscoring long-term fiscal benefits. [83]"
t0248,circumcision-and-hiv,s0139,M,M,,tagger-2,"These efficiencies arise from reduced HIV treatment burdens, though sustaining funding remains critical as antiretroviral therapy scale-up alters incidence dynamics."
t0249,circumcision-and-hiv,s0147,M,M,,tagger-2,"Alcena observed lower HIV rates among circumcised individuals in early screening efforts, proposing circumcision as a potential preventive factor."
t0250,circumcision-and-hiv,s0148,M,M,biological hypothesis,tagger-2,"Similarly, Fink argued that the foreskin's inner mucosa, with its thin epithelial layer and abundance of target cells for HIV, could serve as a primary entry point for the virus during heterosexual intercourse, hypothesizing that its removal would diminish susceptibility."
t0251,circumcision-and-hiv,s0151,M,M,,tagger-2,"Among Nairobi truck drivers in Kenya, uncircumcised men exhibited significantly higher HIV seroprevalence (13% versus 3% in circumcised men), with prospective follow-up confirming elevated incidence linked to uncircumcised status after adjusting for confounders like sexual behavior."
t0252,circumcision-and-hiv,s0152,M,M,,tagger-2,"These findings, replicated in studies of female sex workers' clients, indicated odds ratios of HIV infection 5- to 8-fold higher in uncircumcised men, attributing part of the risk to increased vulnerability to genital ulcers and other sexually transmitted infections that facilitate HIV entry. [92]"
t0253,circumcision-and-hiv,s0154,M,M,,tagger-2,"Ecological analyses in the late 1980s and early 1990s reinforced these patterns at population levels across Africa, revealing an inverse correlation between male circumcision prevalence and national HIV rates."
t0254,circumcision-and-hiv,s0155,M,M,,tagger-2,"Countries with predominantly non-circumcising populations in East and Southern Africa reported HIV prevalences exceeding 10-20% in urban adults by the early 1990s, compared to under 2-5% in circumcising Muslim-majority nations in West Africa, despite similar sexual network structures."
t0255,circumcision-and-hiv,s0156,M,M,,tagger-2,"Meta-analyses of over 30 such studies estimated a consistent 50-70% lower HIV risk among circumcised men in high-risk groups, prompting hypotheses that circumcision biologically limits viral ingress by eliminating the foreskin's Langerhans cells—dendritic cells highly susceptible to HIV—and reducing mucosal trauma during sex. [94]"
t0256,circumcision-and-hiv,s0159,M,M,,tagger-2,"Interim analysis after 473 person-years of follow-up in the intervention group and 499 in the control group revealed 20 HIV infections in the circumcision arm versus 49 in the control arm, yielding a relative risk reduction of 60% (95% CI: 32–77%), prompting early termination of the trial on ethical grounds. [15]"
t0257,circumcision-and-hiv,s0160,M,M,,tagger-2,"No significant increases in sexual risk behavior were observed, and adverse events were minimal (3.8% moderate or severe complications, mostly resolving without intervention)."
t0258,circumcision-and-hiv,s0164,M,M,,tagger-2,"Among 69 incident HIV cases (22 circumcised, 47 uncircumcised), circumcision conferred a 53% protective efficacy (95% CI: 22–72%; adjusted RR 0.47, 95% CI: 0.28–0.78), with no evidence of behavioral risk compensation—circumcised men reported similar or slightly fewer sexual partners and condom use rates. [17]"
t0259,circumcision-and-hiv,s0165,M,M,,tagger-2,Moderate/severe adverse events occurred in 0.3% of procedures.
t0260,circumcision-and-hiv,s0167,M,M,,tagger-2,"Concurrently, the Ugandan Rakai trial by Gray et al. involved 4,996 HIV-negative uncircumcised men aged 15–49, randomized to circumcision or control with 24-month follow-up ending September 2007.60313-4/fulltext) This yielded 67 HIV seroconversions (20 circumcised, 47 control), a 51% reduction in incidence (95% CI: 16–71%; adjusted HR 0.49, 95% CI: 0.29–0.82), again without increased risk behavior or sexual activity in the intervention group.60313-4/fulltext) Surgical complications were low (0.7% severe).60313-4/fulltext) The consistency across trials—each demonstrating approximately 50–60% efficacy against heterosexual HIV acquisition in high-prevalence sub-Saharan African settings—provided robust causal evidence from RCTs, surpassing prior ecological and observational associations."
t0261,circumcision-and-hiv,s0170,M,M,,tagger-2,"In March 2007, the World Health Organization (WHO) and Joint United Nations Programme on HIV/AIDS (UNAIDS), following an expert consultation reviewing the trials, issued guidelines recognizing voluntary medical male circumcision (VMMC) as an efficacious additional intervention to reduce heterosexually transmitted HIV in men, particularly in 13 priority countries with HIV prevalence exceeding 15% in men aged 15+. [96]"
t0262,circumcision-and-hiv,s0175,M,M,programme scale toward infection aversion,tagger-2,"By October 2023, approximately 35 million men and adolescent boys had undergone VMMC through these initiatives, representing substantial progress toward averting new infections."
t0263,circumcision-and-hiv,s0177,M,M,,tagger-2,"Observational studies and long-term follow-ups from the original randomized controlled trials (RCTs) conducted in Kenya, Uganda, and South Africa have corroborated the approximately 60% reduction in heterosexual HIV acquisition risk for men observed in the 2005–2007 trials. [12] [7]"
t0264,circumcision-and-hiv,s0178,M,M,,tagger-2,"For instance, a 2020 analysis of follow-up data from a Zimbabwean cohort reported an HIV incidence of 1.2 per 100 person-years among circumcised men compared to higher rates in uncircumcised controls, with no evidence of waning protection over time. [7]"
t0265,circumcision-and-hiv,s0179,M,M,,tagger-2,"Population-level data from sub-Saharan Africa have similarly associated increased VMMC coverage with reduced HIV incidence, though effects vary by region due to factors like program saturation and concurrent interventions."
t0266,circumcision-and-hiv,s0182,M,M,,tagger-2,"Economic evaluations have consistently deemed VMMC highly cost-effective, with models projecting millions of infections averted at costs below per-infection treatment thresholds, prompting calls in 2023 for intensified scale-up amid stagnating coverage in some areas. [11] [57]"
t0267,circumcision-and-hiv,s0183,M,M,,tagger-2,"Emerging data have explored VMMC's potential benefits for men who have sex with men (MSM), with a 2024 study indicating up to 91% risk reduction for predominantly insertive partners, though evidence remains limited outside heterosexual epidemics."
t0268,circumcision-and-hiv,s0186,M,O,,tagger-2,"Despite these, meta-analyses and real-world assessments through 2023 continue to support VMMC's role in combination prevention, without indications of policy reversal."
t0269,circumcision-and-hiv,s0189,M,M,,tagger-2,"These trials reported relative risk reductions of 60% (Auvert), 51% (Bailey), and 56% (Gray), leading to early termination upon interim analyses demonstrating statistical significance. [1]"
t0270,circumcision-and-hiv,s0191,M,M,trial methodology defence,tagger-2,"Proponents counter that objective HIV seroconversion outcomes and comparable self-reported behaviors across arms mitigate these concerns, as confirmed by subsequent Cochrane reviews assessing overall low risk of bias."
t0271,circumcision-and-hiv,s0194,M,M,,tagger-2,"Defenses highlight prespecified statistical boundaries (e.g., Haybittle-Peto) and consistency with post-trial observational data showing persistent protection up to 5–7 years in Rakai, Uganda. [1]"
t0272,circumcision-and-hiv,s0200,M,M,trial methodology defence,tagger-2,"Rebuttals emphasize ecological consistency with pre-trial hypotheses and modeling validations, asserting that unblinded designs, while imperfect, represent pragmatic superiority over non-randomized alternatives prone to confounding. [102]"
t0273,circumcision-and-hiv,s0224,M,M,,tagger-2,"However, longitudinal data from the pivotal RCTs in South Africa, Kenya, and Uganda found no significant evidence of risk compensation."
t0274,circumcision-and-hiv,s0225,M,M,,tagger-2,"In the ANRS 1265 trial, circumcised participants showed no increase in sexual activity or partner numbers compared to controls over 21 months, with even slight reductions in reported unprotected sex in some subgroups. [109]"
t0275,circumcision-and-hiv,s0226,M,M,,tagger-2,"Similarly, the Rakai trial reported stable or decreased risky behaviors post-circumcision, with no rise in HIV incidence attributable to behavioral changes. [110]"
t0276,circumcision-and-hiv,s0227,M,M,,tagger-2,"Post-trial surveillance in implementation settings, including over 20 million VMMCs by 2020, confirmed that circumcised men did not exhibit higher rates of multiple partners or condomless sex relative to uncircumcised peers."
t0277,circumcision-and-hiv,s0229,M,M,,tagger-2,"Systematic reviews and meta-analyses have reinforced these findings, analyzing data from RCTs and observational studies across high-prevalence regions."
t0278,circumcision-and-hiv,s0230,M,M,,tagger-2,"A 2021 meta-analysis of 13 studies involving heterosexual men concluded no association between medical male circumcision and increased risky behaviors, such as condomless sex (odds ratio 0.94, 95% CI 0.82–1.07) or multiple partners (OR 1.05, 95% CI 0.92–1.20). [112]"
t0279,circumcision-and-hiv,s0231,M,M,,tagger-2,"Another review of VMMC rollout data found minimal early resumption of sex post-procedure (median 26–40 days, aligning with healing guidelines) and no sustained uptick in risk compensation, attributing any minor perceptions of invulnerability to counseling failures rather than inherent effects. [113]"
t0280,circumcision-and-hiv,s0245,M,M,,tagger-2,"Rebuttals emphasize that the three pivotal RCTs (in South Africa, Kenya, and Uganda) demonstrated consistent 50-60% reduction in HIV acquisition among heterosexual men, with pooled analyses confirming biological causality via mechanisms like reduced viral entry through the foreskin. [111]"
t0281,circumcision-and-hiv,s0246,M,M,,tagger-2,"Long-term follow-up from the Orange Farm trial in South Africa showed sustained 58% efficacy at 72 months, aligning with initial findings and refuting decay claims. [122]"
t0282,circumcision-and-hiv,s0247,M,M,rests on trial design,tagger-2,"Methodological critiques are dismissed as denialism, given the trials' rigorous design, including intention-to-treat analyses and adjustments for behavior, which found no evidence of bias invalidating results. [116]"
t0283,circumcision-and-hiv,s0249,M,M,,tagger-2,"On risk compensation, systematic reviews and meta-analyses of post-circumcision cohorts report no substantial increase in risky behaviors; a 2021 analysis of 28 studies found higher-quality evidence showing neutral or reduced risk profiles, with circumcised men often reporting safer practices due to counseling. [112] [124]"
t0284,circumcision-and-hiv,s0250,M,M,,tagger-2,"Real-world programs in 15 African countries, scaling to over 30 million procedures by 2023, correlate with declining HIV incidence without offsetting surges in transmission attributable to disinhibition. [125]"
t0285,circumcision-and-hiv,s0251,E,M,voluntary adult consent carries the ethical defence; some complication data,tagger-2,"Ethical defenses note VMMC's voluntary adult nature, informed consent protocols, and WHO endorsement as a complement—not replacement—to ABC (abstinence, behavior change, condoms) strategies, with complication rates under 1% in scaled programs. [10]"
t0286,circumcision-and-hiv,s0256,M,M,,tagger-2,Early projections from 2009 indicated that one HIV infection could be averted for every 5–15 VMMCs in high-prevalence settings over a 10-year period.
t0287,circumcision-and-hiv,s0259,M,M,,tagger-2,"By 2017, these efforts were estimated to have prevented 230,000 new infections, with forecasts anticipating over 1 million averted by 2030 under sustained scale-up. [130] [28]"
t0288,circumcision-and-hiv,s0260,M,M,,tagger-2,"WHO and UNAIDS analyses projected 340,000 (range: 260,000–440,000) infections averted by 2019, including benefits to female partners through reduced prevalence. [69]"
t0289,circumcision-and-hiv,s0261,M,M,,tagger-2,"A 2022 evaluation using multiple models (Goals-ASM, Thembisa, EMOD) estimated up to 83,000 infections prevented from 2010–2020 in select contexts, highlighting variability due to local epidemiology and program reach."
t0290,circumcision-and-hiv,s0263,M,M,,tagger-2,Forward-looking simulations emphasize scale-up potential: achieving 80% circumcision coverage among HIV-negative men aged 15–49 over 15 years could avert 3.4 million infections in low- and middle-income countries. [112]
t0291,circumcision-and-hiv,s0264,M,M,,tagger-2,"Country-specific models, such as in Malawi, predict that targeting males aged 10–29 for circumcision over 15 years would prevent 75% of projected infections in that cohort, rising to 88% if extended to age 34. [131]"
t0292,circumcision-and-hiv,s0268,M,M,,tagger-2,"Economic evaluations of voluntary medical male circumcision (VMMC) programs for HIV prevention in sub-Saharan Africa have predominantly concluded that the intervention is cost-effective, particularly in settings with moderate to high heterosexual HIV transmission."
t0293,circumcision-and-hiv,s0269,M,M,,tagger-2,"A 2022 modeling analysis across 13 countries found VMMC cost-effective (defined as less than three times the gross domestic product per capita per disability-adjusted life year averted) in 62% of scenarios with adult HIV incidence exceeding 1.5 per 100 person-years, with effectiveness increasing in higher-incidence areas due to greater absolute risk reduction.00515-0/fulltext) The World Health Organization's 2023 review of programmatic data from priority countries affirmed VMMC as highly cost-effective or cost-saving in nearly all evaluated scenarios, attributing this to low per-procedure costs (typically $50–150) and the intervention's one-time nature, which averts lifelong treatment expenses estimated at $1,000–2,000 annually per person on antiretrovirals. [57]"
t0294,circumcision-and-hiv,s0272,M,M,,tagger-2,"Comparisons with alternative HIV prevention strategies, such as antiretroviral therapy scale-up, position VMMC favorably in cost metrics."
t0295,circumcision-and-hiv,s0273,M,M,,tagger-2,"One analysis estimated VMMC's cost per infection averted at $1,096 versus $6,790 for treatment-as-prevention, reflecting VMMC's upstream preventive impact on incident cases without ongoing drug requirements. [133]"
t0296,circumcision-and-hiv,s0274,M,M,,tagger-2,"In South Africa, where over 3 million VMMCs were performed by 2016, program costs averaged $120 per procedure, yielding net financial returns through reduced HIV-related healthcare expenditures."
t0297,circumcision-and-hiv,s0276,M,M,,tagger-2,Long-term projections from dynamic epidemic models underscore VMMC's potential for sustained impact if coverage reaches 90% among non-circumcised adult males in priority countries.
t0298,circumcision-and-hiv,s0277,M,M,,tagger-2,"UNAIDS-supported simulations forecast that maintaining VMMC through 2030 could avert 2–5 million infections across eastern and southern Africa, with cumulative savings exceeding program costs by factors of 2–10 under 3–5% discount rates, assuming stable heterosexual transmission dynamics. [134]"
t0299,circumcision-and-hiv,s0278,M,M,,tagger-2,"A South African cohort model projected $617 net savings per VMMC performed at age 20 (discounted at 5%), escalating with earlier implementation due to extended protection periods spanning decades. [61]"
t0300,circumcision-and-law,s0003,M,M,AAP evidence weighing,tagger-2,"Empirical assessments of health outcomes inform these debates, with bodies like the American Academy of Pediatrics concluding that preventive benefits—such as reduced risks of urinary tract infections and certain sexually transmitted infections—marginally exceed procedural risks but do not warrant universal recommendation, a view echoed in legal considerations of proportionality."
t0301,circumcision-and-law,s0066,E,O,UN treaty body view,tagger-2,"However, the UN Committee on the Rights of the Child has clarified in communications, such as CRC/C/83/D/23/2017 (adopted March 2020), that while circumcision constitutes an interference with physical integrity, it does not per se violate the CRC if demonstrably in the child's best interests, assessed case-by-case; the committee rejected a blanket prohibition in that instance, weighing factors like cultural context and low complication rates (under 1% in controlled settings)."
t0302,circumcision-and-law,s0067,E,E,,tagger-2,"A subsequent view in CRC/C/96/D/169/2021 (2023) similarly held that non-medically indicated circumcision does not automatically breach rights absent aggravating factors, underscoring no general treaty-based ban. [34] [37]"
t0303,circumcision-and-law,s0070,E,E,religious freedom and parental rights under ICCPR,tagger-2,"These claims, primarily advanced in academic and advocacy literature rather than treaty body jurisprudence, face counterarguments that religious freedoms (e.g., ICCPR Article 18) and parental rights permit the practice, provided risks are minimized, as evidenced by the absence of international enforcement actions or prohibitions despite decades of debate."
t0304,circumcision-and-law,s0077,M,M,medical benefits carry the distinction from FGM,tagger-2,"The resolution provoked significant opposition from Jewish and Muslim representatives, who argued it conflates male circumcision—a procedure with documented medical benefits such as reduced urinary tract infections and certain sexually transmitted diseases—with mutilatory practices lacking such evidence. [40]"
t0305,circumcision-and-law,s0078,E,O,political/discrimination objection,tagger-2,"Israel's government condemned it as fostering antisemitic trends, prompting diplomatic pressure that led to a 2015 PACE debate but no formal rescission of the resolution. [41]"
t0306,circumcision-and-law,s0083,E,E,,tagger-2,"The European Parliament has addressed circumcision peripherally in reports on religious freedoms, noting its prevalence for non-medical reasons in several member states without recommending bans, while Catholic Church bodies like COMECE have warned in 2018 that criminalization could undermine broader fundamental rights protections."
t0307,circumcision-and-law,s0095,E,E,,tagger-2,"In 2022, Health Minister Ingvild Kjerkol rejected calls from Save the Children for a legality review, affirming the law's balance of child protection with religious accommodation."
t0308,circumcision-and-law,s0117,E,R,religious freedom vs court ruling,tagger-2,"This ruling, while not binding nationwide, prompted widespread concern among Jewish and Muslim communities, who viewed it as a threat to religious practices, leading to international criticism and domestic debate on balancing child protection with freedom of religion."
t0309,circumcision-and-law,s0131,E,R,religious freedom and parental rights,tagger-2,"The proposal faced significant opposition from Jewish and Muslim communities in Iceland, as well as international religious leaders and organizations, who contended it infringed on religious freedom and parental rights, potentially discriminating against religious minorities in a country with small Jewish (around 100 members) and Muslim (about 1,500) populations where circumcision holds ritual significance. [46] [69] [70]"
t0310,circumcision-and-law,s0132,R,O,continuity of religious practice,tagger-2,"Advocacy groups such as the Anti-Defamation League urged rejection, emphasizing that the ban could set a precedent threatening longstanding religious practices. [71]"
t0311,circumcision-and-law,s0205,M,M,AAP benefits outweigh risks,tagger-2,"The American Academy of Pediatrics (AAP) has stated that the health benefits of newborn male circumcision outweigh the risks, affirming parents' authority to make the decision based on their assessment of those factors."
t0312,circumcision-and-law,s0261,O,E,legal status framed as benign and culturally essential,tagger-2,"In contrast to female genital cutting, which faces international and some domestic prohibitions, male circumcision encounters no equivalent legal scrutiny, viewed as benign and culturally essential. [141]"
t0313,circumcision-and-law,s0327,M,M,,tagger-2,"Public health policy integrates voluntary medical male circumcision (VMMC) as a strategy to curb HIV transmission, following WHO-endorsed randomized controlled trials (e.g., ANRS 1265 Trial, 2005) showing a 60% reduction in heterosexual acquisition risk among heterosexual men. [178]"
t0314,circumcision-and-law,s0336,E,E,Parham parental authority,tagger-2,"In jurisdictions recognizing broad parental authority over medical decisions for minors, such as under the U.S. Supreme Court's ruling in Parham v. J.R. (1979), parents retain the prerogative to authorize treatments deemed in the child's best interest, including elective circumcision for cultural or religious reasons, provided no immediate harm is evident. [184]"
t0315,circumcision-and-law,s0346,E,O,legal precedent; AAP mentioned as backing,tagger-2,"Yet, no federal or state precedent has criminalized infant male circumcision, reflecting deference to traditions upheld by bodies like the American Academy of Pediatrics, which in 2012 deemed benefits (e.g., reduced urinary tract infections) sufficient to justify access but not routine recommendation. [3]"
t0316,circumcision-and-law,s0355,E,R,,tagger-2,"In Germany, a 2012 regional court decision in Cologne criminalized non-therapeutic male circumcision as bodily harm, prompting widespread condemnation from Jewish and Muslim communities for infringing on religious freedom and evoking historical antisemitic precedents. [192]"
t0317,circumcision-and-law,s0376,M,M,AAP benefit data,tagger-2,"Courts reference policy statements from the American Academy of Pediatrics (AAP), which in 2012 concluded preventive health benefits—reduced penile cancer (lifetime risk drop from 1 in 100,000 to near zero), HIV acquisition (60% relative reduction in heterosexual transmission), and urinary tract infections—outweigh risks but do not warrant universal policy. [196] [197]"
t0318,circumcision-and-law,s0385,E,M,legal deference to parental intent,tagger-2,"Such outcomes reflect causal realism in law: where parental intent aligns with prevailing medical literature showing modest aggregate benefits (e.g., CDC estimates of 1 in 100 HIV risk reduction in high-prevalence settings), courts avoid overriding decisions absent acute harm. [200]"
t0319,circumcision-and-law,s0394,M,M,,tagger-2,"In the United States, a 2024 systematic review of neonatal male circumcision reaffirmed public health benefits such as reduced urinary tract infections and sexually transmitted infections, countering ethical critiques but noting no formal policy update from the American Academy of Pediatrics (AAP) since its 2012 statement, which was informally reaffirmed amid declining rates from 58.3% in 2012 to lower figures by 2022 per Johns Hopkins data. [207]"
t0320,circumcision-and-law,s0397,M,M,,tagger-2,"Australia's Royal Australasian College of Physicians (RACP) policy, critiqued in 2024 for downplaying benefits like HIV prevention evidenced in randomized trials, continued to advise against routine infant circumcision absent medical indication, prioritizing informed parental choice while acknowledging low complication rates under 1% in controlled settings. [157]"
t0321,circumcision-and-law,s0398,M,M,,tagger-2,"A concurrent 2022 analysis advocated evidence-based support for voluntary medical male circumcision, citing 60% risk reduction for heterosexual HIV acquisition, influencing state-level Medicaid coverage but not altering national legal frameworks permitting parental consent."
t0322,circumcision-controversies,s0002,M,M,,tagger-2,"Proponents, often citing systematic reviews, argue that neonatal circumcision reduces risks of urinary tract infections, penile cancer, and heterosexual HIV acquisition, with bodies like the American Academy of Pediatrics concluding in 2012 that benefits outweigh risks, though not sufficiently to recommend universal adoption. [3] [4]"
t0323,circumcision-controversies,s0036,M,M,,tagger-2,"Circumcision in infancy reduces the risk of urinary tract infections (UTIs) by approximately 90%, with meta-analyses of observational studies reporting an odds ratio of 0.13 (95% CI 0.08-0.20). [32]"
t0324,circumcision-controversies,s0037,M,M,,tagger-2,"The American Academy of Pediatrics (AAP) 2012 policy statement identifies this as a specific benefit, noting the number needed to treat (NNT) is 111 to prevent one UTI in normal boys under one year, dropping to 11 for those with recurrent UTIs. [3]"
t0325,circumcision-controversies,s0038,M,M,,tagger-2,"This protective effect persists across age groups, with uncircumcised males facing a 9.9-fold higher risk in infancy, 6.6-fold from ages 1-16, and 3.4-fold beyond age 16."
t0326,circumcision-controversies,s0040,M,M,,tagger-2,"Penile cancer, though rare (incidence ~1 in 100,000 in developed countries), shows substantially lower rates in circumcised populations, particularly when performed in childhood or adolescence."
t0327,circumcision-controversies,s0041,M,M,,tagger-2,"A 2011 systematic review and meta-analysis of case-control studies found men circumcised neonatally or in youth had an odds ratio of 0.33 (95% CI 0.13-0.83) for invasive penile cancer compared to uncircumcised men, attributing part of the effect to reduced human papillomavirus (HPV) persistence and chronic inflammation. [34]"
t0328,circumcision-controversies,s0042,M,M,,tagger-2,"Neonatal circumcision nearly eliminates the risk in high-prevalence settings, as supported by epidemiological data linking uncircumcised status to higher incidence via phimosis and poor hygiene."
t0329,circumcision-controversies,s0044,M,M,,tagger-2,"Three randomized controlled trials (RCTs) in Africa—ANRS 1265 (South Africa, 2005), and studies in Kenya (Bailey et al., 2007) and Uganda (Gray et al., 2007)—demonstrated that adult male circumcision reduces heterosexual HIV acquisition by 50-60% over 24-30 months follow-up, with hazard ratios ranging from 0.40 to 0.47. [36]"
t0330,circumcision-controversies,s0045,M,M,,tagger-2,"The World Health Organization (WHO) endorses voluntary medical male circumcision based on these RCTs, estimating it averts ~3.4 million HIV infections in eastern and southern Africa since 2007. [37]"
t0331,circumcision-controversies,s0046,M,M,,tagger-2,"Similar RCTs show 25-35% reductions in high-risk HPV acquisition and 24-34% for herpes simplex virus type 2 (HSV-2), mediated by removal of the foreskin's inner mucosa, which harbors higher viral loads. [38]"
t0332,circumcision-controversies,s0047,M,M,,tagger-2,"Meta-analyses confirm these effects, with circumcision linked to lower odds of prevalent and incident HPV (OR ~0.70-0.80) and HSV-2 infections."
t0333,circumcision-controversies,s0049,M,M,,tagger-2,"Circumcision also lowers risks of inflammatory conditions like balanitis (OR 0.32, 95% CI 0.20-0.52) and pathologic phimosis, which affects up to 10% of uncircumcised boys by adolescence and predisposes to adhesions and infections. [40]"
t0334,circumcision-controversies,s0050,M,M,,tagger-2,"Longitudinal data indicate these benefits stem from improved hygiene and keratinization of the glans, reducing smegma accumulation and bacterial colonization under the foreskin."
t0335,circumcision-controversies,s0053,M,M,,tagger-2,"These events are predominantly minor and resolve with conservative management, while severe complications like excessive skin removal or glans injury remain rare, affecting fewer than 0.1% of cases. [3]"
t0336,circumcision-controversies,s0057,M,M,,tagger-2,"Systematic analyses indicate no robust causal association between circumcision and long-term sexual dysfunction, with high-quality prospective studies and meta-analyses finding no differences in erectile function or satisfaction compared to uncircumcised controls. [43]"
t0337,circumcision-controversies,s0061,M,M,pain mitigation,tagger-2,"Mitigations include standardized use of local anesthesia, such as dorsal penile nerve block or ring blocks with lidocaine, which has been recommended since the 1990s and effectively minimizes procedural pain when combined with sucrose pacifiers or swaddling. [45]"
t0338,circumcision-controversies,s0062,M,M,,tagger-2,"Neonatal procedures exhibit lower overall risks than those in adolescents or adults, with reduced blood loss (typically <5 mL versus up to 100 mL in adults) due to smaller penile size and immature vascularity, alongside faster healing and fewer infections. [3]"
t0339,circumcision-controversies,s0063,M,M,,tagger-2,Adherence to aseptic techniques and trained providers further lowers adverse event rates to under 1% in developed settings.
t0340,circumcision-controversies,s0065,M,M,,tagger-2,"Voluntary medical male circumcision (VMMC) programs in sub-Saharan Africa, endorsed by the World Health Organization in 2007, have scaled up to circumcise millions of men, with three randomized controlled trials in Uganda, Kenya, and South Africa demonstrating a 51–60% reduction in heterosexual HIV acquisition risk for circumcised men compared to uncircumcised controls over 24–30 months of follow-up. [47] [48]"
t0341,circumcision-controversies,s0066,M,M,,tagger-2,"Population-level implementation in high-incidence settings has correlated with HIV incidence declines; for instance, modeling from Ugandan trial data projected that sustained VMMC uptake could avert up to 20% of new infections in priority countries by controlling for behavioral confounders like partner concurrency. [49]"
t0342,circumcision-controversies,s0067,M,M,,tagger-2,"Multivariate analyses of observational data from the region further indicate that circumcision retains protective associations against HIV after adjusting for variables such as age, marital status, and sexual partnerships, supporting causal inferences from trial outcomes in real-world contexts. [50]"
t0343,circumcision-controversies,s0070,M,M,,tagger-2,"This trend occurred amid stable or increasing sexually transmitted infection (STI) rates overall, with cohort studies showing higher HIV and other STI incidences among uncircumcised men after multivariate adjustment for confounders like condom use and partner numbers, though population effects remain diluted by high baseline prevention measures."
t0344,circumcision-controversies,s0072,M,M,,tagger-2,"Globally, regions with low circumcision prevalence like Europe exhibit low HIV prevalence (0.2–0.3% among adults), contrasting with sub-Saharan Africa's higher burdens, but multivariate ecological analyses attribute part of the African disparity to circumcision status independent of socioeconomic and behavioral factors. [55]"
t0345,circumcision-controversies,s0086,M,O,provenance of nerve-count claim,tagger-2,"The frequently cited assertion that the foreskin contains over 20,000 nerve endings (often specified as specialized fine-touch variants) originates from advocacy literature, notably a 1997 article by Paul Fleiss referencing older observations such as the 1932 Bazett et al. study on nerve densities per square centimeter."
t0346,circumcision-controversies,s0087,M,O,measurement critique,tagger-2,"Bazett's work measured densities (e.g., ~115 free nerve endings per cm²) in small samples but did not provide a total count for the entire foreskin; extrapolations to 10,000–20,000 relied on assumptions about surface area that lack standardization and have been critiqued as overestimations by an order of magnitude."
t0347,circumcision-controversies,s0088,M,O,,tagger-2,"More conservative, evidence-based estimates from pathologists and recent immunohistochemical studies place the total number of nerve endings in the foreskin in the range of 1,000–10,000 overall, with many leaning toward the lower end."
t0348,circumcision-controversies,s0089,M,O,,tagger-2,"For context, the glans penis alone contains thousands of nerve endings (commonly cited around 4,000–8,000 axons/receptors), which remain intact post-circumcision."
t0349,circumcision-controversies,s0090,M,M,,tagger-2,Systematic reviews correlating histological data with physiological measurements of sexual response conclude that free nerve endings and Meissner's corpuscles in the foreskin show no strong correlation with sexual pleasure or orgasm; tactile sensitivity of the glans decreases with arousal regardless of circumcision status.
t0350,circumcision-controversies,s0091,M,M,,tagger-2,"High-quality evidence, including quantitative sensory testing, finds no significant overall difference in penile sensitivity between circumcised and uncircumcised men for stimuli relevant to sex, and no adverse effect on erectile function, orgasm ease, or sexual satisfaction for most men."
t0351,circumcision-controversies,s0092,M,M,,tagger-2,"Some studies report neutral to positive outcomes post-circumcision, particularly for those resolving medical issues like phimosis."
t0352,circumcision-controversies,s0093,M,O,,tagger-2,"These findings indicate that while the foreskin contributes unique gliding sensations and fine-touch elements, its removal does not result in broad sensory loss according to rigorous research."
t0353,circumcision-controversies,s0100,E,E,parental authority and legal frameworks,tagger-2,"This authority stems from contractual and evolutionary rationales wherein parents, as primary caregivers, balance immediate risks against projected benefits like disease prevention or aesthetic/functional improvements, with legal frameworks upholding such prerogatives absent demonstrable harm. [66]"
t0354,circumcision-controversies,s0109,R,R,cultural cohesion and stigma,tagger-2,"Moreover, in immigrant communities, parental circumcision choices foster cultural cohesion and identity preservation against assimilation pressures; for Muslim families in Western contexts like Sweden and the UK, forgoing the rite risks familial stigmatization and erosion of rites-of-passage traditions tied to masculinity and group belonging. [72] [73]"
t0355,circumcision-controversies,s0110,R,R,"transmission of cultural practices, social norms",tagger-2,This utility aligns with contractual societal norms permitting parents to transmit adaptive cultural practices that enhance offspring integration and resilience.
t0356,circumcision-controversies,s0112,M,M,,tagger-2,"From a causal standpoint, the primary trade-off of neonatal circumcision involves a low-probability acute harm against probabilistic long-term reductions in infection risks."
t0357,circumcision-controversies,s0113,M,M,,tagger-2,"Complications occur in approximately 0.2% to 0.5% of cases, predominantly minor issues like bleeding or infection, with severe outcomes such as penile injury rare at rates below 0.1%. [75] [76]"
t0358,circumcision-controversies,s0114,M,M,,tagger-2,"These risks stem directly from surgical intervention on delicate tissue, but empirical data indicate they are mitigated by trained providers and sterile technique, yielding a net harm far below 1% in controlled settings."
t0359,circumcision-controversies,s0115,M,M,,tagger-2,"In contrast, retention of the foreskin causally elevates exposure to pathogens by creating a moist, enclosed environment conducive to bacterial colonization, particularly under inconsistent hygiene."
t0360,circumcision-controversies,s0116,M,M,,tagger-2,"This manifests in a 10-fold higher urinary tract infection (UTI) risk in uncircumcised male infants, where baseline incidence is about 1%, necessitating roughly 111 procedures to avert one UTI. [32]"
t0361,circumcision-controversies,s0117,M,M,,tagger-2,"For HIV, randomized controlled trials demonstrate a 60% reduction in acquisition risk during heterosexual exposure in high-prevalence regions, attributable to removal of the foreskin's inner mucosal layer, which harbors HIV target cells like Langerhans cells and serves as an entry portal during microtears. [77] [36]"
t0362,circumcision-controversies,s0124,M,R,,tagger-2,Claims of normalized harms to sexual function lack causal substantiation from high-quality data.
t0363,circumcision-controversies,s0125,M,M,,tagger-2,"Systematic reviews of controlled studies find no significant differences in overall sexual satisfaction, erectile function, or orgasmic quality between circumcised and uncircumcised men, with self-reported equivalence persisting across large cohorts despite anecdotal sensitivity loss assertions. [43]"
t0364,circumcision-controversies,s0127,M,M,,tagger-2,"Empirically, any keratinization of the glans post-circumcision does not impair mechanoreceptor density to the extent of altering satisfaction metrics, as evidenced by longitudinal assessments showing stable or improved ejaculatory control and relational outcomes."
t0365,circumcision-controversies,s0156,R,R,,tagger-2,"This ritual, executed by a trained mohel, symbolizes identity and continuity, particularly vital in diaspora contexts where it reinforces communal cohesion amid assimilation pressures. [103]"
t0366,circumcision-controversies,s0157,M,M,complication rates of ritual procedure,tagger-2,"Israeli multicenter surveys indicate complication rates for neonatal ritual circumcisions as low as 0.34%, with most cases mild and attributable to factors like operator experience rather than the procedure itself."
t0367,circumcision-controversies,s0161,R,R,,tagger-2,"This practice sustains ethnic and faith-based identity, especially in diverse or minority settings, mirroring Jewish uses as a resilient communal marker."
t0368,circumcision-controversies,s0165,R,R,emblem of group identity; complication data secondary,tagger-2,"These variances underscore circumcision's role in select traditions as an enduring emblem of fidelity and group resilience, empirically supported by low adverse outcomes in supervised ritual contexts."
t0369,circumcision-controversies,s0192,M,M,rests on parents' familiarity with preventive evidence,tagger-2,"U.S. studies also link higher circumcision rates to parents with greater education levels, who cite familiarity with evidence on preventive health outcomes like reduced urinary tract infections and certain STIs, countering narratives of inverse correlations in less informed populations. [127]"
t0370,circumcision-controversies,s0209,M,E,evidence-quality critique,tagger-2,"These films, released in the late 2000s and 2010s, contributed to broader media discussions on consent and harm, though empirical support for long-term claims often relies on anecdotal evidence rather than large-scale controlled studies."
t0371,circumcision-controversies,s0211,M,M,,tagger-2,"The American Academy of Pediatrics (AAP) issued a 2012 policy statement concluding that the health benefits of newborn male circumcision outweigh the risks, though not sufficiently to recommend it universally for all families; this position emphasizes systematic evaluation of evidence on prevention of urinary tract infections, penile cancer, and heterosexual HIV acquisition. [3]"
t0372,circumcision-controversies,s0212,M,M,,tagger-2,"The World Health Organization (WHO) has endorsed voluntary medical male circumcision since 2007 as an efficacious intervention reducing HIV acquisition risk by approximately 60% in heterosexual men in high-prevalence settings, based on randomized controlled trials in Africa, with ongoing implementation in 15 priority countries. [77]"
t0373,circumcision-controversies,s0213,M,M,AUA position on benefits and risks,tagger-2,"The American Urological Association (AUA) maintains that neonatal circumcision offers potential medical benefits alongside risks, advising parents to weigh these through informed discussion with providers."
t0374,circumcision-controversies,s0215,M,M,,tagger-2,"High-quality systematic reviews and meta-analyses have countered claims of diminished penile sensitivity or sexual dysfunction post-circumcision, finding no adverse effects on sexual function, sensation, or satisfaction in circumcised versus uncircumcised men, with some evidence of reduced premature ejaculation. [141]"
t0375,circumcision-controversies,s0216,E,E,parental informed consent over bans,tagger-2,"These institutions advocate parental informed consent over legislative bans, prioritizing evidence-based decision-making amid activism-driven challenges."
t0376,circumcision-controversies,s0219,R,R,,tagger-2,"Such alliances underscored communal commitments to covenantal rites in Judaism and sunnah in Islam, framing circumcision as integral to identity resilient against secular encroachments."
t0377,circumcision-controversies,s0223,M,M,,tagger-2,"In contrast, voluntary medical male circumcision (VMMC) programs in Africa maintain low adverse event rates, with intraoperative complications at approximately 0.2% and moderate or severe events below 1% post-procedure across large-scale implementations. [146]"
t0378,circumcision-controversies,s0229,M,M,no causal autism link,tagger-2,"Fact-checks and expert analyses dismissed the claims as unsupported, noting no established causal connection and stable autism prevalence trends amid declining U.S. neonatal circumcision rates from around 58% in 2010 to under 50% by the mid-2020s. [151]"
t0379,circumcision-controversy-in-early-christianity,s0070,R,R,,tagger-2,"These tensions escalated when certain men from Judea arrived in Antioch, asserting to Gentile converts, ""Unless you are circumcised according to the custom of Moses, you cannot be saved"" (Acts 15:1)."
t0380,circumcision-controversy-in-early-christianity,s0071,R,R,,tagger-2,"This demand, rooted in the view that full Torah observance—including circumcision as entry to the Abrahamic covenant—was requisite for salvation, ignited a ""sharp dispute and debate"" with Paul and Barnabas (Acts 15:2)."
t0381,circumcision-controversy-in-early-christianity,s0075,R,R,,tagger-2,"The Judaizers, comprising Jewish Christians often affiliated with Pharisaic traditions, asserted that Gentile converts must undergo circumcision as an indispensable condition for salvation, viewing it as the gateway to obedience under the Mosaic Law. [5]"
t0382,circumcision-controversy-in-early-christianity,s0076,R,R,,tagger-2,"This stance, articulated in Acts 15:1 by visitors from Judea who declared, ""Unless you are circumcised according to the custom of Moses, you cannot be saved,"" positioned circumcision not as optional but as a salvific necessity tied to covenantal fidelity. [40]"
t0383,circumcision-controversy-in-early-christianity,s0077,R,R,,tagger-2,"They contended that faith in Christ alone fell short without incorporation into the Abrahamic covenant through physical circumcision, interpreting Genesis 17:10-14 as an eternal mandate extending to all participants in God's people, including post-resurrection believers."
t0384,circumcision-controversy-in-early-christianity,s0079,R,O,,tagger-2,"Central to their theology was the inseparability of circumcision from Torah observance, as elaborated in Acts 15:5 by believers from the Pharisee sect who insisted Gentiles ""must be circumcised and required to obey the Law of Moses."" [5]"
t0385,circumcision-controversy-in-early-christianity,s0080,R,R,,tagger-2,"This requirement encompassed not only the rite itself but the full spectrum of Jewish legal practices, which they saw as confirmatory of messianic fulfillment within Judaism rather than a supersession thereof. [41]"
t0386,circumcision-controversy-in-early-christianity,s0081,R,M,,tagger-2,"By demanding proselytization-like conversion for Gentiles—circumcision followed by law-keeping—they aimed to maintain ethnic and ritual boundaries, arguing that deviation risked invalidating the salvific efficacy of Christ's work, akin to a hybrid system where grace demanded works for completion."
t0387,circumcision-controversy-in-early-christianity,s0117,R,O,,tagger-2,"The debates centered on whether circumcision—symbolizing full incorporation into the Mosaic covenant—was requisite for Gentile salvation and church membership, with Judaizers, identified as believing Pharisees, arguing affirmatively that ""it was necessary to circumcise them and to direct them to observe the law of Moses."" [36] [34]"
t0388,circumcision-controversy-in-early-christianity,s0145,R,R,purity norms,tagger-2,"Returning to Jerusalem, Peter encountered opposition from ""those of the circumcision,"" Jewish believers who contested his association and shared meals with uncircumcised Gentiles, viewing it as a breach of purity norms tied to circumcision. [70]"
t0389,circumcision-in-africa,s0005,M,M,,tagger-2,"Since 2007, the World Health Organization has endorsed voluntary medical male circumcision (VMMC) in 15 eastern and southern African countries with high HIV prevalence, following randomized controlled trials showing approximately 60% reduction in men's risk of acquiring HIV from heterosexual sex. [3]"
t0390,circumcision-in-africa,s0030,R,R,fitrah and religious conformity,tagger-2,"It aligns with the concept of fitrah, the innate disposition toward purity, as narrated in hadiths emphasizing removal of the foreskin for hygiene and religious conformity. [17]"
t0391,circumcision-in-africa,s0039,M,M,adverse event outcomes in regulated facilities,tagger-2,"In North Africa, state-regulated medical facilities handle most procedures, achieving near-100% compliance with minimal adverse events, reflecting integration of Islamic requirements with modern healthcare. [21]"
t0392,circumcision-in-africa,s0138,M,M,,tagger-2,"These initiatives emphasize safe, facility-based procedures with counseling, contrasting traditional methods and yielding modeled reductions in HIV acquisition risk by up to 60% in heterosexual contexts, per randomized trials underpinning the strategy."
t0393,circumcision-in-africa,s0150,R,R,religious requirement; complication note secondary,tagger-2,"These practices persist alongside Islamic customs in regions like coastal Tanzania and eastern Ethiopia, where neonatal or childhood circumcision aligns with religious requirements, typically with lower complication rates due to earlier timing."
t0394,circumcision-in-africa,s0151,M,M,,tagger-2,"Voluntary medical male circumcision (VMMC) initiatives, endorsed by WHO in 2007 following randomized controlled trials in Kenya's Kisumu district and Uganda that demonstrated a 51-60% reduction in heterosexual HIV acquisition risk among circumcised men, have targeted low-prevalence areas in East Africa to augment natural rates. [63] [64]"
t0395,circumcision-in-africa,s0169,M,M,,tagger-2,"The origins of voluntary medical male circumcision (VMMC) programs in Africa trace to three randomized controlled trials conducted between 2005 and 2007, which demonstrated that adult male circumcision reduces the risk of HIV acquisition by approximately 60% among heterosexual men in high-prevalence settings."
t0396,circumcision-in-africa,s0170,M,M,,tagger-2,"The first trial, in Orange Farm, South Africa, enrolled 3,274 uncircumcised men aged 18-24 and found a 60% efficacy after an interim analysis prompted early termination in 2005. [69]"
t0397,circumcision-in-africa,s0171,M,M,,tagger-2,"Subsequent trials in Kisumu, Kenya (2,784 men aged 18-24), and Rakai, Uganda (4,996 men aged 15-49), confirmed similar protective effects of 51-60% against HIV infection, with no significant increase in risky sexual behavior. [70] [71]"
t0398,circumcision-in-africa,s0172,M,M,,tagger-2,"These results, published in The Lancet, provided causal evidence linking foreskin removal to lower HIV transmission via reduced viral entry during penile-vaginal intercourse, prompting the World Health Organization (WHO) and Joint United Nations Programme on HIV/AIDS (UNAIDS) to issue a joint policy in March 2007 recommending VMMC scale-up as part of combination HIV prevention in generalized epidemics, particularly in sub-Saharan Africa where circumcision prevalence was low (under 20% in many areas) despite HIV rates exceeding 10%. [72]"
t0399,circumcision-in-africa,s0175,M,M,,tagger-2,"Initial modeling by UNAIDS, WHO, and partners in 2011 projected that achieving 80% coverage among males aged 15-49 could avert 3.4 million HIV infections and save $2 billion in treatment costs by 2025, guiding national strategies with targets like 20 million VMMCs by 2015. [73]"
t0400,circumcision-in-africa,s0179,M,M,,tagger-2,"Real-world implementation revealed logistical challenges, including moderate complication rates (1-2%) and the need for rigorous quality assurance, but population-level modeling affirmed net preventive impact when scaled efficiently."
t0401,circumcision-in-africa,s0183,M,M,surgical safety protocols,tagger-2,"These efforts emphasized standardized surgical protocols, such as the forceps-guided or sleeve resection techniques, with mandatory adverse event reporting and quality assurance via WHO checklists to minimize complications like infection or excessive bleeding, reported at rates under 2% in audited sites."
t0402,circumcision-in-africa,s0187,M,M,task-shifting safety outcomes,tagger-2,"In Kenya and Tanzania, for instance, school-based demand creation through peer education and media campaigns complemented clinic services, while South Africa and Zambia employed task-shifting to nurse-led procedures to address physician shortages, enabling over 80% of circumcisions by non-doctors without increased adverse events. [82] [83]"
t0403,circumcision-in-africa,s0194,M,M,,tagger-2,"Overall, these strategies prioritized causal HIV prevention through population-level coverage, with empirical audits confirming procedural safety comparable to high-income settings."
t0404,circumcision-in-africa,s0205,M,M,,tagger-2,"Despite this, cost-effectiveness analyses across Malawi, South Africa, and Zimbabwe indicate VMMC remains highly efficient or cost-saving over 50-year projections in most scenarios, supporting continued investment. [84]"
t0405,circumcision-in-africa,s0209,M,M,,tagger-2,"Three randomized controlled trials conducted between 2005 and 2007 in South Africa, Kenya, and Uganda demonstrated that voluntary medical male circumcision (VMMC) reduces the risk of HIV acquisition by heterosexual men by approximately 60%. [96] [69]"
t0406,circumcision-in-africa,s0210,M,M,,tagger-2,"In the South African trial (Orange Farm), interim analysis showed a 60% (95% CI: 32-76%) reduction after 18 months, leading to early termination and recommendation for scale-up. [69]"
t0407,circumcision-in-africa,s0211,M,M,,tagger-2,"The Kenyan (Kisumu) and Ugandan (Rakai) trials reported similar hazard ratios of 0.40 (95% CI: 0.24-0.68) and 0.49 (95% CI: 0.26-0.93), respectively, confirming consistent protective effects without evidence of delayed onset. [97]"
t0408,circumcision-in-africa,s0212,M,M,,tagger-2,"These trials involved over 10,000 participants, excluded men with HIV or high-risk behaviors, and adjusted for behavioral confounders, supporting causal efficacy through removal of the foreskin's inner mucosa, which harbors HIV target cells."
t0409,circumcision-in-africa,s0214,M,M,,tagger-2,"Real-world implementation via VMMC programs in 15 priority sub-Saharan African countries since 2008 has yielded observational evidence aligning with trial results, with field effectiveness estimated at over 60% reduction in HIV incidence among circumcised men. [98]"
t0410,circumcision-in-africa,s0215,M,M,,tagger-2,"A 2025 analysis of Demographic and Health Surveys data from 2003-2023 across sub-Saharan Africa found male circumcision associated with significantly lower HIV prevalence odds (adjusted OR: 0.45, 95% CI: 0.42-0.48), correlating with program rollout and no substantial risk compensation inflating infections. [99]"
t0411,circumcision-in-africa,s0216,M,M,,tagger-2,"In high-burden settings like Nyanza Province, Kenya, post-program HIV incidence dropped by 25-30% in circumcised cohorts compared to uncircumcised, per longitudinal cohort studies. [100]"
t0412,circumcision-in-africa,s0217,M,M,,tagger-2,Population-level impacts include averted infections: modeling from WHO-supported programs estimates 3-5 million HIV cases prevented by 2020 through cumulative circumcisions exceeding 30 million.
t0413,circumcision-in-africa,s0220,M,M,,tagger-2,"Nonetheless, meta-analyses of post-trial data reaffirm no offsetting behavioral disinhibition, with sustained protection against heterosexual transmission. [102]"
t0414,circumcision-in-africa,s0221,M,M,,tagger-2,"VMMC's cost-effectiveness is highest in moderate-to-high incidence areas (>1% annual risk), contributing to UNAIDS 95-95-95 targets when coverage reaches 90% in men aged 15-49."
t0415,circumcision-in-africa,s0223,M,M,,tagger-2,"Voluntary medical male circumcision (VMMC) programs in Africa, informed by randomized controlled trials (RCTs) in Kenya, Uganda, and South Africa, have demonstrated reductions in the acquisition of other sexually transmitted infections (STIs) beyond HIV."
t0416,circumcision-in-africa,s0224,M,M,,tagger-2,These trials reported that circumcision lowers the risk of herpes simplex virus type 2 (HSV-2) infection by 24% to 34% and high-risk human papillomavirus (HPV) strains by 32% to 35% in heterosexual men. [104] [105]
t0417,circumcision-in-africa,s0225,M,M,,tagger-2,"Such findings stem from secondary analyses of the same RCTs that established HIV efficacy, attributing protection to the removal of the foreskin, which harbors pathogens and micro-tears facilitating transmission."
t0418,circumcision-in-africa,s0227,M,M,,tagger-2,"These STI reductions extend indirect benefits to female partners through decreased HPV transmission, a primary cause of cervical cancer, which imposes a heavy burden in sub-Saharan Africa where screening and vaccination coverage remain limited."
t0419,circumcision-in-africa,s0228,M,M,,tagger-2,"Observational data and meta-analyses link male circumcision to a 30% to 40% lower odds of cervical cancer in female partners, based on studies across multiple regions including Africa. [107]"
t0420,circumcision-in-africa,s0229,M,M,,tagger-2,"Additionally, circumcision mitigates risks of non-sexually transmitted conditions such as balanitis and phimosis, which are more prevalent in uncircumcised males due to smegma accumulation and poor hygiene in resource-limited settings."
t0421,circumcision-in-africa,s0231,M,M,,tagger-2,"Though penile cancer is rare overall (incidence <1 per 100,000 in Africa), circumcision nearly eliminates this risk by removing susceptible tissue, as evidenced by epidemiological reviews showing near-zero rates among circumcised populations. [108]"
t0422,circumcision-in-africa,s0232,M,M,,tagger-2,"Urinary tract infections (UTIs) in infancy are reduced by up to 90% with neonatal circumcision, but this benefit is less directly applicable to adolescent and adult VMMC; however, lifetime protection persists in high-prevalence environments. [109]"
t0423,circumcision-in-africa,s0233,M,M,,tagger-2,"These advantages contribute to the overall public health rationale for VMMC, enhancing cost-effectiveness models that incorporate averted STI and cancer cases alongside HIV prevention."
t0424,circumcision-in-africa,s0237,M,M,,tagger-2,"Overall AE rates in routine implementations often fall within or below this range, though mild events like transient pain, edema, and minor bleeding are more common but rarely reportable."
t0425,circumcision-in-africa,s0240,M,M,,tagger-2,"In operational programs, a systematic review of 40 studies (2005–2019) across sub-Saharan Africa found moderate and severe AE incidence at 0.30 per 100 procedures, comparable to trial benchmarks but with variations by age and setting. [114]"
t0426,circumcision-in-africa,s0253,M,M,,tagger-2,"In contrast, voluntary medical male circumcision (VMMC) programs, promoted by organizations like WHO since 2007, involve trained surgeons in clinical settings with anesthesia and post-operative care, yielding complication rates below 2% and emphasizing HIV prevention through a demonstrated 50-60% reduction in heterosexual transmission risk. [96]"
t0427,circumcision-in-africa,s0256,M,M,,tagger-2,"Proponents of medical circumcision argue that the empirical safety advantages and public health benefits, including averting an estimated 3.3 million HIV infections by 2020 through scaled programs, justify prioritization, particularly given documented severe wound infections and deaths linked to traditional methods in regions like South Africa and Eastern Cape. [117] [118]"
t0428,circumcision-in-africa,s0267,E,M,assent and parental consent affirm voluntariness,tagger-2,"Voluntary medical male circumcision (VMMC) programs, rolled out since 2007 in high-HIV-prevalence countries like Kenya, Eswatini, and South Africa under WHO guidance, emphasize adolescent assent alongside parental consent to affirm voluntariness, targeting boys aged 10-15 for HIV risk reduction of approximately 60%. [124]"
t0429,circumcision-in-africa,s0275,M,M,RCT evidence against opponents,tagger-2,"Western anti-circumcision advocates, including organizations such as Doctors Opposing Circumcision, have drawn criticism for opposing voluntary medical male circumcision (VMMC) programs in sub-Saharan Africa despite randomized controlled trials (RCTs) from 2005–2007 in South Africa, Kenya, and Uganda demonstrating a 51–60% reduction in HIV acquisition risk among heterosexual men. [98]"
t0430,circumcision-in-africa,s0276,M,M,,tagger-2,"These trials, involving over 10,000 participants, established VMMC as an evidence-based intervention endorsed by the World Health Organization since 2007, with mathematical models estimating 1.1 million HIV infections averted by 2020 through scale-up efforts in 15 priority countries. [127]"
t0431,circumcision-in-africa,s0277,M,M,evidence quality and mechanisms,tagger-2,"Opponents' arguments, often emphasizing ethical concerns over consent for minors or unsubstantiated risks of psychological trauma, have been characterized as relying on low-quality evidence, such as ecological studies or anecdotal reports, while disregarding the causal mechanisms—reduced epithelial surface area and Langerhans cells vulnerable to HIV—supported by histological and virological data. [128]"
t0432,circumcision-in-africa,s0279,O,M,ethnocentrism charge plus differing epidemiology,tagger-2,"Critics contend that Western anti-circumcision advocacy imposes ethnocentric bodily autonomy norms on African contexts, where HIV epidemiology differs markedly from low-prevalence Western settings, and where heterosexual transmission predominates."
t0433,circumcision-in-africa,s0280,O,M,acceptance surveys mixing health benefit and tradition,tagger-2,"Surveys across sub-Saharan Africa report 50–87% male acceptance of VMMC for HIV prevention, reflecting local prioritization of empirical health benefits amid cultural traditions that already include circumcision in many ethnic groups. [55]"
t0434,circumcision-in-africa,s0281,E,M,voluntary informed consent rebuts experimentation claim; some outcome data,tagger-2,"Advocacy against VMMC, including claims of neocolonial experimentation akin to the Tuskegee syphilis study, overlooks the voluntary nature of programs targeting adolescent and adult males with informed consent, as well as post-trial observational data confirming sustained protective effects without significant risk compensation. [130]"
t0435,circumcision-in-africa,s0287,O,M,"verifiable HIV data weighed against autonomy, framed as community agency",tagger-2,"Overall, critiques emphasize that prioritizing unverified autonomy claims over verifiable causal reductions in HIV transmission disregards the agency of African communities facing acute public health crises."
t0436,circumcision-in-brunei,s0049,M,M,,tagger-2,"In Brunei, national strategies for HIV prevention incorporate voluntary medical male circumcision (VMMC), aligning with World Health Organization recommendations that endorse the procedure for reducing heterosexual HIV acquisition risk in men by approximately 60%. [17] [18]"
t0437,circumcision-in-brunei,s0050,M,M,,tagger-2,"This approach adapts global evidence to Brunei's context, where male circumcision prevalence is estimated at 51.9% due to religious norms, potentially amplifying protective effects against HIV and other sexually transmitted infections."
t0438,circumcision-in-brunei,s0052,M,M,,tagger-2,"General medical assessments indicate that circumcision confers benefits such as lowered urinary tract infection rates in infancy, though Brunei-specific epidemiological data on post-bersunat outcomes remain limited in public records. [20]"
t0439,circumcision-in-brunei,s0053,M,M,,tagger-2,"Complications, including minor bleeding or infection, occur in under 3% of cases globally, with no localized incidence rates detailed in Bruneian health ministry publications."
t0440,circumcision-in-china,s0060,M,M,satisfaction rates,tagger-2,"Adherence to these measures, including avoidance of strenuous activity, contributes to high satisfaction rates exceeding 97% in reported cohorts."
t0441,circumcision-surgical-procedure,s0004,M,M,,tagger-2,"Empirical evidence from systematic reviews indicates preventive benefits, such as a 90-100% reduction in urinary tract infections during infancy, decreased incidence of penile cancer, and lowered heterosexual transmission of HIV and other sexually transmitted infections. [3] [4]"
t0442,circumcision-surgical-procedure,s0005,M,M,,tagger-2,"Complication rates in neonatal settings are low, typically under 0.5-1%, encompassing minor issues like bleeding or infection, though severe outcomes such as excessive skin removal or necrosis occur rarely when performed by trained providers. [3] [5]"
t0443,circumcision-surgical-procedure,s0020,M,M,,tagger-3,"These procedures are usually conducted in hospital or outpatient settings under local anesthesia like dorsal penile nerve block, with complication rates ranging from 0.2% to 0.6%, primarily minor bleeding or swelling. [9]"
t0444,circumcision-surgical-procedure,s0034,M,M,,tagger-3,"Circumcision in male infants reduces the risk of urinary tract infections (UTIs) during the first year of life by approximately 90%, with meta-analyses indicating a number needed to treat (NNT) of 111 to prevent one UTI in otherwise healthy boys. [15]"
t0445,circumcision-surgical-procedure,s0035,M,M,,tagger-3,"This protective effect stems from the removal of the foreskin, which can harbor bacteria under suboptimal hygiene conditions, as evidenced by cohort studies showing a 10-fold lower incidence in circumcised versus uncircumcised infants. [16]"
t0446,circumcision-surgical-procedure,s0036,M,M,,tagger-3,"The benefit persists into later childhood, with a 6.6-fold risk reduction observed in boys aged 1-16 years."
t0447,circumcision-surgical-procedure,s0038,M,M,,tagger-3,"In adulthood, circumcision substantially lowers the incidence of invasive penile cancer, with systematic reviews and meta-analyses reporting odds ratios as low as 0.33 for men circumcised in childhood or adolescence compared to uncircumcised men. [17]"
t0448,circumcision-surgical-procedure,s0039,M,M,,tagger-3,"This reduction is attributed to decreased chronic inflammation, phimosis-related issues, and human papillomavirus (HPV) persistence under the foreskin, conditions that facilitate carcinogenesis; penile cancer remains rare overall, with annual U.S. incidence rates of 1 in 100,000 uncircumcised men versus near-zero in circumcised populations. [17]"
t0449,circumcision-surgical-procedure,s0041,M,M,,tagger-3,"Randomized controlled trials (RCTs) conducted in sub-Saharan Africa demonstrate that adult male circumcision reduces heterosexual HIV acquisition by 50-60%, with three major trials (involving over 10,000 participants) showing sustained efficacy over 5-6 years of follow-up. [19]"
t0450,circumcision-surgical-procedure,s0042,M,M,,tagger-3,"Meta-analyses confirm this effect, attributing it to the foreskin's vulnerability to microtears and epithelial disruption during intercourse, which increases HIV entry points; the protective estimate holds in high-prevalence settings but requires consideration of behavioral and epidemiological context for generalizability. [20] [19]"
t0451,circumcision-surgical-procedure,s0043,M,M,,tagger-3,"Similar evidence supports reductions in HPV (by 30-35%) and herpes simplex virus type 2 (HSV-2) acquisition (by 25-30%), both linked to foreskin biology."
t0452,circumcision-surgical-procedure,s0045,M,M,,tagger-3,"Circumcision also mitigates risks of phimosis, balanitis, and paraphimosis, with longitudinal data indicating these conditions affect up to 10% of uncircumcised males versus negligible rates post-neonatal circumcision. [1]"
t0453,circumcision-surgical-procedure,s0046,M,M,medical body position on evidence,tagger-3,"The American Academy of Pediatrics (AAP) 2012 policy, reaffirmed in subsequent reviews, concludes that these cumulative benefits—encompassing UTI prevention, STI reduction, and lower cancer risk—outweigh procedural risks in newborns, supporting informed parental decision-making without universal recommendation. [21]"
t0454,circumcision-surgical-procedure,s0047,M,M,,tagger-3,"The U.S. Centers for Disease Control and Prevention (CDC) echoes this, estimating neonatal circumcision averts 1 in 100 UTIs and contributes to long-term STI prevention based on systematic evidence reviews."
t0455,circumcision-surgical-procedure,s0063,M,M,,tagger-3,"In contemporary public health, the World Health Organization endorsed voluntary medical male circumcision (VMMC) in 2007 for high-HIV-prevalence regions in sub-Saharan Africa, citing randomized trials showing 50–60% reduction in heterosexual acquisition risk, leading to over 30 million procedures by 2023 in 15 priority countries to curb epidemics where prevalence exceeds 10%. [34]"
t0456,circumcision-surgical-procedure,s0092,E,E,legal/medical standards on parental proxy decision,tagger-3,"Ethical debates persist, with some legal scholars arguing that non-therapeutic infant circumcision infringes bodily autonomy and should require adult consent, but prevailing medical and legal standards uphold parental proxy decision-making for minors' procedures absent imminent harm. [52] [50]"
t0457,circumcision-surgical-procedure,s0264,M,M,,tagger-3,"Empirical data from large cohorts emphasize that while complications are infrequent in controlled environments, vigilance for hemostasis and asepsis mitigates most risks."
t0458,circumcision-surgical-procedure,s0270,M,M,,tagger-3,"Studies on sexual function and sensitivity yield mixed but predominantly neutral to positive findings in high-quality reviews; systematic analyses of randomized trials and cohort studies indicate that circumcision does not adversely affect penile sensitivity, erectile function, orgasm ease, or overall sexual satisfaction, with some reports of enhanced satisfaction post-procedure. [119] [120] [121]"
t0459,circumcision-surgical-procedure,s0271,M,M,,tagger-3,"Earlier observational data suggesting reduced sensitivity or erectile issues have been contradicted by prospective studies controlling for confounders, which show no significant differences or improvements in sexual drive and performance. [122] [123]"
t0460,circumcision-surgical-procedure,s0278,M,O,,tagger-3,"Claims of psychological trauma, such as links to autism spectrum disorder via stress hormone accumulation, lack empirical support from controlled studies examining glucocorticoid levels."
t0461,circumcision-surgical-procedure,s0282,M,M,,tagger-3,"For sexual function concerns, preoperative counseling on expected sensory adaptations and device-assisted methods in adults may enhance outcomes, though evidence supports overall low risk with proper execution."
t0462,circumcision-surgical-procedure,s0309,M,E,proxy authority justified by health benefits (rule 2),tagger-3,"Proponents of infant circumcision, including the American Academy of Pediatrics (AAP) in its 2012 policy statement, argue that parents hold proxy decision-making authority, justified by potential preventive health benefits such as reduced urinary tract infections and sexually transmitted diseases, which they contend outweigh ethical concerns when weighed against the child's best interests. [3]"
t0463,circumcision-surgical-procedure,s0321,M,M,,tagger-3,"Proponents of routine male circumcision argue that empirical evidence from randomized controlled trials (RCTs) and meta-analyses demonstrates net public health benefits, including a 50-60% reduction in heterosexual HIV acquisition among men in high-prevalence settings, as evidenced by three RCTs conducted in South Africa, Kenya, and Uganda between 2005 and 2007. [34] [35]"
t0464,circumcision-surgical-procedure,s0322,M,M,,tagger-3,"These trials prompted World Health Organization (WHO) recommendations in 2007 for voluntary medical male circumcision (VMMC) programs in 15 priority sub-Saharan African countries with HIV prevalence exceeding 15% among adolescent girls and young women, estimating potential prevention of 3.4 million HIV infections and 1.3 million deaths by 2025 if scaled appropriately. [144]"
t0465,circumcision-surgical-procedure,s0325,M,M,,tagger-3,"Additional claimed benefits include a 10-fold reduction in urinary tract infections (UTIs) during the first year of life, with meta-analyses estimating an absolute risk reduction from 1% in uncircumcised infants to 0.1% in circumcised ones, potentially averting rare long-term renal damage. [147]"
t0466,circumcision-surgical-procedure,s0329,M,M,,tagger-3,"Complication rates from meta-analyses range from 1-3% for non-therapeutic neonatal procedures, predominantly minor issues like bleeding or infection, compared to 7% for therapeutic circumcisions in older males, with severe outcomes (e.g., penile amputation) under 0.1%. [150] [108]"
t0467,circumcision-surgical-procedure,s0330,M,M,,tagger-3,Risk-benefit analyses estimate benefits outweighing risks by ratios of 100:1 to 200:1 when aggregating lifetime protections against infections and cancers. [151]
t0468,circumcision-surgical-procedure,s0331,M,M,,tagger-3,"Disputes arise over underreporting in provider surveys and long-term effects like keratinization potentially reducing sensitivity, though prospective data show no consistent impact on sexual function."
t0469,circumcision-surgical-procedure,s0333,M,O,medical body weighing benefits/risks,tagger-3,"Major medical organizations reflect these tensions: the American Academy of Pediatrics (AAP) 2012 policy (reaffirmed without major revision as of 2022) states preventive benefits outweigh risks but stops short of universal recommendation, deferring to parental choice amid cultural and ethical variances. [3]"
t0470,cost-of-circumcision-surgery-in-chaozhou,s0026,R,M,cultural reluctance context,tagger-3,"Culturally, male circumcision is often viewed as unfamiliar and sensitive in Chinese society, with many parents and individuals expressing reluctance toward early infant or childhood procedures due to misconceptions about its necessity, benefits, or risks. [11] [10]"
t0471,cultural-views-on-circumcision-aesthetics,s0003,O,O,partner preference,tagger-3,"Some women prefer circumcised penises due to perceived cleanliness (less smegma), more appealing appearance, and ease during oral sex or intercourse."
t0472,cultural-views-on-circumcision-aesthetics,s0020,R,R,hadith/fitrah,tagger-3,"In Islamic traditions during the medieval period, hadith collections such as those in Sunan al-Fitra emphasized male circumcision (khitan) as one of the natural inclinations (fitrah) promoting bodily cleanliness and purity, aligning with broader ideals of hygiene that extended to aesthetic perceptions of a refined, groomed appearance. [9]"
t0473,cultural-views-on-circumcision-aesthetics,s0021,R,R,,tagger-3,"This framing positioned the circumcised state as enhancing overall bodily harmony in line with prophetic practices, though explicit visual descriptors remained tied to ritual purity rather than isolated aesthetics."
t0474,cultural-views-on-circumcision-aesthetics,s0030,R,O,cultural preference norm,tagger-3,"In the United States and Canada, cultural preferences have long favored the circumcised penis for its perceived visual tidiness, uniformity, and reduced foreskin prominence, often framed as aligning with modern hygiene standards."
t0475,cultural-views-on-circumcision-aesthetics,s0031,R,R,normalization history,tagger-3,"Post-World War II hospital routines normalized neonatal circumcision as a standard procedure, with parenting magazines portraying the result as a streamlined, aesthetically preferable form compared to the intact state. [16]"
t0476,cultural-views-on-circumcision-aesthetics,s0032,R,R,societal conformity,tagger-3,Pediatric advice in outlets like Redbook reinforced this by endorsing early circumcision for its purported cleanliness and conformity to societal norms.
t0477,cultural-views-on-circumcision-aesthetics,s0034,O,O,aesthetic preference survey,tagger-3,"Surveys among Americans reveal a majority preference for circumcised aesthetics, frequently citing enhanced symmetry and a neater appearance over the uncircumcised form's perceived redundancy."
t0478,cultural-views-on-circumcision-aesthetics,s0035,O,M,partner preference,tagger-3,"For example, studies of women's partner preferences indicate around 69% favoring circumcision for visual and tactile appeal. [18]"
t0479,cultural-views-on-circumcision-aesthetics,s0036,R,R,cultural normalization,tagger-3,"This aligns with broader cultural normalization, where the circumcised state is viewed as standard and desirable in social and intimate contexts."
t0480,cultural-views-on-circumcision-aesthetics,s0049,R,R,fitrah religious framing,tagger-3,"In Islamic traditions, male circumcision is regarded as enhancing bodily perfection and cleanliness, aligning with the concept of fitrah, the innate disposition of humans, by removing the foreskin to prevent accumulation of impurities like smegma and urine residues, thereby promoting a purified and refined appearance. [25]"
t0481,cultural-views-on-circumcision-aesthetics,s0050,R,R,,tagger-3,"This practice is seen as emulating prophetic ideals, where the circumcised state is culturally normalized as the ""natural"" form, while uncircumcised genitalia may be perceived as abnormal or incomplete. [25]"
t0482,cultural-views-on-circumcision-aesthetics,s0055,R,M,"social norms, conformity",tagger-3,"Similar narratives in Arab societies, such as in Saudi Arabia and Egypt, associate circumcision with aesthetic maturity, where the procedure's visible cleanliness is linked to hygiene standards valued in marital and social contexts, reinforcing perceptions of tidiness and conformity."
t0483,cultural-views-on-circumcision-aesthetics,s0086,R,R,,tagger-3,"In Islam, a hadith recorded in Sahih Muslim lists circumcision among the five practices of fitrah, the innate human disposition ordained by Allah, framing the timely removal of the foreskin—ideally on or near the seventh day—as a sunnah act that aligns the body with divine perfection and completes natural creation. [50]"
t0484,cultural-views-on-circumcision-aesthetics,s0099,M,M,hygiene argument in medical discourse,tagger-3,"In 20th-century United States medical discourse, circumcision was frequently advocated for enhancing genital hygiene by minimizing smegma accumulation beneath the foreskin, which was portrayed as promoting a cleaner appearance compared to the intact state. [57]"
t0485,cultural-views-on-circumcision-aesthetics,s0100,O,M,visual tidiness,tagger-3,"This perspective positioned the exposed glans of circumcised penises as visually tidier and less susceptible to perceived uncleanliness, influencing routine neonatal procedures amid broader campaigns against masturbation and infections."
t0486,cultural-views-on-circumcision-aesthetics,s0102,M,M,VMMC HIV prevention,tagger-3,"The World Health Organization (WHO) and Centers for Disease Control and Prevention (CDC) have shaped narratives in sub-Saharan Africa through voluntary medical male circumcision (VMMC) programs aimed at HIV prevention, where hygiene benefits are emphasized alongside reduced infection risk, implicitly linking the circumcised form to a more sanitary aesthetic in public health visuals. [59]"
t0487,cultural-views-on-circumcision-aesthetics,s0103,O,M,hygiene/visual framing,tagger-3,"These initiatives highlight circumcision's role in elective hygiene improvements, framing the removal of the foreskin as diminishing opportunities for debris buildup that could detract from a clean visual presentation."
t0488,cultural-views-on-circumcision-aesthetics,s0105,O,M,partner preference,tagger-3,"A 2014 qualitative study of 30 sexually active women in Kisumu, Kenya, found that 77% preferred circumcised men, primarily due to perceived better hygiene (less dirt, odor, and smegma)."
t0489,cultural-views-on-circumcision-aesthetics,s0106,O,M,partner preference,tagger-3,One participant stated she would not perform oral sex on an uncircumcised man due to perceived dirtiness but would on a circumcised man; hygiene perceptions strongly influenced such sexual behaviors.
t0490,cultural-views-on-circumcision-aesthetics,s0117,O,O,,tagger-3,"Some women prefer circumcised penises due to perceived cleanliness (less smegma), more appealing appearance, and ease during oral sex or intercourse."
t0491,cultural-views-on-circumcision-aesthetics,s0121,O,O,,tagger-3,"In surveys of women's partner preferences, a significant portion in the United States expressed a strong favor for circumcised penises, citing streamlined visual appeal and perceived cleanliness as key factors. [66] [67]"
t0492,cultural-views-on-circumcision-aesthetics,s0122,O,M,,tagger-3,"For instance, 71-83% of respondents preferred circumcised forms across various intimate activities, primarily due to aesthetic and hygienic attributes."
t0493,ethics-of-circumcision,s0004,M,M,benefits vs risks carry proxy conclusion (rule 2),tagger-3,"Central to the debate is the tension between parental authority and child autonomy: proponents argue that modest empirical benefits—such as a 10-fold reduction in urinary tract infections during infancy and partial protection against heterosexual HIV acquisition in adulthood—outweigh rare risks (estimated at 0.2-0.6% for adverse events), justifying proxy decision-making by guardians in line with cultural or familial values. [1] [2] [6]"
t0494,ethics-of-circumcision,s0014,M,M,complication rates (rule 1),tagger-3,"Historical records indicate that when executed by experienced practitioners in these ceremonial contexts, complication rates remain comparable to modern clinical procedures, typically below 1–2%, underscoring the procedure's empirical viability in traditional settings."
t0495,ethics-of-circumcision,s0018,M,R,complication rates (rule 1),tagger-3,"Performed by barbers, religious specialists, or physicians, it symbolizes purification and submission to God, with studies of communal practices reporting low severe complication incidences (under 1%) when conducted by skilled local experts, facilitating its widespread adoption across diverse Muslim populations."
t0496,ethics-of-circumcision,s0027,O,M,"moral/psychological masturbation deterrent, mixed",tagger-3,"Physicians such as John Harvey Kellogg advocated the procedure for newborns and older boys as a deterrent to masturbation, arguing that the operation without anesthesia would create a lasting psychological association between the act and pain, thereby curbing what they viewed as a moral and physical vice linked to various ailments. [21] [22]"
t0497,ethics-of-circumcision,s0038,M,M,,tagger-3,"Neonatal male circumcision has been associated with a reduced incidence of urinary tract infections (UTIs) in infancy, with meta-analyses indicating a tenfold lower risk compared to uncircumcised males. [27]"
t0498,ethics-of-circumcision,s0040,M,O,,tagger-3,"This protective effect stems from the elimination of the foreskin, which can harbor bacteria under the prepuce, facilitating ascent into the urinary tract."
t0499,ethics-of-circumcision,s0042,M,M,,tagger-3,"Circumcision substantially lowers the lifetime risk of penile cancer, a rare malignancy primarily linked to chronic inflammation and human papillomavirus (HPV) persistence in uncircumcised males."
t0500,ethics-of-circumcision,s0043,M,M,,tagger-3,"In circumcised populations, the incidence is estimated at 1 in 50,000 to 1 in 12 million, compared to higher rates among uncircumcised men, where relative risks can exceed threefold. [29]"
t0501,ethics-of-circumcision,s0044,M,M,,tagger-3,"Systematic reviews confirm that childhood or adolescent circumcision confers this reduction, potentially mediated by decreased phimosis and balanitis, which promote carcinogenic conditions."
t0502,ethics-of-circumcision,s0046,M,M,,tagger-3,"Pathological phimosis and balanitis, inflammatory conditions of the glans and foreskin, are largely prevented by circumcision, as the procedure removes the foreskin prone to adhesions and infections."
t0503,ethics-of-circumcision,s0047,M,M,,tagger-3,"Evidence from clinical reviews indicates circumcision eliminates the risk of these complications in circumcised males, contrasting with higher prevalence in uncircumcised cohorts where phimosis affects up to 8% and balanitis recurs without intervention. [31]"
t0504,ethics-of-circumcision,s0049,M,M,,tagger-3,"Observational studies and meta-analyses demonstrate reduced acquisition of certain sexually transmitted infections, including HPV and herpes simplex virus type 2 (HSV-2), in circumcised males."
t0505,ethics-of-circumcision,s0050,M,M,,tagger-3,"Circumcision is linked to 30-35% lower HPV prevalence and incidence, based on cohort data adjusting for confounders, due to decreased viral entry via the inner foreskin mucosa. [32]"
t0506,ethics-of-circumcision,s0051,M,M,,tagger-3,"For HSV-2, randomized controlled trials as secondary outcomes report 25-34% risk reductions, attributable to similar mucosal protection."
t0507,ethics-of-circumcision,s0053,M,O,,tagger-3,Long-term cohort studies tracking circumcised men into adulthood show sustained preventive benefits without evidence of offsetting declines in sexual function or satisfaction.
t0508,ethics-of-circumcision,s0054,M,M,,tagger-3,"High-quality prospective analyses, including those from randomized trials with follow-up, find no differences in erectile function, sensitivity, or intercourse satisfaction compared to uncircumcised controls, countering claims of harm with null or positive associations in validated metrics. [34]"
t0509,ethics-of-circumcision,s0060,M,M,,tagger-3,"Severe acute complications, such as significant penile injury or partial amputation, are exceedingly rare, with incidence rates estimated at 0.04% for penile injury and lower for amputation, on the order of 1 in 500,000 to 1 million circumcisions in hospital settings. [38] [14]"
t0510,ethics-of-circumcision,s0061,M,M,,tagger-3,"No confirmed deaths directly attributable to neonatal circumcision have been documented in modern, regulated medical environments, though historical or non-medical settings report isolated fatalities from hemorrhage or overwhelming infection."
t0511,ethics-of-circumcision,s0064,M,M,,tagger-3,"Keratinization of the glans and inner mucosal remnants, a physiological response to exposure post-circumcision, has been hypothesized to alter sensitivity, but meta-analyses of sexual function outcomes find no consistent link to erectile dysfunction, premature ejaculation, or overall sexual satisfaction impairment. [41] [42]"
t0512,ethics-of-circumcision,s0067,M,M,,tagger-3,"The American Academy of Pediatrics (AAP) Task Force on Circumcision, in its 2012 policy statement following a systematic review of evidence, determined that the preventive health benefits of newborn male circumcision outweigh the risks of the procedure. [1]"
t0513,ethics-of-circumcision,s0068,M,M,,tagger-3,"These benefits include a 90% reduction in urinary tract infections (UTIs) during the first year of life, a 3- to 10-fold decrease in penile cancer risk over the lifetime, and lowered transmission of heterosexual HIV (by 50-60% based on randomized trials), human papillomavirus, and herpes simplex virus type 2. [1] [44]"
t0514,ethics-of-circumcision,s0069,M,M,,tagger-3,"Risks primarily consist of minor procedural complications such as bleeding or infection, occurring in approximately 0.2-0.6% of cases when performed neonatally by trained providers, with severe adverse events rarer at less than 0.1%."
t0515,ethics-of-circumcision,s0071,M,M,,tagger-3,"A 2017 systematic risk-benefit analysis of early infant male circumcision quantified the net advantage, estimating that benefits exceed procedural risks by ratios up to 200:1, as the procedure averts multiple conditions including phimosis (affecting up to 1 in 2 uncircumcised males lifetime), balanitis, and inflammatory conditions requiring intervention. [44]"
t0516,ethics-of-circumcision,s0073,M,M,,tagger-3,"The U.S. Centers for Disease Control and Prevention (CDC) similarly assessed in 2014 that newborn circumcision's benefits in reducing UTI, penile cancer, and STI risks justify the procedure's consideration, with complication rates far lower than those for adult circumcision (2-10%)."
t0517,ethics-of-circumcision,s0075,M,M,,tagger-3,"Regarding claims of reduced sexual pleasure or function, multiple systematic reviews of high-quality studies, including randomized controlled trials and cohort analyses, have found no adverse effects on sexual function, sensitivity, sensation, satisfaction, or pleasure post-circumcision, with some reporting equivalence or slight improvements in erectile function and reduced dyspareunia. [46] [47]"
t0518,ethics-of-circumcision,s0085,E,O,ethical asymmetry with FGM analogy,tagger-3,"Analogies to female genital mutilation (FGM) underscore this, positing both as culturally driven cuttings infringing bodily inviolability, though bioethicists critique the comparison for overlooking graded differences in severity, intent, and outcomes—FGM typically lacks any argued preventive rationale, rendering the ethical symmetry incomplete without equivalent evidence of net utility. [52]"
t0519,ethics-of-circumcision,s0087,E,O,fiduciary duty / pediatric proxy consent,tagger-3,"Counterarguments emphasize that pediatric care routinely entails non-consensual acts, such as vaccinations or heel pricks for metabolic screening, justified not by absolute autonomy—which infants cannot exercise—but by fiduciary duties to secure future health capacities, provided the intervention's rationale withstands scrutiny under harm-avoidance standards. [54] [55]"
t0520,ethics-of-circumcision,s0088,E,E,proxy rights framework,tagger-3,"This framework holds that while autonomy rights vest at birth, their enforcement defers to proxies until maturity, barring procedures demonstrably gratuitous or disproportionately invasive; thus, circumcision's ethical standing hinges on whether its rationale elevates it above mere tradition into permissible welfare enhancement, without presuming infant veto power over all somatic changes. [5]"
t0521,ethics-of-circumcision,s0094,E,E,best interest criterion,tagger-3,The best interest criterion in pediatric ethics demands an evidence-based evaluation of lifetime health outcomes over transient or unsubstantiated concerns.
t0522,ethics-of-circumcision,s0096,M,M,,tagger-3,"Adverse events from neonatal circumcision occur in approximately 0.2-0.6% of cases, predominantly minor and resolvable, while pain is substantially alleviated through established protocols like dorsal penile nerve block with lidocaine, which studies show markedly reduces neonatal distress compared to no intervention. [60]"
t0523,ethics-of-circumcision,s0098,E,E,parental rights to transmit traditions,tagger-3,"Parental rights encompass transmitting cultural or religious traditions via such decisions when empirical data does not establish net harm, aligning with professional guidelines that defer to family values in proxy consent absent overriding medical contraindications."
t0524,ethics-of-circumcision,s0099,E,O,parental discretion endorsed,tagger-3,"The American Academy of Pediatrics endorses this discretion, noting that parents integrate religious, ethical, and cultural elements alongside health data to determine suitability, without mandating state override for procedures with documented preventive advantages. [62]"
t0525,ethics-of-circumcision,s0103,M,M,,tagger-3,"Randomized controlled trials in sub-Saharan Africa, including those by Auvert et al. (2005) and Bailey et al. (2007), established that voluntary medical male circumcision reduces heterosexual HIV acquisition in men by 51-60%, a protective effect sustained over 2-6 years of follow-up. [64] [65]"
t0526,ethics-of-circumcision,s0104,M,M,,tagger-3,"Systematic reviews of infant circumcision corroborate net preventive utility against urinary tract infections (reducing risk by up to 90% in the first year), balanitis, and invasive penile cancer (lifetime risk lowered 3- to 22-fold), with procedure-related adverse events occurring in 0.2-0.6% of cases, mostly resolving without sequelae. [2] [66]"
t0527,ethics-of-circumcision,s0113,M,M,medical body on evidence,tagger-3,"The American Academy of Pediatrics (AAP), in its 2012 policy statement, concluded that systematic evaluation of evidence indicates the preventive health benefits of newborn male circumcision outweigh the risks of the procedure, justifying parental access to it as an option. [1]"
t0528,ethics-of-circumcision,s0117,M,M,,tagger-3,"The Centers for Disease Control and Prevention (CDC), through its 2014 draft recommendations, affirmed that the benefits of male circumcision outweigh the risks based on evidence from randomized trials and observational studies, advising healthcare providers to discuss these with parents of newborn males, adolescents, and adult men seeking the procedure. [73] [74]"
t0529,ethics-of-circumcision,s0118,M,M,,tagger-3,"The CDC's position supports offering circumcision where parents or individuals desire it, informed by data on reduced heterosexual HIV acquisition and other infections."
t0530,ethics-of-circumcision,s0120,M,M,,tagger-3,"The World Health Organization (WHO) and Joint United Nations Programme on HIV/AIDS (UNAIDS) recommend voluntary medical male circumcision (VMMC) as part of HIV prevention strategies in regions with high heterosexual transmission prevalence, citing evidence from three randomized controlled trials demonstrating efficacy. [76]"
t0531,ethics-of-circumcision,s0123,M,M,,tagger-3,"The American Urological Association (AUA) holds that neonatal circumcision offers potential medical benefits and advantages, alongside acknowledged risks, and should be presented as a parental choice during prenatal counseling. [77]"
t0532,ethics-of-circumcision,s0124,M,M,,tagger-3,"This aligns with the AUA's recognition of evidence-based prophylactic value, particularly for conditions like phimosis and balanitis, while stressing adequate analgesia and technique."
t0533,ethics-of-circumcision,s0127,M,M,critics cite RCT evidence,tagger-3,"This position, outlined in a 2010 policy statement, emphasizes that proxy consent by parents cannot justify irreversible alteration of healthy tissue absent therapeutic necessity, though critics contend it undervalues evidence from randomized controlled trials demonstrating reductions in HIV acquisition and urinary tract infections. [80]"
t0534,ethics-of-circumcision,s0130,M,M,epidemiological data rebuttal,tagger-3,"The BMA requires dual parental consent where feasible and highlights legal risks under child protection frameworks, but detractors argue this stance selectively discounts global epidemiological data on penile cancer prevention and sexually transmitted infection mitigation, potentially biasing toward cultural contexts with low disease prevalence. [82]"
t0535,ethics-of-circumcision,s0133,M,M,net preventive gains carry proxy (rule 2),tagger-3,"This view posits that even low complication rates (e.g., 0.2-0.6% for bleeding or infection in clinical settings) represent avoidable harm when alternatives like hygiene suffice, though rebuttals point to meta-analyses indicating net preventive gains that proxy decisions can reasonably approximate for minors unable to foresee long-term risks. [84]"
t0536,ethics-of-circumcision,s0136,O,E,equal parts risk-benefit data and parental-rights reasoning,tagger-3,"Proposals in Iceland (2018) and parliamentary motions in Denmark and Finland sought criminalization of infant procedures, citing incompatibility with UN child rights conventions on bodily harm, but these efforts faced opposition for overlooking risk-benefit analyses from sub-Saharan trials showing 60% HIV risk reduction and for prioritizing autonomy over parental welfare judgments in low-autonomy contexts like infancy. [86]"
t0537,ethics-of-circumcision,s0143,M,M,,tagger-3,"Globally, advocacy for voluntary medical male circumcision (VMMC) as an HIV prevention strategy persisted through 2025, with UNAIDS reporting that 35 million procedures conducted from 2008 to 2022 in 15 high-prevalence African countries averted an estimated 670,000 infections, despite faltering program scale-up and funding challenges. [91]"
t0538,ethics-of-circumcision,s0144,M,M,,tagger-3,"The World Health Organization reaffirmed VMMC's cost-effectiveness in reducing heterosexual HIV transmission by up to 60% as of 2023, calling for intensified efforts without endorsing routine neonatal circumcision outside high-HIV contexts. [92]"
t0539,ethics-of-circumcision,s0147,M,M,,tagger-3,"Circumcision removes the foreskin, which harbors a subpreputial space prone to bacterial colonization and microtears during intercourse that facilitate pathogen entry; post-circumcision, the exposed glans undergoes keratinization, forming a thicker epithelial layer that reduces susceptibility to abrasions and viral adhesion sites such as Langerhans cells concentrated in the inner foreskin. [94] [95]"
t0540,ethics-of-circumcision,s0148,M,M,,tagger-3,This mechanistic protection contributes to observed reductions in urinary tract infections (UTIs) and sexually transmitted infections (STIs).
t0541,ethics-of-circumcision,s0149,M,M,,tagger-3,"In infants, the foreskin's immature development increases UTI vulnerability due to poor hygiene access, with meta-analyses of observational studies showing circumcision reduces UTI risk by approximately 90%, from a baseline of 1% in uncircumcised boys to 0.09%, yielding a number needed to treat of 111 to prevent one UTI."
t0542,ethics-of-circumcision,s0151,M,M,,tagger-3,"Randomized controlled trials (RCTs) in high-prevalence African settings demonstrate circumcision confers 50-60% efficacy in reducing heterosexual HIV acquisition in men, with pooled data from trials in South Africa, Kenya, and Uganda (involving over 10,000 participants) confirming sustained protection over 24-72 months follow-up, attributed to decreased viral entry via foreskin lesions. [96] [76]"
t0543,ethics-of-circumcision,s0152,M,M,,tagger-3,"These trials also reported 30-35% reductions in high-risk human papillomavirus (HPV) acquisition and 25-30% for herpes simplex virus type 2 (HSV-2), with meta-analyses affirming consistent STI risk reductions across populations. [8]"
t0544,ethics-of-circumcision,s0153,M,M,,tagger-3,"Penile cancer, nearly exclusive to uncircumcised men due to chronic inflammation and HPV persistence under the foreskin, shows substantially lower incidence in circumcised cohorts; systematic reviews indicate childhood circumcision reduces invasive penile cancer risk by over 3-fold, with protective effects mediated partly by HPV clearance. [29]"
t0545,ethics-of-circumcision,s0155,M,M,,tagger-3,"Female partners of circumcised men exhibit lower cervical cancer rates, linked to reduced penile HPV transmission; a multinational case-control study of over 1,400 women found monogamous partners of circumcised men had odds ratios for cervical cancer as low as 0.4 compared to partners of uncircumcised men, with greater protection (up to 70% risk reduction) when male partners had multiple prior partners. [97]"
t0546,ethics-of-circumcision,s0156,M,M,cost-effectiveness,tagger-3,"Economic modeling in HIV-endemic regions substantiates these benefits, estimating that circumcision averts treatment costs for infections at ratios exceeding 10:1, with voluntary medical male circumcision deemed cost-saving in 62% of sub-Saharan African settings based on incidence data from 2010-2020. [98]"
t0547,ethics-of-circumcision,s0158,R,R,,tagger-3,"Circumcision serves as a foundational rite in Jewish tradition, symbolizing the covenant between God and Abraham as described in Genesis 17:10-14, thereby reinforcing communal identity and continuity across generations. [100]"
t0548,ethics-of-circumcision,s0159,R,R,,tagger-3,"In Israel, where neonatal male circumcision is nearly universal, it physically embodies this covenant, fostering a sense of belonging and shared heritage among practitioners. [101]"
t0549,ethics-of-circumcision,s0160,R,R,,tagger-3,"Similarly, among Muslims, the practice functions as a key rite of passage that integrates the individual into the broader community, often celebrated with familial and social gatherings that strengthen ethnic and religious ties. [102]"
t0550,ethics-of-circumcision,s0161,R,R,,tagger-3,"These rituals promote group cohesion by marking membership in enduring cultural and spiritual frameworks, independent of medical rationales."
t0551,ethics-of-circumcision,s0162,R,R,stigma/social norms (rule 5),tagger-3,"In societies with high circumcision prevalence, such as those in the United States or Israel, conformity to the norm minimizes social stigma associated with deviation, as uncircumcised individuals may face peer exclusion or ridicule in contexts like military service or communal bathing. [103]"
t0552,ethics-of-circumcision,s0163,R,O,norms and stigma (rule 5),tagger-3,"Studies in voluntary medical male circumcision programs in sub-Saharan Africa indicate that perceived norms favoring circumcision correlate with reduced anticipated stigma for participants, suggesting that widespread adoption aligns individuals with dominant social expectations and averts marginalization. [104]"
t0553,ethics-of-circumcision,s0170,M,M,,tagger-3,"Population-level reductions in urinary tract infections (UTIs) and balanitis provide public health benefits from male circumcision, as meta-analyses indicate circumcised males experience a lifetime UTI risk of 1 in 12 compared to 1 in 3 for uncircumcised males, with neonatal circumcision conferring a 10-fold protective effect against infant UTIs. [44]"
t0554,ethics-of-circumcision,s0171,M,M,,tagger-3,"Similarly, circumcised males have a 68% lower prevalence of balanitis, an inflammatory condition of the glans penis, contributing to decreased overall infectious disease burden in populations with high circumcision rates. [109]"
t0555,ethics-of-circumcision,s0172,M,M,,tagger-3,"These reductions occur through the removal of the foreskin, which harbors bacteria and serves as an entry point for pathogens, thereby lowering community-wide treatment demands for complications like recurrent infections requiring antibiotics."
t0556,ethics-of-circumcision,s0174,M,M,herd effects (rule 5),tagger-3,"Herd effects emerge from decreased transmission of human papillomavirus (HPV), where modeling studies demonstrate that widespread male circumcision curtails HPV spread to female partners, potentially averting cervical cancer cases; for instance, in Uganda, voluntary medical male circumcision programs are projected to reduce high-risk HPV transmission, yielding population-level protection beyond individual participants. [111]"
t0557,ethics-of-circumcision,s0175,M,M,,tagger-3,"Empirical data supports this, with circumcised men showing 43% lower odds of genital HPV infection (OR 0.57, 95% CI 0.45-0.71), which in turn substantially lowers HPV acquisition risk in their female partners. [112] [113]"
t0558,ethics-of-circumcision,s0176,M,M,,tagger-3,"Such dynamics amplify preventive impact in high-prevalence settings, as reduced male reservoir effects interrupt transmission chains without relying solely on vaccination coverage."
t0559,ethics-of-circumcision,s0178,M,M,cost-effectiveness,tagger-3,"Neonatal circumcision enhances resource allocation efficiency, as procedure costs are markedly lower than managing downstream infections; postneonatal circumcisions cost approximately 10 times more ($1,921 vs. $165 per case), while broader analyses show that lowering circumcision rates to 10% elevates lifetime healthcare expenditures by $407 per male and $43 per female due to averted savings on UTI and inflammatory treatments. [115] [116]"
t0560,ethics-of-circumcision,s0179,M,M,,tagger-3,"This cost-effectiveness holds in infectious disease control, prioritizing preventive investment over recurrent therapeutic interventions."
t0561,ethics-of-circumcision,s0181,M,M,equity point rests on health access and protection,tagger-3,"Equity considerations favor neonatal timing in low-resource environments, where early intervention ensures broader access for low-income groups, maximizes lifelong protection against infections from infancy onward, and avoids barriers to adult procedures like surgical capacity or behavioral uptake. [109]"
t0562,ethics-of-circumcision,s0182,M,M,,tagger-3,"In such settings, neonatal approaches yield simpler, safer implementation with lower complication rates (1-2%), facilitating population-scale rollout without exacerbating disparities in healthcare access. [118]"
t0563,ethics-of-circumcision,s0200,M,M,,tagger-3,"Allegations of evidence gaps, particularly regarding sexual function and sensitivity, are countered by higher-quality studies, including RCTs and meta-analyses, which find no significant detriment to penile sensitivity, sexual satisfaction, or function post-circumcision; one review of rigorous trials reported equivalent or improved outcomes in circumcised men for sensation and orgasm ease. [46] [127] [35]"
t0564,ethics-of-circumcision,s0207,M,M,,tagger-3,"Acute pain in newborns triggers physiological stress responses, including cortisol surges and behavioral indicators, but neonatal brains lack mature declarative memory pathways, precluding formation of explicit, retrievable recollections of the event. [135]"
t0565,ethics-of-circumcision,s0208,M,M,,tagger-3,"While some observational data suggest heightened nociceptive sensitivity to later stimuli (e.g., vaccinations at 4-6 months), this reflects procedural sensitization rather than psychological trauma encoding, and does not manifest as conscious memory or avoidance behaviors."
t0566,ethics-of-circumcision,s0210,M,M,,tagger-3,"High-quality longitudinal and controlled studies find no causal link between neonatal circumcision and post-traumatic stress disorder (PTSD) or other enduring psychiatric sequelae in adulthood, with systematic reviews concluding limited or absent long-term adverse psychological effects. [137]"
t0567,ethics-of-circumcision,s0211,M,O,,tagger-3,"Claims of delayed trauma, often from advocacy-driven surveys or small non-randomized cohorts, fail replication in rigorous designs and overlook confounders like cultural context or self-selection bias. [138]"
t0568,ethics-of-circumcision,s0212,M,M,,tagger-3,"Retrospective surveys of adults circumcised as infants report satisfaction rates of 62% or higher, with decreased anxiety and improved body image in some cases, and no population-level elevations in depression, sexual dysfunction, or relational distress attributable to the procedure. [139]"
t0569,ethics-of-circumcision,s0233,M,M,cohort data on adverse events,tagger-3,"Evidence-based neutrality in these processes requires prioritizing peer-reviewed data over emotive or unsubstantiated claims, such as exaggerated complication rates unsupported by large cohort studies showing serious adverse events below 1%. [145]"
t0570,ethics-of-circumcision,s0237,M,M,,tagger-3,"Neonatal circumcision exhibits significantly lower complication rates compared to procedures performed in adulthood, with systematic reviews reporting adverse events in infants ranging from 0.0008% to 3.6%, often limited to minor issues like bleeding or infection, versus 0.9% to 8.8% in adults, where risks include more severe outcomes such as excessive skin removal or prolonged healing. [14]"
t0571,ethics-of-circumcision,s0238,M,M,uptake statistics,tagger-3,"Neonatal timing also facilitates higher uptake rates, as evidenced by U.S. newborn circumcision prevalence declining from 64.5% in 1979 to 58.3% in 2010, yet remaining far higher than voluntary adult rates estimated at 3 per 1,000 males annually, primarily driven by medical necessity rather than preventive intent. [149] [105]"
t0572,ethics-of-circumcision,s0239,M,M,feasibility and cost,tagger-3,"This disparity underscores procedural feasibility: infant circumcision is quicker, requires less anesthesia, and incurs lower costs, with analyses in high-prevalence HIV settings like Rwanda confirming neonatal approaches as more efficient than adult interventions."
t0573,ethics-of-circumcision,s0241,M,M,uptake data and benefits outweigh autonomy point,tagger-3,"Proponents of adult timing emphasize autonomy, arguing that individuals can weigh risks and benefits post-puberty, potentially avoiding irreversible decisions made by surrogates; however, empirical data reveal low voluntary uptake, suggesting many uncircumcised males forgo the procedure despite established preventive benefits against urinary tract infections (UTIs) in infancy and HIV acquisition later in life, with randomized trials showing 60% risk reduction from adult circumcision but limited real-world adoption outside targeted campaigns. [151]"
t0574,ethics-of-circumcision,s0243,M,M,,tagger-3,"Conversely, adult procedures carry heightened regret potential due to elevated complications and recovery burdens, with some reports of dissatisfaction tied to cosmetic or functional outcomes."
t0575,ethics-of-circumcision,s0245,M,M,,tagger-3,"Hybrid models propose delaying non-therapeutic circumcision until adolescence or early adulthood for non-religious cases, balancing consent with evidence-based timing; yet, meta-analyses favor neonatal execution for maximizing net benefits, as delayed procedures not only amplify complication risks but also diminish early protections like UTI prevention, where uncircumcised infants face rates up to 1 in 3 lifetime versus 1 in 12 for circumcised males. [44]"
t0576,ethics-of-circumcision,s0246,M,M,,tagger-3,"In high-HIV contexts, early infant circumcision aligns with public health modeling showing superior lifetime risk reduction—up to 20.9% in vulnerable populations—due to procedural safety and scalability, outweighing autonomy gains from postponement, particularly given consistent findings of no adverse impacts on adult sexual function or sensitivity. [69] [44]"
t0577,ethics-of-circumcision,s0248,M,M,,tagger-3,Three randomized controlled trials (RCTs) conducted in Africa between 2005 and 2007 demonstrated that voluntary medical male circumcision (VMMC) reduces the risk of HIV acquisition in heterosexual men by approximately 60%.
t0578,ethics-of-circumcision,s0249,M,M,,tagger-3,"The first trial, in Kisumu, Kenya (ANRS 1265), enrolled 2,784 HIV-negative men aged 18-24 and found a 60% reduction in HIV incidence over 24 months in the circumcised group compared to controls (hazard ratio 0.40; 95% CI 0.24-0.68). [96]"
t0579,ethics-of-circumcision,s0250,M,M,,tagger-3,"A similar trial in Rakai, Uganda, involving 4,996 men aged 15-49, reported a 51% efficacy (adjusted hazard ratio 0.49; 95% CI 0.26-0.93) after 24 months, rising to 60% after excluding baseline seroconverters."
t0580,ethics-of-circumcision,s0251,M,M,,tagger-3,"The third trial, in Orange Farm, South Africa, with 3,274 men aged 18-24, showed a 61% reduction (hazard ratio 0.39; 95% CI 0.19-0.80) at interim analysis, leading to early trial termination."
t0581,ethics-of-circumcision,s0252,M,M,,tagger-3,"These results were attributed to biological mechanisms, including removal of the foreskin, which harbors Langerhans cells and CD4+ T cells susceptible to HIV entry during heterosexual intercourse, thereby reducing viral exposure and replication sites."
t0582,ethics-of-circumcision,s0254,M,M,,tagger-3,"Meta-analyses of these RCTs confirm consistent efficacy of 50-60% against HIV acquisition in heterosexual men, with no evidence of behavioral risk compensation offsetting benefits. [154]"
t0583,ethics-of-circumcision,s0255,M,M,,tagger-3,"Pooled data from the three trials yielded a relative risk reduction of 0.42 (95% CI 0.31-0.57), supporting causality through intention-to-treat and per-protocol analyses that controlled for confounders like sexual behavior. [151]"
t0584,ethics-of-circumcision,s0259,M,M,,tagger-3,"For men who have sex with men (MSM), evidence from RCTs is limited due to ethical and feasibility challenges in randomization, but a 2025 meta-analysis of observational data adjusted for confounding suggested VMMC protects primarily insertive MSM, with an adjusted odds ratio of 0.57 (95% CI 0.40-0.82) for HIV acquisition. [156]"
t0585,ethics-of-circumcision,s0264,M,M,,tagger-3,"By 2023, these efforts aimed to achieve over 27 million additional circumcisions, with modeling projecting the prevention of more than 1 million HIV infections through sustained implementation. [158]"
t0586,ethics-of-circumcision,s0267,M,M,,tagger-3,"Economic analyses underscore VMMC's viability in resource-limited settings, with a 2023 WHO assessment deeming it highly cost-effective across nearly all sub-Saharan African scenarios, often yielding cost savings by averting treatment expenses for HIV infections. [92]"
t0587,ethics-of-circumcision,s0268,M,M,,tagger-3,"For instance, continuation of programs was projected to remain cost-effective in 68% of modeled settings through at least 2027, particularly where HIV incidence remains elevated despite antiretroviral scale-up. [98]"
t0588,ethics-of-circumcision,s0301,E,M,"interpretation of rights convention (rule 3), though cites data",tagger-3,"Article 24, meanwhile, secures the child's right to the highest standard of health and obliges states to eliminate traditional practices prejudicial to health, yet interpretations do not deem medically performed male circumcision inherently violative, as empirical evidence indicates preventive benefits against conditions such as urinary tract infections (reducing incidence by up to 90% in infancy) and penile cancer (lowering lifetime risk from 1 in 100,000 to near zero)."
t0589,ethics-of-circumcision,s0304,M,O,rests on differing empirical harm/utility profiles,tagger-3,"Distinctions in human rights applications arise starkly between male circumcision and female genital mutilation/cutting (FGM/C), rooted in divergent empirical profiles of harm and utility."
t0590,ethics-of-circumcision,s0306,M,M,,tagger-3,"Male circumcision, by contrast, yields documented protective effects, including a 50-60% reduction in heterosexual HIV acquisition per three randomized controlled trials in Africa involving over 10,000 participants, alongside decreased human papillomavirus transmission and balanitis risk, without equivalent long-term morbidity when conducted neonatally under medical standards."
t0591,ethics-of-circumcision,s0307,M,M,WHO public health position,tagger-3,"UN bodies, including the World Health Organization, thus endorse voluntary adult and infant male circumcision in high-HIV-prevalence settings as a public health measure, eschewing equivalence to FGM/C due to these asymmetries. [70] [179]"
t0592,ethics-of-circumcision,s0309,E,O,rights interpretation framing,tagger-3,"Rights interpretations under these frameworks emphasize empirical balancing over ideological purity, weighing irreversible alteration against causal evidence of net health gains."
t0593,ethics-of-circumcision,s0310,M,M,,tagger-3,"Absolutist claims equating male circumcision to mutilation overlook data showing complication rates below 0.5% in hospital settings versus higher non-medical ritual risks, and fail to account for evolutionary and physiological roles of the foreskin that, while sensitive, do not preclude overall utility in disease prevention."
t0594,ethics-of-circumcision,s0317,M,M,health benefits education,tagger-3,"Advocacy responses to the decline have emphasized education on established health benefits, such as reduced urinary tract infections and certain sexually transmitted infections, while urging policymakers to address coverage gaps. [184]"
t0595,ethics-of-circumcision,s0318,M,O,AAP benefit-risk carries parental choice (rule 2),tagger-3,"In 2024, the American College of Nurse-Midwives reaffirmed support for informed parental choice in newborn male circumcision, citing the American Academy of Pediatrics' assessment that benefits outweigh risks, amid calls to standardize access across insurance programs."
t0596,forced-circumcision,s0173,M,M,,tagger-3,"Neonatal male circumcision reduces the incidence of urinary tract infections (UTIs) in the first year of life by approximately 90%, based on a meta-analysis of one randomized trial and 11 observational studies, with absolute risk reduction from about 1% in uncircumcised infants to 0.1% in circumcised ones. [76]"
t0597,forced-circumcision,s0175,M,M,,tagger-3,Systematic reviews also indicate modest reductions in penile cancer (lifetime risk dropping from 1 in 600 uncircumcised to near zero in circumcised men) and proxy reductions in cervical cancer among female partners due to decreased human papillomavirus transmission.
t0598,forced-circumcision,s0177,M,M,,tagger-3,"In high HIV-prevalence regions of sub-Saharan Africa, three randomized controlled trials demonstrated that adult voluntary medical male circumcision reduces heterosexual HIV acquisition in men by 50-60%, prompting World Health Organization recommendations for scale-up in those settings. [78]"
t0599,forced-circumcision,s0179,M,M,,tagger-3,"The American Academy of Pediatrics' 2012 policy review concluded that overall health benefits (including UTI, STI, and cancer protections) outweigh procedural risks for newborns, though it stopped short of routine recommendation. [79]"
t0600,forced-circumcision,s0185,M,M,,tagger-3,"Evidence on penile sensitivity and sexual function post-circumcision is mixed, with high-quality systematic reviews of randomized trials finding no significant adverse effects on erectile function, sensation, or satisfaction in most men. [83]"
t0601,forced-circumcision,s0191,M,M,,tagger-3,"However, high-quality systematic reviews conclude that neonatal circumcision generally results in limited or no detectable long-term adverse psychological effects, with methodological flaws in opposing studies often stemming from self-selected samples or retrospective surveys prone to recall bias."
t0602,forced-circumcision,s0199,M,M,survey methodology critique,tagger-3,"Critics of harm claims argue that surveys alleging widespread trauma, like those from intactivist groups, suffer from selection bias among respondents motivated by grievance, yielding inflated prevalence rates not replicable in population-based cohorts. [92]"
t0603,forced-circumcision,s0200,M,M,,tagger-3,"Empirical data from controlled comparisons show no consistent links to broader mental health disorders, such as autism or hyperactivity, despite anecdotal assertions. [93]"
t0604,forced-circumcision,s0201,M,O,,tagger-3,"Overall, while non-consensual circumcision may impose psychological burdens in contexts of overt force or later recall, robust evidence for pervasive long-term effects in routine neonatal cases is lacking, underscoring the need for prospective, unbiased longitudinal research."
t0605,forced-circumcision,s0205,E,E,"parental rights, religious freedom under ICCPR",tagger-3,"However, neither instrument explicitly references circumcision, and interpretations remain debated, with proponents of the practice citing parental rights and cultural freedoms under Article 18 of the ICCPR (freedom of religion)."
t0606,forced-circumcision,s0209,E,E,UN committee interpretation,tagger-3,"Conversely, the UN Committee on the Rights of the Child has not issued general comments equating infant circumcision with prohibited harms, and Article 24(3) is often applied to practices like female genital mutilation rather than male circumcision, reflecting a lack of uniform international consensus."
t0607,forced-circumcision,s0213,E,O,discrimination/rights objection,tagger-3,"It faced criticism from religious communities and states like Israel, which argued it fostered discrimination, and subsequent efforts in 2015 led to partial retreats without enforcement mechanisms. [98]"
t0608,forced-circumcision,s0235,E,E,"communal rights, parental authority",tagger-3,"Opponents of strict autonomy protections counter that communal rights, including parental authority and religious freedoms, justify the practice as a means of integrating the child into familial and societal structures."
t0609,forced-circumcision,s0237,E,R,"minority rights, religious freedom, proxy decision",tagger-3,"Advocates for communal prerogatives argue that prohibiting circumcision would undermine religious practices central to Judaism (brit milah) and Islam, potentially eroding minority rights and parental proxy decision-making, which empirical data shows correlates with overall child welfare in stable families. [107]"
t0610,forced-circumcision,s0238,R,R,"tradition, identity, cohesion carry the point",tagger-3,"This perspective holds that deferring to parents respects the child's embeddedness in a community, where traditions foster identity and cohesion, outweighing abstract autonomy claims for pre-verbal infants incapable of independent judgment."
t0611,forced-circumcision,s0259,M,M,rule 2,tagger-3,"Proponents of infant or non-consensual male circumcision argue that empirical evidence supports net public health benefits, justifying the procedure despite the absence of the recipient's consent, as lifelong protections accrue from an early, low-risk intervention."
t0612,forced-circumcision,s0260,M,M,,tagger-3,"Randomized controlled trials conducted in South Africa, Kenya, and Uganda between 2005 and 2007 demonstrated that medical male circumcision reduces heterosexual HIV acquisition risk by 50-60% in men, prompting the World Health Organization to recommend voluntary medical male circumcision as part of combination HIV prevention strategies in high-prevalence regions of eastern and southern Africa. [78] [118]"
t0613,forced-circumcision,s0261,M,M,,tagger-3,"These findings, extrapolated by advocates to broader contexts, include reductions in human papillomavirus (HPV) transmission and associated cervical cancer risks in female partners, as well as lower incidences of herpes simplex virus type 2."
t0614,forced-circumcision,s0263,M,M,,tagger-3,"For neonatal circumcision specifically, meta-analyses indicate a 90-99% relative risk reduction in urinary tract infections (UTIs) during the first year of life, with absolute risk dropping from about 1% in uncircumcised infants to 0.1% post-procedure; this protective effect persists into later childhood at a 6-7 fold reduction. [120]"
t0615,forced-circumcision,s0264,M,M,,tagger-3,"Circumcision also correlates with decreased penile cancer rates, historically linked to chronic inflammation or poor hygiene under the foreskin, with studies estimating up to a 3-10 fold lower incidence among circumcised males. [119] [79]"
t0616,forced-circumcision,s0265,M,M,,tagger-3,"The Centers for Disease Control and Prevention (CDC) and American Academy of Pediatrics (AAP) emphasize that newborn circumcision complication rates are low (0.2-0.6%), safer than in older children or adults, and that benefits—encompassing UTI prevention, STI mitigation, and reduced phimosis—outweigh risks when performed electively. [121] [79]"
t0617,forced-circumcision,s0266,E,E,proxy consent analogy to vaccination,tagger-3,"Defenders contend this supports parental proxy decision-making, analogous to vaccinations, prioritizing aggregate health gains over deferred consent."
t0618,forced-circumcision,s0267,R,R,,tagger-3,"Traditional defenses root circumcision in religious and cultural imperatives that supersede individual autonomy, framing it as essential for communal identity and spiritual continuity."
t0619,forced-circumcision,s0268,R,R,,tagger-3,"In Judaism, brit milah on the eighth day fulfills Genesis 17:10-14's covenant with Abraham, viewed as a divine command obligatory on parents to ensure the child's inclusion in the faith community. [122]"
t0620,forced-circumcision,s0269,R,R,,tagger-3,"Islamic tradition mandates khitan as a sunnah practice, often in infancy or early childhood, to promote cleanliness (fitrah) and emulate the Prophet Muhammad, with scholars like those in the Hanafi and Shafi'i schools defending it as preserving prophetic custom despite non-consent. [21]"
t0621,forced-circumcision,s0270,E,E,religious liberty and parental rights under law carry it,tagger-3,"Advocates from these faiths argue religious liberty and parental rights under secular laws protect such rites, asserting that forgoing them erodes generational transmission of beliefs and risks assimilation, while health co-benefits reinforce the practice's validity. [123]"
t0622,forced-circumcision,s0271,R,R,,tagger-3,"In non-Abrahamic contexts, like certain African ethnic groups, circumcision rituals affirm masculinity and social bonds, with proponents claiming they foster resilience and hygiene norms embedded in ancestral wisdom."
t0623,forced-circumcision,s0274,M,M,harm severity comparison,tagger-3,"In contrast, female genital cutting (FGC), classified by the World Health Organization into four types ranging from partial or total removal of the clitoris (Type I) to infibulation involving narrowing of the vaginal opening (Type III), entails more extensive alteration or injury to external female genitalia, often with no medical justification. [126]"
t0624,forced-circumcision,s0275,M,M,complication comparison,tagger-3,"Both practices share roots in tradition and community norms, yet FGC is universally condemned as mutilation with severe, lifelong complications including hemorrhage, chronic infections, urinary fistulas, and increased maternal mortality risks during childbirth, whereas male circumcision carries lower acute risks like bleeding or infection (occurring in approximately 0.2-0.6% of cases) but potential long-term effects such as reduced penile sensitivity. [127]"
t0625,forced-circumcision,s0278,M,M,,tagger-3,"Critics of this view, including bodies like the WHO, maintain a distinction based on harm severity, noting FGC's absence of benefits and higher morbidity (e.g., up to 15% immediate complication rates in some settings) compared to male circumcision's debated advantages, such as a 60% reduction in heterosexual HIV acquisition in randomized trials from high-prevalence areas. [126] [128]"
t0626,foreskin,s0009,M,M,,tagger-3,"The foreskin has been subject to removal via circumcision, a procedure performed neonatally or later for religious, cultural, or medical reasons, with proponents citing reduced risks of urinary tract infections, penile cancer, and certain STIs based on epidemiological data. [7]"
t0627,foreskin,s0077,M,O,,tagger-3,"Total nerve endings across the entire foreskin are estimated at 1,000–10,000 based on modern analyses and pathologist reviews, far lower than unsubstantiated claims of 20,000 derived from misinterpretations of early density measurements."
t0628,foreskin,s0080,M,M,,tagger-3,"These sensory structures facilitate gliding during intercourse and contribute to unique tactile experiences in uncircumcised men, though systematic reviews find no significant overall difference in sexual sensitivity or function between circumcised and uncircumcised men."
t0629,foreskin,s0157,M,M,,tagger-3,"A meta-analysis of studies on inflammatory penile conditions reported that circumcision reduces their prevalence by 68%, attributing this to elimination of the preputial space conducive to microbial proliferation. [79]"
t0630,foreskin,s0160,M,M,,tagger-3,"Urinary tract infections (UTIs) in male infants under one year are 10- to 20-fold more common in uncircumcised boys, with incidence rates of 1-4% versus 0.1-0.2% in circumcised counterparts, per multiple cohort studies and systematic reviews; this disparity arises from bacterial ascension via the preputial orifice. [81] [82]"
t0631,foreskin,s0161,M,M,,tagger-3,"Though most UTIs are self-limiting or responsive to antibiotics, severe cases can progress to pyelonephritis or renal scarring, with lifetime UTI risk elevated to approximately 23% in uncircumcised males based on extrapolated meta-analytic data."
t0632,foreskin,s0163,M,M,,tagger-3,"Penile cancer, though rare (global incidence ~1 per 100,000 males annually), shows a strong association with retained foreskin, with meta-analyses indicating odds ratios as low as 0.33 for invasive disease in those circumcised early in life, linked to chronic inflammation, HPV persistence, and poor hygiene in the subpreputial area. [84] [85]"
t0633,foreskin,s0164,M,M,,tagger-3,"The condition is nearly absent in circumcised populations, underscoring the foreskin's role in harboring oncogenic factors like high-risk HPV strains, which are 32-43% less prevalent post-circumcision per systematic reviews."
t0634,foreskin,s0176,M,M,,tagger-3,"These device-based approaches reduce operative time to minutes and bleeding incidence compared to freehand methods, with minor complications reported in under 0.5% of medically performed infant cases. [91]"
t0635,foreskin,s0183,M,M,,tagger-3,"Male circumcision has been associated with a reduced incidence of urinary tract infections (UTIs) in male infants, with meta-analyses indicating a 10-fold lower risk compared to uncircumcised infants during the first year of life. [92]"
t0636,foreskin,s0185,M,M,,tagger-3,"This protective effect persists into later childhood, with a 6.6-fold reduction in UTI risk for boys aged 1 to 16 years."
t0637,foreskin,s0187,M,M,,tagger-3,Three randomized controlled trials conducted in Africa between 2005 and 2007 demonstrated that voluntary medical male circumcision reduces the risk of heterosexually acquired HIV infection by approximately 60% over two years of follow-up. [94]
t0638,foreskin,s0188,M,M,,tagger-3,"This efficacy has been confirmed in longer-term observational data, supporting World Health Organization recommendations for circumcision as an HIV prevention strategy in high-prevalence regions. [95]"
t0639,foreskin,s0189,M,M,,tagger-3,"Systematic reviews also indicate reductions in other sexually transmitted infections, including human papillomavirus (HPV) and herpes simplex virus type 2, with odds ratios for HPV infection reduced by up to 35% in circumcised men."
t0640,foreskin,s0191,M,M,,tagger-3,"Circumcision performed in childhood or adolescence substantially lowers the risk of invasive penile cancer, with systematic reviews showing odds ratios as low as 0.33 for circumcised individuals compared to uncircumcised controls. [97]"
t0641,foreskin,s0192,M,M,,tagger-3,This association is attributed partly to decreased chronic inflammation and HPV persistence under the foreskin. [97]
t0642,foreskin,s0193,M,M,,tagger-3,"Additionally, male circumcision correlates with reduced cervical cancer risk in female partners, mediated by lower penile HPV carriage, as evidenced by cohort studies linking partner circumcision status to cervical cancer incidence."
t0643,foreskin,s0195,M,M,,tagger-3,"The procedure decreases the incidence of inflammatory conditions such as balanitis (inflammation of the glans) and posthitis, which are more common in uncircumcised males due to smegma accumulation and moisture retention. [96]"
t0644,foreskin,s0196,M,M,,tagger-3,"Neonatal circumcision specifically mitigates risks of phimosis and paraphimosis, conditions requiring later surgical intervention in up to 10% of uncircumcised boys by adolescence. [99]"
t0645,foreskin,s0197,M,M,,tagger-3,"These benefits are supported by longitudinal data from pediatric and urological cohorts, though absolute risks remain low in hygienic populations."
t0646,foreskin,s0203,M,M,,tagger-3,"In neonatal circumcision, overall adverse event rates are low, ranging from 0.2-1.5% for minor issues and below 0.5% for severe events like glans amputation or necrosis, based on systematic reviews of U.S. medical settings with trained providers. [102] [104]"
t0647,foreskin,s0204,M,O,,tagger-3,"A 2014 analysis of U.S. hospital data reported 1.5 adverse events per 1,000 procedures, predominantly minor bleeding or adhesions, though underreporting may occur due to outpatient settings. [101]"
t0648,foreskin,s0209,M,M,,tagger-3,"Revision rates for cosmetic or functional issues stand at 1-2% long-term, underscoring the procedure's generally favorable safety profile in neonates when performed by skilled clinicians, though individual risks necessitate informed consent. [108]"
t0649,foreskin,s0268,M,M,evidence quality critique,tagger-3,"Critiques of anti-circumcision advocacy, often referred to as intactivism, center on its reliance on low-quality evidence, selective interpretation of data, and unsubstantiated claims that contradict high-quality scientific studies supporting the procedure's benefits and minimal risks. [153]"
t0650,foreskin,s0269,M,M,,tagger-3,"Researchers such as Brian J. Morris and colleagues argue that opponents frequently cite anecdotal reports, outdated studies, or non-peer-reviewed sources while dismissing randomized controlled trials (RCTs) demonstrating reduced risks of urinary tract infections, penile cancer, and heterosexual HIV acquisition in circumcised males. [154]"
t0651,foreskin,s0270,M,M,,tagger-3,"For instance, assertions of severe physical harm from neonatal circumcision are refuted by data indicating adverse event rates of 0.2–0.6% for minor complications, with serious issues occurring in fewer than 0.01% of cases when performed by trained providers. [154]"
t0652,foreskin,s0271,M,M,,tagger-3,"Delaying the procedure to adulthood, as advocated by some intactivists, is critiqued for increasing complication rates 10–20-fold due to greater anatomical challenges and higher infection risks."
t0653,foreskin,s0273,M,M,,tagger-3,"Claims regarding diminished sexual function and pleasure post-circumcision have been challenged as based on methodologically flawed surveys, such as small-sample or self-reported studies prone to bias, rather than robust RCTs involving thousands of participants. [153]"
t0654,foreskin,s0274,M,M,,tagger-3,"Systematic reviews of level 1++ evidence, including trials with 1,500–1,995 men, show no significant differences in erectile function, sensitivity, or satisfaction between circumcised and uncircumcised men, and some indicate benefits like improved lubrication and reduced premature ejaculation. [153]"
t0655,foreskin,s0275,M,O,,tagger-3,"Intactivist narratives promoting the foreskin as possessing uniquely dense nerve endings for erotogenic purposes are contradicted by histological studies revealing lower specialized nerve density compared to the glans, with no empirical link to superior pleasure."
t0656,foreskin,s0277,M,M,FGM distinction rests on benefit/harm data,tagger-3,"Ethical arguments equating male circumcision to female genital mutilation (FGM) are dismissed as a false equivalency, given FGM's lack of health benefits, high rates of severe complications, and intent to control female sexuality, versus male circumcision's documented preventive effects and low harm profile. [155]"
t0657,foreskin,s0278,M,M,net-benefit data carry parental decision (rule 2),tagger-3,"Bodily autonomy appeals in advocacy are seen as ideologically driven opinions overriding evidence-based parental decision-making and public health considerations, such as AAP and CDC endorsements of the procedure's net benefits outweighing risks by ratios up to 100:1. [153]"
t0658,foreskin,s0279,M,M,,tagger-3,"Critics note that intactivist sources often amplify rare complications or pseudoscientific claims (e.g., unverified ""functions"" of the foreskin) while ignoring meta-analyses affirming safety and efficacy, potentially hindering informed policy. [154]"
t0659,foreskin,s0280,M,M,evidence vs advocacy framing,tagger-3,"These evaluations, drawn from peer-reviewed analyses, underscore a pattern where advocacy prioritizes absolutist positions over causal evidence from prospective trials."
t0660,foreskin,s0282,M,M,,tagger-3,"The American Academy of Pediatrics (AAP) maintains that the health benefits of newborn male circumcision outweigh the risks, though not sufficiently to recommend it universally, leaving the decision to parents following informed discussion of evidence. [99]"
t0661,foreskin,s0283,M,M,,tagger-3,"This 2012 policy, reaffirmed in subsequent reviews, cites reductions in urinary tract infections (UTIs) in infancy (from 1% to 0.1-0.2% risk), certain sexually transmitted infections (STIs) including HIV (approximately 50-60% relative reduction in heterosexual acquisition), and rare conditions like penile cancer. [156] [130]"
t0662,foreskin,s0289,M,M,,tagger-3,"Systematic reviews confirm no adverse impacts on sexual function, sensitivity, or satisfaction from circumcision, countering claims of foreskin-specific erogenous loss, as glans keratinization does not demonstrably impair overall penile sensation in controlled studies. [38] [161]"
t0663,foreskin-man,s0075,M,M,anecdote vs clinical data,tagger-3,"The series suggests such outcomes stem from the infant's inability to consent and the procedure's inherent violence, including acute pain without adequate anesthesia in many cases, though these assertions rely on anecdotal narratives rather than aggregated clinical data."
t0664,foreskin-man,s0082,O,R,"framing about the comic's selective use of evidence, no data given",tagger-4,"The comic selectively references studies or testimonies aligning with intactivist views, like those highlighting foreskin nerve density, while rejecting counterevidence as biased toward maintaining procedural norms."
t0665,foreskin-man,s0084,M,M,,tagger-4,Three randomized controlled trials conducted in sub-Saharan Africa between 2005 and 2007 demonstrated that voluntary medical male circumcision reduces the risk of HIV acquisition through heterosexual intercourse by approximately 50-60% in men. [50] [51]
t0666,foreskin-man,s0085,M,M,,tagger-4,"These findings, endorsed by the World Health Organization for high-prevalence settings, prompted scale-up efforts in 15 priority African countries, where over 27 million procedures have been performed since 2007. [51]"
t0667,foreskin-man,s0088,M,M,,tagger-4,"Newborn male circumcision is associated with a reduced incidence of urinary tract infections (UTIs) in the first year of life, with meta-analyses indicating a relative risk reduction of about 90%, from approximately 1% in uncircumcised boys to 0.1-0.2% in circumcised ones. [53] [54]"
t0668,foreskin-man,s0092,M,M,,tagger-4,"Adverse events from neonatal circumcision occur at rates of 0.2-2%, predominantly minor issues such as bleeding, infection, or adhesions, with severe complications (e.g., significant hemorrhage or penile injury) below 0.5% in hospital settings using clamps like Gomco or Plastibell. [56] [57]"
t0669,foreskin-man,s0096,M,M,,tagger-4,"A 2013 systematic review of controlled trials concluded no adverse impact on erectile function, premature ejaculation, or overall satisfaction, attributing discrepancies to methodological flaws in pro-sensitivity-loss claims like recall bias."
t0670,foreskin-man,s0106,E,R,ballot ban framed as burdening religious practice; policy/rights point,tagger-4,"The comic's release coincided with the November 2011 San Francisco ballot initiative (Proposition B) to ban circumcision for minors under 18, which opponents viewed as disproportionately burdening Jewish religious practice despite non-therapeutic circumcisions for secular reasons comprising over 90% of U.S. cases at the time. [41] [69]"
t0671,foreskin-man,s0119,M,M,low complication rates carry the point,tagger-4,"Critics of the Foreskin Man comic have argued that its portrayal of circumcisers as monstrous villains promotes demonization of parents and medical practitioners who view the procedure as a routine health or cultural practice, thereby exaggerating the ethical stakes beyond empirical realities of low complication rates—typically under 1% for adverse events in controlled settings. [74]"
t0672,foreskin-man,s0120,M,M,,tagger-4,"This superhero narrative frames neonatal circumcision, performed on approximately 1.2 million U.S. infants annually as of 2010 data, as a battle against evil forces, potentially fostering fear-mongering by equating a brief surgical intervention with violent assault rather than a decision weighed against evidence of benefits like reduced urinary tract infections (1-2% risk reduction in infancy) and certain STIs."
t0673,foreskin-man,s0125,M,M,,tagger-4,"Even within intactivist circles, the comic's heavy-handed moral binaries—heroes solely anti-circumcision, villains pro—have drawn rebuke for selective emphasis on harms while sidelining countervailing data, such as randomized trials showing 60% HIV acquisition reduction in heterosexual men from adult voluntary circumcision, potentially hindering coalition-building with public health advocates. [75]"
t0674,foreskin-restoration,s0011,M,M,,tagger-4,"Empirical data on objective benefits like sensitivity gains or sexual performance improvements remain sparse and inconclusive, contrasting with robust evidence that circumcision itself imposes negligible long-term detriments to erectile or orgasmic function. [6]"
t0675,foreskin-restoration,s0267,M,M,,tagger-4,"Opponents of restoration, often aligned with pro-circumcision medical bodies, question its necessity and efficacy, suggesting it tacitly accepts circumcision's cultural legitimacy while diverting from evidence-based benefits like reduced HIV transmission rates (estimated 60% lower in circumcised men per randomized trials in Africa). [39]"
t0676,foreskin-restoration,s0268,M,O,health advantages over autonomy; data carry the point (rule 2),tagger-4,"They argue that ethical focus should prioritize IMC's purported health advantages over autonomy concerns, dismissing restoration as speculative and psychologically driven rather than medically substantiated. [49]"
t0677,history-of-circumcision,s0071,R,R,religious allegorical defence,tagger-4,"Philo of Alexandria (ca. 20 BCE–50 CE), a Hellenistic Jewish philosopher, defended circumcision allegorically as spiritual purification while acknowledging Greek disdain, arguing it curbed sensual excess without impairing function."
t0678,history-of-circumcision,s0110,R,M,religious jurisprudence and prophetic example,tagger-4,"All major Sunni and Shia schools of jurisprudence endorse male circumcision as desirable for hygiene, aesthetics, and emulation of prophetic example, though timing varies: Hanafi and Maliki favor before puberty, while Shafi'i and Hanbali permit infancy. [49]"
t0679,history-of-circumcision,s0177,M,M,,tagger-4,"In the mid-20th century, public health rationales for male circumcision emphasized prevention of urinary tract infections (UTIs), phimosis, and balanitis, with studies indicating a 10-fold reduction in UTIs among circumcised male infants in the first year of life compared to uncircumcised peers. [82]"
t0680,history-of-circumcision,s0178,M,M,,tagger-4,"These benefits were supported by epidemiological data showing lower incidences of inflammatory conditions of the glans and foreskin, as well as reduced penile cancer rates, which remain rare but are predominantly observed in uncircumcised men. [83]"
t0681,history-of-circumcision,s0179,M,M,,tagger-4,"Organizations like the Centers for Disease Control and Prevention (CDC) later quantified additional protections against sexually transmitted infections, including human papillomavirus (HPV) and herpes simplex virus type 2, with relative risk reductions of approximately 30-35% for these pathogens in heterosexual contexts. [84]"
t0682,history-of-circumcision,s0182,M,M,,tagger-4,"Randomized controlled trials conducted between 2002 and 2005 in South Africa, Kenya, and Uganda demonstrated that voluntary medical male circumcision (VMMC) reduced heterosexual HIV acquisition in men by 51-60%, prompting the World Health Organization (WHO) and Joint United Nations Programme on HIV/AIDS (UNAIDS) to recommend it in 2007 as a key prevention strategy in 14 high-prevalence countries. [85] [86]"
t0683,history-of-circumcision,s0190,M,M,,tagger-4,"In the early 2000s, three randomized controlled trials conducted in sub-Saharan Africa provided robust evidence that male circumcision reduces the risk of heterosexual HIV acquisition in men by approximately 50-60%."
t0684,history-of-circumcision,s0191,M,M,,tagger-4,"The first trial, conducted in Orange Farm, South Africa, from 2002 to 2003, involved 3,274 uncircumcised men aged 18-24 and demonstrated a 60% reduction in HIV incidence over 21 months compared to controls. [89]"
t0685,history-of-circumcision,s0192,M,M,,tagger-4,"Similar results emerged from trials in Kisumu, Kenya (2002-2005, n=2,784 men, 51% reduction) and Rakai, Uganda (2002-2007, n=4,996 men, 55% reduction), confirming the protective effect against HIV-1 while showing no significant behavioral risk compensation. [90]"
t0686,history-of-circumcision,s0193,M,M,,tagger-4,"These findings, published between 2005 and 2007, shifted global public health perspectives by establishing circumcision as an efficacious biomedical intervention for HIV prevention in high-prevalence, generalized epidemics."
t0687,history-of-circumcision,s0195,M,M,,tagger-4,"Prompted by this evidence, the World Health Organization (WHO) and Joint United Nations Programme on HIV/AIDS (UNAIDS) endorsed voluntary medical male circumcision (VMMC) in 2007 as a key strategy in 13 priority countries in eastern and southern Africa, where heterosexual transmission predominates and adult male HIV prevalence exceeds 10% in some regions. [85]"
t0688,history-of-circumcision,s0197,M,M,,tagger-4,"The intervention's efficacy stems from the foreskin's vulnerability to HIV entry via micro-tears and its role as a reservoir for inflammatory cells, reducing susceptibility without altering condom use or partner numbers in trial follow-ups."
t0689,history-of-circumcision,s0199,M,M,,tagger-4,"Parallel research reaffirmed broader health benefits, including a 10-fold reduction in urinary tract infections (UTIs) in infancy, lower incidence of human papillomavirus (HPV) and herpes simplex virus type 2 (HSV-2) infections (30-40% and 28-34% reductions, respectively), and decreased penile cancer risk due to reduced phimosis and chronic inflammation. [93]"
t0690,history-of-circumcision,s0200,M,M,,tagger-4,"In 2012, the American Academy of Pediatrics (AAP) updated its policy, concluding that these preventive benefits—encompassing HIV, other STIs, and UTIs—outweigh procedural risks (complication rate ~0.2-0.6% in neonatal settings), justifying access for parents though not routine universal recommendation. [94]"
t0691,history-of-circumcision,s0201,M,M,,tagger-4,"This stance contrasted with prior hesitancy, driven by meta-analyses synthesizing U.S. and international data showing lifetime net benefits, such as averting 1 in 100 penile cancers and 1 in 600 HIV cases per circumcised male."
t0692,history-of-circumcision,s0204,M,M,,tagger-4,"Despite implementation challenges like supply shortages and demand generation, the evidence prompted integrations with other HIV strategies, including pre-exposure prophylaxis, underscoring circumcision's role in causal reduction of viral entry points rather than mere correlation."
t0693,khitan-circumcision,s0007,M,O,,tagger-4,"No robust data supports claims of diminished sexual function or satisfaction post-circumcision, countering anecdotal assertions of harm."
t0694,khitan-circumcision,s0081,O,M,religious emulation and medical evidence about equally,tagger-4,"Ahmadiyya theology endorses male khitan as a virtuous act of emulation, frequently celebrated with communal gatherings, and bolsters its observance with references to medical evidence indicating lower lifetime risks of urinary tract infections and certain sexually transmitted diseases when conducted neonatally. [39]"
t0695,khitan-circumcision,s0126,M,O,comfort and hygiene reasoning carries the timing advice,tagger-4,"Scholars recommend early childhood to minimize discomfort and ensure hygienic benefits during development, viewing it as kinder to the child than delaying until adolescence. [55]"
t0696,khitan-circumcision,s0146,M,M,,tagger-4,"Male circumcision confers several empirically supported health benefits, primarily derived from randomized controlled trials (RCTs), meta-analyses, and systematic reviews conducted in diverse populations."
t0697,khitan-circumcision,s0147,M,M,,tagger-4,"Three large-scale RCTs in sub-Saharan Africa, involving over 10,000 participants, established that voluntary medical male circumcision reduces the risk of heterosexually acquired HIV infection in men by approximately 60%, with protective effects observed as early as 24 months post-procedure and sustained over time. [66] [67]"
t0698,khitan-circumcision,s0148,M,M,,tagger-4,"This reduction is attributed to the removal of the foreskin, which harbors HIV target cells and facilitates viral entry during heterosexual intercourse."
t0699,khitan-circumcision,s0150,M,M,,tagger-4,"In neonatal and infant contexts, circumcision significantly decreases the incidence of urinary tract infections (UTIs) in the first year of life, with meta-analyses reporting relative risk reductions of 90% or greater compared to uncircumcised males; this benefit stems from the foreskin's role as a reservoir for uropathogenic bacteria. [3] [69]"
t0700,khitan-circumcision,s0151,M,M,,tagger-4,"Systematic evidence also links circumcision to a lower lifetime risk of penile cancer, which is rare but strongly associated with chronic inflammation, phimosis, and human papillomavirus (HPV) persistence under the foreskin."
t0701,khitan-circumcision,s0153,M,M,,tagger-4,"Beyond HIV and UTIs, secondary analyses from the African RCTs indicate modest reductions in acquisition of other sexually transmitted infections (STIs), including herpes simplex virus type 2 (by 28-34%) and high-risk HPV strains (by 32-35%), as well as syphilis in some observational data. [69] [67]"
t0702,khitan-circumcision,s0154,M,M,,tagger-4,"Circumcision further lowers the risk of penile transmission of HPV to female partners, potentially decreasing cervical cancer incidence, based on cohort studies showing halved odds of oncogenic HPV carriage in circumcised men."
t0703,khitan-circumcision,s0156,M,M,,tagger-4,"The U.S. Centers for Disease Control and Prevention (CDC) and American Academy of Pediatrics (AAP) have reviewed this body of evidence, concluding that preventive benefits—encompassing reduced HIV/STI acquisition, UTIs, penile cancer, and balanitis—outweigh procedural risks when performed neonatally or under medical conditions. [69] [3]"
t0704,khitan-circumcision,s0157,M,M,,tagger-4,"These advantages are context-dependent, with HIV prevention most pronounced in high-prevalence heterosexual epidemics, though UTI and cancer risk reductions apply more universally across low- and high-income settings."
t0705,khitan-circumcision,s0180,E,R,parental authority over child's welfare carries the point,tagger-4,"Proponents, particularly within Islamic frameworks, counter that parental authority extends to decisions promoting the child's holistic welfare, including religious fulfillment, where khitan serves as a sunnah act emulating Prophet Ibrahim's covenant and enhancing ritual cleanliness (tahara). [21]"
t0706,khitan-circumcision,s0181,R,O,religious law and divine trust justify proxy consent,tagger-4,"In traditional Islamic jurisprudence (e.g., Hanbali and Shafi'i schools), khitan is classified as wajib (obligatory) or mustahabb (recommended), justifying proxy consent by guardians without the infant's input, as the body is viewed as an amana (divine trust) subject to prophetic commands rather than absolute individual autonomy. [21] [2]"
t0707,khitan-circumcision,s0182,R,M,"religious obligation and fitrah, communal acceptance",tagger-4,"This perspective holds that delaying the procedure risks non-compliance with fitrah (natural disposition toward purity), and empirical observations in Muslim-majority societies show high acceptance rates (90-100% prevalence) with negligible psychological regret, prioritizing communal religious obligations over secular consent models."
t0708,khitan-circumcision,s0185,E,E,,tagger-4,"Nonetheless, mainstream fiqh upholds parental discretion, with ethicists noting that religious freedom and best-interest standards often defer to cultural-religious norms in child welfare assessments, though secular courts in some jurisdictions (e.g., proposed bans in Europe) have scrutinized it under child rights lenses. [80]"
t0709,khitan-circumcision,s0198,E,E,UNCRC best-interests and cultural rights framing,tagger-4,"Proponents counter that UNCRC Article 3 (best interests of the child) incorporates evidence-based health benefits, such as a 50-60% reduction in heterosexual HIV acquisition per randomized trials in Africa, and that parental proxy consent aligns with cultural rights under Article 30, rejecting absolutist interpretations that ignore net welfare gains. [92] [93]"
t0710,khitan-circumcision,s0199,E,E,,tagger-4,"These debates highlight tensions between individual autonomy and communal traditions, with some legal scholars noting that UNCRC lacks binding enforcement mechanisms on such practices, allowing states to weigh religious liberty without uniform prohibitions."
t0711,khitan-circumcision,s0201,M,R,anatomical/functional description,tagger-4,"Khitan, the Islamic practice of male circumcision, surgically excises the foreskin covering the glans penis, preserving the organ's primary erectile and urinary functions while removing a non-vital cutaneous layer. [13]"
t0712,khitan-circumcision,s0202,M,M,anatomical contrast,tagger-4,"In contrast, female genital cutting (FGC) involves intentional alteration or injury to the clitoris, labia minora, and sometimes labia majora, often without anesthesia and using rudimentary tools, resulting in the partial or total excision of erogenous tissue essential for sexual sensation. [95]"
t0713,khitan-circumcision,s0203,M,O,anatomical contrast,tagger-4,"The World Health Organization classifies FGC into four types, from clitoridectomy (Type I) to infibulation (Type III, involving narrowing of the vaginal opening), none of which align anatomically or functionally with the localized removal in khitan."
t0714,khitan-circumcision,s0205,M,M,,tagger-4,"Empirical health outcomes further delineate the practices: randomized controlled trials demonstrate that male circumcision, including khitan when performed medically, reduces heterosexual HIV acquisition by approximately 60%, lowers urinary tract infection rates in infancy by up to 90%, and decreases risks of penile cancer and certain sexually transmitted infections like herpes (28-34% reduction). [66] [97]"
t0715,khitan-circumcision,s0206,M,M,,tagger-4,"FGC, however, yields no documented benefits and is linked to immediate complications such as hemorrhage (up to 15% in some settings), infection, and shock, alongside long-term sequelae including urinary retention, keloid scarring, dyspareunia, and increased maternal mortality from obstructed labor (up to 55% higher risk in severe cases). [95] [96]"
t0716,khitan-circumcision,s0209,R,R,religious and cultural motivations contrasted,tagger-4,"Culturally and religiously, khitan emphasizes ritual purity and hygiene as a prophetic tradition (sunnah) without intent to suppress sexual capacity, whereas FGC frequently serves to enforce premarital chastity and reduce female sexual autonomy, reflecting disparate motivations rooted in gender control rather than equivalent male practices. [13] [99]"
t0717,khitan-circumcision,s0210,M,E,legal tolerance rests on medical harm-benefit consensus (rule 2),tagger-4,"Legally, this disparity manifests in global prohibitions on FGC—criminalized in over 40 countries with penalties up to life imprisonment—while male circumcision, including khitan, enjoys legal tolerance or endorsement in most jurisdictions, predicated on divergent harm-benefit profiles substantiated by medical consensus. [100]"
t0718,khitan-circumcision,s0229,M,M,,tagger-4,"In sub-Saharan Africa, voluntary medical male circumcision (VMMC) programs have continued to expand as a public health strategy for HIV prevention, with a 2023 World Health Organization assessment confirming the procedure's cost-effectiveness and its capacity to reduce heterosexual HIV acquisition risk by up to 60%, prompting calls for sustained scale-up amid funding challenges. [103]"
t0719,khitan-circumcision,s0230,M,M,,tagger-4,"A concurrent Centers for Disease Control and Prevention analysis reinforced this efficacy, estimating a 60% reduction in female-to-male transmission, while noting implementation gaps in priority countries where coverage remains below targets. [104]"
t0720,meatal-stenosis,s0004,M,M,,tagger-4,"Prevalence following circumcision varies across studies, with smaller cohorts reporting rates of 5-20% in circumcised boys, contrasted by large database analyses indicating an incidence below 1%, underscoring potential overestimation in referral-based samples or underreporting in general populations. [3] [4]"
t0721,meatal-stenosis,s0151,M,M,,tagger-4,"A meta-analysis reported a post-circumcision rate of 0.66%, which was not statistically different from rates in uncircumcised males, suggesting potential overestimation in smaller cohorts or underreporting in controls. [6]"
t0722,meatal-stenosis,s0158,M,O,,tagger-4,"Critics of strong causal attribution to circumcision note its rarity in uncircumcised males but argue that confounding factors, including congenital meatal variations or smaller preoperative meatus diameter, may inflate observed associations without proving inevitability. [9] [12]"
t0723,meatal-stenosis,s0165,M,M,,tagger-4,"A 2017 systematic review and meta-analysis of 27 studies involving 1,498,536 males reported an overall meatal stenosis risk of 0.656% (95% CI: 0.089–1.218%) in circumcised individuals, which was not statistically significantly different from the 0.92% (95% CI: 0.11–1.74%) observed in uncircumcised controls. [56]"
t0724,meatal-stenosis,s0166,M,M,,tagger-4,"This analysis concluded that while weak evidence from subgroup comparisons hinted at a possible slightly elevated risk in circumcised boys and young adults, the absolute incidence remains low, and circumcision does not substantially increase the likelihood compared to baseline rates. [56]"
t0725,meatal-stenosis,s0167,M,M,,tagger-4,"Proponents of routine circumcision, citing such aggregated data, argue that meatal stenosis represents a minor and infrequent adverse event, often asymptomatic and manageable, outweighed by purported benefits like reduced urinary tract infections or sexually transmitted diseases in other contexts.30770-7/abstract)"
t0726,mohel,s0004,R,R,history of the mohel role and halakhic expertise,tagger-4,"The role of the mohel evolved from familial practices in biblical times to a formalized profession requiring expertise in both surgical technique and Jewish law (halakha), ensuring the procedure's ritual efficacy and minimal risk to the infant. [2] [3]"
t0727,mohel,s0016,M,M,,tagger-4,"Modern mohels often possess medical qualifications, such as certification in neonatal care, to integrate surgical precision with tradition, reducing complications reported in 0.2–0.6% of cases per health studies on ritual practices. [2]"
t0728,mohel,s0068,O,O,covenantal symbolism and clinical outcomes equally,tagger-4,"Programs like the Bris Program further bridge this gap by recruiting Jewish medical personnel for dual training in brit milah, fostering expertise in both covenantal symbolism and clinical outcomes like reduced urinary tract infection rates associated with timely circumcision. [5]"
t0729,mohel,s0084,O,R,ritual compliance and minimal trauma equally,tagger-4,"The brit milah procedure integrates surgical precision with prescribed ritual elements, ensuring compliance with halachic requirements while minimizing trauma to the infant."
t0730,mohel,s0100,M,R,brevity and surgical asepsis carry the point,tagger-4,"The entire operation, leveraging the infant's physiological resilience, typically lasts under one minute from incision to completion, emphasizing the mohel's training in both surgical asepsis and ritual exactitude."
t0731,mohel,s0116,M,M,,tagger-4,"These steps align with standard protocols for infant circumcision, where infection rates remain low (under 1%) when hygiene is maintained."
t0732,mohel,s0118,M,M,,tagger-4,"Ritual male circumcision in infancy confers a substantial reduction in the risk of urinary tract infections (UTIs) during the first year of life, with studies estimating a 90% to 100% relative risk reduction compared to uncircumcised males. [58] [59]"
t0733,mohel,s0119,M,M,,tagger-4,"This benefit arises from the removal of the foreskin, which can harbor bacteria and facilitate ascending infections; meta-analyses of cohort studies confirm that uncircumcised infants face a 10-fold higher UTI incidence, though absolute risk remains low at approximately 1% in uncircumcised males versus 0.1-0.2% in circumcised ones."
t0734,mohel,s0121,M,M,,tagger-4,"Three randomized controlled trials conducted in Africa between 2005 and 2007 demonstrated that male circumcision reduces heterosexual HIV acquisition by 51% to 60% over 24 to 72 months of follow-up, with protective efficacy increasing over time due to cumulative exposure prevention. [60] [61]"
t0735,mohel,s0124,M,M,,tagger-4,"Circumcision also lowers risks of certain sexually transmitted infections, including human papillomavirus (HPV) by 32-35% and herpes simplex virus type 2 (HSV-2) by 28-34%, per secondary outcomes from the African RCTs and meta-analyses of global data. [61] [64]"
t0736,mohel,s0125,M,M,,tagger-4,"These reductions stem from decreased susceptibility to mucosal pathogens, with cohort studies showing circumcised males exhibit lower oncogenic HPV strains linked to anogenital cancers."
t0737,mohel,s0127,M,M,,tagger-4,"The procedure markedly decreases lifetime penile cancer incidence, which is rare but nearly exclusive to uncircumcised males with chronic inflammation or poor hygiene; epidemiological evidence indicates a 3- to 22-fold risk reduction in circumcised cohorts, attributable to elimination of smegma accumulation and phimosis-related carcinogenesis. [65] [64]"
t0738,mohel,s0128,M,M,,tagger-4,"Risk-benefit analyses of neonatal circumcision quantify net preventive gains, estimating benefits-to-risks ratios exceeding 100:1 when aggregating UTI, STI, and cancer averting effects against procedural complications."
t0739,mohel,s0130,M,M,,tagger-4,"Neonatal circumcision, as performed in the brit milah ritual by trained mohels, is associated with low rates of complications, typically ranging from 0% to 3% overall, with a median frequency of 1.5% for any adverse event in systematic reviews of procedures on infants under one year. [66] [67]"
t0740,mohel,s0131,M,M,,tagger-4,"Common minor complications include bleeding (0.08%–0.18%), local infection (0.06%), and penile injury (0.04%), while serious events such as excessive bleeding requiring intervention or penile damage occur at rates below 0.1% in hospital-based settings. [68]"
t0741,mohel,s0134,M,R,,tagger-4,"Risks specific to brit milah include potential for incomplete hemostasis from traditional scalpel incision without clamps, leading to delayed bleeding, and rare iatrogenic injuries from uneven excision, though these are mitigated by the procedure's timing on day eight when neonatal healing is optimal. [24]"
t0742,mohel,s0136,M,M,,tagger-4,"The American Academy of Pediatrics notes that while benefits like reduced urinary tract infections (1 in 1,000 risk for circumcised vs. 1 in 100 for uncircumcised) outweigh risks, parental counseling on potential adverse events—such as meatal stenosis (<0.1%) or urinary tract infections post-procedure—is essential. [58]"
t0743,mohel,s0138,M,M,,tagger-4,"Mitigation strategies emphasize mohel certification through rigorous apprenticeships covering anatomy, aseptic technique, and emergency response, often integrating medical oversight; for instance, mohels with physician credentials report near-zero complication rates in controlled settings. [73]"
t0744,mohel,s0139,M,M,,tagger-4,"Use of disposable sterile blades, local anesthesia (e.g., lidocaine cream), and immediate post-procedure petroleum gauze application prevent most infections and adhesions, with follow-up exams recommended within 24–48 hours. [74]"
t0745,mohel,s0140,M,M,,tagger-4,"In high-volume ritual practices like Israel's, mandatory reporting and hygiene protocols have sustained low adverse event rates, demonstrating that standardized training and prompt intervention—such as cauterization for bleeding—effectively minimize both acute and long-term risks like scarring or stricture."
t0746,mohel,s0158,O,M,rabbinic safety claims and ritual efficacy about equally,tagger-4,"Proponents, including rabbinic authorities in groups like the Central Rabbinical Congress, argue that the practice, when performed by a healthy mohel, effectively cleanses the wound and mitigates infection risks, asserting that alternatives such as glass tubes or sponges fail to achieve the same ritual efficacy or safety, and that documented cases reflect rare anomalies rather than inherent danger. [81]"
t0747,mohel,s0159,R,R,"rabbinic consensus, religious observance over risk",tagger-4,"They contend that historical rabbinic consensus, as reiterated in 19th-century responsa amid early germ theory debates, supports direct oral contact unless the mohel is known to carry disease, prioritizing religious observance over secular risk assessments."
t0748,mohel,s0172,E,R,First Amendment challenge,tagger-4,"Jewish organizations, including the Central Rabbinical Congress, challenged the rule in federal court, contending it infringed on First Amendment rights to free exercise of religion and free speech by coercing disclosure of unproven risks and burdening a millennia-old ritual."
t0749,mohel,s0182,E,O,legal response to court ruling,tagger-4,"The decision provoked widespread condemnation from Jewish and Muslim leaders for threatening religious survival post-Holocaust, prompting Germany's Bundestag to enact a federal law in December 2012 legalizing circumcision for boys up to six months by trained practitioners, with anesthesia recommended and parental liability shielded if complications arise. [97]"
t0750,mohel,s0224,O,O,media coverage framing,tagger-4,"News media coverage of mohels predominantly focuses on controversies surrounding brit milah, particularly rare health risks from metzitzah b'peh (direct oral suction), amplifying isolated incidents like neonatal herpes cases in New York City between 2000 and 2012, which involved a small number of ultra-Orthodox practitioners."
t0751,mohel,s0225,O,E,"media framing, no clear support type",tagger-4,"Such reporting, often in outlets like The New York Times and NPR, emphasizes regulatory clashes, such as 2012 proposals for parental consent forms, framing mohels as potential vectors for infection despite the practice's limited prevalence among the roughly 1,000 U.S. mohels."
t0752,mohel,s0226,O,R,"criticism of advocacy imagery, framing",tagger-4,"Anti-circumcision advocacy groups have published materials portraying mohels derogatorily, including a 2011 cartoon depicting a ""monster mohel"" in campaigns against San Francisco's proposed circumcision ban, which the Anti-Defamation League condemned as invoking anti-Semitic blood libel tropes."
t0753,mohel,s0229,R,R,communal reverence and covenantal identity carry the point,tagger-4,"In Jewish society, mohels are generally revered as skilled ritual specialists essential to covenantal identity, with selections prioritizing piety, competence, and experience; non-Jewish families increasingly hire them for precision and cultural appeal, citing lower infection risks compared to hospital settings."
t0754,mohel,s0230,M,M,complication data carry the point,tagger-4,"Broader societal views, influenced by secular ethics and medical skepticism, often conflate mohels with infant genital alteration debates, viewing brit milah as unnecessary or harmful despite data showing complication rates under 1% for trained practitioners."
t0755,paraphimosis,s0112,M,M,,tagger-4,"Epidemiologically, paraphimosis is more prevalent in regions with low neonatal circumcision rates, such as parts of Europe, compared to the United States, where circumcision reduces incidence by eliminating the foreskin."
t0756,paraphimosis,s0173,M,M,,tagger-4,"For definitive management, circumcision remains the standard procedure to eliminate the risk of recurrence by removing the foreskin entirely or partially. [21]"
t0757,paraphimosis,s0174,M,M,,tagger-4,"Performed electively after initial stabilization, it involves excision of the prepuce under local or general anesthesia, with excellent outcomes in preventing future episodes, as paraphimosis does not recur following a proper circumcision. [4]"
t0758,paraphimosis,s0181,M,M,,tagger-4,"Following circumcision, recurrence rates approach zero, emphasizing its role in long-term prevention."
t0759,paraphimosis,s0203,M,M,,tagger-4,"Elective circumcision is advised for individuals with recurrent paraphimosis or persistent phimosis unresponsive to conservative treatments, eliminating the foreskin and thereby preventing future episodes in high-risk groups such as those with balanitis xerotica obliterans or cultural predispositions to delayed intervention. [43]"
t0760,paraphimosis,s0204,M,M,,tagger-4,"This procedure serves as a reliable prophylactic strategy, nearly eliminating paraphimosis risk while also offering broader benefits like reduced penile carcinoma incidence, though it is typically reserved for cases where non-surgical options fail."
t0761,penile-subincision,s0092,R,R,,tagger-4,"Undergoing penile subincision during traditional initiation rites in Australian Aboriginal societies elevates the individual's status from novice to full adult male, granting access to restricted knowledge, ceremonies, and social privileges such as marriage and hunting rights. [1]"
t0762,penile-subincision,s0094,R,R,,tagger-4,"Ethnographic accounts indicate that this process integrates the initiate into the patrilineal kinship network, enhancing interpersonal trust and cooperative bonds through demonstrated commitment to group norms via costly signaling."
t0763,penile-subincision,s0096,R,R,,tagger-4,"On a personal level, the rite instills a profound sense of masculine identity and spiritual alignment with ancestral totems, as the modified penis is mythologically linked to fertility and creative beings in Dreamtime narratives, potentially yielding psychological fulfillment from cultural continuity. [11]"
t0764,penile-subincision,s0116,R,R,communal tradition implies proxy consent,tagger-4,"Proponents, often from anthropological perspectives within Indigenous contexts, maintain that communal rites foster social cohesion and male identity, with boys culturally groomed to accept the procedure as a voluntary passage, implying a form of proxy consent through tradition. [30]"
t0765,penile-subincision,s0123,E,R,indigenous self-determination against prohibition,tagger-4,"Proponents of cultural preservation argue that prohibiting the practice undermines indigenous self-determination and erodes intangible heritage, as evidenced by ethnographic studies emphasizing its role in maintaining kinship systems and cosmological beliefs amid historical colonization pressures."
t0766,penile-subincision,s0129,E,E,legal bans weighed against cultural rights,tagger-4,"The debate pits cultural relativism against universal principles of bodily integrity and child protection, with anthropologists cautioning that Western legal bans—such as Australia's state-level prohibitions on non-therapeutic genital modifications since the 1990s—risk cultural erasure without accommodating informed community alternatives, potentially exacerbating social marginalization. [38]"
t0767,penile-subincision,s0139,O,O,aesthetic and personal preference reasons,tagger-4,"In Western body modification subcultures, influenced by the ""modern primitives"" movement of the 1990s onward—which seeks to revive tribal aesthetics through voluntary alterations—penile subincision is occasionally self-performed or sought from specialized practitioners for reasons including aesthetic reconfiguration, enhanced urination mechanics, or intensified sexual sensations via exposure of the urethra. [42]"
t0768,phimosis,s0075,M,M,,tagger-4,"Uncircumcised status inherently predisposes to balanitis episodes, as retained smegma harbors pathogens; recurrent inflammation correlates with hygiene lapses in up to 50% of pathologic cases. [18]"
t0769,phimosis,s0142,M,M,,tagger-4,"Over time, phimosis elevates the risk of urinary tract infections (UTIs), particularly in males, as incomplete foreskin retraction impedes hygiene and allows bacterial colonization under the prepuce, with studies indicating a protective effect from circumcision reducing UTI incidence by factors of 6.6- to 10-fold in affected age groups. [36] [37]"
t0770,phimosis,s0155,M,M,,tagger-4,"Circumcision (full or partial removal of the foreskin) remains the definitive treatment for refractory or complicated cases, permanently eliminating phimosis and associated risks."
t0771,phimosis,s0156,M,M,,tagger-4,"In adults undergoing circumcision for phimosis, postoperative pain is generally mild to moderate and managed effectively with analgesics; severe pain is rare and often complication-related (see the Circumcision article for details)."
t0772,phimosis,s0206,M,M,,tagger-4,Circumcision is often preferred in diabetic patients as the definitive treatment due to higher risks of recurrent infections and poor healing with conservative approaches.
t0773,phimosis,s0209,M,M,,tagger-4,"Circumcision, the excision of the foreskin, remains the definitive and most commonly performed procedure, providing permanent resolution by eliminating the non-retractable tissue and enabling full glans exposure to further reduce any residual hypersensitivity through keratinization. [1] [12]"
t0774,phimosis,s0246,M,M,,tagger-4,"Following effective treatment, such as circumcision, long-term outcomes are generally favorable, with no recurrence of phimosis and resolution of associated infections or hygiene issues reported in cohort studies. [15]"
t0775,phimosis,s0261,M,M,,tagger-4,"Prevalence of pathological phimosis in adulthood shows marked geographic variation, primarily correlating inversely with regional rates of male circumcision, which eliminates the foreskin and thus precludes the condition."
t0776,phimosis,s0262,M,M,"epidemiology, religion only as cause of prevalence",tagger-4,"In high-circumcision regions such as Muslim-majority countries (where rates approach 99-100%) and Israel, adult phimosis is virtually nonexistent due to near-universal neonatal or childhood circumcision performed for religious reasons. [81]"
t0777,phimosis,s0266,M,M,,tagger-4,"A Danish cohort study of uncircumcised boys under a foreskin-preserving policy found surprisingly high morbidity from phimosis, including adhesions and infections, underscoring risks in regions avoiding routine circumcision. [83]"
t0778,phimosis,s0272,M,O,,tagger-4,"These variations highlight how cultural and religious practices causally shape phimosis epidemiology, with empirical data from global surveys confirming lower morbidity in circumcising societies. [81]"
t0779,phimosis,s0274,M,M,,tagger-4,"Circumcision, the surgical excision of the foreskin, serves as a definitive intervention for phimosis by permanently exposing the glans penis and eliminating the risk of foreskin-related retraction issues. [86]"
t0780,phimosis,s0276,M,M,,tagger-4,"In such cases, guidelines from organizations like the European Association of Urology (EAU) endorse circumcision as a reliable option, especially when medical treatments fail, with success rates approaching 100% in resolving the primary symptom of non-retractability. [4]"
t0781,phimosis,s0287,M,M,,tagger-4,"Proponents of circumcision counter that it prevents recurrent complications like paraphimosis or balanoposthitis, supported by longitudinal data showing reduced urinary tract infections in circumcised cohorts. [20]"
t0782,prevalence-of-circumcision,s0053,M,M,,tagger-4,"These programs, supported by the U.S. President's Emergency Plan for AIDS Relief (PEPFAR) and others, aim for high coverage among adolescent and adult males to curb heterosexual HIV transmission, with three randomized controlled trials in South Africa, Kenya, and Uganda demonstrating a 50-60% reduction in female-to-male HIV acquisition risk among circumcised men compared to uncircumcised controls. [29] [30]"
t0783,prevalence-of-circumcision,s0054,M,M,,tagger-4,"By 2023, over 27 million VMMCs had been performed through these initiatives, averting an estimated 1.4-2.1 million HIV infections based on modeling from trial data and program scale-up. [8]"
t0784,prevalence-of-circumcision,s0057,M,M,,tagger-4,"Causal evidence from the trials attributes the protective effect to reduced viral entry via the foreskin, which harbors more target cells for HIV and is prone to micro-tears during intercourse, rather than behavioral changes, as circumcised participants reported similar sexual practices. [32]"
t0785,prevalence-of-circumcision,s0090,M,M,,tagger-4,"Three randomized controlled trials conducted between 2005 and 2007—in Rakai, Uganda; Orange Farm, South Africa; and Kisumu, Kenya—demonstrated that voluntary medical male circumcision (VMMC) reduces the risk of HIV acquisition by heterosexual men by approximately 50-60% compared to uncircumcised controls, with no evidence of delayed protection or behavioral risk compensation offsetting benefits. [45] [46] [47]"
t0786,prevalence-of-circumcision,s0095,M,M,,tagger-4,"These initiatives have prioritized medical safety and HIV counseling, averting an estimated 340,000 HIV infections by 2020 through direct protective effects."
t0787,prevalence-of-circumcision,s0098,M,M,,tagger-4,"Despite these setbacks, modeling projects that sustained VMMC coverage at 80-90% among males aged 15-49 could avert 700,000 to over 1 million additional infections by 2030 in modeled scenarios, maintaining elevated circumcision prevalence levels that exceed pre-program baselines by 15-25% in low-uptake regions. [53] [43]"
t0788,redundant-prepuce,s0096,M,M,,tagger-4,"In many Chinese medical practices, circumcision is frequently recommended for persistent cases or symptomatic presentations to provide definitive resolution and prevent long-term complications. [26]"
t0789,redundant-prepuce,s0101,M,M,,tagger-4,"A common complication is recurrent balanoposthitis, an inflammation of the glans and foreskin, which occurs almost exclusively in uncircumcised males and is often linked to poor hygiene or trapped debris under the prepuce. [27]"
t0790,redundant-prepuce,s0106,M,M,,tagger-4,"Chronic inflammation and poor hygiene have been associated with a higher risk of penile cancer, though this link is rare and often mediated by conditions such as balanitis xerotica obliterans; circumcision reduces this risk. [1]"
t0791,redundant-prepuce,s0163,M,M,,tagger-4,"This length-based approach frequently leads to surgical recommendations, particularly in pediatric cases with or without symptoms, to prevent potential complications like balanoposthitis or microbiome alterations that may contribute to inflammation."
t0792,religion-and-circumcision,s0187,E,E,parental proxy authority and UNCRC,tagger-4,"Defenders invoke parental proxy authority, asserting that decisions in the child's best interest, including religious upbringing, align with legal standards like the UN Convention on the Rights of the Child (Articles 14, 20, 30), which accommodate cultural practices when welfare is not prejudiced. [100]"
t0793,religion-and-circumcision,s0188,E,R,best-interest standard and parental prerogative,tagger-4,"Some ethicists, applying a best-interest standard, maintain that circumcision falls within parental prerogative if it confers net benefits or integrates the child into a supportive community, as in Jewish or Muslim traditions, without violating autonomy since infants lack capacity for such choices. [101]"
t0794,religion-and-circumcision,s0199,E,R,religious freedom under Basic Law,tagger-4,"The decision, stemming from a botched procedure causing bleeding, sparked unified protests from Jewish and Muslim organizations, who argued it effectively criminalized core rituals like brit milah and effectively expelled observant communities by infringing on Article 4 of Germany's Basic Law guaranteeing religious freedom. [106] [107]"
t0795,religion-and-circumcision,s0203,E,R,constitutional and ECHR religious freedom,tagger-4,"Religious leaders from Jewish, Muslim, and Christian groups condemned the bill as an unprecedented attack on freedom of religion protected by Iceland's constitution and the European Convention on Human Rights, warning it would isolate small faith communities numbering fewer than 1,500 Muslims and 100 Jews. [111] [112]"
t0796,religion-and-circumcision,s0208,E,O,"legal standing, no ruling against it",tagger-4,"No federal or Supreme Court ruling has curtailed religious circumcision, distinguishing it from prohibited practices like female genital cutting due to differences in health outcomes and cultural acceptance."
t0797,religion-and-circumcision,s0210,E,E,ECHR and court ruling (rule 3),tagger-4,"European human rights frameworks, including Article 9 of the European Convention on Human Rights, have upheld religious circumcision against blanket bans, as in a 2015 Dutch court dismissal of assault claims against parents, emphasizing proportionality and lack of severe risk when hygienically performed. [117]"
t0798,religion-and-circumcision,s0211,E,O,Council of Europe resolutions deferring to national law (rule 3),tagger-4,"Non-binding Council of Europe resolutions in 2013 and 2015 urged member states to scrutinize non-medical circumcision for consent violations but deferred to national laws protecting religious minorities, reflecting empirical data on low complication rates (under 1% in regulated settings) over absolutist child-rights arguments. [118]"
t0799,religion-and-circumcision,s0214,M,M,,tagger-4,"Systematic reviews indicate that neonatal circumcision reduces the incidence of UTIs in male infants by approximately 90% during the first year of life, with uncircumcised males facing a baseline risk of about 1% compared to 0.1% in circumcised males. [119] [120]"
t0800,religion-and-circumcision,s0216,M,M,,tagger-4,"For HIV prevention, three randomized controlled trials in sub-Saharan Africa demonstrated that adult male circumcision reduces heterosexual HIV acquisition by about 60%, prompting World Health Organization recommendations for voluntary medical male circumcision in high-prevalence regions. [121] [122]"
t0801,religion-and-circumcision,s0217,M,M,,tagger-4,"Evidence for other STIs is weaker but includes modest reductions in human papillomavirus (HPV) prevalence and incidence, as well as some protection against herpes simplex virus type 2. [123]"
t0802,religion-and-circumcision,s0218,M,M,,tagger-4,"Penile cancer, a rare malignancy with an incidence of less than 1 per 100,000 in developed countries, shows a strong protective association with childhood or adolescent circumcision (odds ratio 0.33), linked to decreased chronic inflammation and human papillomavirus persistence under the foreskin. [124]"
t0803,religion-and-circumcision,s0219,M,M,,tagger-4,"Circumcision also lowers the risk of phimosis and balanoposthitis, potentially averting later therapeutic procedures."
t0804,religion-and-circumcision,s0223,M,M,,tagger-4,"Meta-analyses find no consistent adverse effects on sexual function, sensitivity, or satisfaction post-circumcision."
t0805,religion-and-circumcision,s0225,M,O,,tagger-4,"The American Academy of Pediatrics' 2012 policy states that health benefits of newborn male circumcision outweigh the risks but are insufficient to recommend it universally, emphasizing parental decision-making informed by evidence. [129]"
t0806,religion-and-circumcision,s0227,M,M,,tagger-4,"Critics argue some benefits are overstated relative to risks, particularly for non-therapeutic neonatal procedures, but risk-benefit analyses suggest net positives exceeding 100:1 for certain conditions over a lifetime. [131]"
t0807,stapler-circumcision,s0005,M,M,,tagger-4,"Patients typically experience a rapid postoperative recovery with low overall complication rates (around 2–5%), including occasional delayed staple detachment or minor edema, hematoma, or infection."
t0808,stapler-circumcision,s0104,M,O,,tagger-4,"Functional outcomes are generally positive, with the procedure preserving normal penile anatomy and function, including micturition and erectile capability, in the absence of significant complications affecting these aspects."
t0809,stapler-circumcision,s0127,M,M,,tagger-4,"Early complications of stapler circumcision are generally infrequent and less common than those associated with conventional circumcision, with overall rates reported around 2.7% in large prospective studies."
t0810,stapler-circumcision,s0139,M,M,,tagger-4,"Delayed complications of stapler circumcision are uncommon, with large studies reporting low rates of issues persisting beyond the initial recovery period."
t0811,stapler-circumcision,s0145,M,M,,tagger-4,"Long-term follow-up (up to 3 months for all patients and 1 year for a subset) has shown no instances of meatal stenosis, skin bridging, penile deformities, or other significant delayed complications such as persistent staples beyond the removal window or staple extrusion. [7]"
t0812,stapler-circumcision,s0209,M,M,,tagger-4,"It demonstrated an average operative time of 7.7 minutes and a low complication rate of 4.8% (3 cases: 1 intraoperative bleeding, 2 delayed staple fallout), with the device using 18 stainless steel staples for anastomosis."
t0813,stapler-circumcision,s0211,M,M,,tagger-4,"These early studies on stapler devices established the technique's feasibility and safety in Chinese medical practice, facilitating wider adoption."
t0814,ulwaluko,s0040,R,R,,tagger-4,"Sociological analyses affirm the rite's ongoing value in forging personal and communal identity, countering narratives of obsolescence by emphasizing its role in moral education and social cohesion, even as urban influences prompt hybrid forms."
t0815,ulwaluko,s0050,E,O,voluntariness and legal right of refusal carry the point,tagger-4,"This voluntary process, despite social pressures, allows refusal under legal frameworks like South Africa's Children's Act, fostering cultural commitment verifiable through ethnographic participant accounts of heightened readiness and endurance. [6]"
t0816,ulwaluko,s0081,R,R,,tagger-4,"Traditional Xhosa frameworks posit that such markers causally cultivate responsible agency, contrasting with less structured modern transitions that may dilute communal oversight."
t0817,ulwaluko,s0083,R,R,,tagger-4,"Adherents to Xhosa customs regard ulwaluko as indispensable for forging genuine masculinity, essential for navigating life's demands with honor and fortitude. [5]"
t0818,ulwaluko,s0099,R,R,,tagger-4,"Ulwaluko reinforces kinship ties in Xhosa society through broad family and communal participation, involving extended relatives, friends, and elders in overseeing the process, which cultivates shared cultural experiences and intergenerational solidarity. [17] [18]"
t0819,ulwaluko,s0100,R,R,,tagger-4,"This collective engagement embeds the rite within kinship networks, ensuring adherence to traditions and strengthening relational bonds beyond the individual initiate."
t0820,ulwaluko,s0102,R,R,,tagger-4,"The rite upholds social structure by affirming elder authority during seclusion and teachings, while post-initiation integration grants returning men participatory rights in communal rituals, discussions, and governance, clarifying hierarchical roles and promoting stability. [18]"
t0821,ulwaluko,s0103,R,R,,tagger-4,"Historically, it enhanced social capital by instilling respect, unity, and consensus, enabling initiates to assume responsibilities that maintain societal order. [36]"
t0822,ulwaluko,s0109,R,R,,tagger-4,"By preserving cultural identity and rejecting alternatives like medical circumcision, ulwaluko counters assimilation pressures, fostering tribal unity through fulfilled roles in marriage and inheritance that underpin social cohesion. [18]"
t0823,ulwaluko,s0110,R,R,,tagger-4,"As a repository of social-cultural capital, it builds relations conducive to community respect and stability, despite critiques of secrecy's exclusionary effects; empirical accounts affirm its net contribution to inclusive societal bonds. [2]"
t0824,ulwaluko,s0122,R,R,,tagger-4,"Within Xhosa cultural perspectives, the intense pain is viewed as a deliberate test that forges character and manhood, with risks considered inherent but manageable under proper traditional guidance and obedience to elders. [3] [22]"
t0825,ulwaluko,s0144,M,O,lower incident rates under oversight,tagger-4,"Rural settings, by contrast, benefit from communal oversight and geographic isolation that enforce stricter adherence to protocols, yielding lower incident rates than urban dilutions where profit motives supplant elder-guided standards."
t0826,ulwaluko,s0153,R,R,cultural transmission defence,tagger-4,"Public outrage intensified through media amplification of these tragedies, contrasting with defenses from traditional communities who maintained that core rituals remained vital for cultural transmission, blaming mishaps on unregulated, profit-driven operators lacking traditional authority or medical competence. [46]"
t0827,ulwaluko,s0176,R,R,customary communal authority and ancestral rites over health safeguards,tagger-4,"Traditional leaders and cultural custodians mounted protests against these impositions, contending that they usurp communal authority embedded in indigenous customary law, which prioritizes collective rites over individualistic health safeguards, and risk diluting the transformative essence of ulwaluko by introducing external medical vetoes. [63] [60]"
t0828,ulwaluko,s0177,R,R,ancestral precedents over statutory norms,tagger-4,"Resistance manifested in calls for self-regulation by tribal councils and accusations of state overreach akin to colonial paternalism, with groups like the Congress of Traditional Leaders of South Africa emphasizing ancestral precedents over statutory norms."
t0829,ulwaluko,s0181,R,R,,tagger-4,"Traditionalists view Ulwaluko as indispensable for instilling moral discipline, cultural identity, and resilience in young Xhosa males, arguing it counters the perceived erosion of values from Western influences and urbanization."
t0830,ulwaluko,s0182,R,R,social exclusion norms (rule 5),tagger-4,"They emphasize its role in forging authentic manhood, where avoidance of the rite equates to social exclusion and incomplete masculinity, as uninitiated individuals are often deemed unfit for full community participation or leadership. [22] [8]"
t0831,ulwaluko,s0183,R,R,,tagger-4,"This perspective prioritizes the ritual's holistic transformative elements—beyond mere circumcision to include seclusion, teachings on responsibility, and communal bonding—over isolated health concerns, which they attribute to deviations from time-honored methods rather than inherent flaws."
t0832,ulwaluko,s0185,O,R,cultural preservation and safety reform about equally,tagger-4,"Luvuyo Ntombana, in his 2011 analysis, explicitly rejects abolition in favor of internal reforms to preserve core cultural significance while addressing modern safety imperatives, drawing on community consultations to argue that adaptation strengthens rather than dilutes the rite. [68]"
t0833,ulwaluko,s0189,R,M,,tagger-4,"Both camps concur on its foundational role in social cohesion, diverging primarily on the extent of modernization needed to sustain it against contemporary challenges like youth health disparities."
t0834,ulwaluko,s0207,R,O,identity formation benefits,tagger-4,"Projections indicate persistence among Xhosa communities, driven by identity formation benefits, provided reforms address verifiable complications through verifiable training efficacy rather than unsubstantiated bans. [82]"
t0835,views-on-circumcision,s0003,M,M,,tagger-4,"Medically, systematic reviews indicate that circumcision reduces risks of HIV acquisition by 50-60% in heterosexual men in high-prevalence areas, urinary tract infections in infancy, and certain sexually transmitted infections, with overall complication rates remaining low at under 1% for neonatal procedures. [3] [4]"
t0836,views-on-circumcision,s0005,M,O,,tagger-4,"Proponents, including bodies like the American Academy of Pediatrics, argue that these preventive health benefits outweigh the risks for newborns in contexts where the procedure is culturally normative, justifying access without parental regret. [6]"
t0837,views-on-circumcision,s0066,O,O,"cleanliness and aesthetic perception, mixed",tagger-4,"In the United States, where the practice gained popularity during the 20th century, it is often perceived as promoting cleanliness and enhancing aesthetic appeal. [47] [48]"
t0838,views-on-circumcision,s0069,M,M,,tagger-4,"Circumcision in infancy reduces the risk of urinary tract infections (UTIs) by approximately 90%, with meta-analyses of observational studies indicating a 10-fold lower incidence in circumcised boys compared to uncircumcised boys during the first year of life. [49]"
t0839,views-on-circumcision,s0070,M,M,,tagger-4,"A systematic review and meta-analysis of 12 studies involving over 400,000 children confirmed this protective effect, estimating that for every 111 neonatal circumcisions, one UTI is prevented, given a baseline risk of about 1% in uncircumcised male infants. [50]"
t0840,views-on-circumcision,s0071,M,O,,tagger-4,"This benefit stems from the elimination of the foreskin, which can harbor bacteria under the preputial space, facilitating ascent to the urinary tract."
t0841,views-on-circumcision,s0073,M,M,,tagger-4,"Penile cancer, though rare (incidence around 1 in 100,000 in developed countries), occurs almost exclusively in uncircumcised men, with rates near zero among those circumcised neonatally or in childhood."
t0842,views-on-circumcision,s0074,M,M,,tagger-4,"A meta-analysis of case-control studies found that childhood or adolescent circumcision confers a protective odds ratio of 0.33 (95% CI 0.13–0.83) against invasive penile cancer, attributing this primarily to reduced chronic inflammation and human papillomavirus (HPV) persistence under the foreskin. [51]"
t0843,views-on-circumcision,s0075,M,O,,tagger-4,"Longitudinal data support that the absence of foreskin prevents smegma accumulation and recurrent irritation, key precursors to carcinogenesis."
t0844,views-on-circumcision,s0077,M,M,,tagger-4,Randomized controlled trials (RCTs) in high-HIV-prevalence African populations demonstrate substantial reductions in heterosexual HIV acquisition.
t0845,views-on-circumcision,s0078,M,M,,tagger-4,"The ANRS 1265 trial (2005), involving 3,274 uncircumcised men in South Africa aged 18–24, reported a 60% relative risk reduction (hazard ratio 0.40, 95% CI 0.24–0.68) after 21 months of follow-up, with similar findings in Ugandan (Rakai trial, 60% reduction) and Kenyan RCTs conducted between 2005 and 2007. [52]"
t0846,views-on-circumcision,s0079,M,M,,tagger-4,"These trials, totaling over 10,000 participants, showed consistent efficacy against HIV, with additional meta-analyses confirming 30–50% reductions in HPV and herpes simplex virus type 2 acquisition, linked to decreased viral entry via the foreskin's inner mucosa. [52]"
t0847,views-on-circumcision,s0080,M,M,,tagger-4,"Absolute risk reductions vary by baseline prevalence; in settings with 3–4% annual HIV incidence, approximately 1–2 infections are averted per 100 circumcisions over two years."
t0848,views-on-circumcision,s0082,M,M,,tagger-4,Circumcision also mitigates foreskin-related conditions such as phimosis and balanitis.
t0849,views-on-circumcision,s0083,M,M,,tagger-4,"Meta-analyses indicate a 68% lower prevalence of balanitis in circumcised males, with longitudinal studies showing up to 90% reductions in inflammatory episodes due to improved hygiene and elimination of the preputial microenvironment prone to infection. [53]"
t0850,views-on-circumcision,s0084,M,M,,tagger-4,"In a review of cohort data, uncircumcised boys faced a 10–20% lifetime risk of pathological phimosis requiring intervention, versus negligible rates post-circumcision."
t0851,views-on-circumcision,s0086,M,M,,tagger-4,"Recent systematic reviews, including those synthesizing RCTs and observational data up to 2023, reaffirm these benefits in endemic areas, emphasizing net preventive effects against infections with low procedural risks."
t0852,views-on-circumcision,s0087,M,M,,tagger-4,"For instance, in regions with high STI burdens, lifetime absolute risk reductions include preventing 1 UTI per 100–200 procedures and substantial HIV averting in at-risk groups."
t0853,views-on-circumcision,s0089,M,M,,tagger-4,"Neonatal circumcision carries acute risks primarily involving bleeding and infection, occurring in approximately 0.2% to 0.6% of cases when performed by trained practitioners using proper techniques and anesthesia. [6] [55]"
t0854,views-on-circumcision,s0090,M,M,,tagger-4,"Severe complications, such as penile injury or excessive bleeding requiring intervention, affect fewer than 0.5% of procedures, with rates of adverse events like stricture or necrosis ranging from 0.76 per million circumcisions. [56]"
t0855,views-on-circumcision,s0093,M,M,,tagger-4,"Long-term complications, including impacts on sexual sensitivity or function, lack robust empirical support from high-quality studies."
t0856,views-on-circumcision,s0094,M,M,,tagger-4,"A 2013 systematic review and meta-analysis of randomized controlled trials and cohort studies found no significant differences in sexual satisfaction, erectile function, or premature ejaculation rates between circumcised and uncircumcised men. [58] [59]"
t0857,views-on-circumcision,s0095,M,M,,tagger-4,"Claims of glans keratinization leading to desensitization are overstated, as histological analyses reveal no substantial increase in keratin thickness or cornification following circumcision, with epithelial changes attributable more to individual variation than procedural exposure. [60]"
t0858,views-on-circumcision,s0097,M,M,,tagger-4,"Pain during neonatal circumcision is effectively mitigated with local anesthesia, reducing distress to levels comparable to routine vaccinations, countering assertions of unmanageable harm. [6]"
t0859,views-on-circumcision,s0099,M,M,,tagger-4,"These outcomes emphasize that risks are minimized in standardized medical settings, with no causal link established to profound functional deficits in large-scale empirical reviews."
t0860,views-on-circumcision,s0101,M,M,,tagger-4,"The American Academy of Pediatrics (AAP) issued a 2012 policy statement concluding that the health benefits of newborn male circumcision outweigh the risks, though the data were insufficient to recommend it as a routine procedure for all male newborns; instead, the AAP emphasized that parents should determine what is in the best interests of their child and have access to the procedure if desired. [6]"
t0861,views-on-circumcision,s0102,M,M,,tagger-4,"This position has been maintained without formal revision, aligning with ongoing evaluations that preventive benefits, such as reduced urinary tract infections and certain sexually transmitted infections, justify offering the option in low-risk settings."
t0862,views-on-circumcision,s0104,M,M,,tagger-4,"The Centers for Disease Control and Prevention (CDC) recommends that healthcare providers inform adolescent and adult males, as well as parents of newborn boys, about the substantial evidence that male circumcision reduces the risk of HIV acquisition during heterosexual sex by approximately 60%, alongside benefits against other sexually transmitted infections; the CDC supports voluntary access without endorsing mandates. [65]"
t0863,views-on-circumcision,s0105,M,M,,tagger-4,"Similarly, the World Health Organization (WHO) endorses voluntary medical male circumcision (VMMC) as part of HIV prevention strategies in high-prevalence regions, particularly sub-Saharan Africa, where over 30 million procedures have been performed since 2007, averting an estimated 615,000 HIV infections by 2020 based on modeling of randomized trial data. [38]"
t0864,views-on-circumcision,s0113,M,M,medical body position based on evidence (rule 3),tagger-4,"The American Urological Association (AUA), in its policy reaffirmed as of 2018, recognizes both potential medical benefits (e.g., reduced balanitis and phimosis risks) and disadvantages (e.g., surgical complications) of neonatal circumcision, rejecting routine bans and affirming parental decision-making after informed discussion of evidence-based pros and cons. [71]"
t0865,views-on-circumcision,s0119,M,M,,tagger-4,"Advocates cite histological studies documenting the foreskin's dense innervation and erogenous tissue, arguing that its excision diminishes sexual function and sensitivity, though randomized controlled trials (RCTs) have not demonstrated measurable long-term functional deficits in circumcised individuals compared to uncircumcised controls."
t0866,views-on-circumcision,s0121,M,O,,tagger-4,"Critics of these rights-based arguments contend that intactivist rhetoric over-relies on anecdotal reports of psychological trauma and body image dissatisfaction, with empirical data from longitudinal studies showing no evidence of widespread mental health harm attributable to neonatal circumcision."
t0867,views-on-circumcision,s0122,M,M,ethical asymmetry rests on health data (rule 2),tagger-4,"The analogy to FGM is contested on grounds that FGM procedures, such as clitoridectomy, confer no health benefits and are universally condemned by bodies like the World Health Organization for severe complications, whereas male circumcision has documented preventive effects against certain infections, rendering the comparison ethically asymmetric."
t0868,views-on-circumcision,s0127,E,M,parental prerogative carries the point; data cited in support,tagger-4,"Proponents of infant male circumcision argue that parents, as primary caregivers and stewards of their children's welfare, possess the inherent prerogative to authorize procedures that offer demonstrable long-term health advantages, such as reduced risk of urinary tract infections in infancy and heterosexual HIV acquisition later in life, against minimal procedural risks estimated at less than 0.5% for serious complications. [6]"
t0869,views-on-circumcision,s0129,E,E,parents' right to decide,tagger-4,"For instance, the American Academy of Pediatrics' 2012 policy statement explicitly affirms that ""parents have the right to make the decision"" for their newborns, emphasizing informed consent over absolutist non-intervention."
t0870,views-on-circumcision,s0131,R,R,,tagger-4,"In religious and ethnic minorities, such as Jewish and Muslim communities, circumcision serves as a rite of passage that reinforces cultural continuity and communal bonds, mitigating assimilation pressures in pluralistic societies. [17]"
t0871,views-on-circumcision,s0132,R,R,,tagger-4,"Historical records trace the practice to ancient Egyptian artifacts circa 2400 BCE, evolving into a covenantal symbol in Judaism (Genesis 17:10-14) and a sunnah in Islam, where discontinuation could erode intergenerational transmission of identity and foster social fragmentation. [72]"
t0872,views-on-circumcision,s0133,R,R,,tagger-4,"Proponents contend this preservation yields psychosocial benefits, including enhanced group cohesion, as evidenced by sustained practice rates—over 90% among U.S. Jewish males and near-universal in many Muslim populations—correlating with robust communal structures despite secular influences."
t0873,views-on-circumcision,s0135,E,O,parental proxy decision-making,tagger-4,"Addressing bodily autonomy critiques, advocates note that infants inherently lack decisional capacity for any irreversible choices, from vaccinations (with efficacy rates up to 99% for measles) to orthodontic interventions, rendering parental proxy decisions indispensable for optimizing outcomes like circumcision's preventive effects, which are most efficacious when performed neonatally to avoid adolescent procedural trauma or reluctance. [73]"
t0874,views-on-circumcision,s0137,E,E,familial liberty against individual absolutism,tagger-4,"Thus, rights-based defenses prioritize familial liberty and tradition as counterweights to individualistic absolutism, grounded in the causal reality that early stewardship maximizes child flourishing without viable infant alternatives."
t0875,views-on-circumcision,s0155,E,R,religious freedom under Basic Law,tagger-4,"It prompted international outcry from Jewish and Muslim leaders, who argued it infringed on religious freedoms protected under Article 4 of the German Basic Law. [88]"
t0876,views-on-circumcision,s0168,E,O,absence of adverse court rulings,tagger-4,"Unlike female genital mutilation cases, which invoke strict protections, male circumcision claims—such as potential Belgian or Dutch referrals—have not yielded adverse rulings, reflecting distinctions in perceived harm and cultural prevalence. [97]"
t0877,views-on-circumcision,s0171,E,O,informed parental choice,tagger-4,"The Circumcision Academy of Australia, established to provide specialized circumcision services for infants, children, and adults, advocates for parental access to the procedure as a matter of informed choice, emphasizing its availability in line with medical and cultural preferences across Australia and New Zealand. [99]"
t0878,views-on-circumcision,s0172,E,R,"legal challenge, parental authority and religious exemption",tagger-4,"In the United States, religious coalitions, including Jewish and Muslim organizations such as the Union of Orthodox Jewish Congregations and the Islamic Society of North America, have actively opposed legislative efforts to restrict neonatal circumcision, framing it as essential to religious tradition and parental authority; for instance, in 2011, these groups successfully challenged a proposed ban in San Francisco through legal action, preventing it from appearing on the ballot, highlighting exemptions for religious practice as unconstitutional otherwise. [100]"
t0879,views-on-circumcision,s0178,E,M,parental rights to weigh factors,tagger-4,"In response to declining U.S. neonatal circumcision rates—dropping from approximately 65% in 2012 to around 60% by 2022 among certain demographics—pro-circumcision advocates, including urological societies, have launched informational initiatives underscoring parental rights to weigh cultural, hygienic, and preventive factors in diverse populations. [104]"
t0880,views-on-circumcision,s0179,E,E,family autonomy against restrictions,tagger-4,"Recent efforts from 2023 onward, amid renewed debates over potential bans in Europe and North America, have intensified focus on preserving choice, with coalitions arguing that restrictions infringe on family autonomy and overlook context-specific net advantages in multicultural societies."
t0881,views-on-circumcision,s0188,M,M,,tagger-4,"However, high-quality studies, including a 2023 review in Sexual Medicine Open Access, find no evidence of sexual dysfunction or diminished pleasure post-circumcision, with randomized trials and meta-analyses showing minimal or no adverse impacts on sensation or satisfaction. [109] [110]"
t0882,views-on-circumcision,s0190,M,M,,tagger-4,"Critics argue that intactivism selectively ignores global health data, such as World Health Organization (WHO) endorsements of VMMC based on randomized controlled trials demonstrating approximately 60% reduction in heterosexual HIV acquisition among men in high-prevalence regions. [38] [112]"
t0883,views-on-circumcision,s0191,O,E,"characterisation of the movement, framing",tagger-4,"Detractors have described the movement as exhibiting cult-like devotion to foreskin preservation, with rhetoric sometimes veering into ridicule of opponents as enabling mutilation, though bans have seen limited success due to countervailing medical evidence and legal barriers."
